ApprovalID,Address,ProjectID,ApprovalStatus,ProjectTitle,CensusBureauCategory,ApprovalCreation,ApprovalIssuance,ProjectURL,ApprovalURL,AffordableUnits
PMT-3149665,"4060 Euclid Av, San Diego, CA 92105",,,,,4/19/2022,,,https://aca-prod.accela.com/SANDIEGO/Cap/CapDetail.aspx?Module=DSD&TabName=DSD&capID1=REC22&capID2=00000&capID3=00XMM&agencyCode=SANDIEGO&IsToShowInspection=,
PMT-3155576,"5229 Rincon St, San Diego, CA",,,,,5/20/2022,,,https://aca-prod.accela.com/SANDIEGO/Cap/CapDetail.aspx?Module=DSD&TabName=DSD&capID1=REC22&capID2=00000&capID3=0188G&agencyCode=SANDIEGO&IsToShowInspection=,5
PMT-3159587,"2860 Webster Av, San Diego, CA 92113",,,,,6/13/2022,,,https://aca-prod.accela.com/SANDIEGO/Cap/CapDetail.aspx?Module=DSD&TabName=DSD&capID1=REC22&capID2=00000&capID3=01FEC&agencyCode=SANDIEGO&IsToShowInspection=,3
PMT-3160779,"1902 1/3 69th St, San Diego, CA",,,,,6/20/2022,,,https://aca-prod.accela.com/SANDIEGO/Cap/CapDetail.aspx?Module=DSD&TabName=DSD&capID1=REC22&capID2=00000&capID3=01HHR&agencyCode=SANDIEGO&IsToShowInspection=,1
PMT-3164600,"3014 Ulric Ct, San Diego, CA",,,,,7/12/2022,,,https://aca-prod.accela.com/SANDIEGO/Cap/CapDetail.aspx?Module=DSD&TabName=DSD&capID1=REC22&capID2=00000&capID3=01OTA&agencyCode=SANDIEGO&IsToShowInspection=,1
PMT-3164876,"3816 Villa Tr, San Diego, CA",,,,,7/13/2022,,,https://aca-prod.accela.com/SANDIEGO/Cap/CapDetail.aspx?Module=DSD&TabName=DSD&capID1=REC22&capID2=00000&capID3=01PE5&agencyCode=SANDIEGO&IsToShowInspection=,2
PMT-3164986,"128 Seaward Av, San Diego, CA",,Cancelled Application Expired,,Add/Alt Companion Unit/Acc Apt,7/13/2022,,,https://aca-prod.accela.com/SANDIEGO/Cap/CapDetail.aspx?Module=DSD&TabName=DSD&capID1=REC22&capID2=00000&capID3=01PLF&agencyCode=SANDIEGO&IsToShowInspection=,1
PMT-3164987,"128 Seaward Av, San Diego, CA",,Cancelled Application Expired,,Add/Alt Companion Unit/Acc Apt,7/13/2022,,,https://aca-prod.accela.com/SANDIEGO/Cap/CapDetail.aspx?Module=DSD&TabName=DSD&capID1=REC22&capID2=00000&capID3=01PLG&agencyCode=SANDIEGO&IsToShowInspection=,1
PMT-3164992,"128 Seaward Av, San Diego, CA",,Cancelled Application Expired,,Add/Alt Companion Unit/Acc Apt,7/13/2022,,,https://aca-prod.accela.com/SANDIEGO/Cap/CapDetail.aspx?Module=DSD&TabName=DSD&capID1=REC22&capID2=00000&capID3=01PLM&agencyCode=SANDIEGO&IsToShowInspection=,3
PMT-3177064,"3586 Princeton Av, San Diego, CA 92117",,Cancelled,,,9/16/2022,,,https://aca-prod.accela.com/SANDIEGO/Cap/CapDetail.aspx?Module=DSD&TabName=DSD&capID1=REC22&capID2=00000&capID3=02DVF&agencyCode=SANDIEGO&IsToShowInspection=,1
PMT-3177389,"3257 L St, San Diego, CA 92102",,Cancelled,,,9/20/2022,,,https://aca-prod.accela.com/SANDIEGO/Cap/CapDetail.aspx?Module=DSD&TabName=DSD&capID1=REC22&capID2=00000&capID3=02EL8&agencyCode=SANDIEGO&IsToShowInspection=,1
PMT-3180082,"6311 Inman St, San Diego, CA 92111",,Cancelled,,,10/4/2022,,,https://aca-prod.accela.com/SANDIEGO/Cap/CapDetail.aspx?Module=DSD&TabName=DSD&capID1=REC22&capID2=00000&capID3=02KAL&agencyCode=SANDIEGO&IsToShowInspection=,1
PMT-3195616,"4158 1/2 40th St, San Diego, CA 92105",,Cancelled,,,12/28/2022,,,https://aca-prod.accela.com/SANDIEGO/Cap/CapDetail.aspx?Module=DSD&TabName=DSD&capID1=REC22&capID2=00000&capID3=03JUH&agencyCode=SANDIEGO&IsToShowInspection=,1
PMT-3197293,"5418 Hewlett Dr, San Diego, CA 92115",,Cancelled,,,1/6/2023,,,https://aca-prod.accela.com/SANDIEGO/Cap/CapDetail.aspx?Module=DSD&TabName=DSD&capID1=REC23&capID2=00000&capID3=002S8&agencyCode=SANDIEGO&IsToShowInspection=,1
PMT-3201383,"3735 Central Av, San Diego, CA 92104",,Cancelled,,,1/31/2023,,,https://aca-prod.accela.com/SANDIEGO/Cap/CapDetail.aspx?Module=DSD&TabName=DSD&capID1=REC23&capID2=00000&capID3=00ADO&agencyCode=SANDIEGO&IsToShowInspection=,1
PMT-3204690,"15175 Andorra Wy, San Diego, CA 92129",,Cancelled,,,2/16/2023,,,https://aca-prod.accela.com/SANDIEGO/Cap/CapDetail.aspx?Module=DSD&TabName=DSD&capID1=REC23&capID2=00000&capID3=00GCQ&agencyCode=SANDIEGO&IsToShowInspection=,1
PMT-3205969,"6086 Estelle St, San Diego, CA 92115",,Cancelled,,,2/23/2023,,,https://aca-prod.accela.com/SANDIEGO/Cap/CapDetail.aspx?Module=DSD&TabName=DSD&capID1=REC23&capID2=00000&capID3=00IXU&agencyCode=SANDIEGO&IsToShowInspection=,1
PMT-3207133,"128 Seaward Av, San Diego, CA",,Cancelled Application Expired,,Add/Alt Companion Unit/Acc Apt,2/28/2023,,,https://aca-prod.accela.com/SANDIEGO/Cap/CapDetail.aspx?Module=DSD&TabName=DSD&capID1=REC23&capID2=00000&capID3=00L2C&agencyCode=SANDIEGO&IsToShowInspection=,1
PMT-3211659,"205 Hensley St, San Diego, CA",,Cancelled,,,3/23/2023,,,https://aca-prod.accela.com/SANDIEGO/Cap/CapDetail.aspx?Module=DSD&TabName=DSD&capID1=REC23&capID2=00000&capID3=00UDI&agencyCode=SANDIEGO&IsToShowInspection=,3
PMT-3212028,"3058 Island Av, San Diego, CA",,Cancelled,,,3/25/2023,,,https://aca-prod.accela.com/SANDIEGO/Cap/CapDetail.aspx?Module=DSD&TabName=DSD&capID1=REC23&capID2=00000&capID3=00V6I&agencyCode=SANDIEGO&IsToShowInspection=,3
PMT-3212030,"3060 Island Av, San Diego, CA 92102",,Cancelled,,,3/25/2023,,,https://aca-prod.accela.com/SANDIEGO/Cap/CapDetail.aspx?Module=DSD&TabName=DSD&capID1=REC23&capID2=00000&capID3=00V6N&agencyCode=SANDIEGO&IsToShowInspection=,3
PMT-3212031,"3062 Island Av, San Diego, CA",,Cancelled,,,3/25/2023,,,https://aca-prod.accela.com/SANDIEGO/Cap/CapDetail.aspx?Module=DSD&TabName=DSD&capID1=REC23&capID2=00000&capID3=00V6P&agencyCode=SANDIEGO&IsToShowInspection=,3
PMT-3213783,"6383 Broadway, San Diego, CA",,Cancelled,,,4/5/2023,,,https://aca-prod.accela.com/SANDIEGO/Cap/CapDetail.aspx?Module=DSD&TabName=DSD&capID1=REC23&capID2=00000&capID3=00ZAT&agencyCode=SANDIEGO&IsToShowInspection=,7
PMT-3215274,"2982 Greyling Dr, San Diego, CA",,Cancelled,,,4/12/2023,,,https://aca-prod.accela.com/SANDIEGO/Cap/CapDetail.aspx?Module=DSD&TabName=DSD&capID1=REC23&capID2=00000&capID3=012L2&agencyCode=SANDIEGO&IsToShowInspection=,1
PMT-3217896,"974 Missouri St, San Diego, CA",,Cancelled,,,4/25/2023,,,https://aca-prod.accela.com/SANDIEGO/Cap/CapDetail.aspx?Module=DSD&TabName=DSD&capID1=REC23&capID2=00000&capID3=018Q3&agencyCode=SANDIEGO&IsToShowInspection=,1
PMT-3219049,"3847 Clairemont Dr, San Diego, CA",,Cancelled,,,5/1/2023,,,https://aca-prod.accela.com/SANDIEGO/Cap/CapDetail.aspx?Module=DSD&TabName=DSD&capID1=REC23&capID2=00000&capID3=01BHO&agencyCode=SANDIEGO&IsToShowInspection=,1
PMT-3223377,"3312 Avenida De Portugal, San Diego, CA 92106",,Cancelled,,,5/22/2023,,,https://aca-prod.accela.com/SANDIEGO/Cap/CapDetail.aspx?Module=DSD&TabName=DSD&capID1=REC23&capID2=00000&capID3=01K3J&agencyCode=SANDIEGO&IsToShowInspection=,1
PMT-3231425,"3027 Luna Av, San Diego, CA",,Cancelled,,,6/30/2023,,,https://aca-prod.accela.com/SANDIEGO/Cap/CapDetail.aspx?Module=DSD&TabName=DSD&capID1=REC23&capID2=00000&capID3=01Y4W&agencyCode=SANDIEGO&IsToShowInspection=,1
PMT-3231471,"3037 Luna Av, San Diego, CA",,Cancelled,,,6/30/2023,,,https://aca-prod.accela.com/SANDIEGO/Cap/CapDetail.aspx?Module=DSD&TabName=DSD&capID1=REC23&capID2=00000&capID3=01Y7M&agencyCode=SANDIEGO&IsToShowInspection=,1
PMT-3238547,"2550 State St, San Diego, CA",,Cancelled,,,8/3/2023,,,https://aca-prod.accela.com/SANDIEGO/Cap/CapDetail.aspx?Module=DSD&TabName=DSD&capID1=REC23&capID2=00000&capID3=02BTU&agencyCode=SANDIEGO&IsToShowInspection=,1
PMT-3238744,"5238 Imperial Av, San Diego, CA",,Cancelled,,,8/4/2023,,,https://aca-prod.accela.com/SANDIEGO/Cap/CapDetail.aspx?Module=DSD&TabName=DSD&capID1=REC23&capID2=00000&capID3=02C55&agencyCode=SANDIEGO&IsToShowInspection=,2
PMT-3245536,"447 Ritchey St, San Diego, CA",,Cancelled,,,9/7/2023,,,https://aca-prod.accela.com/SANDIEGO/Cap/CapDetail.aspx?Module=DSD&TabName=DSD&capID1=REC23&capID2=00000&capID3=02N7V&agencyCode=SANDIEGO&IsToShowInspection=,14
PMT-3246073,"4648 Revillo Wy, San Diego, CA",,Cancelled,,Add/Alt Companion Unit/Acc Apt,9/11/2023,,,https://aca-prod.accela.com/SANDIEGO/Cap/CapDetail.aspx?Module=DSD&TabName=DSD&capID1=REC23&capID2=00000&capID3=02O1W&agencyCode=SANDIEGO&IsToShowInspection=,1
PMT-3246074,"4650 Revillo Wy, San Diego, CA",,Cancelled,,Add/Alt Companion Unit/Acc Apt,9/11/2023,,,https://aca-prod.accela.com/SANDIEGO/Cap/CapDetail.aspx?Module=DSD&TabName=DSD&capID1=REC23&capID2=00000&capID3=02O1Y&agencyCode=SANDIEGO&IsToShowInspection=,1
PMT-3246075,"4652 Revillo Wy, San Diego, CA",,Cancelled,,Add/Alt Companion Unit/Acc Apt,9/11/2023,,,https://aca-prod.accela.com/SANDIEGO/Cap/CapDetail.aspx?Module=DSD&TabName=DSD&capID1=REC23&capID2=00000&capID3=02O20&agencyCode=SANDIEGO&IsToShowInspection=,1
PMT-3252548,"2090 Capistrano St, San Diego, CA",,Cancelled,,,10/16/2023,,,https://aca-prod.accela.com/SANDIEGO/Cap/CapDetail.aspx?Module=DSD&TabName=DSD&capID1=REC23&capID2=00000&capID3=02YNY&agencyCode=SANDIEGO&IsToShowInspection=,1
PMT-3253652,"3326 Upas St, San Diego, CA",,Cancelled,,,10/20/2023,,,https://aca-prod.accela.com/SANDIEGO/Cap/CapDetail.aspx?Module=DSD&TabName=DSD&capID1=REC23&capID2=00000&capID3=03107&agencyCode=SANDIEGO&IsToShowInspection=,1
PMT-3270670,"4040 Normal St, San Diego, CA",,Cancelled,,,1/25/2024,,,https://aca-prod.accela.com/SANDIEGO/Cap/CapDetail.aspx?Module=DSD&TabName=DSD&capID1=REC24&capID2=00000&capID3=008AG&agencyCode=SANDIEGO&IsToShowInspection=,1
PMT-3294481,"7456 Skyline Dr, San Diego, CA",,Cancelled,,,6/3/2024,,,https://aca-prod.accela.com/SANDIEGO/Cap/CapDetail.aspx?Module=DSD&TabName=DSD&capID1=REC24&capID2=00000&capID3=01EZ7&agencyCode=SANDIEGO&IsToShowInspection=,1
PMT-3298074,"2587 Deauville St, San Diego, CA",,Cancelled,,,6/20/2024,,,https://aca-prod.accela.com/SANDIEGO/Cap/CapDetail.aspx?Module=DSD&TabName=DSD&capID1=REC24&capID2=00000&capID3=01KG1&agencyCode=SANDIEGO&IsToShowInspection=,1
2156539,5548 RILEY ST,609222,Completed,The Crawford Multifamily,Five or More Family Apt,6/6/2018,7/10/2019,https://opendsd.sandiego.gov/Web/Projects/Details/609222,https://opendsd.sandiego.gov/Web/Approvals/Details/2156539,1
2162360,2828 HOWARD AV,610921,Completed,Howard Apartments,Five or More Family Apt,6/20/2018,12/17/2019,https://opendsd.sandiego.gov/Web/Projects/Details/610921,https://opendsd.sandiego.gov/Web/Approvals/Details/2162360,1
2183993,4360 UTAH ST,615145,Completed,Utah St. New Apartments,Five or More Family Apt,8/13/2018,3/6/2020,https://opendsd.sandiego.gov/Web/Projects/Details/615145,https://opendsd.sandiego.gov/Web/Approvals/Details/2183993,2
2191550,3539 DEL REY ST,616621,Completed,Del Rey Courtyard Apartments,"Add/Alt 3+ Fam, Increase DU",8/30/2018,10/29/2019,https://opendsd.sandiego.gov/Web/Projects/Details/616621,https://opendsd.sandiego.gov/Web/Approvals/Details/2191550,1
2203064,530 42ND ST,619027,Created,42nd St Residential Complex,Five or More Family Apt,9/28/2018,,https://opendsd.sandiego.gov/Web/Projects/Details/619027,https://opendsd.sandiego.gov/Web/Approvals/Details/2203064,9
2203068,531 MORRISON ST,619027,Created,42nd St Residential Complex,Five or More Family Apt,9/28/2018,,https://opendsd.sandiego.gov/Web/Projects/Details/619027,https://opendsd.sandiego.gov/Web/Approvals/Details/2203068,9
2212281,1 14TH ST,620559,Completed,14th & Commercial (Affordable),Five or More Family Apt,10/22/2018,4/29/2020,https://opendsd.sandiego.gov/Web/Projects/Details/620559,https://opendsd.sandiego.gov/Web/Approvals/Details/2212281,32
2213612,4444 MANITOU WY,621156,Issued,Manitou Villas,Five or More Family Apt,10/24/2018,5/27/2020,https://opendsd.sandiego.gov/Web/Projects/Details/621156,https://opendsd.sandiego.gov/Web/Approvals/Details/2213612,1
2214348,1290 KEELER CT,621279,Completed,Keeler Court Apts (Affordable),Five or More Family Apt,10/25/2018,1/24/2020,https://opendsd.sandiego.gov/Web/Projects/Details/621279,https://opendsd.sandiego.gov/Web/Approvals/Details/2214348,8
2218497,454 13TH ST,621575,Issued,Ezabelle (Mixed-use),Five or More Family Condo,11/5/2018,8/27/2019,https://opendsd.sandiego.gov/Web/Projects/Details/621575,https://opendsd.sandiego.gov/Web/Approvals/Details/2218497,6
2227437,5585 MILDRED ST,623604,Completed,Mildred Street Apartments,Five or More Family Apt,11/29/2018,6/8/2020,https://opendsd.sandiego.gov/Web/Projects/Details/623604,https://opendsd.sandiego.gov/Web/Approvals/Details/2227437,4
2228365,2187 EVERETT AV,624067,Completed,2187 Everett Avenue,Five or More Family Apt,12/3/2018,3/13/2020,https://opendsd.sandiego.gov/Web/Projects/Details/624067,https://opendsd.sandiego.gov/Web/Approvals/Details/2228365,1
2230332,2724 EL CAJON BL,624373,Cancelled,Digital - Vadara Tower West,Five or More Family Apt,12/6/2018,4/14/2021,https://opendsd.sandiego.gov/Web/Projects/Details/624373,https://opendsd.sandiego.gov/Web/Approvals/Details/2230332,5
2233941,4186 04TH AV,624797,Completed,Arbor Terrace Apartments,Five or More Family Apt,12/17/2018,8/22/2019,https://opendsd.sandiego.gov/Web/Projects/Details/624797,https://opendsd.sandiego.gov/Web/Approvals/Details/2233941,4
2235368,2629 EL CAJON BL,624950,Completed,El Cajon & Oregon Mixed Use,Five or More Family Apt,12/19/2018,7/16/2021,https://opendsd.sandiego.gov/Web/Projects/Details/624950,https://opendsd.sandiego.gov/Web/Approvals/Details/2235368,5
2236729,2015 ALBATROSS ST,625726,Completed,2015 Albatross Street,Five or More Family Apt,12/20/2018,8/27/2019,https://opendsd.sandiego.gov/Web/Projects/Details/625726,https://opendsd.sandiego.gov/Web/Approvals/Details/2236729,1
2239156,3586 ADAMS AV,625787,Completed,Orchid Micro Apartments,Five or More Family Apt,1/4/2019,9/5/2019,https://opendsd.sandiego.gov/Web/Projects/Details/625787,https://opendsd.sandiego.gov/Web/Approvals/Details/2239156,1
2259228,2086 HARRISON AV,630568,Created,Harrison Apartments,Five or More Family Apt,2/25/2019,,https://opendsd.sandiego.gov/Web/Projects/Details/630568,https://opendsd.sandiego.gov/Web/Approvals/Details/2259228,2
2277729,3968 HAWK ST,634374,Completed,Juno on Hawk,Five or More Family Apt,4/9/2019,5/8/2021,https://opendsd.sandiego.gov/Web/Projects/Details/634374,https://opendsd.sandiego.gov/Web/Approvals/Details/2277729,1
2306418,1211 MOLLIE ST,635775,Issued,Dig-Lauretta Apartments,Five or More Family Apt,6/17/2019,4/13/2022,https://opendsd.sandiego.gov/Web/Projects/Details/635775,https://opendsd.sandiego.gov/Web/Approvals/Details/2306418,1
2294230,3801 RICHMOND ST,637750,Created,Richmond Apartments,Five or More Family Apt,5/17/2019,,https://opendsd.sandiego.gov/Web/Projects/Details/637750,https://opendsd.sandiego.gov/Web/Approvals/Details/2294230,1
2317067,2411 EL CAJON BL,642375,Completed,AC Lofts,Five or More Family Apt,7/11/2019,3/2/2020,https://opendsd.sandiego.gov/Web/Projects/Details/642375,https://opendsd.sandiego.gov/Web/Approvals/Details/2317067,3
2326102,4364 ALABAMA ST,643946,Issued,Alabama Apartments,Five or More Family Apt,8/2/2019,10/21/2021,https://opendsd.sandiego.gov/Web/Projects/Details/643946,https://opendsd.sandiego.gov/Web/Approvals/Details/2326102,2
2326330,2001 04TH AV,644215,Completed,The Hawthorne,Five or More Family Apt,8/5/2019,6/12/2020,https://opendsd.sandiego.gov/Web/Projects/Details/644215,https://opendsd.sandiego.gov/Web/Approvals/Details/2326330,3
2327379,14473 PENASQUITOS DR,644431,Completed,DIGITAL- Millennium PQ (bldgs),Five or More Family Apt,8/6/2019,1/7/2021,https://opendsd.sandiego.gov/Web/Projects/Details/644431,https://opendsd.sandiego.gov/Web/Approvals/Details/2327379,4
2327383,14483 PENASQUITOS DR,644431,Completed,DIGITAL- Millennium PQ (bldgs),Five or More Family Apt,8/6/2019,1/7/2021,https://opendsd.sandiego.gov/Web/Projects/Details/644431,https://opendsd.sandiego.gov/Web/Approvals/Details/2327383,5
2327391,14453 PENASQUITOS DR,644431,Completed,DIGITAL- Millennium PQ (bldgs),Five or More Family Apt,8/6/2019,1/7/2021,https://opendsd.sandiego.gov/Web/Projects/Details/644431,https://opendsd.sandiego.gov/Web/Approvals/Details/2327391,4
2327395,14443 PENASQUITOS DR,644431,Completed,DIGITAL- Millennium PQ (bldgs),Five or More Family Apt,8/6/2019,1/7/2021,https://opendsd.sandiego.gov/Web/Projects/Details/644431,https://opendsd.sandiego.gov/Web/Approvals/Details/2327395,3
2327399,14423 PENASQUITOS DR,644431,Completed,DIGITAL- Millennium PQ (bldgs),Five or More Family Apt,8/6/2019,1/7/2021,https://opendsd.sandiego.gov/Web/Projects/Details/644431,https://opendsd.sandiego.gov/Web/Approvals/Details/2327399,3
2327403,14403 PENASQUITOS DR,644431,Completed,DIGITAL- Millennium PQ (bldgs),Five or More Family Apt,8/6/2019,1/7/2021,https://opendsd.sandiego.gov/Web/Projects/Details/644431,https://opendsd.sandiego.gov/Web/Approvals/Details/2327403,2
2327407,14413 PENASQUITOS DR,644431,Completed,DIGITAL- Millennium PQ (bldgs),Five or More Family Apt,8/6/2019,1/7/2021,https://opendsd.sandiego.gov/Web/Projects/Details/644431,https://opendsd.sandiego.gov/Web/Approvals/Details/2327407,1
2327411,14433 PENASQUITOS DR,644431,Completed,DIGITAL- Millennium PQ (bldgs),Acc Bldg to 3+ Fam or NonRes,8/6/2019,1/7/2021,https://opendsd.sandiego.gov/Web/Projects/Details/644431,https://opendsd.sandiego.gov/Web/Approvals/Details/2327411,1
2331159,2528 ISLAND AV,645229,Created,2528 Island MDU,Five or More Family Apt,8/15/2019,,https://opendsd.sandiego.gov/Web/Projects/Details/645229,https://opendsd.sandiego.gov/Web/Approvals/Details/2331159,1
2331340,3843 NATIONAL AV,645260,Completed,3843 National Ave Apt,Five or More Family Apt,8/15/2019,7/27/2020,https://opendsd.sandiego.gov/Web/Projects/Details/645260,https://opendsd.sandiego.gov/Web/Approvals/Details/2331340,2
2340112,5526 LAURETTA ST,646459,Completed,Lauretta St Units,Five or More Family Apt,9/9/2019,6/9/2020,https://opendsd.sandiego.gov/Web/Projects/Details/646459,https://opendsd.sandiego.gov/Web/Approvals/Details/2340112,3
2344023,465 47TH ST,647893,Completed,Digital-Post 310 (blg),Three or Four Family Apt,9/18/2019,9/21/2022,https://opendsd.sandiego.gov/Web/Projects/Details/647893,https://opendsd.sandiego.gov/Web/Approvals/Details/2344023,18
2345060,1401 UNION ST,648134,Completed,Union & Ash (MDU),Five or More Family Apt,9/20/2019,12/11/2020,https://opendsd.sandiego.gov/Web/Projects/Details/648134,https://opendsd.sandiego.gov/Web/Approvals/Details/2345060,32
2354109,635 ROBINSON AV,649440,Completed,DIGITAL - HILLCREST 111,Five or More Family Apt,10/14/2019,10/9/2020,https://opendsd.sandiego.gov/Web/Projects/Details/649440,https://opendsd.sandiego.gov/Web/Approvals/Details/2354109,9
2356059,4130 LOUISIANA ST,650393,Completed,Louisiana LLC MDU,Five or More Family Apt,10/18/2019,7/14/2020,https://opendsd.sandiego.gov/Web/Projects/Details/650393,https://opendsd.sandiego.gov/Web/Approvals/Details/2356059,1
2357135,2654 B ST,650640,Issued,B Street Appartments,Five or More Family Apt,10/22/2019,5/5/2021,https://opendsd.sandiego.gov/Web/Projects/Details/650640,https://opendsd.sandiego.gov/Web/Approvals/Details/2357135,1
2360004,4969 IMPERIAL AV,651232,Cancelled,*Replac* Imperial Apartments,Five or More Family Apt,10/29/2019,4/16/2021,https://opendsd.sandiego.gov/Web/Projects/Details/651232,https://opendsd.sandiego.gov/Web/Approvals/Details/2360004,1
2364544,4353 PARK BL,652165,Completed,Digital Winslow Mixed Use Bldg,Five or More Family Apt,11/8/2019,3/15/2021,https://opendsd.sandiego.gov/Web/Projects/Details/652165,https://opendsd.sandiego.gov/Web/Approvals/Details/2364544,30
2378458,9801 SYDNEY LN,652319,Completed,CMV 4 (mdu),Five or More Family Apt,12/13/2019,2/16/2021,https://opendsd.sandiego.gov/Web/Projects/Details/652319,https://opendsd.sandiego.gov/Web/Approvals/Details/2378458,32
2367236,5506 UNIVERSITY AV,652711,Completed,Aztec Canyon Conversion,Two Family Apartment,11/18/2019,6/24/2020,https://opendsd.sandiego.gov/Web/Projects/Details/652711,https://opendsd.sandiego.gov/Web/Approvals/Details/2367236,2
2368887,6240 MISSION GORGE RD,652742,Completed,Trinity Place,Five or More Family Apt,11/20/2019,3/23/2020,https://opendsd.sandiego.gov/Web/Projects/Details/652742,https://opendsd.sandiego.gov/Web/Approvals/Details/2368887,6
2372054,4455 LAMONT ST,652848,Completed,The Lamont Mixed Use,Five or More Family Apt,11/27/2019,9/29/2020,https://opendsd.sandiego.gov/Web/Projects/Details/652848,https://opendsd.sandiego.gov/Web/Approvals/Details/2372054,3
2369611,4712 ARIZONA ST,652912,Created,Arizona St MDU,Five or More Family Apt,11/21/2019,,https://opendsd.sandiego.gov/Web/Projects/Details/652912,https://opendsd.sandiego.gov/Web/Approvals/Details/2369611,1
2370189,2915 E ST,652956,Issued,Digital 29th and E Apartments,Five or More Family Condo,11/22/2019,10/18/2021,https://opendsd.sandiego.gov/Web/Projects/Details/652956,https://opendsd.sandiego.gov/Web/Approvals/Details/2370189,3
2370478,2915 E ST,652956,Issued,Digital 29th and E Apartments,Five or More Family Condo,11/25/2019,10/18/2021,https://opendsd.sandiego.gov/Web/Projects/Details/652956,https://opendsd.sandiego.gov/Web/Approvals/Details/2370478,2
2370482,2915 E ST,652956,Issued,Digital 29th and E Apartments,Five or More Family Condo,11/25/2019,10/18/2021,https://opendsd.sandiego.gov/Web/Projects/Details/652956,https://opendsd.sandiego.gov/Web/Approvals/Details/2370482,1
2369431,405 16TH ST,653111,Created,Digital-The Fellow (high rise),Acc Struct to 3+ Fam or NonRes,11/21/2019,,https://opendsd.sandiego.gov/Web/Projects/Details/653111,https://opendsd.sandiego.gov/Web/Approvals/Details/2369431,11
2372152,4566 30TH ST,653144,Issued,DIGITAL-30th St. Apartments,Five or More Family Apt,11/27/2019,6/27/2022,https://opendsd.sandiego.gov/Web/Projects/Details/653144,https://opendsd.sandiego.gov/Web/Approvals/Details/2372152,2
2371082,4505 ILLINOIS ST,653414,Issued,Digi - IS_Micro Units,Five or More Family Apt,11/26/2019,2/11/2022,https://opendsd.sandiego.gov/Web/Projects/Details/653414,https://opendsd.sandiego.gov/Web/Approvals/Details/2371082,2
2372277,5310 ADOBE FALLS RD,653571,Completed,Waring Gardens Apartments,Five or More Family Apt,11/27/2019,5/28/2021,https://opendsd.sandiego.gov/Web/Projects/Details/653571,https://opendsd.sandiego.gov/Web/Approvals/Details/2372277,9
2372219,2001 04TH AV,653656,Completed,The Hawthorne (Building C),Add/Alt Tenant Improvements,11/27/2019,8/21/2020,https://opendsd.sandiego.gov/Web/Projects/Details/653656,https://opendsd.sandiego.gov/Web/Approvals/Details/2372219,3
2373556,5858 MOUNT ALIFAN DR,653910,Completed,Ivy Senior Apartments,Five or More Family Apt,12/4/2019,5/13/2020,https://opendsd.sandiego.gov/Web/Projects/Details/653910,https://opendsd.sandiego.gov/Web/Approvals/Details/2373556,52
2374590,4530 INGRAHAM ST,654100,Completed,Blue Car new multi-family,Five or More Family Apt,12/6/2019,3/19/2021,https://opendsd.sandiego.gov/Web/Projects/Details/654100,https://opendsd.sandiego.gov/Web/Approvals/Details/2374590,1
2374800,4310 ARAGON DR,654145,Cancelled,Digital - University Mixed Use,Five or More Family Apt,12/6/2019,,https://opendsd.sandiego.gov/Web/Projects/Details/654145,https://opendsd.sandiego.gov/Web/Approvals/Details/2374800,2
2374859,4555 30TH ST,654148,Issued,Digital-Fenton Residential,Five or More Family Apt,12/6/2019,4/11/2022,https://opendsd.sandiego.gov/Web/Projects/Details/654148,https://opendsd.sandiego.gov/Web/Approvals/Details/2374859,5
2375398,4333 ILLINOIS ST,654258,Completed,Illinois St Apartments,Five or More Family Apt,12/9/2019,1/27/2020,https://opendsd.sandiego.gov/Web/Projects/Details/654258,https://opendsd.sandiego.gov/Web/Approvals/Details/2375398,5
2375895,2441 UNIVERSITY AV,654375,Completed,n-B-tween (bldg) PERMIT NOW,Five or More Family Apt,12/10/2019,5/26/2021,https://opendsd.sandiego.gov/Web/Projects/Details/654375,https://opendsd.sandiego.gov/Web/Approvals/Details/2375895,3
2376430,5930 DIVISION ST,654482,Completed,Valencia pointe mixed use,Five or More Family Apt,12/11/2019,2/23/2021,https://opendsd.sandiego.gov/Web/Projects/Details/654482,https://opendsd.sandiego.gov/Web/Approvals/Details/2376430,102
2376657,1011 UNION ST,654500,Completed,Digitl 220 W Broadway Hi Rise,Five or More Family Condo,12/11/2019,7/1/2021,https://opendsd.sandiego.gov/Web/Projects/Details/654500,https://opendsd.sandiego.gov/Web/Approvals/Details/2376657,41
2377287,2078 HARRISON AV,654636,Created,Shift2 New MDU,Five or More Family Apt,12/12/2019,,https://opendsd.sandiego.gov/Web/Projects/Details/654636,https://opendsd.sandiego.gov/Web/Approvals/Details/2377287,1
2377391,3056 IMPERIAL AV,654657,Created,Shift New MDU,Five or More Family Apt,12/12/2019,,https://opendsd.sandiego.gov/Web/Projects/Details/654657,https://opendsd.sandiego.gov/Web/Approvals/Details/2377391,1
2377660,3023 IMPERIAL AV,654700,Created,Cholla House New MDU,Five or More Family Apt,12/12/2019,,https://opendsd.sandiego.gov/Web/Projects/Details/654700,https://opendsd.sandiego.gov/Web/Approvals/Details/2377660,1
2379863,6073 AVENIDA CHAMNEZ,655099,Created,Stanley Guest Quarters,"Add/Alt Guest House, No Chg DU",12/17/2019,,https://opendsd.sandiego.gov/Web/Projects/Details/655099,https://opendsd.sandiego.gov/Web/Approvals/Details/2379863,1
2381482,4060 OREGON ST,655271,Created,Closed,,12/19/2019,,https://opendsd.sandiego.gov/Web/Projects/Details/655271,https://opendsd.sandiego.gov/Web/Approvals/Details/2381482,3
2382081,6863 NEWBERRY ST,655479,Completed,Tran Addition and Remodel,"Add/Alt 1 or 2 Fam, No Chg DU",12/19/2019,10/13/2020,https://opendsd.sandiego.gov/Web/Projects/Details/655479,https://opendsd.sandiego.gov/Web/Approvals/Details/2382081,1
2383799,2100 04TH AV,655732,Issued,Digital-Hawthorn,Five or More Family Apt,12/23/2019,2/28/2022,https://opendsd.sandiego.gov/Web/Projects/Details/655732,https://opendsd.sandiego.gov/Web/Approvals/Details/2383799,6
2385119,4031 CAMINITO DEHESA,656033,Completed,No Plan Combo Permit,"Add/Alt 1 or 2 Fam, No Chg DU",1/8/2020,1/8/2020,https://opendsd.sandiego.gov/Web/Projects/Details/656033,https://opendsd.sandiego.gov/Web/Approvals/Details/2385119,1
2390245,376 NAUTILUS ST,657204,Completed,Combination (No Plan permit),"Add/Alt 1 or 2 Fam, No Chg DU",1/28/2020,1/28/2020,https://opendsd.sandiego.gov/Web/Projects/Details/657204,https://opendsd.sandiego.gov/Web/Approvals/Details/2390245,1
2390296,4551 HAMILTON ST,657213,Completed,Ten on Hamilton MDU,Five or More Family Apt,1/28/2020,11/14/2020,https://opendsd.sandiego.gov/Web/Projects/Details/657213,https://opendsd.sandiego.gov/Web/Approvals/Details/2390296,1
2395113,2645 ULRIC ST,657817,Completed,Digital-Ulric St Apart,Five or More Family Apt,2/7/2020,10/20/2020,https://opendsd.sandiego.gov/Web/Projects/Details/657817,https://opendsd.sandiego.gov/Web/Approvals/Details/2395113,10
2394024,1951 47TH ST Unit 37,658045,Completed,MOBILE HOME INSTALLATION,New/Replac Mobile Home Inst,2/5/2020,2/5/2020,https://opendsd.sandiego.gov/Web/Projects/Details/658045,https://opendsd.sandiego.gov/Web/Approvals/Details/2394024,1
2395715,4233 KANSAS ST,658054,Issued,Digital - Kansas St. Units,Five or More Family Apt,2/10/2020,5/3/2022,https://opendsd.sandiego.gov/Web/Projects/Details/658054,https://opendsd.sandiego.gov/Web/Approvals/Details/2395715,4
2395098,5121 BARSTOW ST,658264,Completed,No Plan Kitchen Remodel,"Add/Alt 1 or 2 Fam, No Chg DU",2/7/2020,2/7/2020,https://opendsd.sandiego.gov/Web/Projects/Details/658264,https://opendsd.sandiego.gov/Web/Approvals/Details/2395098,1
2398237,2712 GOBAT AV,658958,Completed,Combination (No Plan permit),"Add/Alt 1 or 2 Fam, No Chg DU",2/14/2020,2/14/2020,https://opendsd.sandiego.gov/Web/Projects/Details/658958,https://opendsd.sandiego.gov/Web/Approvals/Details/2398237,1
2398342,6151 MONTEZUMA RD,658974,Completed,Digital_Zuma West Apts,Five or More Family Apt,2/14/2020,5/5/2022,https://opendsd.sandiego.gov/Web/Projects/Details/658974,https://opendsd.sandiego.gov/Web/Approvals/Details/2398342,2
2398853,7863 ENTRADA ANGELICA,659069,Completed,NO PLAN KITCHEN/BATH REMODEL,"Add/Alt 1 or 2 Fam, No Chg DU",2/18/2020,2/18/2020,https://opendsd.sandiego.gov/Web/Projects/Details/659069,https://opendsd.sandiego.gov/Web/Approvals/Details/2398853,1
2400597,3732 10TH AV,659076,Completed,Cayuca,Five or More Family Apt,2/24/2020,1/14/2021,https://opendsd.sandiego.gov/Web/Projects/Details/659076,https://opendsd.sandiego.gov/Web/Approvals/Details/2400597,2
2401444,12262 MIDDLEBROOK SQ,659598,Completed,NO PLAN KITCHEN/BATH REMODEL,"Add/Alt 1 or 2 Fam, No Chg DU",2/25/2020,2/25/2020,https://opendsd.sandiego.gov/Web/Projects/Details/659598,https://opendsd.sandiego.gov/Web/Approvals/Details/2401444,1
2414074,3918 ARIZONA ST,661969,Completed,DIGITAL-Arizona St. Housing,Five or More Family Apt,3/30/2020,7/14/2021,https://opendsd.sandiego.gov/Web/Projects/Details/661969,https://opendsd.sandiego.gov/Web/Approvals/Details/2414074,3
2416383,908 S 26TH ST,662477,Created,Digital - The Barrio Flats,Single Room Occupant Hotel,4/8/2020,,https://opendsd.sandiego.gov/Web/Projects/Details/662477,https://opendsd.sandiego.gov/Web/Approvals/Details/2416383,4
2417230,3634 INDIANA ST,662734,Completed,Indiana Street Apartments,Five or More Family Apt,4/9/2020,6/4/2021,https://opendsd.sandiego.gov/Web/Projects/Details/662734,https://opendsd.sandiego.gov/Web/Approvals/Details/2417230,2
2420814,5032 HILLTOP DR,663406,Completed,Digital-PERMITNOW Hillt.&Ecl.,Five or More Family Apt,4/22/2020,10/23/2020,https://opendsd.sandiego.gov/Web/Projects/Details/663406,https://opendsd.sandiego.gov/Web/Approvals/Details/2420814,111
2422559,1420 PACIFIC BEACH DR Unit A & B,663730,Completed,Pacific Beach Drive Townhomes,Two Family Apartment,4/28/2020,10/27/2020,https://opendsd.sandiego.gov/Web/Projects/Details/663730,https://opendsd.sandiego.gov/Web/Approvals/Details/2422559,1
2433835,3066 NORTH PARK WY,664987,Completed,Digital-PermitNow NPCC,Five or More Family Apt,6/4/2020,3/16/2021,https://opendsd.sandiego.gov/Web/Projects/Details/664987,https://opendsd.sandiego.gov/Web/Approvals/Details/2433835,5
2433844,3067 05TH AV,665643,Completed,Digital-PermitNowSecoyaBldg,Five or More Family Apt,6/4/2020,12/23/2020,https://opendsd.sandiego.gov/Web/Projects/Details/665643,https://opendsd.sandiego.gov/Web/Approvals/Details/2433844,7
2434712,5385 LA JOLLA BL,666784,Issued,5385 La Jolla Biltmore Apts.,Five or More Family Apt,6/9/2020,10/2/2021,https://opendsd.sandiego.gov/Web/Projects/Details/666784,https://opendsd.sandiego.gov/Web/Approvals/Details/2434712,1
2444930,4234 MISSISSIPPI ST,667121,Completed,Digital - MIXED USE Miss ECB,Five or More Family Apt,7/9/2020,4/9/2021,https://opendsd.sandiego.gov/Web/Projects/Details/667121,https://opendsd.sandiego.gov/Web/Approvals/Details/2444930,6
2448904,926 27TH ST,667858,Issued,Digital- 27TH ST APT PERMITNOW,Five or More Family Apt,7/20/2020,6/20/2022,https://opendsd.sandiego.gov/Web/Projects/Details/667858,https://opendsd.sandiego.gov/Web/Approvals/Details/2448904,2
2446473,4015 RICHMOND ST,668767,Issued,Digital - Richmonds Multi-Aptm,Five or More Family Apt,7/14/2020,7/12/2022,https://opendsd.sandiego.gov/Web/Projects/Details/668767,https://opendsd.sandiego.gov/Web/Approvals/Details/2446473,3
2443143,11107 DOVERHILL RD,668939,Completed,No Plans  Bathroom Remodel,"Add/Alt 1 or 2 Fam, No Chg DU",7/6/2020,7/6/2020,https://opendsd.sandiego.gov/Web/Projects/Details/668939,https://opendsd.sandiego.gov/Web/Approvals/Details/2443143,3
2446043,1956 HORNBLEND ST Unit #4&5,668975,Completed,Digital - Hornblend Project,One Family Detached,7/14/2020,2/19/2021,https://opendsd.sandiego.gov/Web/Projects/Details/668975,https://opendsd.sandiego.gov/Web/Approvals/Details/2446043,2
2449898,220 MONTECITO WY,669878,Pending Invoice Payment,Digital - Montecito Apts.,Five or More Family Apt,7/22/2020,8/14/2023,https://opendsd.sandiego.gov/Web/Projects/Details/669878,https://opendsd.sandiego.gov/Web/Approvals/Details/2449898,2
2448114,11483 AVENGER RD,670111,Completed,SFR No Plans Kitchen Remodel,"Add/Alt 1 or 2 Fam, No Chg DU",7/17/2020,7/17/2020,https://opendsd.sandiego.gov/Web/Projects/Details/670111,https://opendsd.sandiego.gov/Web/Approvals/Details/2448114,3
2448926,4384 HAMILTON ST,670161,Completed,Digital -Nok Nok NP Permit Now,Five or More Family Apt,7/21/2020,6/25/2021,https://opendsd.sandiego.gov/Web/Projects/Details/670161,https://opendsd.sandiego.gov/Web/Approvals/Details/2448926,2
2454005,15532 TANNER RIDGE RD,671367,Completed,NO PLAN KITCHEN/BATH REMODEL,"Add/Alt 1 or 2 Fam, No Chg DU",8/3/2020,8/3/2020,https://opendsd.sandiego.gov/Web/Projects/Details/671367,https://opendsd.sandiego.gov/Web/Approvals/Details/2454005,3
2459637,429 W SAN YSIDRO BL,672431,Completed,Digital PN San Ysidro Apt Bldg,Five or More Family Apt,8/19/2020,12/4/2020,https://opendsd.sandiego.gov/Web/Projects/Details/672431,https://opendsd.sandiego.gov/Web/Approvals/Details/2459637,8
2459048,7980 MERRINGTON PL,672467,Completed,No Plan Kitchen Remodel,"Add/Alt 1 or 2 Fam, No Chg DU",8/18/2020,8/18/2020,https://opendsd.sandiego.gov/Web/Projects/Details/672467,https://opendsd.sandiego.gov/Web/Approvals/Details/2459048,3
2459614,11810 HANDRICH DR,672586,Completed,NO PLAN. KITCHEN REMODEL,"Add/Alt 1 or 2 Fam, No Chg DU",8/19/2020,8/19/2020,https://opendsd.sandiego.gov/Web/Projects/Details/672586,https://opendsd.sandiego.gov/Web/Approvals/Details/2459614,3
2481355,3840 06TH AV,672600,Completed,Digital-3840 6th Ave Hillcrest,Five or More Family Apt,10/16/2020,4/28/2022,https://opendsd.sandiego.gov/Web/Projects/Details/672600,https://opendsd.sandiego.gov/Web/Approvals/Details/2481355,4
2465959,3111 FENELON ST,673188,Completed,Digital-Fenelon St-Permit Now,Five or More Family Apt,9/8/2020,11/3/2021,https://opendsd.sandiego.gov/Web/Projects/Details/673188,https://opendsd.sandiego.gov/Web/Approvals/Details/2465959,3
2462563,18096 SENCILLO DR,673262,Completed,"NO PLAN. WINDOWS,RESTUCCO,SIDI","Add/Alt 1 or 2 Fam, No Chg DU",8/27/2020,9/9/2020,https://opendsd.sandiego.gov/Web/Projects/Details/673262,https://opendsd.sandiego.gov/Web/Approvals/Details/2462563,3
2466198,12535 MONTELLANO TR [Pending],674111,Completed,NO PLAN PRE FAB FIREPLACE REP,"Add/Alt 1 or 2 Fam, No Chg DU",9/9/2020,9/9/2020,https://opendsd.sandiego.gov/Web/Projects/Details/674111,https://opendsd.sandiego.gov/Web/Approvals/Details/2466198,3
2480561,1661 HARVEY MILK ST,674197,Completed,Digital - Harvey Milk Mixed,Five or More Family Apt,10/15/2020,7/19/2021,https://opendsd.sandiego.gov/Web/Projects/Details/674197,https://opendsd.sandiego.gov/Web/Approvals/Details/2480561,2
2466992,4717 MOUNT ALIFAN DR,674291,Completed,NO PLAN. KITCHEN/BATH REMODEL,"Add/Alt 1 or 2 Fam, No Chg DU",9/11/2020,9/11/2020,https://opendsd.sandiego.gov/Web/Projects/Details/674291,https://opendsd.sandiego.gov/Web/Approvals/Details/2466992,3
2467367,11248 CAMINITO CORRIENTE,674390,Completed,SFR COMB NO PLAN BATH REMODEL,"Add/Alt 1 or 2 Fam, No Chg DU",9/11/2020,9/11/2020,https://opendsd.sandiego.gov/Web/Projects/Details/674390,https://opendsd.sandiego.gov/Web/Approvals/Details/2467367,3
2467424,3525 WELLESLY AV,674407,Completed,NO PLAN. KITCHEN/BATH REMODEL,"Add/Alt 1 or 2 Fam, No Chg DU",9/14/2020,9/14/2020,https://opendsd.sandiego.gov/Web/Projects/Details/674407,https://opendsd.sandiego.gov/Web/Approvals/Details/2467424,3
2473264,1947 MEADE AV,675831,Completed,NO PLAN. KITCH/GARAGE REMOVAL,"Add/Alt 1 or 2 Fam, No Chg DU",9/30/2020,9/30/2020,https://opendsd.sandiego.gov/Web/Projects/Details/675831,https://opendsd.sandiego.gov/Web/Approvals/Details/2473264,3
2477811,4360 TWAIN AV,675839,Completed,"Digital, Twain Ave. Apartments",Five or More Family Apt,10/9/2020,8/4/2021,https://opendsd.sandiego.gov/Web/Projects/Details/675839,https://opendsd.sandiego.gov/Web/Approvals/Details/2477811,12
2473309,3919 SANTA CRUZ AV,675842,Completed,NO PLAN. DRYWALL REPAIR/KITCHE,"Add/Alt 1 or 2 Fam, No Chg DU",9/30/2020,10/1/2020,https://opendsd.sandiego.gov/Web/Projects/Details/675842,https://opendsd.sandiego.gov/Web/Approvals/Details/2473309,3
2482648,4020 44TH ST,676121,Completed,Digital-UnionAffordableHousing,Five or More Family Apt,10/20/2020,9/27/2021,https://opendsd.sandiego.gov/Web/Projects/Details/676121,https://opendsd.sandiego.gov/Web/Approvals/Details/2482648,60
2484222,3333 04TH AV,676140,Created,Digital- WITHDRAWN,Five or More Family Apt,10/26/2020,,https://opendsd.sandiego.gov/Web/Projects/Details/676140,https://opendsd.sandiego.gov/Web/Approvals/Details/2484222,6
2479879,4350 CLEVELAND AV,676179,Created,Digital- C12 LOFTS,Five or More Family Apt,10/14/2020,,https://opendsd.sandiego.gov/Web/Projects/Details/676179,https://opendsd.sandiego.gov/Web/Approvals/Details/2479879,1
2475550,800 BROADWAY,676300,Issued,Digital-800 Broadway Build Out,Five or More Family Apt,10/5/2020,3/3/2022,https://opendsd.sandiego.gov/Web/Projects/Details/676300,https://opendsd.sandiego.gov/Web/Approvals/Details/2475550,33
2486137,4520 ALVARADO CANYON RD,677066,Completed,Digitl-Grantville Station Apts,Five or More Family Apt,10/30/2020,8/6/2021,https://opendsd.sandiego.gov/Web/Projects/Details/677066,https://opendsd.sandiego.gov/Web/Approvals/Details/2486137,5
2529036,6101 Village Wy,677364,Issued,DGTL (PN) Corallina Mixed Use,Five or More Family Apt,3/18/2021,4/14/2022,https://opendsd.sandiego.gov/Web/Projects/Details/677364,https://opendsd.sandiego.gov/Web/Approvals/Details/2529036,17
2488736,11909 SUNSHINE PEAK CT,678958,Completed,NO PLAN-BATH REMODEL,"Add/Alt 1 or 2 Fam, No Chg DU",11/9/2020,11/9/2020,https://opendsd.sandiego.gov/Web/Projects/Details/678958,https://opendsd.sandiego.gov/Web/Approvals/Details/2488736,3
2490865,3669 FLORIDA ST,679104,Created,Digital-Florida St.Multi-Units,Five or More Family Condo,11/16/2020,,https://opendsd.sandiego.gov/Web/Projects/Details/679104,https://opendsd.sandiego.gov/Web/Approvals/Details/2490865,1
2490510,12906 CAMINITO DE LAS OLAS,679322,Completed,DUPLEX  NO PLAN PERMIT,"Add/Alt 1 or 2 Fam, No Chg DU",11/13/2020,11/16/2020,https://opendsd.sandiego.gov/Web/Projects/Details/679322,https://opendsd.sandiego.gov/Web/Approvals/Details/2490510,3
2496652,2601 ULRIC ST,679346,Completed,Digital-- Senior Housing,Five or More Family Apt,12/2/2020,6/2/2022,https://opendsd.sandiego.gov/Web/Projects/Details/679346,https://opendsd.sandiego.gov/Web/Approvals/Details/2496652,10
2503358,421 25TH ST,679409,Completed,Digital -Sherman Cosmonaut,Five or More Family Apt,12/21/2020,2/1/2022,https://opendsd.sandiego.gov/Web/Projects/Details/679409,https://opendsd.sandiego.gov/Web/Approvals/Details/2503358,1
2492584,4061 FAIRMOUNT AV,679798,Completed,Digital 4th CornerApt MixedUse,Five or More Family Apt,11/18/2020,2/16/2022,https://opendsd.sandiego.gov/Web/Projects/Details/679798,https://opendsd.sandiego.gov/Web/Approvals/Details/2492584,74
2494681,5504 CHELSEA AV,680298,Completed,SFR No Plan  Deck,"Add/Alt 1 or 2 Fam, No Chg DU",11/25/2020,11/25/2020,https://opendsd.sandiego.gov/Web/Projects/Details/680298,https://opendsd.sandiego.gov/Web/Approvals/Details/2494681,3
2502990,891 TURQUOISE ST,680449,Completed,Digital-Turquoise Place MDU,Five or More Family Condo,12/18/2020,10/22/2021,https://opendsd.sandiego.gov/Web/Projects/Details/680449,https://opendsd.sandiego.gov/Web/Approvals/Details/2502990,7
2496361,6560 MONTEZUMA RD,680626,Completed,SFR No Plan Permit Deck Repair,"Add/Alt 3+, No Chg DU",12/2/2020,12/2/2020,https://opendsd.sandiego.gov/Web/Projects/Details/680626,https://opendsd.sandiego.gov/Web/Approvals/Details/2496361,3
2501987,2341 ULRIC ST,680889,Completed,Digital -Ulric Apartments,Five or More Family Apt,12/16/2020,9/30/2021,https://opendsd.sandiego.gov/Web/Projects/Details/680889,https://opendsd.sandiego.gov/Web/Approvals/Details/2501987,3
2505257,3027 KEATS ST,681310,Completed,Digital-Keats Street Apartment,Five or More Family Apt,12/28/2020,4/14/2023,https://opendsd.sandiego.gov/Web/Projects/Details/681310,https://opendsd.sandiego.gov/Web/Approvals/Details/2505257,1
2502776,3935 NORMAL ST,681456,Completed,DIGITAL-PERMIT NOW Normal St,Five or More Family Apt,12/18/2020,12/20/2021,https://opendsd.sandiego.gov/Web/Projects/Details/681456,https://opendsd.sandiego.gov/Web/Approvals/Details/2502776,3
2512694,3910 CHAPMAN ST,682131,Completed,Digital-Chapman Place,"Add/Alt 3+ Fam, Increase DU",1/26/2021,12/8/2021,https://opendsd.sandiego.gov/Web/Projects/Details/682131,https://opendsd.sandiego.gov/Web/Approvals/Details/2512694,1
2513448,3910 CHAPMAN ST,682131,Completed,Digital-Chapman Place,Five or More Family Apt,1/28/2021,12/8/2021,https://opendsd.sandiego.gov/Web/Projects/Details/682131,https://opendsd.sandiego.gov/Web/Approvals/Details/2513448,1
2513022,817 26TH ST,682569,Created,Dgtl Blue Dogg New Apartments,Three or Four Family Condo,1/27/2021,,https://opendsd.sandiego.gov/Web/Projects/Details/682569,https://opendsd.sandiego.gov/Web/Approvals/Details/2513022,2
2508596,2449 ARDATH RD,683280,Completed,Bathroom  Remodel No Plans,"Add/Alt 1 or 2 Fam, No Chg DU",1/12/2021,1/12/2021,https://opendsd.sandiego.gov/Web/Projects/Details/683280,https://opendsd.sandiego.gov/Web/Approvals/Details/2508596,3
2518600,5559 LAURETTA ST,683661,Completed,Dgtl Lauretta New Apartments,Five or More Family Apt,2/12/2021,11/9/2022,https://opendsd.sandiego.gov/Web/Projects/Details/683661,https://opendsd.sandiego.gov/Web/Approvals/Details/2518600,2
2519316,4685 49TH ST,684151,Completed,Digital - 49th St ADUs,Add/Alt Companion Unit/Acc Apt,2/17/2021,6/16/2021,https://opendsd.sandiego.gov/Web/Projects/Details/684151,https://opendsd.sandiego.gov/Web/Approvals/Details/2519316,1
2519317,4687 49TH ST,684151,Completed,Digital - 49th St ADUs,Add/Alt Companion Unit/Acc Apt,2/17/2021,6/16/2021,https://opendsd.sandiego.gov/Web/Projects/Details/684151,https://opendsd.sandiego.gov/Web/Approvals/Details/2519317,1
2533745,3672 SIPES LN,684273,Completed,Digital- Guiterrez Res JADU,Add/Alt Companion Unit/Acc Apt,4/2/2021,11/12/2021,https://opendsd.sandiego.gov/Web/Projects/Details/684273,https://opendsd.sandiego.gov/Web/Approvals/Details/2533745,1
2531355,3919 LOUISIANA ST,685069,Issued,Digital- Louisiana St,Five or More Family Apt,3/25/2021,5/12/2023,https://opendsd.sandiego.gov/Web/Projects/Details/685069,https://opendsd.sandiego.gov/Web/Approvals/Details/2531355,2
2517232,5235 FIORE TR [Pending],685533,Completed,Condo 77 unit  DRY WALL /PEX,"Add/Alt 3+, No Chg DU",2/9/2021,2/9/2021,https://opendsd.sandiego.gov/Web/Projects/Details/685533,https://opendsd.sandiego.gov/Web/Approvals/Details/2517232,3
2551251,5585 MILDRED ST,686860,Cancelled,Digital-Const chg to 623604,Five or More Family Apt,5/20/2021,,https://opendsd.sandiego.gov/Web/Projects/Details/686860,https://opendsd.sandiego.gov/Web/Approvals/Details/2551251,3
2529147,3180 IMPERIAL AV,687121,Issued,Digital-Imperial 100% Afford,Five or More Family Apt,3/18/2021,7/10/2023,https://opendsd.sandiego.gov/Web/Projects/Details/687121,https://opendsd.sandiego.gov/Web/Approvals/Details/2529147,3
2526138,5472 EL CAJON BL,687534,Issued,Digt Permit Now warm shell FHC,Five or More Family Apt,3/9/2021,2/1/2023,https://opendsd.sandiego.gov/Web/Projects/Details/687534,https://opendsd.sandiego.gov/Web/Approvals/Details/2526138,26
2542441,1105 BROADWAY,687583,Completed,DGTL-11th & Brdwy 2 (Frame/BO),Five or More Family Apt,4/27/2021,9/16/2022,https://opendsd.sandiego.gov/Web/Projects/Details/687583,https://opendsd.sandiego.gov/Web/Approvals/Details/2542441,49
2536802,5171 MISSION CENTER RD Unit B-3 [Pending],687966,Completed,Digital- Sola Salon Studios TI,Add/Alt Tenant Improvements,4/12/2021,9/22/2021,https://opendsd.sandiego.gov/Web/Projects/Details/687966,https://opendsd.sandiego.gov/Web/Approvals/Details/2536802,1
2549616,3691 NATIONAL AV,688718,Issued,Digital-National Apts ADU's,Add/Alt Companion Unit/Acc Apt,5/17/2021,11/3/2023,https://opendsd.sandiego.gov/Web/Projects/Details/688718,https://opendsd.sandiego.gov/Web/Approvals/Details/2549616,3
2544546,901 W WASHINGTON ST,689210,Completed,Digital-- The Sasan Apts,Five or More Family Apt,5/3/2021,3/3/2022,https://opendsd.sandiego.gov/Web/Projects/Details/689210,https://opendsd.sandiego.gov/Web/Approvals/Details/2544546,3
2559850,1331 COLUMBIA ST,690443,Completed,Dig Lindley Apt Frame Buildout,Five or More Family Apt,6/16/2021,12/12/2022,https://opendsd.sandiego.gov/Web/Projects/Details/690443,https://opendsd.sandiego.gov/Web/Approvals/Details/2559850,30
2548202,744 ROBINSON AV,690496,Issued,Digi -Robinson MIx/Micro Units,Five or More Family Apt,5/12/2021,11/15/2023,https://opendsd.sandiego.gov/Web/Projects/Details/690496,https://opendsd.sandiego.gov/Web/Approvals/Details/2548202,2
2554153,4076 IOWA ST,690826,Completed,Digital-- Iowa St Multi Family,Five or More Family Apt,5/28/2021,10/31/2022,https://opendsd.sandiego.gov/Web/Projects/Details/690826,https://opendsd.sandiego.gov/Web/Approvals/Details/2554153,1
2570778,4986 OCEAN VIEW BL,691064,Issued,Digi.Ocean view Terrace,One Family Detached,7/23/2021,4/21/2023,https://opendsd.sandiego.gov/Web/Projects/Details/691064,https://opendsd.sandiego.gov/Web/Approvals/Details/2570778,1
2554501,6213 MONTEZUMA RD,691475,Issued,Digital-6213 Montezuma Ave Apt,,6/1/2021,4/25/2022,https://opendsd.sandiego.gov/Web/Projects/Details/691475,https://opendsd.sandiego.gov/Web/Approvals/Details/2554501,3
2569346,3060 BROADWAY,692037,Created,DIGITAL-30 UNITS,,7/19/2021,,https://opendsd.sandiego.gov/Web/Projects/Details/692037,https://opendsd.sandiego.gov/Web/Approvals/Details/2569346,3
2555109,7251 NAVAL WY,692195,Completed,DGTL-3R- Affordable Apt (PA12),Five or More Family Apt,6/2/2021,1/5/2022,https://opendsd.sandiego.gov/Web/Projects/Details/692195,https://opendsd.sandiego.gov/Web/Approvals/Details/2555109,180
2555213,4135 PARK BL,692332,Issued,DGT-ParkBlvd.Flats Fdn&Frm Ph1,Five or More Family Apt,6/3/2021,6/17/2022,https://opendsd.sandiego.gov/Web/Projects/Details/692332,https://opendsd.sandiego.gov/Web/Approvals/Details/2555213,10
2563874,2250 SISAL LN,693790,Issued,DGITAL-Epoca L MDU,Five or More Family Apt,6/30/2021,8/31/2023,https://opendsd.sandiego.gov/Web/Projects/Details/693790,https://opendsd.sandiego.gov/Web/Approvals/Details/2563874,59
2577222,2440 CACTUS RD Unit Bldg. B,693790,Issued,DGITAL-Epoca L MDU,Five or More Family Apt,8/30/2021,8/31/2023,https://opendsd.sandiego.gov/Web/Projects/Details/693790,https://opendsd.sandiego.gov/Web/Approvals/Details/2577222,60
2565868,3776 RILEY ST,693992,Created,Digi.Freedom Center Add/Remode,Non Res Conver to 3+ Fam,7/8/2021,,https://opendsd.sandiego.gov/Web/Projects/Details/693992,https://opendsd.sandiego.gov/Web/Approvals/Details/2565868,10
2571641,3831 03RD AV,694250,Created,Digital - 3831 03rd Ave MDU,Five or More Family Apt,7/28/2021,,https://opendsd.sandiego.gov/Web/Projects/Details/694250,https://opendsd.sandiego.gov/Web/Approvals/Details/2571641,2
2575738,14193 OLD EL CAMINO REAL,694403,Completed,DIGITL-Del Mar MDU Bldgs,Three or Four Family Condo,8/18/2021,2/24/2022,https://opendsd.sandiego.gov/Web/Projects/Details/694403,https://opendsd.sandiego.gov/Web/Approvals/Details/2575738,3
2575940,14161 OLD EL CAMINO REAL,694403,Cancelled,DIGITL-Del Mar MDU Bldgs,Five or More Family Condo,8/19/2021,2/24/2022,https://opendsd.sandiego.gov/Web/Projects/Details/694403,https://opendsd.sandiego.gov/Web/Approvals/Details/2575940,5
2575944,14129 OLD EL CAMINO REAL,694403,Completed,DIGITL-Del Mar MDU Bldgs,Five or More Family Condo,8/19/2021,2/24/2022,https://opendsd.sandiego.gov/Web/Projects/Details/694403,https://opendsd.sandiego.gov/Web/Approvals/Details/2575944,6
2577565,14105 OLD EL CAMINO REAL,694403,Completed,DIGITL-Del Mar MDU Bldgs,Five or More Family Condo,8/31/2021,2/24/2022,https://opendsd.sandiego.gov/Web/Projects/Details/694403,https://opendsd.sandiego.gov/Web/Approvals/Details/2577565,5
2577569,14141 OLD EL CAMINO REAL,694403,Completed,DIGITL-Del Mar MDU Bldgs,Five or More Family Condo,8/31/2021,2/24/2022,https://opendsd.sandiego.gov/Web/Projects/Details/694403,https://opendsd.sandiego.gov/Web/Approvals/Details/2577569,1
2573624,8201 MERGE AV,694511,Completed,DGT- MERGE 56 Afford. Housing,Five or More Family Apt,8/5/2021,5/13/2022,https://opendsd.sandiego.gov/Web/Projects/Details/694511,https://opendsd.sandiego.gov/Web/Approvals/Details/2573624,47
2573088,2820 POLK AV,695615,Issued,Digital Leparc Multi-Dwelling,Five or More Family Apt,8/3/2021,5/6/2023,https://opendsd.sandiego.gov/Web/Projects/Details/695615,https://opendsd.sandiego.gov/Web/Approvals/Details/2573088,3
PMT-3228520,"5411 Lauretta St, San Diego, CA 92110",PRJ-1036736,Cancelled Application Expired,General-Standard-Building Construction:5411/Lauretta,Add/Alt Companion Unit/Acc Apt,6/15/2023,,https://aca-prod.accela.com/SANDIEGO/Cap/CapDetail.aspx?Module=DSD&TabName=DSD&capID1=REC21&capID2=00000&capID3=01KCX&agencyCode=SANDIEGO&IsToShowInspection=,https://aca-prod.accela.com/SANDIEGO/Cap/CapDetail.aspx?Module=DSD&TabName=DSD&capID1=REC23&capID2=00000&capID3=01T43&agencyCode=SANDIEGO&IsToShowInspection=,1
PMT-3113519,"4200 Tonopah Av, San Diego, CA 92110",PRJ-1037602,Inspection Followup,General-Express-Building Construction:4200/Tonopah,Five or More Family Condo,8/30/2021,3/23/2023,https://aca-prod.accela.com/SANDIEGO/Cap/CapDetail.aspx?Module=DSD&TabName=DSD&capID1=REC21&capID2=00000&capID3=01O7D&agencyCode=SANDIEGO&IsToShowInspection=,https://aca-prod.accela.com/SANDIEGO/Cap/CapDetail.aspx?Module=DSD&TabName=DSD&capID1=REC21&capID2=00000&capID3=01X1M&agencyCode=SANDIEGO&IsToShowInspection=,1
PMT-3112004,"4070 Georgia St, San Diego, CA",PRJ-1037740,Closed,General-Standard-Building Construction:4070/Georgia,Five or More Family Apt,8/18/2021,1/5/2023,https://aca-prod.accela.com/SANDIEGO/Cap/CapDetail.aspx?Module=DSD&TabName=DSD&capID1=REC21&capID2=00000&capID3=01OX0&agencyCode=SANDIEGO&IsToShowInspection=,https://aca-prod.accela.com/SANDIEGO/Cap/CapDetail.aspx?Module=DSD&TabName=DSD&capID1=REC21&capID2=00000&capID3=01TOW&agencyCode=SANDIEGO&IsToShowInspection=,1
PMT-3118334,"3411 31st St, San Diego, CA 92104",PRJ-1038987,Closed,General-Standard-Building Construction:3411/31st,Three or Four Family Apt,9/29/2021,11/14/2022,https://aca-prod.accela.com/SANDIEGO/Cap/CapDetail.aspx?Module=DSD&TabName=DSD&capID1=REC21&capID2=00000&capID3=01UA3&agencyCode=SANDIEGO&IsToShowInspection=,https://aca-prod.accela.com/SANDIEGO/Cap/CapDetail.aspx?Module=DSD&TabName=DSD&capID1=REC21&capID2=00000&capID3=027AR&agencyCode=SANDIEGO&IsToShowInspection=,2
PMT-3114364,"414 Arbor Dr, San Diego, CA",PRJ-1039103,Inspection Followup,General-Standard-Building Construction:414/Arbor,Add/Alt Companion Unit/Acc Apt,9/2/2021,10/18/2022,https://aca-prod.accela.com/SANDIEGO/Cap/CapDetail.aspx?Module=DSD&TabName=DSD&capID1=REC21&capID2=00000&capID3=01UO6&agencyCode=SANDIEGO&IsToShowInspection=,https://aca-prod.accela.com/SANDIEGO/Cap/CapDetail.aspx?Module=DSD&TabName=DSD&capID1=REC21&capID2=00000&capID3=01YWE&agencyCode=SANDIEGO&IsToShowInspection=,2
PMT-3114354,"4555 Alabama St, San Diego, CA 92116",PRJ-1039160,Closed,General-Standard-Building Construction:4555/Alabama,Add/Alt Companion Unit/Acc Apt,9/2/2021,6/16/2022,https://aca-prod.accela.com/SANDIEGO/Cap/CapDetail.aspx?Module=DSD&TabName=DSD&capID1=REC21&capID2=00000&capID3=01UWQ&agencyCode=SANDIEGO&IsToShowInspection=,https://aca-prod.accela.com/SANDIEGO/Cap/CapDetail.aspx?Module=DSD&TabName=DSD&capID1=REC21&capID2=00000&capID3=01YV8&agencyCode=SANDIEGO&IsToShowInspection=,1
PMT-3114904,"1120 Nestor Wy, San Diego, CA 92154",PRJ-1039884,Closed,General-Express-Building Construction:1120/Nestor,Five or More Family Apt,9/8/2021,4/26/2022,https://aca-prod.accela.com/SANDIEGO/Cap/CapDetail.aspx?Module=DSD&TabName=DSD&capID1=REC21&capID2=00000&capID3=01Y3G&agencyCode=SANDIEGO&IsToShowInspection=,https://aca-prod.accela.com/SANDIEGO/Cap/CapDetail.aspx?Module=DSD&TabName=DSD&capID1=REC21&capID2=00000&capID3=01ZZH&agencyCode=SANDIEGO&IsToShowInspection=,73
PMT-3116040,"3084 Meade Av, San Diego, CA",PRJ-1040142,Closed,General-Standard-Building Construction:3084/Meade,Five or More Family Condo,9/15/2021,3/14/2023,https://aca-prod.accela.com/SANDIEGO/Cap/CapDetail.aspx?Module=DSD&TabName=DSD&capID1=REC21&capID2=00000&capID3=01Z89&agencyCode=SANDIEGO&IsToShowInspection=,https://aca-prod.accela.com/SANDIEGO/Cap/CapDetail.aspx?Module=DSD&TabName=DSD&capID1=REC21&capID2=00000&capID3=022EP&agencyCode=SANDIEGO&IsToShowInspection=,1
PMT-3117210,"4965 Millwood Rd, San Diego, CA 92117",PRJ-1040423,Closed,Rapid Review-Standard-Building Construction:4965/Millwood,Add/Alt Companion Unit/Acc Apt,9/22/2021,1/11/2023,https://aca-prod.accela.com/SANDIEGO/Cap/CapDetail.aspx?Module=DSD&TabName=DSD&capID1=REC21&capID2=00000&capID3=020HW&agencyCode=SANDIEGO&IsToShowInspection=,https://aca-prod.accela.com/SANDIEGO/Cap/CapDetail.aspx?Module=DSD&TabName=DSD&capID1=REC21&capID2=00000&capID3=024Y2&agencyCode=SANDIEGO&IsToShowInspection=,1
PMT-3117300,"2661 K St, San Diego, CA",PRJ-1040481,,General-Standard-Building Permit:2661/K,Add/Alt Acc Bldgs to 3+ Fam,9/23/2021,,https://aca-prod.accela.com/SANDIEGO/Cap/CapDetail.aspx?Module=DSD&TabName=DSD&capID1=REC21&capID2=00000&capID3=020S8&agencyCode=SANDIEGO&IsToShowInspection=,https://aca-prod.accela.com/SANDIEGO/Cap/CapDetail.aspx?Module=DSD&TabName=DSD&capID1=REC21&capID2=00000&capID3=0254Q&agencyCode=SANDIEGO&IsToShowInspection=,1
PMT-3119113,"10211 Rancho Carmel Dr, San Diego, CA",PRJ-1040652,Inspection Followup,Actively Managed-Express-Building Construction:10211/Rancho Carmel,,10/4/2021,1/4/2023,https://aca-prod.accela.com/SANDIEGO/Cap/CapDetail.aspx?Module=DSD&TabName=DSD&capID1=REC21&capID2=00000&capID3=021HI&agencyCode=SANDIEGO&IsToShowInspection=,https://aca-prod.accela.com/SANDIEGO/Cap/CapDetail.aspx?Module=DSD&TabName=DSD&capID1=REC21&capID2=00000&capID3=028S4&agencyCode=SANDIEGO&IsToShowInspection=,10
PMT-3118276,"3961 Georgia St, San Diego, CA 92103",PRJ-1040832,Cancelled Application Expired,General-Express-Building Construction:3961/Georgia,Five or More Family Apt,9/29/2021,,https://aca-prod.accela.com/SANDIEGO/Cap/CapDetail.aspx?Module=DSD&TabName=DSD&capID1=REC21&capID2=00000&capID3=0229C&agencyCode=SANDIEGO&IsToShowInspection=,https://aca-prod.accela.com/SANDIEGO/Cap/CapDetail.aspx?Module=DSD&TabName=DSD&capID1=REC21&capID2=00000&capID3=0277C&agencyCode=SANDIEGO&IsToShowInspection=,2
PMT-3118742,"2829 Broadway, San Diego, CA 92102",PRJ-1040838,Cancelled Application Expired,General-Express-Building Construction:2829/Broadway,Five or More Family Apt,10/1/2021,,https://aca-prod.accela.com/SANDIEGO/Cap/CapDetail.aspx?Module=DSD&TabName=DSD&capID1=REC21&capID2=00000&capID3=0229T&agencyCode=SANDIEGO&IsToShowInspection=,https://aca-prod.accela.com/SANDIEGO/Cap/CapDetail.aspx?Module=DSD&TabName=DSD&capID1=REC21&capID2=00000&capID3=0280N&agencyCode=SANDIEGO&IsToShowInspection=,2
PMT-3125163,"5505 Mary Lane Dr, San Diego, CA 92115",PRJ-1041638,Closed,General-Standard-Building Construction:5503/Mary Lane,Add/Alt Companion Unit/Acc Apt,11/16/2021,5/17/2022,https://aca-prod.accela.com/SANDIEGO/Cap/CapDetail.aspx?Module=DSD&TabName=DSD&capID1=REC21&capID2=00000&capID3=025C1&agencyCode=SANDIEGO&IsToShowInspection=,https://aca-prod.accela.com/SANDIEGO/Cap/CapDetail.aspx?Module=DSD&TabName=DSD&capID1=REC21&capID2=00000&capID3=02M00&agencyCode=SANDIEGO&IsToShowInspection=,2
PMT-3120055,"5144 Manchester Rd, San Diego, CA 92115",PRJ-1041832,Closed,General-Standard-Building Construction:5144/Manchester,Add/Alt Companion Unit/Acc Apt,10/11/2021,10/7/2022,https://aca-prod.accela.com/SANDIEGO/Cap/CapDetail.aspx?Module=DSD&TabName=DSD&capID1=REC21&capID2=00000&capID3=025YH&agencyCode=SANDIEGO&IsToShowInspection=,https://aca-prod.accela.com/SANDIEGO/Cap/CapDetail.aspx?Module=DSD&TabName=DSD&capID1=REC21&capID2=00000&capID3=02AUQ&agencyCode=SANDIEGO&IsToShowInspection=,1
PMT-3120060,"5144 Manchester Rd, San Diego, CA 92115",PRJ-1041832,Closed,General-Standard-Building Construction:5144/Manchester,Add/Alt Companion Unit/Acc Apt,10/11/2021,10/7/2022,https://aca-prod.accela.com/SANDIEGO/Cap/CapDetail.aspx?Module=DSD&TabName=DSD&capID1=REC21&capID2=00000&capID3=025YH&agencyCode=SANDIEGO&IsToShowInspection=,https://aca-prod.accela.com/SANDIEGO/Cap/CapDetail.aspx?Module=DSD&TabName=DSD&capID1=REC21&capID2=00000&capID3=02AV6&agencyCode=SANDIEGO&IsToShowInspection=,1
PMT-3120065,"5144 Manchester Rd, San Diego, CA 92115",PRJ-1041832,Closed,General-Standard-Building Construction:5144/Manchester,Add/Alt Companion Unit/Acc Apt,10/11/2021,10/7/2022,https://aca-prod.accela.com/SANDIEGO/Cap/CapDetail.aspx?Module=DSD&TabName=DSD&capID1=REC21&capID2=00000&capID3=025YH&agencyCode=SANDIEGO&IsToShowInspection=,https://aca-prod.accela.com/SANDIEGO/Cap/CapDetail.aspx?Module=DSD&TabName=DSD&capID1=REC21&capID2=00000&capID3=02AVH&agencyCode=SANDIEGO&IsToShowInspection=,1
PMT-3124267,"4451 Logan Av, San Diego, CA 92113",PRJ-1042516,Cancelled Application Expired,General-Expedite-Building Construction:4451/Logan,One Family Detached,11/9/2021,,https://aca-prod.accela.com/SANDIEGO/Cap/CapDetail.aspx?Module=DSD&TabName=DSD&capID1=REC21&capID2=00000&capID3=0292B&agencyCode=SANDIEGO&IsToShowInspection=,https://aca-prod.accela.com/SANDIEGO/Cap/CapDetail.aspx?Module=DSD&TabName=DSD&capID1=REC21&capID2=00000&capID3=02K0P&agencyCode=SANDIEGO&IsToShowInspection=,2
PMT-3124268,"4451 Logan Av, San Diego, CA 92113",PRJ-1042516,Cancelled Application Expired,General-Expedite-Building Construction:4451/Logan,One Family Detached,11/9/2021,,https://aca-prod.accela.com/SANDIEGO/Cap/CapDetail.aspx?Module=DSD&TabName=DSD&capID1=REC21&capID2=00000&capID3=0292B&agencyCode=SANDIEGO&IsToShowInspection=,https://aca-prod.accela.com/SANDIEGO/Cap/CapDetail.aspx?Module=DSD&TabName=DSD&capID1=REC21&capID2=00000&capID3=02K0R&agencyCode=SANDIEGO&IsToShowInspection=,2
PMT-3124273,"4451 Logan Av, San Diego, CA 92113",PRJ-1042516,Cancelled Application Expired,General-Expedite-Building Construction:4451/Logan,One Family Detached,11/9/2021,,https://aca-prod.accela.com/SANDIEGO/Cap/CapDetail.aspx?Module=DSD&TabName=DSD&capID1=REC21&capID2=00000&capID3=0292B&agencyCode=SANDIEGO&IsToShowInspection=,https://aca-prod.accela.com/SANDIEGO/Cap/CapDetail.aspx?Module=DSD&TabName=DSD&capID1=REC21&capID2=00000&capID3=02K11&agencyCode=SANDIEGO&IsToShowInspection=,1
PMT-3121677,"2710 03rd Av, San Diego, CA",PRJ-1042534,Inspection Followup,General-Expedite-Building Construction:2710/03rd,,10/21/2021,1/3/2023,https://aca-prod.accela.com/SANDIEGO/Cap/CapDetail.aspx?Module=DSD&TabName=DSD&capID1=REC21&capID2=00000&capID3=02954&agencyCode=SANDIEGO&IsToShowInspection=,https://aca-prod.accela.com/SANDIEGO/Cap/CapDetail.aspx?Module=DSD&TabName=DSD&capID1=REC21&capID2=00000&capID3=02EK1&agencyCode=SANDIEGO&IsToShowInspection=,11
PMT-3122275,"1311 Pequena St, San Diego, CA 92154",PRJ-1043110,Closed,General-Standard-Building Construction:1311/Pequena,"Add/Alt 1 or 2 Fam, No Chg DU",10/26/2021,5/23/2022,https://aca-prod.accela.com/SANDIEGO/Cap/CapDetail.aspx?Module=DSD&TabName=DSD&capID1=REC21&capID2=00000&capID3=02BDX&agencyCode=SANDIEGO&IsToShowInspection=,https://aca-prod.accela.com/SANDIEGO/Cap/CapDetail.aspx?Module=DSD&TabName=DSD&capID1=REC21&capID2=00000&capID3=02FXI&agencyCode=SANDIEGO&IsToShowInspection=,1
PMT-3125897,"5727 Lauretta St, San Diego, CA 92110",PRJ-1043791,Closed,General-Express-Building Construction:5727/Lauretta,Five or More Family Apt,11/19/2021,6/29/2023,https://aca-prod.accela.com/SANDIEGO/Cap/CapDetail.aspx?Module=DSD&TabName=DSD&capID1=REC21&capID2=00000&capID3=02E2J&agencyCode=SANDIEGO&IsToShowInspection=,https://aca-prod.accela.com/SANDIEGO/Cap/CapDetail.aspx?Module=DSD&TabName=DSD&capID1=REC21&capID2=00000&capID3=02NGJ&agencyCode=SANDIEGO&IsToShowInspection=,1
PMT-3277988,"5727 Lauretta St, San Diego, CA 92110",PRJ-1043791,Inspection Followup,General-Express-Building Construction:5727/Lauretta,ACC STRUCT- NON RES,3/4/2024,11/1/2024,https://aca-prod.accela.com/SANDIEGO/Cap/CapDetail.aspx?Module=DSD&TabName=DSD&capID1=REC21&capID2=00000&capID3=02E2J&agencyCode=SANDIEGO&IsToShowInspection=,https://aca-prod.accela.com/SANDIEGO/Cap/CapDetail.aspx?Module=DSD&TabName=DSD&capID1=REC24&capID2=00000&capID3=00L9Q&agencyCode=SANDIEGO&IsToShowInspection=,1
PMT-3126326,"530 42nd St, San Diego, CA",PRJ-1043910,Cancelled Application Expired,Actively Managed-Express-Building Construction:530/42nd,Three or Four Family Apt,11/23/2021,,https://aca-prod.accela.com/SANDIEGO/Cap/CapDetail.aspx?Module=DSD&TabName=DSD&capID1=REC21&capID2=00000&capID3=02EI5&agencyCode=SANDIEGO&IsToShowInspection=,https://aca-prod.accela.com/SANDIEGO/Cap/CapDetail.aspx?Module=DSD&TabName=DSD&capID1=REC21&capID2=00000&capID3=02OCK&agencyCode=SANDIEGO&IsToShowInspection=,9
PMT-3126508,"531 Morrison St, San Diego, CA",PRJ-1043910,Cancelled Application Expired,Actively Managed-Express-Building Construction:530/42nd,Three or Four Family Apt,11/24/2021,,https://aca-prod.accela.com/SANDIEGO/Cap/CapDetail.aspx?Module=DSD&TabName=DSD&capID1=REC21&capID2=00000&capID3=02EI5&agencyCode=SANDIEGO&IsToShowInspection=,https://aca-prod.accela.com/SANDIEGO/Cap/CapDetail.aspx?Module=DSD&TabName=DSD&capID1=REC21&capID2=00000&capID3=02OO0&agencyCode=SANDIEGO&IsToShowInspection=,9
PMT-3341994,"4810 Canyon View, San Diego, CA 92117",PRJ-1044024,Closed,General-Standard-Building Construction:3450/Clairemont,Three or Four Family Apt,3/10/2025,3/10/2025,https://aca-prod.accela.com/SANDIEGO/Cap/CapDetail.aspx?Module=DSD&TabName=DSD&capID1=REC21&capID2=00000&capID3=02EZH&agencyCode=SANDIEGO&IsToShowInspection=,https://aca-prod.accela.com/SANDIEGO/Cap/CapDetail.aspx?Module=DSD&TabName=DSD&capID1=REC25&capID2=00000&capID3=00NBQ&agencyCode=SANDIEGO&IsToShowInspection=,1
PMT-3127948,"3090 Polk Av, San Diego, CA",PRJ-1044085,Inspection Followup,General-Standard-Building Construction:3090/Polk,Five or More Family Apt,12/6/2021,9/25/2023,https://aca-prod.accela.com/SANDIEGO/Cap/CapDetail.aspx?Module=DSD&TabName=DSD&capID1=REC21&capID2=00000&capID3=02F6P&agencyCode=SANDIEGO&IsToShowInspection=,https://aca-prod.accela.com/SANDIEGO/Cap/CapDetail.aspx?Module=DSD&TabName=DSD&capID1=REC21&capID2=00000&capID3=02RD6&agencyCode=SANDIEGO&IsToShowInspection=,11
PMT-3129303,"4552 North Av, San Diego, CA",PRJ-1044228,Cancelled,General-Express-Building Construction:4552/North,"Add/Alt 3+ Fam, Increase DU",12/14/2021,7/7/2022,https://aca-prod.accela.com/SANDIEGO/Cap/CapDetail.aspx?Module=DSD&TabName=DSD&capID1=REC21&capID2=00000&capID3=02FS3&agencyCode=SANDIEGO&IsToShowInspection=,https://aca-prod.accela.com/SANDIEGO/Cap/CapDetail.aspx?Module=DSD&TabName=DSD&capID1=REC21&capID2=00000&capID3=02U0J&agencyCode=SANDIEGO&IsToShowInspection=,2
PMT-3125597,"2810 Nye St, San Diego, CA 92111",PRJ-1044263,Closed,General-Standard-Building Construction:2810/Nye,Add/Alt Companion Unit/Acc Apt,11/17/2021,8/3/2023,https://aca-prod.accela.com/SANDIEGO/Cap/CapDetail.aspx?Module=DSD&TabName=DSD&capID1=REC21&capID2=00000&capID3=02FWT&agencyCode=SANDIEGO&IsToShowInspection=,https://aca-prod.accela.com/SANDIEGO/Cap/CapDetail.aspx?Module=DSD&TabName=DSD&capID1=REC21&capID2=00000&capID3=02MSO&agencyCode=SANDIEGO&IsToShowInspection=,2
PMT-3126777,"6251 Mary Lane Dr, San Diego, CA 92115",PRJ-1044626,Closed,General-Standard-Building Construction:6251/Mary Lane,Add/Alt Companion Unit/Acc Apt,11/29/2021,8/30/2023,https://aca-prod.accela.com/SANDIEGO/Cap/CapDetail.aspx?Module=DSD&TabName=DSD&capID1=REC21&capID2=00000&capID3=02HG9&agencyCode=SANDIEGO&IsToShowInspection=,https://aca-prod.accela.com/SANDIEGO/Cap/CapDetail.aspx?Module=DSD&TabName=DSD&capID1=REC21&capID2=00000&capID3=02P5A&agencyCode=SANDIEGO&IsToShowInspection=,1
PMT-3126205,"5119 East Falls View Dr, San Diego, CA 92115",PRJ-1044698,Closed,General-Standard-Building Construction:5119/East Falls View,Add/Alt Companion Unit/Acc Apt,11/22/2021,4/25/2022,https://aca-prod.accela.com/SANDIEGO/Cap/CapDetail.aspx?Module=DSD&TabName=DSD&capID1=REC21&capID2=00000&capID3=02HR3&agencyCode=SANDIEGO&IsToShowInspection=,https://aca-prod.accela.com/SANDIEGO/Cap/CapDetail.aspx?Module=DSD&TabName=DSD&capID1=REC21&capID2=00000&capID3=02O28&agencyCode=SANDIEGO&IsToShowInspection=,1
PMT-3181958,"6828 Amherst St, San Diego, CA 92115",PRJ-1044699,Closed,General-Standard-Combination Building Permit:6826/Amherst,Add/Alt Companion Unit/Acc Apt,10/13/2022,11/20/2023,https://aca-prod.accela.com/SANDIEGO/Cap/CapDetail.aspx?Module=DSD&TabName=DSD&capID1=REC21&capID2=00000&capID3=02HR6&agencyCode=SANDIEGO&IsToShowInspection=,https://aca-prod.accela.com/SANDIEGO/Cap/CapDetail.aspx?Module=DSD&TabName=DSD&capID1=REC22&capID2=00000&capID3=02ODY&agencyCode=SANDIEGO&IsToShowInspection=,2
PMT-3324179,"6830 Amherst St, San Diego, CA 92115",PRJ-1044699,Closed,General-Standard-Combination Building Permit:6826/Amherst,,11/20/2024,11/20/2024,https://aca-prod.accela.com/SANDIEGO/Cap/CapDetail.aspx?Module=DSD&TabName=DSD&capID1=REC21&capID2=00000&capID3=02HR6&agencyCode=SANDIEGO&IsToShowInspection=,https://aca-prod.accela.com/SANDIEGO/Cap/CapDetail.aspx?Module=DSD&TabName=DSD&capID1=REC24&capID2=00000&capID3=02WMX&agencyCode=SANDIEGO&IsToShowInspection=,1
PMT-3127291,"318 53rd St, San Diego, CA",PRJ-1044737,Cancelled Application Expired,General-Expedite-Building Construction:322/53Rd,Add/Alt Companion Unit/Acc Apt,12/1/2021,,https://aca-prod.accela.com/SANDIEGO/Cap/CapDetail.aspx?Module=DSD&TabName=DSD&capID1=REC21&capID2=00000&capID3=02HVS&agencyCode=SANDIEGO&IsToShowInspection=,https://aca-prod.accela.com/SANDIEGO/Cap/CapDetail.aspx?Module=DSD&TabName=DSD&capID1=REC21&capID2=00000&capID3=02Q3Z&agencyCode=SANDIEGO&IsToShowInspection=,2
PMT-3130385,"3610 03rd Av, San Diego, CA",PRJ-1045141,Cancelled Application Expired,General-Express-Building Construction:3610/03rd,Five or More Family Apt,12/21/2021,,https://aca-prod.accela.com/SANDIEGO/Cap/CapDetail.aspx?Module=DSD&TabName=DSD&capID1=REC21&capID2=00000&capID3=02JFK&agencyCode=SANDIEGO&IsToShowInspection=,https://aca-prod.accela.com/SANDIEGO/Cap/CapDetail.aspx?Module=DSD&TabName=DSD&capID1=REC21&capID2=00000&capID3=02WBC&agencyCode=SANDIEGO&IsToShowInspection=,2
PMT-3125936,"3743 04th Av, San Diego, CA",PRJ-1045534,Inspection Followup,Actively Managed-Express-Building Construction:3743/04th,Five or More Family Condo,11/19/2021,5/12/2023,https://aca-prod.accela.com/SANDIEGO/Cap/CapDetail.aspx?Module=DSD&TabName=DSD&capID1=REC21&capID2=00000&capID3=02KUB&agencyCode=SANDIEGO&IsToShowInspection=,https://aca-prod.accela.com/SANDIEGO/Cap/CapDetail.aspx?Module=DSD&TabName=DSD&capID1=REC21&capID2=00000&capID3=02NJ8&agencyCode=SANDIEGO&IsToShowInspection=,6
PMT-3127360,"101 50th St, San Diego, CA",PRJ-1045712,Cancelled,Actively Managed-Express-Building Construction:101/50th,Five or More Family Condo,12/1/2021,7/13/2023,https://aca-prod.accela.com/SANDIEGO/Cap/CapDetail.aspx?Module=DSD&TabName=DSD&capID1=REC21&capID2=00000&capID3=02LCP&agencyCode=SANDIEGO&IsToShowInspection=,https://aca-prod.accela.com/SANDIEGO/Cap/CapDetail.aspx?Module=DSD&TabName=DSD&capID1=REC21&capID2=00000&capID3=02Q9N&agencyCode=SANDIEGO&IsToShowInspection=,99
PMT-3132296,"4060 Oregon St, San Diego, CA",PRJ-1045942,Inspection Followup,General-Express-Building Construction:4060/Oregon,Five or More Family Apt,1/6/2022,9/5/2023,https://aca-prod.accela.com/SANDIEGO/Cap/CapDetail.aspx?Module=DSD&TabName=DSD&capID1=REC21&capID2=00000&capID3=02MBX&agencyCode=SANDIEGO&IsToShowInspection=,https://aca-prod.accela.com/SANDIEGO/Cap/CapDetail.aspx?Module=DSD&TabName=DSD&capID1=REC22&capID2=00000&capID3=001DN&agencyCode=SANDIEGO&IsToShowInspection=,11
PMT-3131067,"6353 Broadway, San Diego, CA",PRJ-1045971,Issued,General-Expedite-Building Construction:6353/Broadway,Add/Alt Companion Unit/Acc Apt,12/27/2021,11/22/2022,https://aca-prod.accela.com/SANDIEGO/Cap/CapDetail.aspx?Module=DSD&TabName=DSD&capID1=REC21&capID2=00000&capID3=02MG1&agencyCode=SANDIEGO&IsToShowInspection=,https://aca-prod.accela.com/SANDIEGO/Cap/CapDetail.aspx?Module=DSD&TabName=DSD&capID1=REC21&capID2=00000&capID3=02XJ6&agencyCode=SANDIEGO&IsToShowInspection=,1
PMT-3129328,"5166 69Th St, San Diego, CA",PRJ-1045994,Closed,General-Standard-Building Construction:5162/69th,Add/Alt Companion Unit/Acc Apt,12/14/2021,9/15/2022,https://aca-prod.accela.com/SANDIEGO/Cap/CapDetail.aspx?Module=DSD&TabName=DSD&capID1=REC21&capID2=00000&capID3=02MK6&agencyCode=SANDIEGO&IsToShowInspection=,https://aca-prod.accela.com/SANDIEGO/Cap/CapDetail.aspx?Module=DSD&TabName=DSD&capID1=REC21&capID2=00000&capID3=02U1W&agencyCode=SANDIEGO&IsToShowInspection=,1
PMT-3129329,"5164 69Th St, San Diego, CA",PRJ-1045994,Closed,General-Standard-Building Construction:5162/69th,Add/Alt Companion Unit/Acc Apt,12/14/2021,9/15/2022,https://aca-prod.accela.com/SANDIEGO/Cap/CapDetail.aspx?Module=DSD&TabName=DSD&capID1=REC21&capID2=00000&capID3=02MK6&agencyCode=SANDIEGO&IsToShowInspection=,https://aca-prod.accela.com/SANDIEGO/Cap/CapDetail.aspx?Module=DSD&TabName=DSD&capID1=REC21&capID2=00000&capID3=02U1Y&agencyCode=SANDIEGO&IsToShowInspection=,2
PMT-3133494,"6770 Akins Av, San Diego, CA",PRJ-1046662,Cancelled Application Expired,General-Expedite-Building Construction:6768/Akins,Add/Alt Companion Unit/Acc Apt,1/14/2022,,https://aca-prod.accela.com/SANDIEGO/Cap/CapDetail.aspx?Module=DSD&TabName=DSD&capID1=REC21&capID2=00000&capID3=02P45&agencyCode=SANDIEGO&IsToShowInspection=,https://aca-prod.accela.com/SANDIEGO/Cap/CapDetail.aspx?Module=DSD&TabName=DSD&capID1=REC22&capID2=00000&capID3=003O9&agencyCode=SANDIEGO&IsToShowInspection=,75
PMT-3133523,"2534 Nye St, San Diego, CA",PRJ-1046665,Inspection Followup,General-Expedite-Building Construction:2534/Nye,Add/Alt Companion Unit/Acc Apt,1/14/2022,1/18/2024,https://aca-prod.accela.com/SANDIEGO/Cap/CapDetail.aspx?Module=DSD&TabName=DSD&capID1=REC21&capID2=00000&capID3=02P4C&agencyCode=SANDIEGO&IsToShowInspection=,https://aca-prod.accela.com/SANDIEGO/Cap/CapDetail.aspx?Module=DSD&TabName=DSD&capID1=REC22&capID2=00000&capID3=003Q7&agencyCode=SANDIEGO&IsToShowInspection=,8
PMT-3131710,"2260 El Cajon Bl, San Diego, CA 92104",PRJ-1047121,Inspection Followup,Actively Managed-Express-Building Construction:4304/Louisiana,Five or More Family Apt,1/3/2022,11/21/2022,https://aca-prod.accela.com/SANDIEGO/Cap/CapDetail.aspx?Module=DSD&TabName=DSD&capID1=REC21&capID2=00000&capID3=02R1W&agencyCode=SANDIEGO&IsToShowInspection=,https://aca-prod.accela.com/SANDIEGO/Cap/CapDetail.aspx?Module=DSD&TabName=DSD&capID1=REC22&capID2=00000&capID3=0006A&agencyCode=SANDIEGO&IsToShowInspection=,10
PMT-3136388,"3530 Indiana St, San Diego, CA",PRJ-1047855,Cancelled Application Expired,General-Standard-Building Construction:3530/Indiana,Five or More Family Apt,2/3/2022,,https://aca-prod.accela.com/SANDIEGO/Cap/CapDetail.aspx?Module=DSD&TabName=DSD&capID1=REC21&capID2=00000&capID3=02TR0&agencyCode=SANDIEGO&IsToShowInspection=,https://aca-prod.accela.com/SANDIEGO/Cap/CapDetail.aspx?Module=DSD&TabName=DSD&capID1=REC22&capID2=00000&capID3=009B6&agencyCode=SANDIEGO&IsToShowInspection=,1
PMT-3135746,"2727 C St, San Diego, CA 92102",PRJ-1048294,Cancelled Application Expired,General-Express-Building Construction:2727/C,Five or More Family Apt,1/31/2022,,https://aca-prod.accela.com/SANDIEGO/Cap/CapDetail.aspx?Module=DSD&TabName=DSD&capID1=REC21&capID2=00000&capID3=02VH3&agencyCode=SANDIEGO&IsToShowInspection=,https://aca-prod.accela.com/SANDIEGO/Cap/CapDetail.aspx?Module=DSD&TabName=DSD&capID1=REC22&capID2=00000&capID3=0084B&agencyCode=SANDIEGO&IsToShowInspection=,3
PMT-3137921,"1590 Kettner Bl, San Diego, CA",PRJ-1048664,Inspection Followup,Actively Managed-Express-Building Construction:1590/Kettner,Five or More Family Apt,2/14/2022,3/27/2023,https://aca-prod.accela.com/SANDIEGO/Cap/CapDetail.aspx?Module=DSD&TabName=DSD&capID1=REC21&capID2=00000&capID3=02WVN&agencyCode=SANDIEGO&IsToShowInspection=,https://aca-prod.accela.com/SANDIEGO/Cap/CapDetail.aspx?Module=DSD&TabName=DSD&capID1=REC22&capID2=00000&capID3=00C7L&agencyCode=SANDIEGO&IsToShowInspection=,63
PMT-3138220,"1905 Broadway, San Diego, CA 92102",PRJ-1048673,Inspection Followup,General-Express-Building Construction:1905/Broadway,,2/15/2022,8/16/2023,https://aca-prod.accela.com/SANDIEGO/Cap/CapDetail.aspx?Module=DSD&TabName=DSD&capID1=REC21&capID2=00000&capID3=02WWL&agencyCode=SANDIEGO&IsToShowInspection=,https://aca-prod.accela.com/SANDIEGO/Cap/CapDetail.aspx?Module=DSD&TabName=DSD&capID1=REC22&capID2=00000&capID3=00CRF&agencyCode=SANDIEGO&IsToShowInspection=,8
PMT-3140418,"2519 El Cajon Bl, San Diego, CA",PRJ-1048773,Closed,General-Expedite-Building Construction:2519/El Cajon,Add/Alt Acc Bldgs to 3+ Fam,3/1/2022,6/23/2023,https://aca-prod.accela.com/SANDIEGO/Cap/CapDetail.aspx?Module=DSD&TabName=DSD&capID1=REC21&capID2=00000&capID3=02XFN&agencyCode=SANDIEGO&IsToShowInspection=,https://aca-prod.accela.com/SANDIEGO/Cap/CapDetail.aspx?Module=DSD&TabName=DSD&capID1=REC22&capID2=00000&capID3=00H03&agencyCode=SANDIEGO&IsToShowInspection=,5
PMT-3139474,"4042 01st Av, San Diego, CA",PRJ-1049208,Cancelled Application Expired,General-Express-Building Construction:4042/01st,Add/Alt 3+ Fam Res Garages,2/23/2022,,https://aca-prod.accela.com/SANDIEGO/Cap/CapDetail.aspx?Module=DSD&TabName=DSD&capID1=REC22&capID2=00000&capID3=000EU&agencyCode=SANDIEGO&IsToShowInspection=,https://aca-prod.accela.com/SANDIEGO/Cap/CapDetail.aspx?Module=DSD&TabName=DSD&capID1=REC22&capID2=00000&capID3=00F83&agencyCode=SANDIEGO&IsToShowInspection=,2
PMT-3132912,"9822 Paseo Montalban, San Diego, CA",PRJ-1049408,Closed,General-Standard-Building Construction:9818/Paseo Montalban,Add/Alt Companion Unit/Acc Apt,1/11/2022,2/17/2023,https://aca-prod.accela.com/SANDIEGO/Cap/CapDetail.aspx?Module=DSD&TabName=DSD&capID1=REC22&capID2=00000&capID3=0015U&agencyCode=SANDIEGO&IsToShowInspection=,https://aca-prod.accela.com/SANDIEGO/Cap/CapDetail.aspx?Module=DSD&TabName=DSD&capID1=REC22&capID2=00000&capID3=002MZ&agencyCode=SANDIEGO&IsToShowInspection=,1
PMT-3142563,"4373 Logan Av, San Diego, CA 92113",PRJ-1049584,Cancelled Application Expired,General-Expedite-Building Construction:4369/Logan,Two family Condominium,3/14/2022,,https://aca-prod.accela.com/SANDIEGO/Cap/CapDetail.aspx?Module=DSD&TabName=DSD&capID1=REC22&capID2=00000&capID3=001T2&agencyCode=SANDIEGO&IsToShowInspection=,https://aca-prod.accela.com/SANDIEGO/Cap/CapDetail.aspx?Module=DSD&TabName=DSD&capID1=REC22&capID2=00000&capID3=00KYZ&agencyCode=SANDIEGO&IsToShowInspection=,2
PMT-3148226,"137 West Olive Dr, San Diego, CA 92173",PRJ-1049616,Closed,General-Standard-Combination Building Permit:139/West Olive,Add/Alt Companion Unit/Acc Apt,4/13/2022,1/30/2024,https://aca-prod.accela.com/SANDIEGO/Cap/CapDetail.aspx?Module=DSD&TabName=DSD&capID1=REC22&capID2=00000&capID3=001X8&agencyCode=SANDIEGO&IsToShowInspection=,https://aca-prod.accela.com/SANDIEGO/Cap/CapDetail.aspx?Module=DSD&TabName=DSD&capID1=REC22&capID2=00000&capID3=00V8L&agencyCode=SANDIEGO&IsToShowInspection=,2
PMT-3146106,"2522 Erie St, San Diego, CA 92110",PRJ-1050351,Closed,General-Standard-Building Construction:2520/Erie,Add/Alt Companion Unit/Acc Apt,4/1/2022,5/26/2023,https://aca-prod.accela.com/SANDIEGO/Cap/CapDetail.aspx?Module=DSD&TabName=DSD&capID1=REC22&capID2=00000&capID3=004T8&agencyCode=SANDIEGO&IsToShowInspection=,https://aca-prod.accela.com/SANDIEGO/Cap/CapDetail.aspx?Module=DSD&TabName=DSD&capID1=REC22&capID2=00000&capID3=00RFA&agencyCode=SANDIEGO&IsToShowInspection=,1
PMT-3146420,"1704 Burton St, San Diego, CA",PRJ-1050678,Closed,General-Standard-Building Construction:1704/Burton,Acc Bldg to 1 or 2 Fam,4/4/2022,2/7/2023,https://aca-prod.accela.com/SANDIEGO/Cap/CapDetail.aspx?Module=DSD&TabName=DSD&capID1=REC22&capID2=00000&capID3=00625&agencyCode=SANDIEGO&IsToShowInspection=,https://aca-prod.accela.com/SANDIEGO/Cap/CapDetail.aspx?Module=DSD&TabName=DSD&capID1=REC22&capID2=00000&capID3=00RUR&agencyCode=SANDIEGO&IsToShowInspection=,1
PMT-3210038,"4357 Illinois St, San Diego, CA",PRJ-1051239,Cancelled Application Expired,General-Standard-Building Construction:4357/Illinois,Add/Alt Companion Unit/Acc Apt,3/14/2023,,https://aca-prod.accela.com/SANDIEGO/Cap/CapDetail.aspx?Module=DSD&TabName=DSD&capID1=REC22&capID2=00000&capID3=008GI&agencyCode=SANDIEGO&IsToShowInspection=,https://aca-prod.accela.com/SANDIEGO/Cap/CapDetail.aspx?Module=DSD&TabName=DSD&capID1=REC23&capID2=00000&capID3=00QMN&agencyCode=SANDIEGO&IsToShowInspection=,4
PMT-3174478,"1001 32nd St, San Diego, CA",PRJ-1051411,Inspection Followup,General-Standard-Building Construction:1001/32nd,Five or More Family Apt,9/1/2022,5/21/2024,https://aca-prod.accela.com/SANDIEGO/Cap/CapDetail.aspx?Module=DSD&TabName=DSD&capID1=REC22&capID2=00000&capID3=0092P&agencyCode=SANDIEGO&IsToShowInspection=,https://aca-prod.accela.com/SANDIEGO/Cap/CapDetail.aspx?Module=DSD&TabName=DSD&capID1=REC22&capID2=00000&capID3=028Q8&agencyCode=SANDIEGO&IsToShowInspection=,4
PMT-3148535,"5078 Mount Harris Dr, San Diego, CA 92117",PRJ-1051527,Inspection Followup,General-Standard-Building Permit:5078/Mount Harris,Add/Alt Companion Unit/Acc Apt,4/14/2022,4/12/2024,https://aca-prod.accela.com/SANDIEGO/Cap/CapDetail.aspx?Module=DSD&TabName=DSD&capID1=REC22&capID2=00000&capID3=009IH&agencyCode=SANDIEGO&IsToShowInspection=,https://aca-prod.accela.com/SANDIEGO/Cap/CapDetail.aspx?Module=DSD&TabName=DSD&capID1=REC22&capID2=00000&capID3=00VQW&agencyCode=SANDIEGO&IsToShowInspection=,1
PMT-3137656,"1334 Gertrude St, San Diego, CA",PRJ-1051679,Issued,General-Expedite-Building Construction:1334/Gertrude,Five or More Family Apt,2/11/2022,3/11/2024,https://aca-prod.accela.com/SANDIEGO/Cap/CapDetail.aspx?Module=DSD&TabName=DSD&capID1=REC22&capID2=00000&capID3=009YV&agencyCode=SANDIEGO&IsToShowInspection=,https://aca-prod.accela.com/SANDIEGO/Cap/CapDetail.aspx?Module=DSD&TabName=DSD&capID1=REC22&capID2=00000&capID3=00BPG&agencyCode=SANDIEGO&IsToShowInspection=,1
PMT-3145127,"4942 63RD St, San Diego, CA 92115",PRJ-1052609,Inspection Followup,General-Standard-Combination Building Permit:4942/63RD,Add/Alt Companion Unit/Acc Apt,3/28/2022,7/22/2024,https://aca-prod.accela.com/SANDIEGO/Cap/CapDetail.aspx?Module=DSD&TabName=DSD&capID1=REC22&capID2=00000&capID3=00DF9&agencyCode=SANDIEGO&IsToShowInspection=,https://aca-prod.accela.com/SANDIEGO/Cap/CapDetail.aspx?Module=DSD&TabName=DSD&capID1=REC22&capID2=00000&capID3=00PKX&agencyCode=SANDIEGO&IsToShowInspection=,1
PMT-3142230,"2525 01st Av, San Diego, CA",PRJ-1052754,Inspection Followup,Actively Managed-Expedite-Building Construction:2525/01st,Five or More Family Apt,3/11/2022,3/14/2024,https://aca-prod.accela.com/SANDIEGO/Cap/CapDetail.aspx?Module=DSD&TabName=DSD&capID1=REC22&capID2=00000&capID3=00DYO&agencyCode=SANDIEGO&IsToShowInspection=,https://aca-prod.accela.com/SANDIEGO/Cap/CapDetail.aspx?Module=DSD&TabName=DSD&capID1=REC22&capID2=00000&capID3=00KDM&agencyCode=SANDIEGO&IsToShowInspection=,8
PMT-3140292,"411 North (Sb) Ln, San Diego, CA",PRJ-1052788,Closed,Actively Managed-Express-Building Construction:411/North (Sb),Five or More Family Apt,3/1/2022,3/16/2023,https://aca-prod.accela.com/SANDIEGO/Cap/CapDetail.aspx?Module=DSD&TabName=DSD&capID1=REC22&capID2=00000&capID3=00E1I&agencyCode=SANDIEGO&IsToShowInspection=,https://aca-prod.accela.com/SANDIEGO/Cap/CapDetail.aspx?Module=DSD&TabName=DSD&capID1=REC22&capID2=00000&capID3=00GRK&agencyCode=SANDIEGO&IsToShowInspection=,101
PMT-3242446,"5048 Wightman St, San Diego, CA",PRJ-1052948,Cancelled Application Expired,General-Standard-Building Construction:5048/Wightman,Add/Alt Companion Unit/Acc Apt,8/21/2023,,https://aca-prod.accela.com/SANDIEGO/Cap/CapDetail.aspx?Module=DSD&TabName=DSD&capID1=REC22&capID2=00000&capID3=00EGP&agencyCode=SANDIEGO&IsToShowInspection=,https://aca-prod.accela.com/SANDIEGO/Cap/CapDetail.aspx?Module=DSD&TabName=DSD&capID1=REC23&capID2=00000&capID3=02I3I&agencyCode=SANDIEGO&IsToShowInspection=,1
PMT-3151157,"4041 Florida St, San Diego, CA",PRJ-1053204,Cancelled Application Expired,General-Standard-Building Construction:4039/Florida,Add/Alt Companion Unit/Acc Apt,4/27/2022,,https://aca-prod.accela.com/SANDIEGO/Cap/CapDetail.aspx?Module=DSD&TabName=DSD&capID1=REC22&capID2=00000&capID3=00FEM&agencyCode=SANDIEGO&IsToShowInspection=,https://aca-prod.accela.com/SANDIEGO/Cap/CapDetail.aspx?Module=DSD&TabName=DSD&capID1=REC22&capID2=00000&capID3=0107Q&agencyCode=SANDIEGO&IsToShowInspection=,1
PMT-3149953,"4314 Aragon Wy, San Diego, CA 92115",PRJ-1053251,Closed,Building Construction:4314/Aragon,Add/Alt Companion Unit/Acc Apt,4/20/2022,1/18/2023,https://aca-prod.accela.com/SANDIEGO/Cap/CapDetail.aspx?Module=DSD&TabName=DSD&capID1=REC22&capID2=00000&capID3=00FKE&agencyCode=SANDIEGO&IsToShowInspection=,https://aca-prod.accela.com/SANDIEGO/Cap/CapDetail.aspx?Module=DSD&TabName=DSD&capID1=REC22&capID2=00000&capID3=00Y2W&agencyCode=SANDIEGO&IsToShowInspection=,1
PMT-3151696,"2435 Imperial Av, San Diego, CA",PRJ-1053257,Inspection Followup,General-Expedite-Building Construction:2435/Imperial,Five or More Family Apt,4/29/2022,5/14/2024,https://aca-prod.accela.com/SANDIEGO/Cap/CapDetail.aspx?Module=DSD&TabName=DSD&capID1=REC22&capID2=00000&capID3=00FKX&agencyCode=SANDIEGO&IsToShowInspection=,https://aca-prod.accela.com/SANDIEGO/Cap/CapDetail.aspx?Module=DSD&TabName=DSD&capID1=REC22&capID2=00000&capID3=0116G&agencyCode=SANDIEGO&IsToShowInspection=,5
PMT-3147876,"4153 Ohio St, San Diego, CA",PRJ-1053377,Cancelled,General-Expedite-Building Construction:4153/Ohio,Five or More Family Apt,4/12/2022,,https://aca-prod.accela.com/SANDIEGO/Cap/CapDetail.aspx?Module=DSD&TabName=DSD&capID1=REC22&capID2=00000&capID3=00FYI&agencyCode=SANDIEGO&IsToShowInspection=,https://aca-prod.accela.com/SANDIEGO/Cap/CapDetail.aspx?Module=DSD&TabName=DSD&capID1=REC22&capID2=00000&capID3=00UL3&agencyCode=SANDIEGO&IsToShowInspection=,5
PMT-3143917,"8521 Parkbrook Ln, San Diego, CA 92114",PRJ-1053406,Closed,General-Standard-Building Construction:8521/Parkbrook,"Add/Alt 1 or 2 Fam,Increase DU",3/21/2022,4/10/2023,https://aca-prod.accela.com/SANDIEGO/Cap/CapDetail.aspx?Module=DSD&TabName=DSD&capID1=REC22&capID2=00000&capID3=00G4B&agencyCode=SANDIEGO&IsToShowInspection=,https://aca-prod.accela.com/SANDIEGO/Cap/CapDetail.aspx?Module=DSD&TabName=DSD&capID1=REC22&capID2=00000&capID3=00NBM&agencyCode=SANDIEGO&IsToShowInspection=,1
PMT-3147063,"3030 Broadway, San Diego, CA",PRJ-1053428,Cancelled Application Expired,General-Express-Building Construction:3030/Broadway,Add/Alt Companion Unit/Acc Apt,4/7/2022,,https://aca-prod.accela.com/SANDIEGO/Cap/CapDetail.aspx?Module=DSD&TabName=DSD&capID1=REC22&capID2=00000&capID3=00G6S&agencyCode=SANDIEGO&IsToShowInspection=,https://aca-prod.accela.com/SANDIEGO/Cap/CapDetail.aspx?Module=DSD&TabName=DSD&capID1=REC22&capID2=00000&capID3=00T2V&agencyCode=SANDIEGO&IsToShowInspection=,4
PMT-3151907,"4679 Morrell St, San Diego, CA 92109",PRJ-1053529,Cancelled Application Expired,Rapid Review-Standard-Building Construction:4679/Morrell,Add/Alt Companion Unit/Acc Apt,5/2/2022,,https://aca-prod.accela.com/SANDIEGO/Cap/CapDetail.aspx?Module=DSD&TabName=DSD&capID1=REC22&capID2=00000&capID3=00GKZ&agencyCode=SANDIEGO&IsToShowInspection=,https://aca-prod.accela.com/SANDIEGO/Cap/CapDetail.aspx?Module=DSD&TabName=DSD&capID1=REC22&capID2=00000&capID3=011L1&agencyCode=SANDIEGO&IsToShowInspection=,2
PMT-3151147,"2410 1/2 Shamrock St, San Diego, CA 92105",PRJ-1054112,Closed,General-Standard-Building Construction:2410/Shamrock,Three or Four Family Apt,4/27/2022,12/5/2022,https://aca-prod.accela.com/SANDIEGO/Cap/CapDetail.aspx?Module=DSD&TabName=DSD&capID1=REC22&capID2=00000&capID3=00IWW&agencyCode=SANDIEGO&IsToShowInspection=,https://aca-prod.accela.com/SANDIEGO/Cap/CapDetail.aspx?Module=DSD&TabName=DSD&capID1=REC22&capID2=00000&capID3=01079&agencyCode=SANDIEGO&IsToShowInspection=,1
PMT-3147119,"3804 Marron St, San Diego, CA 92115",PRJ-1054198,Closed,General-Standard-Combination Building Permit:3804/Marron,Add/Alt Companion Unit/Acc Apt,4/7/2022,7/18/2023,https://aca-prod.accela.com/SANDIEGO/Cap/CapDetail.aspx?Module=DSD&TabName=DSD&capID1=REC22&capID2=00000&capID3=00J7A&agencyCode=SANDIEGO&IsToShowInspection=,https://aca-prod.accela.com/SANDIEGO/Cap/CapDetail.aspx?Module=DSD&TabName=DSD&capID1=REC22&capID2=00000&capID3=00T5Z&agencyCode=SANDIEGO&IsToShowInspection=,1
PMT-3143680,"3488 Adams Av, San Diego, CA 92116",PRJ-1054200,Cancelled Application Expired,Actively Managed-Express-Building Permit:3488/Adams,Five or More Family Apt,3/18/2022,,https://aca-prod.accela.com/SANDIEGO/Cap/CapDetail.aspx?Module=DSD&TabName=DSD&capID1=REC22&capID2=00000&capID3=00J7G&agencyCode=SANDIEGO&IsToShowInspection=,https://aca-prod.accela.com/SANDIEGO/Cap/CapDetail.aspx?Module=DSD&TabName=DSD&capID1=REC22&capID2=00000&capID3=00MZ2&agencyCode=SANDIEGO&IsToShowInspection=,11
PMT-3174534,"4122 Clairemont Dr, San Diego, CA 92117",PRJ-1054345,Inspection Followup,General-Standard-Building Construction:4120/Clairemont,Add/Alt Companion Unit/Acc Apt,9/1/2022,2/21/2024,https://aca-prod.accela.com/SANDIEGO/Cap/CapDetail.aspx?Module=DSD&TabName=DSD&capID1=REC22&capID2=00000&capID3=00JOS&agencyCode=SANDIEGO&IsToShowInspection=,https://aca-prod.accela.com/SANDIEGO/Cap/CapDetail.aspx?Module=DSD&TabName=DSD&capID1=REC22&capID2=00000&capID3=028UK&agencyCode=SANDIEGO&IsToShowInspection=,1
PMT-3143545,"3501 Vista (Sb) Ln, San Diego, CA 92173",PRJ-1054951,Closed,Actively Managed-Express-Building Construction:3501/Vista (Sb),Five or More Family Apt,3/18/2022,1/3/2023,https://aca-prod.accela.com/SANDIEGO/Cap/CapDetail.aspx?Module=DSD&TabName=DSD&capID1=REC22&capID2=00000&capID3=00LVK&agencyCode=SANDIEGO&IsToShowInspection=,https://aca-prod.accela.com/SANDIEGO/Cap/CapDetail.aspx?Module=DSD&TabName=DSD&capID1=REC22&capID2=00000&capID3=00MPV&agencyCode=SANDIEGO&IsToShowInspection=,167
PMT-3146897,"2911 Adams Av, San Diego, CA",PRJ-1055015,Closed,Actively Managed-Express-Building Construction:2911/Adams,Five or More Family Apt,4/6/2022,2/22/2023,https://aca-prod.accela.com/SANDIEGO/Cap/CapDetail.aspx?Module=DSD&TabName=DSD&capID1=REC22&capID2=00000&capID3=00M5G&agencyCode=SANDIEGO&IsToShowInspection=,https://aca-prod.accela.com/SANDIEGO/Cap/CapDetail.aspx?Module=DSD&TabName=DSD&capID1=REC22&capID2=00000&capID3=00SQU&agencyCode=SANDIEGO&IsToShowInspection=,8
PMT-3145102,"323 Willie James Jones Av, San Diego, CA 92102",PRJ-1055391,Closed,Actively Managed-Express-Building Construction:323/Willie James Jones,Acc Bldg to 3+ Fam or NonRes,3/28/2022,2/22/2023,https://aca-prod.accela.com/SANDIEGO/Cap/CapDetail.aspx?Module=DSD&TabName=DSD&capID1=REC22&capID2=00000&capID3=00NJF&agencyCode=SANDIEGO&IsToShowInspection=,https://aca-prod.accela.com/SANDIEGO/Cap/CapDetail.aspx?Module=DSD&TabName=DSD&capID1=REC22&capID2=00000&capID3=00PJK&agencyCode=SANDIEGO&IsToShowInspection=,81
PMT-3145167,"323 Willie James Jones Av, San Diego, CA 92102",PRJ-1055391,Closed,Actively Managed-Express-Building Construction:323/Willie James Jones,Five or More Family Apt,3/28/2022,2/22/2023,https://aca-prod.accela.com/SANDIEGO/Cap/CapDetail.aspx?Module=DSD&TabName=DSD&capID1=REC22&capID2=00000&capID3=00NJF&agencyCode=SANDIEGO&IsToShowInspection=,https://aca-prod.accela.com/SANDIEGO/Cap/CapDetail.aspx?Module=DSD&TabName=DSD&capID1=REC22&capID2=00000&capID3=00PNP&agencyCode=SANDIEGO&IsToShowInspection=,81
PMT-3145172,"331 Willie James Jones Av, San Diego, CA 92102",PRJ-1055391,Closed,Actively Managed-Express-Building Construction:323/Willie James Jones,Five or More Family Apt,3/28/2022,2/22/2023,https://aca-prod.accela.com/SANDIEGO/Cap/CapDetail.aspx?Module=DSD&TabName=DSD&capID1=REC22&capID2=00000&capID3=00NJF&agencyCode=SANDIEGO&IsToShowInspection=,https://aca-prod.accela.com/SANDIEGO/Cap/CapDetail.aspx?Module=DSD&TabName=DSD&capID1=REC22&capID2=00000&capID3=00PNV&agencyCode=SANDIEGO&IsToShowInspection=,81
PMT-3145177,"333 Willie James Jones Av, San Diego, CA",PRJ-1055391,Closed,Actively Managed-Express-Building Construction:323/Willie James Jones,Five or More Family Apt,3/28/2022,2/22/2023,https://aca-prod.accela.com/SANDIEGO/Cap/CapDetail.aspx?Module=DSD&TabName=DSD&capID1=REC22&capID2=00000&capID3=00NJF&agencyCode=SANDIEGO&IsToShowInspection=,https://aca-prod.accela.com/SANDIEGO/Cap/CapDetail.aspx?Module=DSD&TabName=DSD&capID1=REC22&capID2=00000&capID3=00POB&agencyCode=SANDIEGO&IsToShowInspection=,81
PMT-3145181,"337 Willie James Jones Av, San Diego, CA",PRJ-1055391,Closed,Actively Managed-Express-Building Construction:323/Willie James Jones,Five or More Family Apt,3/28/2022,2/22/2023,https://aca-prod.accela.com/SANDIEGO/Cap/CapDetail.aspx?Module=DSD&TabName=DSD&capID1=REC22&capID2=00000&capID3=00NJF&agencyCode=SANDIEGO&IsToShowInspection=,https://aca-prod.accela.com/SANDIEGO/Cap/CapDetail.aspx?Module=DSD&TabName=DSD&capID1=REC22&capID2=00000&capID3=00POH&agencyCode=SANDIEGO&IsToShowInspection=,81
PMT-3145185,"339 Willie James Jones Av, San Diego, CA",PRJ-1055391,Closed,Actively Managed-Express-Building Construction:323/Willie James Jones,Five or More Family Apt,3/28/2022,2/22/2023,https://aca-prod.accela.com/SANDIEGO/Cap/CapDetail.aspx?Module=DSD&TabName=DSD&capID1=REC22&capID2=00000&capID3=00NJF&agencyCode=SANDIEGO&IsToShowInspection=,https://aca-prod.accela.com/SANDIEGO/Cap/CapDetail.aspx?Module=DSD&TabName=DSD&capID1=REC22&capID2=00000&capID3=00POP&agencyCode=SANDIEGO&IsToShowInspection=,81
PMT-3199881,"3866 Just St, San Diego, CA 92154",PRJ-1055462,Issued,General-Standard-Building Construction:3866/Just,Add/Alt Companion Unit/Acc Apt,1/23/2023,5/30/2024,https://aca-prod.accela.com/SANDIEGO/Cap/CapDetail.aspx?Module=DSD&TabName=DSD&capID1=REC22&capID2=00000&capID3=00NST&agencyCode=SANDIEGO&IsToShowInspection=,https://aca-prod.accela.com/SANDIEGO/Cap/CapDetail.aspx?Module=DSD&TabName=DSD&capID1=REC23&capID2=00000&capID3=007HU&agencyCode=SANDIEGO&IsToShowInspection=,2
PMT-3156481,"4359 Temecula St, San Diego, CA",PRJ-1055774,Cancelled Application Expired,General-Standard-Building Construction:4359/Temecula,Five or More Family Apt,5/25/2022,,https://aca-prod.accela.com/SANDIEGO/Cap/CapDetail.aspx?Module=DSD&TabName=DSD&capID1=REC22&capID2=00000&capID3=00OZ3&agencyCode=SANDIEGO&IsToShowInspection=,https://aca-prod.accela.com/SANDIEGO/Cap/CapDetail.aspx?Module=DSD&TabName=DSD&capID1=REC22&capID2=00000&capID3=019TP&agencyCode=SANDIEGO&IsToShowInspection=,2
PMT-3148821,"1908 HOTEL CIRCLE N- WEST BLDG, SAN DIEGO, CA 92108",PRJ-1055776,Inspection Followup,Actively Managed-Express-Building Construction:1908/HOTEL CIRCLE NORTH,Five or More Family Apt,4/15/2022,8/25/2023,https://aca-prod.accela.com/SANDIEGO/Cap/CapDetail.aspx?Module=DSD&TabName=DSD&capID1=REC22&capID2=00000&capID3=00OZE&agencyCode=SANDIEGO&IsToShowInspection=,https://aca-prod.accela.com/SANDIEGO/Cap/CapDetail.aspx?Module=DSD&TabName=DSD&capID1=REC22&capID2=00000&capID3=00W89&agencyCode=SANDIEGO&IsToShowInspection=,12
PMT-3155704,"1908 HOTEL CIRCLE NORTH, SAN DIEGO, CA 92108",PRJ-1055776,Inspection Followup,Actively Managed-Express-Building Construction:1908/HOTEL CIRCLE NORTH,Five or More Family Apt,5/23/2022,8/25/2023,https://aca-prod.accela.com/SANDIEGO/Cap/CapDetail.aspx?Module=DSD&TabName=DSD&capID1=REC22&capID2=00000&capID3=00OZE&agencyCode=SANDIEGO&IsToShowInspection=,https://aca-prod.accela.com/SANDIEGO/Cap/CapDetail.aspx?Module=DSD&TabName=DSD&capID1=REC22&capID2=00000&capID3=018G9&agencyCode=SANDIEGO&IsToShowInspection=,13
PMT-3150729,"3742 Via De La Bandola, San Diego, CA 92173",PRJ-1055957,Closed,General-Standard-Building Construction:3744/Via De La Bandola,Add/Alt Companion Unit/Acc Apt,4/25/2022,3/15/2023,https://aca-prod.accela.com/SANDIEGO/Cap/CapDetail.aspx?Module=DSD&TabName=DSD&capID1=REC22&capID2=00000&capID3=00PMF&agencyCode=SANDIEGO&IsToShowInspection=,https://aca-prod.accela.com/SANDIEGO/Cap/CapDetail.aspx?Module=DSD&TabName=DSD&capID1=REC22&capID2=00000&capID3=00ZHC&agencyCode=SANDIEGO&IsToShowInspection=,1
PMT-3168198,"5231 Rincon St, San Diego, CA",PRJ-1055994,Inspection Followup,General-Expedite-Building Permit:5231/Rincon,Add/Alt Companion Unit/Acc Apt,7/29/2022,5/6/2024,https://aca-prod.accela.com/SANDIEGO/Cap/CapDetail.aspx?Module=DSD&TabName=DSD&capID1=REC22&capID2=00000&capID3=00PQE&agencyCode=SANDIEGO&IsToShowInspection=,https://aca-prod.accela.com/SANDIEGO/Cap/CapDetail.aspx?Module=DSD&TabName=DSD&capID1=REC22&capID2=00000&capID3=01W9E&agencyCode=SANDIEGO&IsToShowInspection=,2
PMT-3155703,"1101 25th St, San Diego, CA 92102",PRJ-1056143,Issued,General-Express-Building Construction:2504/C,Five or More Family Apt,5/23/2022,12/23/2024,https://aca-prod.accela.com/SANDIEGO/Cap/CapDetail.aspx?Module=DSD&TabName=DSD&capID1=REC22&capID2=00000&capID3=00QA9&agencyCode=SANDIEGO&IsToShowInspection=,https://aca-prod.accela.com/SANDIEGO/Cap/CapDetail.aspx?Module=DSD&TabName=DSD&capID1=REC22&capID2=00000&capID3=018G6&agencyCode=SANDIEGO&IsToShowInspection=,6
PMT-3157012,"4294 Voltaire St, San Diego, CA",PRJ-1056580,,General-Standard-Building Construction:4294/Voltaire,,5/27/2022,,https://aca-prod.accela.com/SANDIEGO/Cap/CapDetail.aspx?Module=DSD&TabName=DSD&capID1=REC22&capID2=00000&capID3=00ROA&agencyCode=SANDIEGO&IsToShowInspection=,https://aca-prod.accela.com/SANDIEGO/Cap/CapDetail.aspx?Module=DSD&TabName=DSD&capID1=REC22&capID2=00000&capID3=01ARV&agencyCode=SANDIEGO&IsToShowInspection=,4
PMT-3148555,"625 26th St, San Diego, CA",PRJ-1057045,Cancelled Application Expired,General-Standard-Building Construction:623/26th,Add/Alt Companion Unit/Acc Apt,4/14/2022,,https://aca-prod.accela.com/SANDIEGO/Cap/CapDetail.aspx?Module=DSD&TabName=DSD&capID1=REC22&capID2=00000&capID3=00TEL&agencyCode=SANDIEGO&IsToShowInspection=,https://aca-prod.accela.com/SANDIEGO/Cap/CapDetail.aspx?Module=DSD&TabName=DSD&capID1=REC22&capID2=00000&capID3=00VSH&agencyCode=SANDIEGO&IsToShowInspection=,2
PMT-3156857,"1638 Elm Av, San Diego, CA 92154",PRJ-1057083,Inspection Followup,General-Standard-Building Construction:1638/Elm,"Add/Alt 3+ Fam, Increase DU",5/27/2022,8/15/2023,https://aca-prod.accela.com/SANDIEGO/Cap/CapDetail.aspx?Module=DSD&TabName=DSD&capID1=REC22&capID2=00000&capID3=00TJ6&agencyCode=SANDIEGO&IsToShowInspection=,https://aca-prod.accela.com/SANDIEGO/Cap/CapDetail.aspx?Module=DSD&TabName=DSD&capID1=REC22&capID2=00000&capID3=01AID&agencyCode=SANDIEGO&IsToShowInspection=,1
PMT-3156858,"1638 Elm Av, San Diego, CA 92154",PRJ-1057083,Inspection Followup,General-Standard-Building Construction:1638/Elm,"Add/Alt 3+ Fam, Increase DU",5/27/2022,8/9/2023,https://aca-prod.accela.com/SANDIEGO/Cap/CapDetail.aspx?Module=DSD&TabName=DSD&capID1=REC22&capID2=00000&capID3=00TJ6&agencyCode=SANDIEGO&IsToShowInspection=,https://aca-prod.accela.com/SANDIEGO/Cap/CapDetail.aspx?Module=DSD&TabName=DSD&capID1=REC22&capID2=00000&capID3=01AIE&agencyCode=SANDIEGO&IsToShowInspection=,2
PMT-3148864,"1249 Union St, San Diego, CA",PRJ-1057347,Inspection Followup,Actively Managed-Express-Building Construction:1200/Front,,4/15/2022,6/16/2023,https://aca-prod.accela.com/SANDIEGO/Cap/CapDetail.aspx?Module=DSD&TabName=DSD&capID1=REC22&capID2=00000&capID3=00UGE&agencyCode=SANDIEGO&IsToShowInspection=,https://aca-prod.accela.com/SANDIEGO/Cap/CapDetail.aspx?Module=DSD&TabName=DSD&capID1=REC22&capID2=00000&capID3=00WA7&agencyCode=SANDIEGO&IsToShowInspection=,19
PMT-3149860,"4970 Market St, San Diego, CA",PRJ-1057389,Issued,Actively Managed-Expedite-Building Construction:4970/Market,Five or More Family Apt,4/20/2022,4/29/2024,https://aca-prod.accela.com/SANDIEGO/Cap/CapDetail.aspx?Module=DSD&TabName=DSD&capID1=REC22&capID2=00000&capID3=00UJM&agencyCode=SANDIEGO&IsToShowInspection=,https://aca-prod.accela.com/SANDIEGO/Cap/CapDetail.aspx?Module=DSD&TabName=DSD&capID1=REC22&capID2=00000&capID3=00XYF&agencyCode=SANDIEGO&IsToShowInspection=,2
PMT-3149894,"4970 Market St, San Diego, CA",PRJ-1057389,Issued,Actively Managed-Expedite-Building Construction:4970/Market,Five or More Family Apt,4/20/2022,4/29/2024,https://aca-prod.accela.com/SANDIEGO/Cap/CapDetail.aspx?Module=DSD&TabName=DSD&capID1=REC22&capID2=00000&capID3=00UJM&agencyCode=SANDIEGO&IsToShowInspection=,https://aca-prod.accela.com/SANDIEGO/Cap/CapDetail.aspx?Module=DSD&TabName=DSD&capID1=REC22&capID2=00000&capID3=00XZS&agencyCode=SANDIEGO&IsToShowInspection=,1
PMT-3167237,"2281 Irving Av, San Diego, CA 92113",PRJ-1057949,Opened,General-Standard-Building Construction:2281/Irving,,7/25/2022,,https://aca-prod.accela.com/SANDIEGO/Cap/CapDetail.aspx?Module=DSD&TabName=DSD&capID1=REC22&capID2=00000&capID3=00WOW&agencyCode=SANDIEGO&IsToShowInspection=,https://aca-prod.accela.com/SANDIEGO/Cap/CapDetail.aspx?Module=DSD&TabName=DSD&capID1=REC22&capID2=00000&capID3=01UAW&agencyCode=SANDIEGO&IsToShowInspection=,1
PMT-3155504,"2551 Commercial St, San Diego, CA",PRJ-1058690,Closed,General-Express-Building Construction:2551/Commercial,Five or More Family Apt,5/20/2022,1/10/2023,https://aca-prod.accela.com/SANDIEGO/Cap/CapDetail.aspx?Module=DSD&TabName=DSD&capID1=REC22&capID2=00000&capID3=00ZLY&agencyCode=SANDIEGO&IsToShowInspection=,https://aca-prod.accela.com/SANDIEGO/Cap/CapDetail.aspx?Module=DSD&TabName=DSD&capID1=REC22&capID2=00000&capID3=0184B&agencyCode=SANDIEGO&IsToShowInspection=,5
PMT-3155365,"5550 Kearny Mesa Rd, San Diego, CA",PRJ-1058816,Inspection Followup,Actively Managed-Express-Building Construction:5550/Kearny Mesa,Five or More Family Apt,5/19/2022,8/21/2024,https://aca-prod.accela.com/SANDIEGO/Cap/CapDetail.aspx?Module=DSD&TabName=DSD&capID1=REC22&capID2=00000&capID3=0102F&agencyCode=SANDIEGO&IsToShowInspection=,https://aca-prod.accela.com/SANDIEGO/Cap/CapDetail.aspx?Module=DSD&TabName=DSD&capID1=REC22&capID2=00000&capID3=017V3&agencyCode=SANDIEGO&IsToShowInspection=,59
PMT-3151243,"5496 Imperial Av, San Diego, CA",PRJ-1058853,Inspection Followup,General-Expedite-Building Construction:5496/Imperial,Add/Alt Companion Unit/Acc Apt,4/27/2022,10/23/2023,https://aca-prod.accela.com/SANDIEGO/Cap/CapDetail.aspx?Module=DSD&TabName=DSD&capID1=REC22&capID2=00000&capID3=0107K&agencyCode=SANDIEGO&IsToShowInspection=,https://aca-prod.accela.com/SANDIEGO/Cap/CapDetail.aspx?Module=DSD&TabName=DSD&capID1=REC22&capID2=00000&capID3=010DA&agencyCode=SANDIEGO&IsToShowInspection=,1
PMT-3155347,"3775 06th Av, San Diego, CA",PRJ-1059333,Inspection Followup,Actively Managed-Express-Building Construction:3775/06th,Five or More Family Apt,5/19/2022,10/12/2023,https://aca-prod.accela.com/SANDIEGO/Cap/CapDetail.aspx?Module=DSD&TabName=DSD&capID1=REC22&capID2=00000&capID3=011Z6&agencyCode=SANDIEGO&IsToShowInspection=,https://aca-prod.accela.com/SANDIEGO/Cap/CapDetail.aspx?Module=DSD&TabName=DSD&capID1=REC22&capID2=00000&capID3=017U4&agencyCode=SANDIEGO&IsToShowInspection=,9
PMT-3155774,"2844 Lytton St, San Diego, CA 92110",PRJ-1059447,Inspection Followup,General-Standard-Building Construction:2844/Lytton,Five or More Family Apt,5/23/2022,2/13/2024,https://aca-prod.accela.com/SANDIEGO/Cap/CapDetail.aspx?Module=DSD&TabName=DSD&capID1=REC22&capID2=00000&capID3=012EY&agencyCode=SANDIEGO&IsToShowInspection=,https://aca-prod.accela.com/SANDIEGO/Cap/CapDetail.aspx?Module=DSD&TabName=DSD&capID1=REC22&capID2=00000&capID3=018K5&agencyCode=SANDIEGO&IsToShowInspection=,8
PMT-3193662,"2860 Webster Av, San Diego, CA 92113",PRJ-1059604,Inspection Followup,General-Standard-Building Construction:2860/Webster,Add/Alt Companion Unit/Acc Apt,12/16/2022,6/14/2024,https://aca-prod.accela.com/SANDIEGO/Cap/CapDetail.aspx?Module=DSD&TabName=DSD&capID1=REC22&capID2=00000&capID3=012Y4&agencyCode=SANDIEGO&IsToShowInspection=,https://aca-prod.accela.com/SANDIEGO/Cap/CapDetail.aspx?Module=DSD&TabName=DSD&capID1=REC22&capID2=00000&capID3=03E33&agencyCode=SANDIEGO&IsToShowInspection=,1
PMT-3193663,"2860 Webster Av, San Diego, CA 92113",PRJ-1059604,Inspection Followup,General-Standard-Building Construction:2860/Webster,Add/Alt Companion Unit/Acc Apt,12/16/2022,6/14/2024,https://aca-prod.accela.com/SANDIEGO/Cap/CapDetail.aspx?Module=DSD&TabName=DSD&capID1=REC22&capID2=00000&capID3=012Y4&agencyCode=SANDIEGO&IsToShowInspection=,https://aca-prod.accela.com/SANDIEGO/Cap/CapDetail.aspx?Module=DSD&TabName=DSD&capID1=REC22&capID2=00000&capID3=03E34&agencyCode=SANDIEGO&IsToShowInspection=,2
PMT-3158932,"8555 Aero Dr, San Diego, CA",PRJ-1059655,Inspection Followup,Actively Managed-Express-Building Construction:8555/Aero,Five or More Family Apt,6/9/2022,10/12/2023,https://aca-prod.accela.com/SANDIEGO/Cap/CapDetail.aspx?Module=DSD&TabName=DSD&capID1=REC22&capID2=00000&capID3=0133T&agencyCode=SANDIEGO&IsToShowInspection=,https://aca-prod.accela.com/SANDIEGO/Cap/CapDetail.aspx?Module=DSD&TabName=DSD&capID1=REC22&capID2=00000&capID3=01E82&agencyCode=SANDIEGO&IsToShowInspection=,27
PMT-3161879,"8333 Clairemont Mesa Bl, San Diego, CA",PRJ-1059697,Inspection Followup,Actively Managed-Express-Building Construction:8333/Clairemont Mesa,Five or More Family Apt,6/26/2022,5/28/2024,https://aca-prod.accela.com/SANDIEGO/Cap/CapDetail.aspx?Module=DSD&TabName=DSD&capID1=REC22&capID2=00000&capID3=01389&agencyCode=SANDIEGO&IsToShowInspection=,https://aca-prod.accela.com/SANDIEGO/Cap/CapDetail.aspx?Module=DSD&TabName=DSD&capID1=REC22&capID2=00000&capID3=01JOI&agencyCode=SANDIEGO&IsToShowInspection=,15
PMT-3158866,"4381 Van Dyke Av, San Diego, CA 92105",PRJ-1060254,Closed,Rapid Review-Standard-Building Construction:4381/Van Dyke,"Add/Alt 1 or 2 Fam,Increase DU",6/8/2022,5/11/2023,https://aca-prod.accela.com/SANDIEGO/Cap/CapDetail.aspx?Module=DSD&TabName=DSD&capID1=REC22&capID2=00000&capID3=0156R&agencyCode=SANDIEGO&IsToShowInspection=,https://aca-prod.accela.com/SANDIEGO/Cap/CapDetail.aspx?Module=DSD&TabName=DSD&capID1=REC22&capID2=00000&capID3=01E44&agencyCode=SANDIEGO&IsToShowInspection=,1
PMT-3160578,"2028 Howard Av, San Diego, CA 92104",PRJ-1060258,Closed,Actively Managed-Express-Building Construction:2028/Howard,Five or More Family Apt,6/17/2022,5/8/2025,https://aca-prod.accela.com/SANDIEGO/Cap/CapDetail.aspx?Module=DSD&TabName=DSD&capID1=REC22&capID2=00000&capID3=01574&agencyCode=SANDIEGO&IsToShowInspection=,https://aca-prod.accela.com/SANDIEGO/Cap/CapDetail.aspx?Module=DSD&TabName=DSD&capID1=REC22&capID2=00000&capID3=01H6B&agencyCode=SANDIEGO&IsToShowInspection=,5
PMT-3160792,"984 Worthington St, San Diego, CA 92114",PRJ-1060347,Issued,General-Standard-Building Construction:982/Worthington,Five or More Family Apt,6/20/2022,8/27/2024,https://aca-prod.accela.com/SANDIEGO/Cap/CapDetail.aspx?Module=DSD&TabName=DSD&capID1=REC22&capID2=00000&capID3=015J0&agencyCode=SANDIEGO&IsToShowInspection=,https://aca-prod.accela.com/SANDIEGO/Cap/CapDetail.aspx?Module=DSD&TabName=DSD&capID1=REC22&capID2=00000&capID3=01HIH&agencyCode=SANDIEGO&IsToShowInspection=,4
PMT-3157710,"4471 Altadena Av, San Diego, CA",PRJ-1060489,Closed,General-Standard-Building Construction:4475/Altadena,"Add/Alt 3+ Fam, Increase DU",6/2/2022,9/6/2023,https://aca-prod.accela.com/SANDIEGO/Cap/CapDetail.aspx?Module=DSD&TabName=DSD&capID1=REC22&capID2=00000&capID3=015YS&agencyCode=SANDIEGO&IsToShowInspection=,https://aca-prod.accela.com/SANDIEGO/Cap/CapDetail.aspx?Module=DSD&TabName=DSD&capID1=REC22&capID2=00000&capID3=01C0P&agencyCode=SANDIEGO&IsToShowInspection=,1
PMT-3158438,"4581 Wilson Av, San Diego, CA 92116",PRJ-1060797,,General-Standard-Building Construction:4581/Wilson,Add/Alt Companion Unit/Acc Apt,6/7/2022,,https://aca-prod.accela.com/SANDIEGO/Cap/CapDetail.aspx?Module=DSD&TabName=DSD&capID1=REC22&capID2=00000&capID3=01759&agencyCode=SANDIEGO&IsToShowInspection=,https://aca-prod.accela.com/SANDIEGO/Cap/CapDetail.aspx?Module=DSD&TabName=DSD&capID1=REC22&capID2=00000&capID3=01DD0&agencyCode=SANDIEGO&IsToShowInspection=,2
PMT-3160324,"4888 Convoy St, San Diego, CA",PRJ-1060862,Inspection Followup,Actively Managed-Express-Building Construction:4888/Convoy,Five or More Family Apt,6/16/2022,7/26/2023,https://aca-prod.accela.com/SANDIEGO/Cap/CapDetail.aspx?Module=DSD&TabName=DSD&capID1=REC22&capID2=00000&capID3=017FF&agencyCode=SANDIEGO&IsToShowInspection=,https://aca-prod.accela.com/SANDIEGO/Cap/CapDetail.aspx?Module=DSD&TabName=DSD&capID1=REC22&capID2=00000&capID3=01GQP&agencyCode=SANDIEGO&IsToShowInspection=,22
PMT-3159254,"3933 Utah St, San Diego, CA",PRJ-1060990,Cancelled Application Expired,Actively Managed-Express-Building Construction:3933/Utah,Five or More Family Apt,6/10/2022,,https://aca-prod.accela.com/SANDIEGO/Cap/CapDetail.aspx?Module=DSD&TabName=DSD&capID1=REC22&capID2=00000&capID3=017TS&agencyCode=SANDIEGO&IsToShowInspection=,https://aca-prod.accela.com/SANDIEGO/Cap/CapDetail.aspx?Module=DSD&TabName=DSD&capID1=REC22&capID2=00000&capID3=01ESP&agencyCode=SANDIEGO&IsToShowInspection=,8
PMT-3160976,"6353 Del Cerro Bl, San Diego, CA",PRJ-1061051,Cancelled Application Expired,General-Expedite-Building Construction:6353/Del Cerro,Five or More Family Apt,6/21/2022,,https://aca-prod.accela.com/SANDIEGO/Cap/CapDetail.aspx?Module=DSD&TabName=DSD&capID1=REC22&capID2=00000&capID3=0180S&agencyCode=SANDIEGO&IsToShowInspection=,https://aca-prod.accela.com/SANDIEGO/Cap/CapDetail.aspx?Module=DSD&TabName=DSD&capID1=REC22&capID2=00000&capID3=01HV5&agencyCode=SANDIEGO&IsToShowInspection=,14
PMT-3159779,"10868 Via San Blas, San Diego, CA",PRJ-1061158,Closed,General-Standard-Building Construction:10868/Via San Blas,Add/Alt Companion Unit/Acc Apt,6/14/2022,5/1/2023,https://aca-prod.accela.com/SANDIEGO/Cap/CapDetail.aspx?Module=DSD&TabName=DSD&capID1=REC22&capID2=00000&capID3=018BO&agencyCode=SANDIEGO&IsToShowInspection=,https://aca-prod.accela.com/SANDIEGO/Cap/CapDetail.aspx?Module=DSD&TabName=DSD&capID1=REC22&capID2=00000&capID3=01FQX&agencyCode=SANDIEGO&IsToShowInspection=,1
PMT-3157570,"4040 Park Bl, San Diego, CA 92103",PRJ-1061245,Cancelled Application Expired,General-Express-Building Construction:4040/Park,Five or More Family Apt,6/2/2022,,https://aca-prod.accela.com/SANDIEGO/Cap/CapDetail.aspx?Module=DSD&TabName=DSD&capID1=REC22&capID2=00000&capID3=018OU&agencyCode=SANDIEGO&IsToShowInspection=,https://aca-prod.accela.com/SANDIEGO/Cap/CapDetail.aspx?Module=DSD&TabName=DSD&capID1=REC22&capID2=00000&capID3=01BSX&agencyCode=SANDIEGO&IsToShowInspection=,34
PMT-3157139,"15051 Junipers Dr, San Diego, CA 92129",PRJ-1061323,Inspection Followup,Actively Managed-Express-Building Construction:15051/Junipers,Five or More Family Apt,5/31/2022,11/1/2023,https://aca-prod.accela.com/SANDIEGO/Cap/CapDetail.aspx?Module=DSD&TabName=DSD&capID1=REC22&capID2=00000&capID3=0191K&agencyCode=SANDIEGO&IsToShowInspection=,https://aca-prod.accela.com/SANDIEGO/Cap/CapDetail.aspx?Module=DSD&TabName=DSD&capID1=REC22&capID2=00000&capID3=01B1E&agencyCode=SANDIEGO&IsToShowInspection=,81
PMT-3158395,"3674 Mabon Pl, San Diego, CA 92117",PRJ-1061357,Inspection Followup,General-Standard-Combination Building Permit:3674/Mabon,Add/Alt Companion Unit/Acc Apt,6/7/2022,9/14/2023,https://aca-prod.accela.com/SANDIEGO/Cap/CapDetail.aspx?Module=DSD&TabName=DSD&capID1=REC22&capID2=00000&capID3=0195O&agencyCode=SANDIEGO&IsToShowInspection=,https://aca-prod.accela.com/SANDIEGO/Cap/CapDetail.aspx?Module=DSD&TabName=DSD&capID1=REC22&capID2=00000&capID3=01D9Y&agencyCode=SANDIEGO&IsToShowInspection=,1
PMT-3217576,"4057 Alabama St, San Diego, CA",PRJ-1061360,Inspection Followup,General-Standard-Combination Building Permit:4057/Alabama,Add/Alt Companion Unit/Acc Apt,4/24/2023,7/3/2024,https://aca-prod.accela.com/SANDIEGO/Cap/CapDetail.aspx?Module=DSD&TabName=DSD&capID1=REC22&capID2=00000&capID3=01962&agencyCode=SANDIEGO&IsToShowInspection=,https://aca-prod.accela.com/SANDIEGO/Cap/CapDetail.aspx?Module=DSD&TabName=DSD&capID1=REC23&capID2=00000&capID3=017W9&agencyCode=SANDIEGO&IsToShowInspection=,1
PMT-3162270,"1881 Irving Av, San Diego, CA",PRJ-1061642,Closed,General-Standard-Building Construction:1881/Irving,Add/Alt Companion Unit/Acc Apt,6/28/2022,6/7/2023,https://aca-prod.accela.com/SANDIEGO/Cap/CapDetail.aspx?Module=DSD&TabName=DSD&capID1=REC22&capID2=00000&capID3=01ACF&agencyCode=SANDIEGO&IsToShowInspection=,https://aca-prod.accela.com/SANDIEGO/Cap/CapDetail.aspx?Module=DSD&TabName=DSD&capID1=REC22&capID2=00000&capID3=01KFD&agencyCode=SANDIEGO&IsToShowInspection=,1
PMT-3162926,"110 Beech St, San Diego, CA",PRJ-1062254,Inspection Followup,Actively Managed-Express-Building Construction:110/Beech,Five or More Family Apt,7/1/2022,11/7/2023,https://aca-prod.accela.com/SANDIEGO/Cap/CapDetail.aspx?Module=DSD&TabName=DSD&capID1=REC22&capID2=00000&capID3=01CGD&agencyCode=SANDIEGO&IsToShowInspection=,https://aca-prod.accela.com/SANDIEGO/Cap/CapDetail.aspx?Module=DSD&TabName=DSD&capID1=REC22&capID2=00000&capID3=01LPQ&agencyCode=SANDIEGO&IsToShowInspection=,20
PMT-3158501,"3104 03rd Av, San Diego, CA 92103",PRJ-1062261,Inspection Followup,General-Express-Building Construction:3104/03rd,Five or More Family Apt,6/7/2022,5/3/2024,https://aca-prod.accela.com/SANDIEGO/Cap/CapDetail.aspx?Module=DSD&TabName=DSD&capID1=REC22&capID2=00000&capID3=01CH8&agencyCode=SANDIEGO&IsToShowInspection=,https://aca-prod.accela.com/SANDIEGO/Cap/CapDetail.aspx?Module=DSD&TabName=DSD&capID1=REC22&capID2=00000&capID3=01DH4&agencyCode=SANDIEGO&IsToShowInspection=,5
PMT-3160262,"5678 Lauretta St, San Diego, CA",PRJ-1062279,Cancelled Application Expired,General-Expedite-Building Construction:5678/Lauretta,Five or More Family Apt,6/16/2022,,https://aca-prod.accela.com/SANDIEGO/Cap/CapDetail.aspx?Module=DSD&TabName=DSD&capID1=REC22&capID2=00000&capID3=01CJZ&agencyCode=SANDIEGO&IsToShowInspection=,https://aca-prod.accela.com/SANDIEGO/Cap/CapDetail.aspx?Module=DSD&TabName=DSD&capID1=REC22&capID2=00000&capID3=01GMX&agencyCode=SANDIEGO&IsToShowInspection=,3
PMT-3163402,"4506 Moraga Av, #1 & 2, San Diego, CA 92117",PRJ-1062290,Closed,General-Standard-Building Construction:4506/Moraga,Add/Alt Companion Unit/Acc Apt,7/6/2022,5/1/2023,https://aca-prod.accela.com/SANDIEGO/Cap/CapDetail.aspx?Module=DSD&TabName=DSD&capID1=REC22&capID2=00000&capID3=01CLV&agencyCode=SANDIEGO&IsToShowInspection=,https://aca-prod.accela.com/SANDIEGO/Cap/CapDetail.aspx?Module=DSD&TabName=DSD&capID1=REC22&capID2=00000&capID3=01MJP&agencyCode=SANDIEGO&IsToShowInspection=,1
PMT-3163413,"4506 Moraga Av, #3 & 4, San Diego, CA 92117",PRJ-1062290,Closed,General-Standard-Building Construction:4506/Moraga,"Add/Alt 3+ Fam, Increase DU",7/6/2022,5/1/2023,https://aca-prod.accela.com/SANDIEGO/Cap/CapDetail.aspx?Module=DSD&TabName=DSD&capID1=REC22&capID2=00000&capID3=01CLV&agencyCode=SANDIEGO&IsToShowInspection=,https://aca-prod.accela.com/SANDIEGO/Cap/CapDetail.aspx?Module=DSD&TabName=DSD&capID1=REC22&capID2=00000&capID3=01MKJ&agencyCode=SANDIEGO&IsToShowInspection=,1
PMT-3163546,"2723 Caulfield Dr, San Diego, CA",PRJ-1062384,Inspection Followup,General-Standard-Building Construction:2723/Caulfield,Add/Alt Companion Unit/Acc Apt,7/6/2022,1/20/2023,https://aca-prod.accela.com/SANDIEGO/Cap/CapDetail.aspx?Module=DSD&TabName=DSD&capID1=REC22&capID2=00000&capID3=01CX2&agencyCode=SANDIEGO&IsToShowInspection=,https://aca-prod.accela.com/SANDIEGO/Cap/CapDetail.aspx?Module=DSD&TabName=DSD&capID1=REC22&capID2=00000&capID3=01MSW&agencyCode=SANDIEGO&IsToShowInspection=,1
PMT-3161963,"2413 Fleetwood St, San Diego, CA 92111",PRJ-1062557,Inspection Followup,General-Standard-Combination Building Permit:2413/Fleetwood,Add/Alt Companion Unit/Acc Apt,6/27/2022,4/9/2024,https://aca-prod.accela.com/SANDIEGO/Cap/CapDetail.aspx?Module=DSD&TabName=DSD&capID1=REC22&capID2=00000&capID3=01DNJ&agencyCode=SANDIEGO&IsToShowInspection=,https://aca-prod.accela.com/SANDIEGO/Cap/CapDetail.aspx?Module=DSD&TabName=DSD&capID1=REC22&capID2=00000&capID3=01JUF&agencyCode=SANDIEGO&IsToShowInspection=,2
PMT-3162026,"4377 Rialto St, San Diego, CA 92107",PRJ-1062558,Issued,General-Express-Building Construction:4377/Rialto,Five or More Family Apt,6/27/2022,5/29/2025,https://aca-prod.accela.com/SANDIEGO/Cap/CapDetail.aspx?Module=DSD&TabName=DSD&capID1=REC22&capID2=00000&capID3=01DNL&agencyCode=SANDIEGO&IsToShowInspection=,https://aca-prod.accela.com/SANDIEGO/Cap/CapDetail.aspx?Module=DSD&TabName=DSD&capID1=REC22&capID2=00000&capID3=01JZ1&agencyCode=SANDIEGO&IsToShowInspection=,2
PMT-3159787,"4814 54th St, San Diego, CA 92115",PRJ-1062565,Closed,General-Standard-Building Construction:4812/54th,Add/Alt Companion Unit/Acc Apt,6/14/2022,5/23/2023,https://aca-prod.accela.com/SANDIEGO/Cap/CapDetail.aspx?Module=DSD&TabName=DSD&capID1=REC22&capID2=00000&capID3=01DOJ&agencyCode=SANDIEGO&IsToShowInspection=,https://aca-prod.accela.com/SANDIEGO/Cap/CapDetail.aspx?Module=DSD&TabName=DSD&capID1=REC22&capID2=00000&capID3=01FRJ&agencyCode=SANDIEGO&IsToShowInspection=,1
PMT-3164979,"130 Seaward Av, San Diego, CA",PRJ-1062634,Opened,General-Expedite-Building Construction:128/Seaward,Add/Alt Companion Unit/Acc Apt,7/13/2022,,https://aca-prod.accela.com/SANDIEGO/Cap/CapDetail.aspx?Module=DSD&TabName=DSD&capID1=REC22&capID2=00000&capID3=01DW1&agencyCode=SANDIEGO&IsToShowInspection=,https://aca-prod.accela.com/SANDIEGO/Cap/CapDetail.aspx?Module=DSD&TabName=DSD&capID1=REC22&capID2=00000&capID3=01PL7&agencyCode=SANDIEGO&IsToShowInspection=,1
PMT-3164981,"132 Seaward Av, San Diego, CA",PRJ-1062634,Opened,General-Expedite-Building Construction:128/Seaward,Add/Alt Companion Unit/Acc Apt,7/13/2022,,https://aca-prod.accela.com/SANDIEGO/Cap/CapDetail.aspx?Module=DSD&TabName=DSD&capID1=REC22&capID2=00000&capID3=01DW1&agencyCode=SANDIEGO&IsToShowInspection=,https://aca-prod.accela.com/SANDIEGO/Cap/CapDetail.aspx?Module=DSD&TabName=DSD&capID1=REC22&capID2=00000&capID3=01PL9&agencyCode=SANDIEGO&IsToShowInspection=,1
PMT-3164982,"134 Seaward Av, San Diego, CA",PRJ-1062634,Opened,General-Expedite-Building Construction:128/Seaward,Add/Alt Companion Unit/Acc Apt,7/13/2022,,https://aca-prod.accela.com/SANDIEGO/Cap/CapDetail.aspx?Module=DSD&TabName=DSD&capID1=REC22&capID2=00000&capID3=01DW1&agencyCode=SANDIEGO&IsToShowInspection=,https://aca-prod.accela.com/SANDIEGO/Cap/CapDetail.aspx?Module=DSD&TabName=DSD&capID1=REC22&capID2=00000&capID3=01PLA&agencyCode=SANDIEGO&IsToShowInspection=,1
PMT-3164983,"136 Seaward Av, San Diego, CA",PRJ-1062634,Opened,General-Expedite-Building Construction:128/Seaward,Add/Alt Companion Unit/Acc Apt,7/13/2022,,https://aca-prod.accela.com/SANDIEGO/Cap/CapDetail.aspx?Module=DSD&TabName=DSD&capID1=REC22&capID2=00000&capID3=01DW1&agencyCode=SANDIEGO&IsToShowInspection=,https://aca-prod.accela.com/SANDIEGO/Cap/CapDetail.aspx?Module=DSD&TabName=DSD&capID1=REC22&capID2=00000&capID3=01PLC&agencyCode=SANDIEGO&IsToShowInspection=,1
PMT-3164984,"138 Seaward Av, San Diego, CA",PRJ-1062634,Opened,General-Expedite-Building Construction:128/Seaward,Add/Alt Companion Unit/Acc Apt,7/13/2022,,https://aca-prod.accela.com/SANDIEGO/Cap/CapDetail.aspx?Module=DSD&TabName=DSD&capID1=REC22&capID2=00000&capID3=01DW1&agencyCode=SANDIEGO&IsToShowInspection=,https://aca-prod.accela.com/SANDIEGO/Cap/CapDetail.aspx?Module=DSD&TabName=DSD&capID1=REC22&capID2=00000&capID3=01PLD&agencyCode=SANDIEGO&IsToShowInspection=,1
PMT-3164985,"140 Seaward Av, San Diego, CA",PRJ-1062634,Opened,General-Expedite-Building Construction:128/Seaward,Add/Alt Companion Unit/Acc Apt,7/13/2022,,https://aca-prod.accela.com/SANDIEGO/Cap/CapDetail.aspx?Module=DSD&TabName=DSD&capID1=REC22&capID2=00000&capID3=01DW1&agencyCode=SANDIEGO&IsToShowInspection=,https://aca-prod.accela.com/SANDIEGO/Cap/CapDetail.aspx?Module=DSD&TabName=DSD&capID1=REC22&capID2=00000&capID3=01PLE&agencyCode=SANDIEGO&IsToShowInspection=,1
PMT-3167477,"6440 El Cajon Bl, San Diego, CA",PRJ-1062686,Inspection Followup,Actively Managed-Express-Building Construction:6440/El Cajon,Five or More Family Apt,7/26/2022,8/10/2023,https://aca-prod.accela.com/SANDIEGO/Cap/CapDetail.aspx?Module=DSD&TabName=DSD&capID1=REC22&capID2=00000&capID3=01E3H&agencyCode=SANDIEGO&IsToShowInspection=,https://aca-prod.accela.com/SANDIEGO/Cap/CapDetail.aspx?Module=DSD&TabName=DSD&capID1=REC22&capID2=00000&capID3=01UX3&agencyCode=SANDIEGO&IsToShowInspection=,24
PMT-3163191,"1033 28th St, San Diego, CA",PRJ-1062777,Issued,General-Standard-Building Construction:1033/28th,Add/Alt Companion Unit/Acc Apt,7/5/2022,6/8/2024,https://aca-prod.accela.com/SANDIEGO/Cap/CapDetail.aspx?Module=DSD&TabName=DSD&capID1=REC22&capID2=00000&capID3=01EEU&agencyCode=SANDIEGO&IsToShowInspection=,https://aca-prod.accela.com/SANDIEGO/Cap/CapDetail.aspx?Module=DSD&TabName=DSD&capID1=REC22&capID2=00000&capID3=01M7K&agencyCode=SANDIEGO&IsToShowInspection=,1
PMT-3167517,"5077 Defiance Wy, San Diego, CA 92115",PRJ-1063157,Inspection Followup,General-Express-Building Permit:5077/Defiance,"Add/Alt 3+ Fam, Increase DU",7/26/2022,7/19/2023,https://aca-prod.accela.com/SANDIEGO/Cap/CapDetail.aspx?Module=DSD&TabName=DSD&capID1=REC22&capID2=00000&capID3=01FOQ&agencyCode=SANDIEGO&IsToShowInspection=,https://aca-prod.accela.com/SANDIEGO/Cap/CapDetail.aspx?Module=DSD&TabName=DSD&capID1=REC22&capID2=00000&capID3=01UZB&agencyCode=SANDIEGO&IsToShowInspection=,4
PMT-3164302,"633 60th St, San Diego, CA 92114",PRJ-1063207,Inspection Followup,General-Expedite-Combination Building Permit:633/60th,Add/Alt Companion Unit/Acc Apt,7/11/2022,1/8/2025,https://aca-prod.accela.com/SANDIEGO/Cap/CapDetail.aspx?Module=DSD&TabName=DSD&capID1=REC22&capID2=00000&capID3=01FUO&agencyCode=SANDIEGO&IsToShowInspection=,https://aca-prod.accela.com/SANDIEGO/Cap/CapDetail.aspx?Module=DSD&TabName=DSD&capID1=REC22&capID2=00000&capID3=01O8H&agencyCode=SANDIEGO&IsToShowInspection=,2
PMT-3346528,"3014 Ulric Ct, San Diego, CA",PRJ-1063220,Opened,General-Standard-Building Construction:3008/Ulric,One Family Detached,4/3/2025,,https://aca-prod.accela.com/SANDIEGO/Cap/CapDetail.aspx?Module=DSD&TabName=DSD&capID1=REC22&capID2=00000&capID3=01FWN&agencyCode=SANDIEGO&IsToShowInspection=,https://aca-prod.accela.com/SANDIEGO/Cap/CapDetail.aspx?Module=DSD&TabName=DSD&capID1=REC25&capID2=00000&capID3=00VR3&agencyCode=SANDIEGO&IsToShowInspection=,1
PMT-3165471,"4529 Esther St, San Diego, CA",PRJ-1063250,Inspection Followup,General-Standard-Building Construction:4529/Esther,Add/Alt Companion Unit/Acc Apt,7/15/2022,7/31/2024,https://aca-prod.accela.com/SANDIEGO/Cap/CapDetail.aspx?Module=DSD&TabName=DSD&capID1=REC22&capID2=00000&capID3=01G1M&agencyCode=SANDIEGO&IsToShowInspection=,https://aca-prod.accela.com/SANDIEGO/Cap/CapDetail.aspx?Module=DSD&TabName=DSD&capID1=REC22&capID2=00000&capID3=01QLH&agencyCode=SANDIEGO&IsToShowInspection=,1
PMT-3165791,"2903 04th Av, San Diego, CA",PRJ-1063464,Inspection Followup,General-Express-Building Construction:2903/04th,Five or More Family Apt,7/18/2022,7/17/2024,https://aca-prod.accela.com/SANDIEGO/Cap/CapDetail.aspx?Module=DSD&TabName=DSD&capID1=REC22&capID2=00000&capID3=01GW1&agencyCode=SANDIEGO&IsToShowInspection=,https://aca-prod.accela.com/SANDIEGO/Cap/CapDetail.aspx?Module=DSD&TabName=DSD&capID1=REC22&capID2=00000&capID3=01R4G&agencyCode=SANDIEGO&IsToShowInspection=,6
PMT-3164595,"4436 Wilson Av, San Diego, CA",PRJ-1063480,Inspection Followup,General-Standard-Building Construction:4436/Wilson,Add/Alt Companion Unit/Acc Apt,7/12/2022,7/3/2024,https://aca-prod.accela.com/SANDIEGO/Cap/CapDetail.aspx?Module=DSD&TabName=DSD&capID1=REC22&capID2=00000&capID3=01GXH&agencyCode=SANDIEGO&IsToShowInspection=,https://aca-prod.accela.com/SANDIEGO/Cap/CapDetail.aspx?Module=DSD&TabName=DSD&capID1=REC22&capID2=00000&capID3=01OSY&agencyCode=SANDIEGO&IsToShowInspection=,1
PMT-3162575,"5644 Mary Lane Dr, San Diego, CA 92115",PRJ-1063520,Closed,Rapid Review-Standard-Building Construction:5644/Mary Lane,Add/Alt Companion Unit/Acc Apt,6/30/2022,1/20/2023,https://aca-prod.accela.com/SANDIEGO/Cap/CapDetail.aspx?Module=DSD&TabName=DSD&capID1=REC22&capID2=00000&capID3=01H1Z&agencyCode=SANDIEGO&IsToShowInspection=,https://aca-prod.accela.com/SANDIEGO/Cap/CapDetail.aspx?Module=DSD&TabName=DSD&capID1=REC22&capID2=00000&capID3=01L0N&agencyCode=SANDIEGO&IsToShowInspection=,1
PMT-3167245,"1520 Tyler Av, San Diego, CA 92103",PRJ-1063628,Inspection Followup,General-Expedite-Building Construction:1520/Tyler,Three or Four Family Apt,7/25/2022,4/26/2024,https://aca-prod.accela.com/SANDIEGO/Cap/CapDetail.aspx?Module=DSD&TabName=DSD&capID1=REC22&capID2=00000&capID3=01HHV&agencyCode=SANDIEGO&IsToShowInspection=,https://aca-prod.accela.com/SANDIEGO/Cap/CapDetail.aspx?Module=DSD&TabName=DSD&capID1=REC22&capID2=00000&capID3=01UC1&agencyCode=SANDIEGO&IsToShowInspection=,7
PMT-3164854,"3814 Villa Tr, San Diego, CA",PRJ-1063819,Inspection Followup,General-Standard-Building Construction:3808/VILLA TERRACE,"Add/Alt 3+ Fam, Increase DU",7/13/2022,10/30/2024,https://aca-prod.accela.com/SANDIEGO/Cap/CapDetail.aspx?Module=DSD&TabName=DSD&capID1=REC22&capID2=00000&capID3=01I7J&agencyCode=SANDIEGO&IsToShowInspection=,https://aca-prod.accela.com/SANDIEGO/Cap/CapDetail.aspx?Module=DSD&TabName=DSD&capID1=REC22&capID2=00000&capID3=01PD3&agencyCode=SANDIEGO&IsToShowInspection=,2
PMT-3164267,"3244 Reynard Wy, San Diego, CA",PRJ-1064128,Cancelled Application Expired,General-Standard-Building Construction:3244/Reynard,Five or More Family Apt,7/11/2022,,https://aca-prod.accela.com/SANDIEGO/Cap/CapDetail.aspx?Module=DSD&TabName=DSD&capID1=REC22&capID2=00000&capID3=01JD7&agencyCode=SANDIEGO&IsToShowInspection=,https://aca-prod.accela.com/SANDIEGO/Cap/CapDetail.aspx?Module=DSD&TabName=DSD&capID1=REC22&capID2=00000&capID3=01O53&agencyCode=SANDIEGO&IsToShowInspection=,1
PMT-3164110,"721 63rd St, San Diego, CA",PRJ-1064296,Cancelled Application Expired,General-Expedite-Building Construction:727/63rd,Three or Four Family Apt,7/8/2022,,https://aca-prod.accela.com/SANDIEGO/Cap/CapDetail.aspx?Module=DSD&TabName=DSD&capID1=REC22&capID2=00000&capID3=01JYJ&agencyCode=SANDIEGO&IsToShowInspection=,https://aca-prod.accela.com/SANDIEGO/Cap/CapDetail.aspx?Module=DSD&TabName=DSD&capID1=REC22&capID2=00000&capID3=01NUN&agencyCode=SANDIEGO&IsToShowInspection=,2
PMT-3164115,"727 63rd St, San Diego, CA",PRJ-1064296,Cancelled Application Expired,General-Expedite-Building Construction:727/63rd,Three or Four Family Apt,7/8/2022,,https://aca-prod.accela.com/SANDIEGO/Cap/CapDetail.aspx?Module=DSD&TabName=DSD&capID1=REC22&capID2=00000&capID3=01JYJ&agencyCode=SANDIEGO&IsToShowInspection=,https://aca-prod.accela.com/SANDIEGO/Cap/CapDetail.aspx?Module=DSD&TabName=DSD&capID1=REC22&capID2=00000&capID3=01NUT&agencyCode=SANDIEGO&IsToShowInspection=,2
PMT-3166101,"4659 Florida St, San Diego, CA 92116",PRJ-1064539,Closed,General-Express-1064539,Five or More Family Apt,7/19/2022,9/19/2023,https://aca-prod.accela.com/SANDIEGO/Cap/CapDetail.aspx?Module=DSD&TabName=DSD&capID1=REC22&capID2=00000&capID3=01KYV&agencyCode=SANDIEGO&IsToShowInspection=,https://aca-prod.accela.com/SANDIEGO/Cap/CapDetail.aspx?Module=DSD&TabName=DSD&capID1=REC22&capID2=00000&capID3=01RTI&agencyCode=SANDIEGO&IsToShowInspection=,5
PMT-3166172,"3660 Reynard Wy, San Diego, CA 92103",PRJ-1064652,Inspection Followup,General-Express-Building Construction:3660/Reynard,Five or More Family Apt,7/19/2022,2/21/2024,https://aca-prod.accela.com/SANDIEGO/Cap/CapDetail.aspx?Module=DSD&TabName=DSD&capID1=REC22&capID2=00000&capID3=01LE2&agencyCode=SANDIEGO&IsToShowInspection=,https://aca-prod.accela.com/SANDIEGO/Cap/CapDetail.aspx?Module=DSD&TabName=DSD&capID1=REC22&capID2=00000&capID3=01RZM&agencyCode=SANDIEGO&IsToShowInspection=,5
PMT-3167119,"2235 Cliff St, San Diego, CA 92116",PRJ-1064784,Inspection Followup,General-Standard-Building Construction:2235/Cliff,"Add/Alt 1 or 2 Fam,Increase DU",7/25/2022,5/8/2024,https://aca-prod.accela.com/SANDIEGO/Cap/CapDetail.aspx?Module=DSD&TabName=DSD&capID1=REC22&capID2=00000&capID3=01LTL&agencyCode=SANDIEGO&IsToShowInspection=,https://aca-prod.accela.com/SANDIEGO/Cap/CapDetail.aspx?Module=DSD&TabName=DSD&capID1=REC22&capID2=00000&capID3=01TZT&agencyCode=SANDIEGO&IsToShowInspection=,1
PMT-3167636,"6353 Broadway, San Diego, CA",PRJ-1064968,Cancelled Application Expired,General-Expedite-Building Construction:6361/Broadway,Add/Alt Companion Unit/Acc Apt,7/27/2022,,https://aca-prod.accela.com/SANDIEGO/Cap/CapDetail.aspx?Module=DSD&TabName=DSD&capID1=REC22&capID2=00000&capID3=01MHH&agencyCode=SANDIEGO&IsToShowInspection=,https://aca-prod.accela.com/SANDIEGO/Cap/CapDetail.aspx?Module=DSD&TabName=DSD&capID1=REC22&capID2=00000&capID3=01V7Z&agencyCode=SANDIEGO&IsToShowInspection=,1
PMT-3167660,"6353 Broadway, San Diego, CA",PRJ-1064968,Cancelled Application Expired,General-Expedite-Building Construction:6361/Broadway,Add/Alt Companion Unit/Acc Apt,7/27/2022,,https://aca-prod.accela.com/SANDIEGO/Cap/CapDetail.aspx?Module=DSD&TabName=DSD&capID1=REC22&capID2=00000&capID3=01MHH&agencyCode=SANDIEGO&IsToShowInspection=,https://aca-prod.accela.com/SANDIEGO/Cap/CapDetail.aspx?Module=DSD&TabName=DSD&capID1=REC22&capID2=00000&capID3=01V9Z&agencyCode=SANDIEGO&IsToShowInspection=,1
PMT-3167662,"6353 Broadway, San Diego, CA",PRJ-1064968,Cancelled Application Expired,General-Expedite-Building Construction:6361/Broadway,Add/Alt Companion Unit/Acc Apt,7/27/2022,,https://aca-prod.accela.com/SANDIEGO/Cap/CapDetail.aspx?Module=DSD&TabName=DSD&capID1=REC22&capID2=00000&capID3=01MHH&agencyCode=SANDIEGO&IsToShowInspection=,https://aca-prod.accela.com/SANDIEGO/Cap/CapDetail.aspx?Module=DSD&TabName=DSD&capID1=REC22&capID2=00000&capID3=01VA3&agencyCode=SANDIEGO&IsToShowInspection=,1
PMT-3167664,"6353 Broadway, San Diego, CA",PRJ-1064968,Cancelled Application Expired,General-Expedite-Building Construction:6361/Broadway,Add/Alt Companion Unit/Acc Apt,7/27/2022,,https://aca-prod.accela.com/SANDIEGO/Cap/CapDetail.aspx?Module=DSD&TabName=DSD&capID1=REC22&capID2=00000&capID3=01MHH&agencyCode=SANDIEGO&IsToShowInspection=,https://aca-prod.accela.com/SANDIEGO/Cap/CapDetail.aspx?Module=DSD&TabName=DSD&capID1=REC22&capID2=00000&capID3=01VA8&agencyCode=SANDIEGO&IsToShowInspection=,1
PMT-3199944,"835 S Bancroft St, San Diego, CA",PRJ-1065107,Inspection Followup,General-Standard-Building Construction:835/Bancroft,"Add/Alt 3+ Fam, Increase DU",1/23/2023,8/15/2024,https://aca-prod.accela.com/SANDIEGO/Cap/CapDetail.aspx?Module=DSD&TabName=DSD&capID1=REC22&capID2=00000&capID3=01N2U&agencyCode=SANDIEGO&IsToShowInspection=,https://aca-prod.accela.com/SANDIEGO/Cap/CapDetail.aspx?Module=DSD&TabName=DSD&capID1=REC23&capID2=00000&capID3=007M8&agencyCode=SANDIEGO&IsToShowInspection=,1
PMT-3166761,"2941 B St, San Diego, CA 92102",PRJ-1065119,Cancelled Application Expired,General-Standard-Building Construction:2943/B,Add/Alt Companion Unit/Acc Apt,7/21/2022,,https://aca-prod.accela.com/SANDIEGO/Cap/CapDetail.aspx?Module=DSD&TabName=DSD&capID1=REC22&capID2=00000&capID3=01N47&agencyCode=SANDIEGO&IsToShowInspection=,https://aca-prod.accela.com/SANDIEGO/Cap/CapDetail.aspx?Module=DSD&TabName=DSD&capID1=REC22&capID2=00000&capID3=01T8U&agencyCode=SANDIEGO&IsToShowInspection=,2
PMT-3166918,"3830 01st Av, San Diego, CA 92103",PRJ-1065197,Issued,General-Expedite-Building Construction:3830/01st,Five or More Family Apt,7/22/2022,7/10/2024,https://aca-prod.accela.com/SANDIEGO/Cap/CapDetail.aspx?Module=DSD&TabName=DSD&capID1=REC22&capID2=00000&capID3=01NEA&agencyCode=SANDIEGO&IsToShowInspection=,https://aca-prod.accela.com/SANDIEGO/Cap/CapDetail.aspx?Module=DSD&TabName=DSD&capID1=REC22&capID2=00000&capID3=01TJC&agencyCode=SANDIEGO&IsToShowInspection=,6
PMT-3317538,"2302 Smythe Av, San Diego, CA",PRJ-1065571,Opened,General-Standard-Building Construction:2302/Smythe,Add/Alt Companion Unit/Acc Apt,10/14/2024,,https://aca-prod.accela.com/SANDIEGO/Cap/CapDetail.aspx?Module=DSD&TabName=DSD&capID1=REC22&capID2=00000&capID3=01OTW&agencyCode=SANDIEGO&IsToShowInspection=,https://aca-prod.accela.com/SANDIEGO/Cap/CapDetail.aspx?Module=DSD&TabName=DSD&capID1=REC24&capID2=00000&capID3=02JL8&agencyCode=SANDIEGO&IsToShowInspection=,1
PMT-3167326,"5658 Chateau Dr, San Diego, CA",PRJ-1065784,Inspection Followup,General-Standard-Building Construction:5654/Chateau,Add/Alt Companion Unit/Acc Apt,7/26/2022,7/18/2024,https://aca-prod.accela.com/SANDIEGO/Cap/CapDetail.aspx?Module=DSD&TabName=DSD&capID1=REC22&capID2=00000&capID3=01POU&agencyCode=SANDIEGO&IsToShowInspection=,https://aca-prod.accela.com/SANDIEGO/Cap/CapDetail.aspx?Module=DSD&TabName=DSD&capID1=REC22&capID2=00000&capID3=01UKA&agencyCode=SANDIEGO&IsToShowInspection=,1
PMT-3167328,"5660 Chateau Dr, San Diego, CA",PRJ-1065784,Inspection Followup,General-Standard-Building Construction:5654/Chateau,Add/Alt Companion Unit/Acc Apt,7/26/2022,7/18/2024,https://aca-prod.accela.com/SANDIEGO/Cap/CapDetail.aspx?Module=DSD&TabName=DSD&capID1=REC22&capID2=00000&capID3=01POU&agencyCode=SANDIEGO&IsToShowInspection=,https://aca-prod.accela.com/SANDIEGO/Cap/CapDetail.aspx?Module=DSD&TabName=DSD&capID1=REC22&capID2=00000&capID3=01UKE&agencyCode=SANDIEGO&IsToShowInspection=,1
PMT-3168543,"2330 F St, San Diego, CA",PRJ-1066297,Closed,General-Standard-Combination Building Permit:2330/F,Add/Alt Companion Unit/Acc Apt,8/1/2022,9/12/2023,https://aca-prod.accela.com/SANDIEGO/Cap/CapDetail.aspx?Module=DSD&TabName=DSD&capID1=REC22&capID2=00000&capID3=01RM2&agencyCode=SANDIEGO&IsToShowInspection=,https://aca-prod.accela.com/SANDIEGO/Cap/CapDetail.aspx?Module=DSD&TabName=DSD&capID1=REC22&capID2=00000&capID3=01X0K&agencyCode=SANDIEGO&IsToShowInspection=,1
PMT-3168547,"2338 F St, San Diego, CA",PRJ-1066297,Inspection Followup,General-Standard-Combination Building Permit:2330/F,Add/Alt Companion Unit/Acc Apt,8/1/2022,9/12/2023,https://aca-prod.accela.com/SANDIEGO/Cap/CapDetail.aspx?Module=DSD&TabName=DSD&capID1=REC22&capID2=00000&capID3=01RM2&agencyCode=SANDIEGO&IsToShowInspection=,https://aca-prod.accela.com/SANDIEGO/Cap/CapDetail.aspx?Module=DSD&TabName=DSD&capID1=REC22&capID2=00000&capID3=01X0O&agencyCode=SANDIEGO&IsToShowInspection=,1
PMT-3168724,"2521 Columbia St, San Diego, CA 92103",PRJ-1066530,Inspection Followup,General-Express-Building Permit:2521/Columbia,Add/Alt Companion Unit/Acc Apt,8/2/2022,9/25/2023,https://aca-prod.accela.com/SANDIEGO/Cap/CapDetail.aspx?Module=DSD&TabName=DSD&capID1=REC22&capID2=00000&capID3=01SRH&agencyCode=SANDIEGO&IsToShowInspection=,https://aca-prod.accela.com/SANDIEGO/Cap/CapDetail.aspx?Module=DSD&TabName=DSD&capID1=REC22&capID2=00000&capID3=01XDU&agencyCode=SANDIEGO&IsToShowInspection=,4
PMT-3168389,"4014 Epanow Av, San Diego, CA 92117",PRJ-1066551,Inspection Followup,General-Standard-Combination Building Permit:4014/Epanow,Add/Alt Companion Unit/Acc Apt,7/30/2022,7/26/2024,https://aca-prod.accela.com/SANDIEGO/Cap/CapDetail.aspx?Module=DSD&TabName=DSD&capID1=REC22&capID2=00000&capID3=01SUO&agencyCode=SANDIEGO&IsToShowInspection=,https://aca-prod.accela.com/SANDIEGO/Cap/CapDetail.aspx?Module=DSD&TabName=DSD&capID1=REC22&capID2=00000&capID3=01WN6&agencyCode=SANDIEGO&IsToShowInspection=,1
PMT-3170235,"502 Fergus St, San Diego, CA 92114",PRJ-1067518,Cancelled Application Expired,General-Expedite-Building Construction:502/Fergus,Five or More Family Apt,8/9/2022,,https://aca-prod.accela.com/SANDIEGO/Cap/CapDetail.aspx?Module=DSD&TabName=DSD&capID1=REC22&capID2=00000&capID3=01X8J&agencyCode=SANDIEGO&IsToShowInspection=,https://aca-prod.accela.com/SANDIEGO/Cap/CapDetail.aspx?Module=DSD&TabName=DSD&capID1=REC22&capID2=00000&capID3=020DI&agencyCode=SANDIEGO&IsToShowInspection=,5
PMT-3170097,"3724 Acacia St, San Diego, CA",PRJ-1068169,Inspection Followup,Building Construction:3724/Acacia,One Family Detached,8/9/2022,6/28/2024,https://aca-prod.accela.com/SANDIEGO/Cap/CapDetail.aspx?Module=DSD&TabName=DSD&capID1=REC22&capID2=00000&capID3=01ZZR&agencyCode=SANDIEGO&IsToShowInspection=,https://aca-prod.accela.com/SANDIEGO/Cap/CapDetail.aspx?Module=DSD&TabName=DSD&capID1=REC22&capID2=00000&capID3=02044&agencyCode=SANDIEGO&IsToShowInspection=,2
PMT-3170099,"3724 Acacia St, San Diego, CA",PRJ-1068169,Inspection Followup,Building Construction:3724/Acacia,Add/Alt Companion Unit/Acc Apt,8/9/2022,6/28/2024,https://aca-prod.accela.com/SANDIEGO/Cap/CapDetail.aspx?Module=DSD&TabName=DSD&capID1=REC22&capID2=00000&capID3=01ZZR&agencyCode=SANDIEGO&IsToShowInspection=,https://aca-prod.accela.com/SANDIEGO/Cap/CapDetail.aspx?Module=DSD&TabName=DSD&capID1=REC22&capID2=00000&capID3=02048&agencyCode=SANDIEGO&IsToShowInspection=,2
PMT-3170100,"3724 Acacia St, San Diego, CA",PRJ-1068169,Inspection Followup,Building Construction:3724/Acacia,Add/Alt Companion Unit/Acc Apt,8/9/2022,6/28/2024,https://aca-prod.accela.com/SANDIEGO/Cap/CapDetail.aspx?Module=DSD&TabName=DSD&capID1=REC22&capID2=00000&capID3=01ZZR&agencyCode=SANDIEGO&IsToShowInspection=,https://aca-prod.accela.com/SANDIEGO/Cap/CapDetail.aspx?Module=DSD&TabName=DSD&capID1=REC22&capID2=00000&capID3=02049&agencyCode=SANDIEGO&IsToShowInspection=,1
PMT-3173179,"1663 Dairy Mart Rd, San Diego, CA 92173",PRJ-1068450,Inspection Followup,Actively Managed-Express-Building Construction:1663/Dairy Mart,Five or More Family Apt,8/25/2022,11/7/2023,https://aca-prod.accela.com/SANDIEGO/Cap/CapDetail.aspx?Module=DSD&TabName=DSD&capID1=REC22&capID2=00000&capID3=0219N&agencyCode=SANDIEGO&IsToShowInspection=,https://aca-prod.accela.com/SANDIEGO/Cap/CapDetail.aspx?Module=DSD&TabName=DSD&capID1=REC22&capID2=00000&capID3=02662&agencyCode=SANDIEGO&IsToShowInspection=,100
PMT-3185771,"3729 National Av, San Diego, CA",PRJ-1068478,Issued,General-Expedite-Combination Building Permit:3725/National,Add/Alt Companion Unit/Acc Apt,11/3/2022,8/27/2024,https://aca-prod.accela.com/SANDIEGO/Cap/CapDetail.aspx?Module=DSD&TabName=DSD&capID1=REC22&capID2=00000&capID3=021DV&agencyCode=SANDIEGO&IsToShowInspection=,https://aca-prod.accela.com/SANDIEGO/Cap/CapDetail.aspx?Module=DSD&TabName=DSD&capID1=REC22&capID2=00000&capID3=02XCC&agencyCode=SANDIEGO&IsToShowInspection=,1
PMT-3185773,"3719 National Av, San Diego, CA",PRJ-1068478,Issued,General-Expedite-Combination Building Permit:3725/National,Add/Alt Companion Unit/Acc Apt,11/3/2022,8/30/2024,https://aca-prod.accela.com/SANDIEGO/Cap/CapDetail.aspx?Module=DSD&TabName=DSD&capID1=REC22&capID2=00000&capID3=021DV&agencyCode=SANDIEGO&IsToShowInspection=,https://aca-prod.accela.com/SANDIEGO/Cap/CapDetail.aspx?Module=DSD&TabName=DSD&capID1=REC22&capID2=00000&capID3=02XCE&agencyCode=SANDIEGO&IsToShowInspection=,1
PMT-3252035,"3725 National Av, San Diego, CA",PRJ-1068478,Issued,General-Expedite-Combination Building Permit:3725/National,Add/Alt Companion Unit/Acc Apt,10/12/2023,8/27/2024,https://aca-prod.accela.com/SANDIEGO/Cap/CapDetail.aspx?Module=DSD&TabName=DSD&capID1=REC22&capID2=00000&capID3=021DV&agencyCode=SANDIEGO&IsToShowInspection=,https://aca-prod.accela.com/SANDIEGO/Cap/CapDetail.aspx?Module=DSD&TabName=DSD&capID1=REC23&capID2=00000&capID3=02XI4&agencyCode=SANDIEGO&IsToShowInspection=,1
PMT-3252051,"3715 National Av, San Diego, CA",PRJ-1068478,Issued,General-Expedite-Combination Building Permit:3725/National,Add/Alt Companion Unit/Acc Apt,10/12/2023,8/27/2024,https://aca-prod.accela.com/SANDIEGO/Cap/CapDetail.aspx?Module=DSD&TabName=DSD&capID1=REC22&capID2=00000&capID3=021DV&agencyCode=SANDIEGO&IsToShowInspection=,https://aca-prod.accela.com/SANDIEGO/Cap/CapDetail.aspx?Module=DSD&TabName=DSD&capID1=REC23&capID2=00000&capID3=02XIV&agencyCode=SANDIEGO&IsToShowInspection=,1
PMT-3171035,"1111 Torrey Pines Rd, San Diego, CA",PRJ-1068507,Closed,General-Standard-Building Construction:1111/Torrey Pines,"Add/Alt 3+ Fam, Increase DU",8/15/2022,10/10/2023,https://aca-prod.accela.com/SANDIEGO/Cap/CapDetail.aspx?Module=DSD&TabName=DSD&capID1=REC22&capID2=00000&capID3=021JH&agencyCode=SANDIEGO&IsToShowInspection=,https://aca-prod.accela.com/SANDIEGO/Cap/CapDetail.aspx?Module=DSD&TabName=DSD&capID1=REC22&capID2=00000&capID3=021ZU&agencyCode=SANDIEGO&IsToShowInspection=,1
PMT-3173950,"3062 46th St, San Diego, CA",PRJ-1068822,Inspection Followup,General-Standard-Building Construction:3062/46th,One Family Detached,8/30/2022,4/1/2024,https://aca-prod.accela.com/SANDIEGO/Cap/CapDetail.aspx?Module=DSD&TabName=DSD&capID1=REC22&capID2=00000&capID3=022PM&agencyCode=SANDIEGO&IsToShowInspection=,https://aca-prod.accela.com/SANDIEGO/Cap/CapDetail.aspx?Module=DSD&TabName=DSD&capID1=REC22&capID2=00000&capID3=027NN&agencyCode=SANDIEGO&IsToShowInspection=,1
PMT-3173962,"3072 46th St, San Diego, CA",PRJ-1068822,Issued,General-Standard-Building Construction:3062/46th,One Family Detached,8/30/2022,4/1/2024,https://aca-prod.accela.com/SANDIEGO/Cap/CapDetail.aspx?Module=DSD&TabName=DSD&capID1=REC22&capID2=00000&capID3=022PM&agencyCode=SANDIEGO&IsToShowInspection=,https://aca-prod.accela.com/SANDIEGO/Cap/CapDetail.aspx?Module=DSD&TabName=DSD&capID1=REC22&capID2=00000&capID3=027OM&agencyCode=SANDIEGO&IsToShowInspection=,1
PMT-3172967,"1548 S 43rd St, San Diego, CA 92113",PRJ-1068884,Cancelled Application Expired,General-Standard-Building Construction:1548/43rd,Five or More Family Apt,8/24/2022,,https://aca-prod.accela.com/SANDIEGO/Cap/CapDetail.aspx?Module=DSD&TabName=DSD&capID1=REC22&capID2=00000&capID3=022ZW&agencyCode=SANDIEGO&IsToShowInspection=,https://aca-prod.accela.com/SANDIEGO/Cap/CapDetail.aspx?Module=DSD&TabName=DSD&capID1=REC22&capID2=00000&capID3=025SP&agencyCode=SANDIEGO&IsToShowInspection=,1
PMT-3173997,"7051 Wheatley St, San Diego, CA 92111",PRJ-1069066,Closed,General-Standard-Building Construction:7053/Wheatley,Add/Alt Companion Unit/Acc Apt,8/30/2022,4/4/2023,https://aca-prod.accela.com/SANDIEGO/Cap/CapDetail.aspx?Module=DSD&TabName=DSD&capID1=REC22&capID2=00000&capID3=023V1&agencyCode=SANDIEGO&IsToShowInspection=,https://aca-prod.accela.com/SANDIEGO/Cap/CapDetail.aspx?Module=DSD&TabName=DSD&capID1=REC22&capID2=00000&capID3=027RJ&agencyCode=SANDIEGO&IsToShowInspection=,1
PMT-3172882,"5614 Dorothy Dr, San Diego, CA 92115",PRJ-1069312,Issued,General-Standard-Building Construction:5612/Dorothy,"Add/Alt 1 or 2 Fam, No Chg DU",8/24/2022,7/17/2023,https://aca-prod.accela.com/SANDIEGO/Cap/CapDetail.aspx?Module=DSD&TabName=DSD&capID1=REC22&capID2=00000&capID3=024VF&agencyCode=SANDIEGO&IsToShowInspection=,https://aca-prod.accela.com/SANDIEGO/Cap/CapDetail.aspx?Module=DSD&TabName=DSD&capID1=REC22&capID2=00000&capID3=025M2&agencyCode=SANDIEGO&IsToShowInspection=,1
PMT-3237385,"3355 Grim Av, San Diego, CA",PRJ-1069437,Closed,General-Standard-Building Construction:3355/Grim,Add/Alt Companion Unit/Acc Apt,7/28/2023,10/27/2023,https://aca-prod.accela.com/SANDIEGO/Cap/CapDetail.aspx?Module=DSD&TabName=DSD&capID1=REC22&capID2=00000&capID3=025CX&agencyCode=SANDIEGO&IsToShowInspection=,https://aca-prod.accela.com/SANDIEGO/Cap/CapDetail.aspx?Module=DSD&TabName=DSD&capID1=REC23&capID2=00000&capID3=029HG&agencyCode=SANDIEGO&IsToShowInspection=,1
PMT-3175801,"4298 Clairemont Dr, San Diego, CA 92117",PRJ-1069570,Inspection Followup,General-Standard-Combination Building Permit:4298/Clairemont,Add/Alt Companion Unit/Acc Apt,9/11/2022,3/12/2024,https://aca-prod.accela.com/SANDIEGO/Cap/CapDetail.aspx?Module=DSD&TabName=DSD&capID1=REC22&capID2=00000&capID3=025W4&agencyCode=SANDIEGO&IsToShowInspection=,https://aca-prod.accela.com/SANDIEGO/Cap/CapDetail.aspx?Module=DSD&TabName=DSD&capID1=REC22&capID2=00000&capID3=02BGU&agencyCode=SANDIEGO&IsToShowInspection=,1
PMT-3177119,"6213 Montezuma Rd, San Diego, CA",PRJ-1069595,Issued,General-Express-Building Construction:6213/Montezuma,Five or More Family Apt,9/16/2022,8/31/2023,https://aca-prod.accela.com/SANDIEGO/Cap/CapDetail.aspx?Module=DSD&TabName=DSD&capID1=REC22&capID2=00000&capID3=025ZD&agencyCode=SANDIEGO&IsToShowInspection=,https://aca-prod.accela.com/SANDIEGO/Cap/CapDetail.aspx?Module=DSD&TabName=DSD&capID1=REC22&capID2=00000&capID3=02DYW&agencyCode=SANDIEGO&IsToShowInspection=,3
PMT-3173764,"6551 Lemarand Av, San Diego, CA 92115",PRJ-1069777,Cancelled Application Expired,General-Standard-Building Construction:6551/Lemarand,Add/Alt Companion Unit/Acc Apt,8/29/2022,,https://aca-prod.accela.com/SANDIEGO/Cap/CapDetail.aspx?Module=DSD&TabName=DSD&capID1=REC22&capID2=00000&capID3=026O1&agencyCode=SANDIEGO&IsToShowInspection=,https://aca-prod.accela.com/SANDIEGO/Cap/CapDetail.aspx?Module=DSD&TabName=DSD&capID1=REC22&capID2=00000&capID3=027AF&agencyCode=SANDIEGO&IsToShowInspection=,1
PMT-3176532,"3843 08th Av, San Diego, CA 92103-4306",PRJ-1069832,Inspection Followup,General-Express-Building Construction:3843/08th,Five or More Family Apt,9/14/2022,11/3/2023,https://aca-prod.accela.com/SANDIEGO/Cap/CapDetail.aspx?Module=DSD&TabName=DSD&capID1=REC22&capID2=00000&capID3=026WC&agencyCode=SANDIEGO&IsToShowInspection=,https://aca-prod.accela.com/SANDIEGO/Cap/CapDetail.aspx?Module=DSD&TabName=DSD&capID1=REC22&capID2=00000&capID3=02CWQ&agencyCode=SANDIEGO&IsToShowInspection=,11
PMT-3227232,"4726 Kensington Dr, San Diego, CA 92116",PRJ-1069930,Inspection Followup,General-Standard-Building Construction:4726/Kensington,"Add/Alt 1 or 2 Fam,Increase DU",6/9/2023,5/24/2024,https://aca-prod.accela.com/SANDIEGO/Cap/CapDetail.aspx?Module=DSD&TabName=DSD&capID1=REC22&capID2=00000&capID3=027CO&agencyCode=SANDIEGO&IsToShowInspection=,https://aca-prod.accela.com/SANDIEGO/Cap/CapDetail.aspx?Module=DSD&TabName=DSD&capID1=REC23&capID2=00000&capID3=01QZE&agencyCode=SANDIEGO&IsToShowInspection=,2
PMT-3176694,"4536 Idaho St, San Diego, CA",PRJ-1070450,Inspection Followup,General-Express-Building Construction:4534/Idaho,Five or More Family Apt,9/15/2022,9/9/2024,https://aca-prod.accela.com/SANDIEGO/Cap/CapDetail.aspx?Module=DSD&TabName=DSD&capID1=REC22&capID2=00000&capID3=029DA&agencyCode=SANDIEGO&IsToShowInspection=,https://aca-prod.accela.com/SANDIEGO/Cap/CapDetail.aspx?Module=DSD&TabName=DSD&capID1=REC22&capID2=00000&capID3=02D6R&agencyCode=SANDIEGO&IsToShowInspection=,3
PMT-3176981,"1121 Colusa St, San Diego, CA 92110",PRJ-1070840,Inspection Followup,General-Express-Building Construction:1121/Colusa,Five or More Family Condo,9/16/2022,11/1/2023,https://aca-prod.accela.com/SANDIEGO/Cap/CapDetail.aspx?Module=DSD&TabName=DSD&capID1=REC22&capID2=00000&capID3=02AXU&agencyCode=SANDIEGO&IsToShowInspection=,https://aca-prod.accela.com/SANDIEGO/Cap/CapDetail.aspx?Module=DSD&TabName=DSD&capID1=REC22&capID2=00000&capID3=02DR0&agencyCode=SANDIEGO&IsToShowInspection=,3
PMT-3175852,"806 27th St, San Diego, CA",PRJ-1070877,Inspection Followup,General-Express-Building Construction:806/27th,Five or More Family Apt,9/12/2022,1/6/2025,https://aca-prod.accela.com/SANDIEGO/Cap/CapDetail.aspx?Module=DSD&TabName=DSD&capID1=REC22&capID2=00000&capID3=02B3J&agencyCode=SANDIEGO&IsToShowInspection=,https://aca-prod.accela.com/SANDIEGO/Cap/CapDetail.aspx?Module=DSD&TabName=DSD&capID1=REC22&capID2=00000&capID3=02BLU&agencyCode=SANDIEGO&IsToShowInspection=,5
PMT-3175879,"2019 Chicago St, San Diego, CA 92110",PRJ-1070976,Issued,General-Express-Building Construction:2019/Chicago,Five or More Family Apt,9/12/2022,9/11/2024,https://aca-prod.accela.com/SANDIEGO/Cap/CapDetail.aspx?Module=DSD&TabName=DSD&capID1=REC22&capID2=00000&capID3=02BEW&agencyCode=SANDIEGO&IsToShowInspection=,https://aca-prod.accela.com/SANDIEGO/Cap/CapDetail.aspx?Module=DSD&TabName=DSD&capID1=REC22&capID2=00000&capID3=02BNL&agencyCode=SANDIEGO&IsToShowInspection=,1
PMT-3180642,"5256 Adams Av, San Diego, CA 92115",PRJ-1071205,Inspection Followup,General-Standard-Combination Building Permit:5256/Adams,Add/Alt Companion Unit/Acc Apt,10/6/2022,10/23/2023,https://aca-prod.accela.com/SANDIEGO/Cap/CapDetail.aspx?Module=DSD&TabName=DSD&capID1=REC22&capID2=00000&capID3=02CA8&agencyCode=SANDIEGO&IsToShowInspection=,https://aca-prod.accela.com/SANDIEGO/Cap/CapDetail.aspx?Module=DSD&TabName=DSD&capID1=REC22&capID2=00000&capID3=02LJ6&agencyCode=SANDIEGO&IsToShowInspection=,1
PMT-3180677,"5252 Adams Av, San Diego, CA 92115",PRJ-1071205,Inspection Followup,General-Standard-Combination Building Permit:5256/Adams,Add/Alt Companion Unit/Acc Apt,10/6/2022,2/12/2024,https://aca-prod.accela.com/SANDIEGO/Cap/CapDetail.aspx?Module=DSD&TabName=DSD&capID1=REC22&capID2=00000&capID3=02CA8&agencyCode=SANDIEGO&IsToShowInspection=,https://aca-prod.accela.com/SANDIEGO/Cap/CapDetail.aspx?Module=DSD&TabName=DSD&capID1=REC22&capID2=00000&capID3=02LLW&agencyCode=SANDIEGO&IsToShowInspection=,1
PMT-3180684,"5254 Adams Av, San Diego, CA 92115",PRJ-1071205,Inspection Followup,General-Standard-Combination Building Permit:5256/Adams,Add/Alt Companion Unit/Acc Apt,10/6/2022,2/12/2024,https://aca-prod.accela.com/SANDIEGO/Cap/CapDetail.aspx?Module=DSD&TabName=DSD&capID1=REC22&capID2=00000&capID3=02CA8&agencyCode=SANDIEGO&IsToShowInspection=,https://aca-prod.accela.com/SANDIEGO/Cap/CapDetail.aspx?Module=DSD&TabName=DSD&capID1=REC22&capID2=00000&capID3=02LM8&agencyCode=SANDIEGO&IsToShowInspection=,1
PMT-3195176,"3588 Princeton Av, San Diego, CA 92117",PRJ-1071507,Issued,General-Standard-Building Construction:3588/Princeton,Add/Alt Companion Unit/Acc Apt,12/23/2022,8/14/2024,https://aca-prod.accela.com/SANDIEGO/Cap/CapDetail.aspx?Module=DSD&TabName=DSD&capID1=REC22&capID2=00000&capID3=02DMF&agencyCode=SANDIEGO&IsToShowInspection=,https://aca-prod.accela.com/SANDIEGO/Cap/CapDetail.aspx?Module=DSD&TabName=DSD&capID1=REC22&capID2=00000&capID3=03IRV&agencyCode=SANDIEGO&IsToShowInspection=,1
PMT-3177790,"4140 Oregon St, San Diego, CA",PRJ-1071524,Issued,Actively Managed-Express-Building Construction:4140/Oregon,Five or More Family Apt,9/21/2022,9/12/2024,https://aca-prod.accela.com/SANDIEGO/Cap/CapDetail.aspx?Module=DSD&TabName=DSD&capID1=REC22&capID2=00000&capID3=02DP0&agencyCode=SANDIEGO&IsToShowInspection=,https://aca-prod.accela.com/SANDIEGO/Cap/CapDetail.aspx?Module=DSD&TabName=DSD&capID1=REC22&capID2=00000&capID3=02FDL&agencyCode=SANDIEGO&IsToShowInspection=,6
PMT-3178615,"3801 Richmond St, San Diego, CA 92103",PRJ-1071690,Inspection Followup,Actively Managed-Standard-Building Construction:3801/Richmond,Five or More Family Apt,9/26/2022,9/19/2024,https://aca-prod.accela.com/SANDIEGO/Cap/CapDetail.aspx?Module=DSD&TabName=DSD&capID1=REC22&capID2=00000&capID3=02EJ4&agencyCode=SANDIEGO&IsToShowInspection=,https://aca-prod.accela.com/SANDIEGO/Cap/CapDetail.aspx?Module=DSD&TabName=DSD&capID1=REC22&capID2=00000&capID3=02H2M&agencyCode=SANDIEGO&IsToShowInspection=,1
PMT-3181127,"1320 Broadway, San Diego, CA",PRJ-1071979,Inspection Followup,Actively Managed-Express-Building Construction:1320/Broadway,Five or More Family Apt,10/10/2022,11/17/2023,https://aca-prod.accela.com/SANDIEGO/Cap/CapDetail.aspx?Module=DSD&TabName=DSD&capID1=REC22&capID2=00000&capID3=02FW9&agencyCode=SANDIEGO&IsToShowInspection=,https://aca-prod.accela.com/SANDIEGO/Cap/CapDetail.aspx?Module=DSD&TabName=DSD&capID1=REC22&capID2=00000&capID3=02MKW&agencyCode=SANDIEGO&IsToShowInspection=,270
PMT-3185944,"4972 54th St, San Diego, CA",PRJ-1072023,Issued,General-Standard-Building Construction:4972/54th,Add/Alt Companion Unit/Acc Apt,11/4/2022,5/16/2024,https://aca-prod.accela.com/SANDIEGO/Cap/CapDetail.aspx?Module=DSD&TabName=DSD&capID1=REC22&capID2=00000&capID3=02G0G&agencyCode=SANDIEGO&IsToShowInspection=,https://aca-prod.accela.com/SANDIEGO/Cap/CapDetail.aspx?Module=DSD&TabName=DSD&capID1=REC22&capID2=00000&capID3=02XPF&agencyCode=SANDIEGO&IsToShowInspection=,1
PMT-3185945,"4972 54th St, San Diego, CA",PRJ-1072023,Issued,General-Standard-Building Construction:4972/54th,Add/Alt Companion Unit/Acc Apt,11/4/2022,5/16/2024,https://aca-prod.accela.com/SANDIEGO/Cap/CapDetail.aspx?Module=DSD&TabName=DSD&capID1=REC22&capID2=00000&capID3=02G0G&agencyCode=SANDIEGO&IsToShowInspection=,https://aca-prod.accela.com/SANDIEGO/Cap/CapDetail.aspx?Module=DSD&TabName=DSD&capID1=REC22&capID2=00000&capID3=02XPH&agencyCode=SANDIEGO&IsToShowInspection=,1
PMT-3185946,"4972 54th St, San Diego, CA",PRJ-1072023,Issued,General-Standard-Building Construction:4972/54th,Add/Alt Companion Unit/Acc Apt,11/4/2022,5/16/2024,https://aca-prod.accela.com/SANDIEGO/Cap/CapDetail.aspx?Module=DSD&TabName=DSD&capID1=REC22&capID2=00000&capID3=02G0G&agencyCode=SANDIEGO&IsToShowInspection=,https://aca-prod.accela.com/SANDIEGO/Cap/CapDetail.aspx?Module=DSD&TabName=DSD&capID1=REC22&capID2=00000&capID3=02XPJ&agencyCode=SANDIEGO&IsToShowInspection=,1
PMT-3185947,"4972 54th St, San Diego, CA",PRJ-1072023,Issued,General-Standard-Building Construction:4972/54th,Add/Alt Companion Unit/Acc Apt,11/4/2022,5/16/2024,https://aca-prod.accela.com/SANDIEGO/Cap/CapDetail.aspx?Module=DSD&TabName=DSD&capID1=REC22&capID2=00000&capID3=02G0G&agencyCode=SANDIEGO&IsToShowInspection=,https://aca-prod.accela.com/SANDIEGO/Cap/CapDetail.aspx?Module=DSD&TabName=DSD&capID1=REC22&capID2=00000&capID3=02XPL&agencyCode=SANDIEGO&IsToShowInspection=,1
PMT-3185950,"4972 54th St, San Diego, CA",PRJ-1072023,Issued,General-Standard-Building Construction:4972/54th,Add/Alt Companion Unit/Acc Apt,11/4/2022,5/16/2024,https://aca-prod.accela.com/SANDIEGO/Cap/CapDetail.aspx?Module=DSD&TabName=DSD&capID1=REC22&capID2=00000&capID3=02G0G&agencyCode=SANDIEGO&IsToShowInspection=,https://aca-prod.accela.com/SANDIEGO/Cap/CapDetail.aspx?Module=DSD&TabName=DSD&capID1=REC22&capID2=00000&capID3=02XPT&agencyCode=SANDIEGO&IsToShowInspection=,1
PMT-3180076,"730 Cotton St, San Diego, CA 92102",PRJ-1072385,Cancelled Application Expired,General-Standard-Building Construction:734/Cotton,Add/Alt Companion Unit/Acc Apt,10/4/2022,,https://aca-prod.accela.com/SANDIEGO/Cap/CapDetail.aspx?Module=DSD&TabName=DSD&capID1=REC22&capID2=00000&capID3=02HBK&agencyCode=SANDIEGO&IsToShowInspection=,https://aca-prod.accela.com/SANDIEGO/Cap/CapDetail.aspx?Module=DSD&TabName=DSD&capID1=REC22&capID2=00000&capID3=02KA3&agencyCode=SANDIEGO&IsToShowInspection=,2
PMT-3186198,"5110 69th St, San Diego, CA 92115",PRJ-1072473,Inspection Followup,General-Standard-Combination Building Permit:5106/69th,"Add/Alt 1 or 2 Fam,Increase DU",11/7/2022,1/10/2024,https://aca-prod.accela.com/SANDIEGO/Cap/CapDetail.aspx?Module=DSD&TabName=DSD&capID1=REC22&capID2=00000&capID3=02HM7&agencyCode=SANDIEGO&IsToShowInspection=,https://aca-prod.accela.com/SANDIEGO/Cap/CapDetail.aspx?Module=DSD&TabName=DSD&capID1=REC22&capID2=00000&capID3=02YAZ&agencyCode=SANDIEGO&IsToShowInspection=,1
PMT-3186199,"5106 69th St, San Diego, CA 92115",PRJ-1072473,Inspection Followup,General-Standard-Combination Building Permit:5106/69th,"Add/Alt 1 or 2 Fam,Increase DU",11/7/2022,1/10/2024,https://aca-prod.accela.com/SANDIEGO/Cap/CapDetail.aspx?Module=DSD&TabName=DSD&capID1=REC22&capID2=00000&capID3=02HM7&agencyCode=SANDIEGO&IsToShowInspection=,https://aca-prod.accela.com/SANDIEGO/Cap/CapDetail.aspx?Module=DSD&TabName=DSD&capID1=REC22&capID2=00000&capID3=02YB1&agencyCode=SANDIEGO&IsToShowInspection=,1
PMT-3186022,"1233 33rd St, San Diego, CA 92102",PRJ-1072478,Inspection Followup,General-Standard-Building Construction:1233/33rd,Add/Alt Companion Unit/Acc Apt,11/4/2022,12/12/2024,https://aca-prod.accela.com/SANDIEGO/Cap/CapDetail.aspx?Module=DSD&TabName=DSD&capID1=REC22&capID2=00000&capID3=02HMV&agencyCode=SANDIEGO&IsToShowInspection=,https://aca-prod.accela.com/SANDIEGO/Cap/CapDetail.aspx?Module=DSD&TabName=DSD&capID1=REC22&capID2=00000&capID3=02XTP&agencyCode=SANDIEGO&IsToShowInspection=,1
PMT-3180395,"5310 Seacliff Pl, San Diego, CA 92154",PRJ-1072892,Closed,Building Construction -,,10/5/2022,7/6/2023,https://aca-prod.accela.com/SANDIEGO/Cap/CapDetail.aspx?Module=DSD&TabName=DSD&capID1=REC22&capID2=00000&capID3=02JCD&agencyCode=SANDIEGO&IsToShowInspection=,https://aca-prod.accela.com/SANDIEGO/Cap/CapDetail.aspx?Module=DSD&TabName=DSD&capID1=REC22&capID2=00000&capID3=02KYZ&agencyCode=SANDIEGO&IsToShowInspection=,5
PMT-3180430,"5360 Seacliff Pl, San Diego, CA 92154",PRJ-1072892,Closed,Building Construction -,,10/5/2022,5/25/2023,https://aca-prod.accela.com/SANDIEGO/Cap/CapDetail.aspx?Module=DSD&TabName=DSD&capID1=REC22&capID2=00000&capID3=02JCD&agencyCode=SANDIEGO&IsToShowInspection=,https://aca-prod.accela.com/SANDIEGO/Cap/CapDetail.aspx?Module=DSD&TabName=DSD&capID1=REC22&capID2=00000&capID3=02L1O&agencyCode=SANDIEGO&IsToShowInspection=,6
PMT-3180439,"5350 Seacliff Pl, San Diego, CA 92154",PRJ-1072892,Closed,Building Construction -,,10/5/2022,3/25/2024,https://aca-prod.accela.com/SANDIEGO/Cap/CapDetail.aspx?Module=DSD&TabName=DSD&capID1=REC22&capID2=00000&capID3=02JCD&agencyCode=SANDIEGO&IsToShowInspection=,https://aca-prod.accela.com/SANDIEGO/Cap/CapDetail.aspx?Module=DSD&TabName=DSD&capID1=REC22&capID2=00000&capID3=02L2D&agencyCode=SANDIEGO&IsToShowInspection=,6
PMT-3185210,"5202 Sunset Wave Dr, San Diego, CA 92154",PRJ-1072892,Closed,Building Construction -,,11/1/2022,6/6/2023,https://aca-prod.accela.com/SANDIEGO/Cap/CapDetail.aspx?Module=DSD&TabName=DSD&capID1=REC22&capID2=00000&capID3=02JCD&agencyCode=SANDIEGO&IsToShowInspection=,https://aca-prod.accela.com/SANDIEGO/Cap/CapDetail.aspx?Module=DSD&TabName=DSD&capID1=REC22&capID2=00000&capID3=02W12&agencyCode=SANDIEGO&IsToShowInspection=,6
PMT-3185218,"5212 Sunset Wave Dr, San Diego, CA 92154",PRJ-1072892,Closed,Building Construction -,,11/1/2022,6/30/2023,https://aca-prod.accela.com/SANDIEGO/Cap/CapDetail.aspx?Module=DSD&TabName=DSD&capID1=REC22&capID2=00000&capID3=02JCD&agencyCode=SANDIEGO&IsToShowInspection=,https://aca-prod.accela.com/SANDIEGO/Cap/CapDetail.aspx?Module=DSD&TabName=DSD&capID1=REC22&capID2=00000&capID3=02W1D&agencyCode=SANDIEGO&IsToShowInspection=,6
PMT-3185223,"5305 Seacliff Pl, San Diego, CA 92154",PRJ-1072892,Closed,Building Construction -,,11/1/2022,7/18/2023,https://aca-prod.accela.com/SANDIEGO/Cap/CapDetail.aspx?Module=DSD&TabName=DSD&capID1=REC22&capID2=00000&capID3=02JCD&agencyCode=SANDIEGO&IsToShowInspection=,https://aca-prod.accela.com/SANDIEGO/Cap/CapDetail.aspx?Module=DSD&TabName=DSD&capID1=REC22&capID2=00000&capID3=02W1L&agencyCode=SANDIEGO&IsToShowInspection=,8
PMT-3185229,"5340 Seacliff Pl, San Diego, CA 92154",PRJ-1072892,Closed,Building Construction -,,11/1/2022,3/25/2024,https://aca-prod.accela.com/SANDIEGO/Cap/CapDetail.aspx?Module=DSD&TabName=DSD&capID1=REC22&capID2=00000&capID3=02JCD&agencyCode=SANDIEGO&IsToShowInspection=,https://aca-prod.accela.com/SANDIEGO/Cap/CapDetail.aspx?Module=DSD&TabName=DSD&capID1=REC22&capID2=00000&capID3=02W1S&agencyCode=SANDIEGO&IsToShowInspection=,7
PMT-3185235,"5330 Seacliff Pl, San Diego, CA 92154",PRJ-1072892,Closed,Building Construction -,,11/1/2022,3/25/2024,https://aca-prod.accela.com/SANDIEGO/Cap/CapDetail.aspx?Module=DSD&TabName=DSD&capID1=REC22&capID2=00000&capID3=02JCD&agencyCode=SANDIEGO&IsToShowInspection=,https://aca-prod.accela.com/SANDIEGO/Cap/CapDetail.aspx?Module=DSD&TabName=DSD&capID1=REC22&capID2=00000&capID3=02W26&agencyCode=SANDIEGO&IsToShowInspection=,7
PMT-3185240,"5325 Seacliff Pl, San Diego, CA 92154",PRJ-1072892,Closed,Building Construction -,,11/1/2022,10/12/2023,https://aca-prod.accela.com/SANDIEGO/Cap/CapDetail.aspx?Module=DSD&TabName=DSD&capID1=REC22&capID2=00000&capID3=02JCD&agencyCode=SANDIEGO&IsToShowInspection=,https://aca-prod.accela.com/SANDIEGO/Cap/CapDetail.aspx?Module=DSD&TabName=DSD&capID1=REC22&capID2=00000&capID3=02W2C&agencyCode=SANDIEGO&IsToShowInspection=,7
PMT-3185245,"5335 Seacliff Pl, San Diego, CA 92154",PRJ-1072892,Closed,Building Construction -,,11/1/2022,10/5/2023,https://aca-prod.accela.com/SANDIEGO/Cap/CapDetail.aspx?Module=DSD&TabName=DSD&capID1=REC22&capID2=00000&capID3=02JCD&agencyCode=SANDIEGO&IsToShowInspection=,https://aca-prod.accela.com/SANDIEGO/Cap/CapDetail.aspx?Module=DSD&TabName=DSD&capID1=REC22&capID2=00000&capID3=02W2J&agencyCode=SANDIEGO&IsToShowInspection=,7
PMT-3185250,"5345 Seacliff Pl, San Diego, CA 92154",PRJ-1072892,Closed,Building Construction -,,11/1/2022,9/1/2023,https://aca-prod.accela.com/SANDIEGO/Cap/CapDetail.aspx?Module=DSD&TabName=DSD&capID1=REC22&capID2=00000&capID3=02JCD&agencyCode=SANDIEGO&IsToShowInspection=,https://aca-prod.accela.com/SANDIEGO/Cap/CapDetail.aspx?Module=DSD&TabName=DSD&capID1=REC22&capID2=00000&capID3=02W2O&agencyCode=SANDIEGO&IsToShowInspection=,7
PMT-3185255,"5355 Seacliff Pl, San Diego, CA 92154",PRJ-1072892,Closed,Building Construction -,,11/1/2022,8/14/2023,https://aca-prod.accela.com/SANDIEGO/Cap/CapDetail.aspx?Module=DSD&TabName=DSD&capID1=REC22&capID2=00000&capID3=02JCD&agencyCode=SANDIEGO&IsToShowInspection=,https://aca-prod.accela.com/SANDIEGO/Cap/CapDetail.aspx?Module=DSD&TabName=DSD&capID1=REC22&capID2=00000&capID3=02W2U&agencyCode=SANDIEGO&IsToShowInspection=,7
PMT-3180095,"6311 Inman St, San Diego, CA 92111",PRJ-1073002,Opened,General-Standard-Building Construction:6311/Inman,Five or More Family Apt,10/4/2022,,https://aca-prod.accela.com/SANDIEGO/Cap/CapDetail.aspx?Module=DSD&TabName=DSD&capID1=REC22&capID2=00000&capID3=02JWY&agencyCode=SANDIEGO&IsToShowInspection=,https://aca-prod.accela.com/SANDIEGO/Cap/CapDetail.aspx?Module=DSD&TabName=DSD&capID1=REC22&capID2=00000&capID3=02KBT&agencyCode=SANDIEGO&IsToShowInspection=,1
PMT-3181115,"2285 Ulric St, San Diego, CA",PRJ-1073423,Inspection Followup,General-Expedite-Building Construction:2285/Ulric,Five or More Family Condo,10/10/2022,5/8/2024,https://aca-prod.accela.com/SANDIEGO/Cap/CapDetail.aspx?Module=DSD&TabName=DSD&capID1=REC22&capID2=00000&capID3=02M2U&agencyCode=SANDIEGO&IsToShowInspection=,https://aca-prod.accela.com/SANDIEGO/Cap/CapDetail.aspx?Module=DSD&TabName=DSD&capID1=REC22&capID2=00000&capID3=02MJX&agencyCode=SANDIEGO&IsToShowInspection=,13
PMT-3185489,"6283 Lorca Dr, San Diego, CA 92115",PRJ-1073447,Closed,General-Standard-Building Construction:6285/Lorca,Add/Alt Companion Unit/Acc Apt,11/2/2022,12/31/2024,https://aca-prod.accela.com/SANDIEGO/Cap/CapDetail.aspx?Module=DSD&TabName=DSD&capID1=REC22&capID2=00000&capID3=02M6M&agencyCode=SANDIEGO&IsToShowInspection=,https://aca-prod.accela.com/SANDIEGO/Cap/CapDetail.aspx?Module=DSD&TabName=DSD&capID1=REC22&capID2=00000&capID3=02WMS&agencyCode=SANDIEGO&IsToShowInspection=,1
PMT-3185494,"6283 Lorca Dr, San Diego, CA 92115",PRJ-1073447,Closed,General-Standard-Building Construction:6285/Lorca,Add/Alt Companion Unit/Acc Apt,11/2/2022,1/23/2024,https://aca-prod.accela.com/SANDIEGO/Cap/CapDetail.aspx?Module=DSD&TabName=DSD&capID1=REC22&capID2=00000&capID3=02M6M&agencyCode=SANDIEGO&IsToShowInspection=,https://aca-prod.accela.com/SANDIEGO/Cap/CapDetail.aspx?Module=DSD&TabName=DSD&capID1=REC22&capID2=00000&capID3=02WN4&agencyCode=SANDIEGO&IsToShowInspection=,1
PMT-3182187,"324 S Pardee St, San Diego, CA",PRJ-1073463,Inspection Followup,General-Expedite-Combination Building Permit:324/Pardee,Add/Alt Companion Unit/Acc Apt,10/14/2022,8/17/2023,https://aca-prod.accela.com/SANDIEGO/Cap/CapDetail.aspx?Module=DSD&TabName=DSD&capID1=REC22&capID2=00000&capID3=02MAT&agencyCode=SANDIEGO&IsToShowInspection=,https://aca-prod.accela.com/SANDIEGO/Cap/CapDetail.aspx?Module=DSD&TabName=DSD&capID1=REC22&capID2=00000&capID3=02OVG&agencyCode=SANDIEGO&IsToShowInspection=,1
PMT-3182202,"324 S Pardee St, San Diego, CA",PRJ-1073463,Inspection Followup,General-Expedite-Combination Building Permit:324/Pardee,Add/Alt Companion Unit/Acc Apt,10/14/2022,9/5/2023,https://aca-prod.accela.com/SANDIEGO/Cap/CapDetail.aspx?Module=DSD&TabName=DSD&capID1=REC22&capID2=00000&capID3=02MAT&agencyCode=SANDIEGO&IsToShowInspection=,https://aca-prod.accela.com/SANDIEGO/Cap/CapDetail.aspx?Module=DSD&TabName=DSD&capID1=REC22&capID2=00000&capID3=02OWB&agencyCode=SANDIEGO&IsToShowInspection=,1
PMT-3189670,"3946 Louisiana St, San Diego, CA 92104",PRJ-1073464,Issued,General-Standard-Building Construction:3946/Louisiana,Five or More Family Apt,11/25/2022,5/30/2025,https://aca-prod.accela.com/SANDIEGO/Cap/CapDetail.aspx?Module=DSD&TabName=DSD&capID1=REC22&capID2=00000&capID3=02MB1&agencyCode=SANDIEGO&IsToShowInspection=,https://aca-prod.accela.com/SANDIEGO/Cap/CapDetail.aspx?Module=DSD&TabName=DSD&capID1=REC22&capID2=00000&capID3=035LN&agencyCode=SANDIEGO&IsToShowInspection=,5
PMT-3188202,"4366 Ohio St, San Diego, CA",PRJ-1074062,Opened,General-Express-Building Construction:4366/Ohio,Five or More Family Apt,11/16/2022,,https://aca-prod.accela.com/SANDIEGO/Cap/CapDetail.aspx?Module=DSD&TabName=DSD&capID1=REC22&capID2=00000&capID3=02P4P&agencyCode=SANDIEGO&IsToShowInspection=,https://aca-prod.accela.com/SANDIEGO/Cap/CapDetail.aspx?Module=DSD&TabName=DSD&capID1=REC22&capID2=00000&capID3=032IY&agencyCode=SANDIEGO&IsToShowInspection=,6
PMT-3191785,"4417 30th St, San Diego, CA",PRJ-1074066,Issued,General-Express-Building Construction:4417/30th,Five or More Family Apt,12/6/2022,6/2/2025,https://aca-prod.accela.com/SANDIEGO/Cap/CapDetail.aspx?Module=DSD&TabName=DSD&capID1=REC22&capID2=00000&capID3=02P5L&agencyCode=SANDIEGO&IsToShowInspection=,https://aca-prod.accela.com/SANDIEGO/Cap/CapDetail.aspx?Module=DSD&TabName=DSD&capID1=REC22&capID2=00000&capID3=03AH9&agencyCode=SANDIEGO&IsToShowInspection=,6
PMT-3182795,"4153 Cherokee Av, San Diego, CA",PRJ-1074218,Opened,General-Express-Building Construction:4151/Cherokee,Five or More Family Condo,10/18/2022,,https://aca-prod.accela.com/SANDIEGO/Cap/CapDetail.aspx?Module=DSD&TabName=DSD&capID1=REC22&capID2=00000&capID3=02PRW&agencyCode=SANDIEGO&IsToShowInspection=,https://aca-prod.accela.com/SANDIEGO/Cap/CapDetail.aspx?Module=DSD&TabName=DSD&capID1=REC22&capID2=00000&capID3=02QB8&agencyCode=SANDIEGO&IsToShowInspection=,4
PMT-3183163,"4533 63rd St, San Diego, CA",PRJ-1074237,Inspection Followup,General-Standard-Combination Building Permit:4535/63rd,Add/Alt Companion Unit/Acc Apt,10/20/2022,10/29/2023,https://aca-prod.accela.com/SANDIEGO/Cap/CapDetail.aspx?Module=DSD&TabName=DSD&capID1=REC22&capID2=00000&capID3=02PVH&agencyCode=SANDIEGO&IsToShowInspection=,https://aca-prod.accela.com/SANDIEGO/Cap/CapDetail.aspx?Module=DSD&TabName=DSD&capID1=REC22&capID2=00000&capID3=02R6P&agencyCode=SANDIEGO&IsToShowInspection=,1
PMT-3192075,"3559 Central Av, San Diego, CA",PRJ-1074472,Cancelled,General-Express-Building Construction:3563/Central,Add/Alt Companion Unit/Acc Apt,12/8/2022,,https://aca-prod.accela.com/SANDIEGO/Cap/CapDetail.aspx?Module=DSD&TabName=DSD&capID1=REC22&capID2=00000&capID3=02QVJ&agencyCode=SANDIEGO&IsToShowInspection=,https://aca-prod.accela.com/SANDIEGO/Cap/CapDetail.aspx?Module=DSD&TabName=DSD&capID1=REC22&capID2=00000&capID3=03B1R&agencyCode=SANDIEGO&IsToShowInspection=,2
PMT-3235402,"3563 Central Av, San Diego, CA",PRJ-1074472,Issued,General-Express-Building Construction:3563/Central,Add/Alt Companion Unit/Acc Apt,7/20/2023,5/1/2024,https://aca-prod.accela.com/SANDIEGO/Cap/CapDetail.aspx?Module=DSD&TabName=DSD&capID1=REC22&capID2=00000&capID3=02QVJ&agencyCode=SANDIEGO&IsToShowInspection=,https://aca-prod.accela.com/SANDIEGO/Cap/CapDetail.aspx?Module=DSD&TabName=DSD&capID1=REC23&capID2=00000&capID3=025CO&agencyCode=SANDIEGO&IsToShowInspection=,1
PMT-3183791,"2022 Meade Av, San Diego, CA",PRJ-1074478,Issued,General-Standard-Combination Building Permit:2022/Meade,Add/Alt Companion Unit/Acc Apt,10/25/2022,8/2/2023,https://aca-prod.accela.com/SANDIEGO/Cap/CapDetail.aspx?Module=DSD&TabName=DSD&capID1=REC22&capID2=00000&capID3=02QXL&agencyCode=SANDIEGO&IsToShowInspection=,https://aca-prod.accela.com/SANDIEGO/Cap/CapDetail.aspx?Module=DSD&TabName=DSD&capID1=REC22&capID2=00000&capID3=02SWQ&agencyCode=SANDIEGO&IsToShowInspection=,1
PMT-3183687,"2327 Comstock St, San Diego, CA 92111",PRJ-1074771,Opened,General-Standard-Building Permit:2327/Comstock,Add/Alt Companion Unit/Acc Apt,10/24/2022,,https://aca-prod.accela.com/SANDIEGO/Cap/CapDetail.aspx?Module=DSD&TabName=DSD&capID1=REC22&capID2=00000&capID3=02S0L&agencyCode=SANDIEGO&IsToShowInspection=,https://aca-prod.accela.com/SANDIEGO/Cap/CapDetail.aspx?Module=DSD&TabName=DSD&capID1=REC22&capID2=00000&capID3=02SMO&agencyCode=SANDIEGO&IsToShowInspection=,3
PMT-3184309,"4350 Cleveland Av, San Diego, CA 92103",PRJ-1074917,Issued,General-Express-Building Construction:4350/Cleveland,Add/Alt NonRes Bldg or Struct,10/27/2022,4/16/2024,https://aca-prod.accela.com/SANDIEGO/Cap/CapDetail.aspx?Module=DSD&TabName=DSD&capID1=REC22&capID2=00000&capID3=02SKL&agencyCode=SANDIEGO&IsToShowInspection=,https://aca-prod.accela.com/SANDIEGO/Cap/CapDetail.aspx?Module=DSD&TabName=DSD&capID1=REC22&capID2=00000&capID3=02U00&agencyCode=SANDIEGO&IsToShowInspection=,3
PMT-3187070,"1333 Fern St, San Diego, CA 92102",PRJ-1074941,Cancelled Application Expired,General-Standard-Building Construction:1331/Fern,Add/Alt Companion Unit/Acc Apt,11/10/2022,,https://aca-prod.accela.com/SANDIEGO/Cap/CapDetail.aspx?Module=DSD&TabName=DSD&capID1=REC22&capID2=00000&capID3=02SOW&agencyCode=SANDIEGO&IsToShowInspection=,https://aca-prod.accela.com/SANDIEGO/Cap/CapDetail.aspx?Module=DSD&TabName=DSD&capID1=REC22&capID2=00000&capID3=0301D&agencyCode=SANDIEGO&IsToShowInspection=,1
PMT-3184944,"1202 Gertrude St, San Diego, CA",PRJ-1075197,Inspection Followup,General-Standard-Building Construction:1202/Gertrude,Add/Alt Companion Unit/Acc Apt,10/31/2022,6/6/2024,https://aca-prod.accela.com/SANDIEGO/Cap/CapDetail.aspx?Module=DSD&TabName=DSD&capID1=REC22&capID2=00000&capID3=02TS0&agencyCode=SANDIEGO&IsToShowInspection=,https://aca-prod.accela.com/SANDIEGO/Cap/CapDetail.aspx?Module=DSD&TabName=DSD&capID1=REC22&capID2=00000&capID3=02VGX&agencyCode=SANDIEGO&IsToShowInspection=,1
PMT-3184945,"1202 Gertrude St, San Diego, CA",PRJ-1075197,Inspection Followup,General-Standard-Building Construction:1202/Gertrude,Add/Alt Companion Unit/Acc Apt,10/31/2022,6/6/2024,https://aca-prod.accela.com/SANDIEGO/Cap/CapDetail.aspx?Module=DSD&TabName=DSD&capID1=REC22&capID2=00000&capID3=02TS0&agencyCode=SANDIEGO&IsToShowInspection=,https://aca-prod.accela.com/SANDIEGO/Cap/CapDetail.aspx?Module=DSD&TabName=DSD&capID1=REC22&capID2=00000&capID3=02VGY&agencyCode=SANDIEGO&IsToShowInspection=,1
PMT-3184946,"1202 Gertrude St, San Diego, CA",PRJ-1075197,Inspection Followup,General-Standard-Building Construction:1202/Gertrude,Add/Alt Companion Unit/Acc Apt,10/31/2022,6/6/2024,https://aca-prod.accela.com/SANDIEGO/Cap/CapDetail.aspx?Module=DSD&TabName=DSD&capID1=REC22&capID2=00000&capID3=02TS0&agencyCode=SANDIEGO&IsToShowInspection=,https://aca-prod.accela.com/SANDIEGO/Cap/CapDetail.aspx?Module=DSD&TabName=DSD&capID1=REC22&capID2=00000&capID3=02VGZ&agencyCode=SANDIEGO&IsToShowInspection=,1
PMT-3187015,"2696 Mission Village Dr, San Diego, CA",PRJ-1075690,Inspection Followup,General-Express-Building Construction:2696/Mission Village,Five or More Family Apt,11/10/2022,3/21/2024,https://aca-prod.accela.com/SANDIEGO/Cap/CapDetail.aspx?Module=DSD&TabName=DSD&capID1=REC22&capID2=00000&capID3=02W95&agencyCode=SANDIEGO&IsToShowInspection=,https://aca-prod.accela.com/SANDIEGO/Cap/CapDetail.aspx?Module=DSD&TabName=DSD&capID1=REC22&capID2=00000&capID3=02ZWG&agencyCode=SANDIEGO&IsToShowInspection=,2
PMT-3188573,"1701 Imperial Av, San Diego, CA",PRJ-1076100,Opened,General-Express-Building Construction:1701/Imperial,Five or More Family Apt,11/18/2022,,https://aca-prod.accela.com/SANDIEGO/Cap/CapDetail.aspx?Module=DSD&TabName=DSD&capID1=REC22&capID2=00000&capID3=02Y1B&agencyCode=SANDIEGO&IsToShowInspection=,https://aca-prod.accela.com/SANDIEGO/Cap/CapDetail.aspx?Module=DSD&TabName=DSD&capID1=REC22&capID2=00000&capID3=033CY&agencyCode=SANDIEGO&IsToShowInspection=,12
PMT-3187067,"7765 Mesa College Dr, San Diego, CA",PRJ-1076126,Opened,General-Express-Building Construction:7765/Mesa College,Five or More Family Apt,11/10/2022,,https://aca-prod.accela.com/SANDIEGO/Cap/CapDetail.aspx?Module=DSD&TabName=DSD&capID1=REC22&capID2=00000&capID3=02Y4N&agencyCode=SANDIEGO&IsToShowInspection=,https://aca-prod.accela.com/SANDIEGO/Cap/CapDetail.aspx?Module=DSD&TabName=DSD&capID1=REC22&capID2=00000&capID3=03017&agencyCode=SANDIEGO&IsToShowInspection=,5
PMT-3187163,"2635 Magnolia Av, San Diego, CA 92109",PRJ-1076139,Closed,General-Express-Building Construction:2635/Magnolia,Add/Alt Companion Unit/Acc Apt,11/10/2022,9/20/2023,https://aca-prod.accela.com/SANDIEGO/Cap/CapDetail.aspx?Module=DSD&TabName=DSD&capID1=REC22&capID2=00000&capID3=02Y5U&agencyCode=SANDIEGO&IsToShowInspection=,https://aca-prod.accela.com/SANDIEGO/Cap/CapDetail.aspx?Module=DSD&TabName=DSD&capID1=REC22&capID2=00000&capID3=0309M&agencyCode=SANDIEGO&IsToShowInspection=,1
PMT-3188349,"1111 Kettner Bl, San Diego, CA",PRJ-1076339,Issued,Actively Managed-Express-Building Construction:1111/Kettner,Five or More Family Apt,11/17/2022,11/12/2024,https://aca-prod.accela.com/SANDIEGO/Cap/CapDetail.aspx?Module=DSD&TabName=DSD&capID1=REC22&capID2=00000&capID3=02Z53&agencyCode=SANDIEGO&IsToShowInspection=,https://aca-prod.accela.com/SANDIEGO/Cap/CapDetail.aspx?Module=DSD&TabName=DSD&capID1=REC22&capID2=00000&capID3=032TV&agencyCode=SANDIEGO&IsToShowInspection=,3
PMT-3188039,"3222 Mission Village Dr, San Diego, CA",PRJ-1076402,Inspection Followup,General-Express-Building Construction:3222/Mission Village,Five or More Family Apt,11/16/2022,4/24/2024,https://aca-prod.accela.com/SANDIEGO/Cap/CapDetail.aspx?Module=DSD&TabName=DSD&capID1=REC22&capID2=00000&capID3=02ZB6&agencyCode=SANDIEGO&IsToShowInspection=,https://aca-prod.accela.com/SANDIEGO/Cap/CapDetail.aspx?Module=DSD&TabName=DSD&capID1=REC22&capID2=00000&capID3=03258&agencyCode=SANDIEGO&IsToShowInspection=,2
PMT-3188696,"1080 30th St, San Diego, CA",PRJ-1076640,Inspection Followup,Actively Managed-Express-Building Construction:2985/C,Five or More Family Apt,11/18/2022,12/4/2024,https://aca-prod.accela.com/SANDIEGO/Cap/CapDetail.aspx?Module=DSD&TabName=DSD&capID1=REC22&capID2=00000&capID3=0306X&agencyCode=SANDIEGO&IsToShowInspection=,https://aca-prod.accela.com/SANDIEGO/Cap/CapDetail.aspx?Module=DSD&TabName=DSD&capID1=REC22&capID2=00000&capID3=033LL&agencyCode=SANDIEGO&IsToShowInspection=,11
PMT-3190489,"5040 Logan Av, San Diego, CA",PRJ-1076741,Issued,Actively Managed-Express-Building Construction:5040/Logan,Five or More Family Apt,11/30/2022,6/11/2025,https://aca-prod.accela.com/SANDIEGO/Cap/CapDetail.aspx?Module=DSD&TabName=DSD&capID1=REC22&capID2=00000&capID3=030JX&agencyCode=SANDIEGO&IsToShowInspection=,https://aca-prod.accela.com/SANDIEGO/Cap/CapDetail.aspx?Module=DSD&TabName=DSD&capID1=REC22&capID2=00000&capID3=0382P&agencyCode=SANDIEGO&IsToShowInspection=,22
PMT-3196285,"4439 Clairemont Mesa Bl, San Diego, CA",PRJ-1076842,Opened,General-Express-Building Construction:4439/Clairemont Mesa,Industrial Building,1/3/2023,,https://aca-prod.accela.com/SANDIEGO/Cap/CapDetail.aspx?Module=DSD&TabName=DSD&capID1=REC22&capID2=00000&capID3=030Z6&agencyCode=SANDIEGO&IsToShowInspection=,https://aca-prod.accela.com/SANDIEGO/Cap/CapDetail.aspx?Module=DSD&TabName=DSD&capID1=REC23&capID2=00000&capID3=000O9&agencyCode=SANDIEGO&IsToShowInspection=,7
PMT-3188963,"4627 Adair St, San Diego, CA 92107",PRJ-1076854,Closed,General-Standard-Combination Building Permit:4627/Adair,Add/Alt Companion Unit/Acc Apt,11/21/2022,11/16/2023,https://aca-prod.accela.com/SANDIEGO/Cap/CapDetail.aspx?Module=DSD&TabName=DSD&capID1=REC22&capID2=00000&capID3=0310P&agencyCode=SANDIEGO&IsToShowInspection=,https://aca-prod.accela.com/SANDIEGO/Cap/CapDetail.aspx?Module=DSD&TabName=DSD&capID1=REC22&capID2=00000&capID3=0343I&agencyCode=SANDIEGO&IsToShowInspection=,1
PMT-3189155,"3057 National Av, San Diego, CA 92113",PRJ-1076923,Cancelled Application Expired,General-Expedite-Building Construction:3057/National,Five or More Family Condo,11/22/2022,,https://aca-prod.accela.com/SANDIEGO/Cap/CapDetail.aspx?Module=DSD&TabName=DSD&capID1=REC22&capID2=00000&capID3=031CC&agencyCode=SANDIEGO&IsToShowInspection=,https://aca-prod.accela.com/SANDIEGO/Cap/CapDetail.aspx?Module=DSD&TabName=DSD&capID1=REC22&capID2=00000&capID3=034HX&agencyCode=SANDIEGO&IsToShowInspection=,1
PMT-3189208,"4110 46th St, San Diego, CA",PRJ-1076974,Inspection Followup,General-Standard-Building Construction:4108/46th,Add/Alt Companion Unit/Acc Apt,11/22/2022,10/2/2023,https://aca-prod.accela.com/SANDIEGO/Cap/CapDetail.aspx?Module=DSD&TabName=DSD&capID1=REC22&capID2=00000&capID3=031L8&agencyCode=SANDIEGO&IsToShowInspection=,https://aca-prod.accela.com/SANDIEGO/Cap/CapDetail.aspx?Module=DSD&TabName=DSD&capID1=REC22&capID2=00000&capID3=034LA&agencyCode=SANDIEGO&IsToShowInspection=,1
PMT-3196640,"4080 32nd St, San Diego, CA",PRJ-1077011,Issued,General-Express-Building Construction:4080/32nd,,1/4/2023,10/8/2024,https://aca-prod.accela.com/SANDIEGO/Cap/CapDetail.aspx?Module=DSD&TabName=DSD&capID1=REC22&capID2=00000&capID3=031TW&agencyCode=SANDIEGO&IsToShowInspection=,https://aca-prod.accela.com/SANDIEGO/Cap/CapDetail.aspx?Module=DSD&TabName=DSD&capID1=REC23&capID2=00000&capID3=001FH&agencyCode=SANDIEGO&IsToShowInspection=,8
PMT-3189466,"1233 Hueneme St, San Diego, CA 92110",PRJ-1077036,Inspection Followup,Actively Managed-Express-Building Construction:1233/Hueneme,Five or More Family Apt,11/23/2022,2/5/2025,https://aca-prod.accela.com/SANDIEGO/Cap/CapDetail.aspx?Module=DSD&TabName=DSD&capID1=REC22&capID2=00000&capID3=031XO&agencyCode=SANDIEGO&IsToShowInspection=,https://aca-prod.accela.com/SANDIEGO/Cap/CapDetail.aspx?Module=DSD&TabName=DSD&capID1=REC22&capID2=00000&capID3=03543&agencyCode=SANDIEGO&IsToShowInspection=,8
PMT-3198741,"4656 Firestone St, San Diego, CA 92117",PRJ-1077039,Opened,General-Standard-Combination Building Permit:4656/Firestone,Add/Alt Companion Unit/Acc Apt,1/15/2023,,https://aca-prod.accela.com/SANDIEGO/Cap/CapDetail.aspx?Module=DSD&TabName=DSD&capID1=REC22&capID2=00000&capID3=031YJ&agencyCode=SANDIEGO&IsToShowInspection=,https://aca-prod.accela.com/SANDIEGO/Cap/CapDetail.aspx?Module=DSD&TabName=DSD&capID1=REC23&capID2=00000&capID3=0058R&agencyCode=SANDIEGO&IsToShowInspection=,1
PMT-3198742,"4656 Firestone St, San Diego, CA 92117",PRJ-1077039,Opened,General-Standard-Combination Building Permit:4656/Firestone,Add/Alt Companion Unit/Acc Apt,1/15/2023,,https://aca-prod.accela.com/SANDIEGO/Cap/CapDetail.aspx?Module=DSD&TabName=DSD&capID1=REC22&capID2=00000&capID3=031YJ&agencyCode=SANDIEGO&IsToShowInspection=,https://aca-prod.accela.com/SANDIEGO/Cap/CapDetail.aspx?Module=DSD&TabName=DSD&capID1=REC23&capID2=00000&capID3=0058S&agencyCode=SANDIEGO&IsToShowInspection=,2
PMT-3198743,"4656 Firestone St, San Diego, CA 92117",PRJ-1077039,Opened,General-Standard-Combination Building Permit:4656/Firestone,Add/Alt Companion Unit/Acc Apt,1/15/2023,,https://aca-prod.accela.com/SANDIEGO/Cap/CapDetail.aspx?Module=DSD&TabName=DSD&capID1=REC22&capID2=00000&capID3=031YJ&agencyCode=SANDIEGO&IsToShowInspection=,https://aca-prod.accela.com/SANDIEGO/Cap/CapDetail.aspx?Module=DSD&TabName=DSD&capID1=REC23&capID2=00000&capID3=0058T&agencyCode=SANDIEGO&IsToShowInspection=,1
PMT-3196529,"4495 Montalvo St, San Diego, CA",PRJ-1077040,Cancelled Application Expired,General-Standard-Building Construction:4495/Montalvo,Add/Alt Companion Unit/Acc Apt,1/4/2023,,https://aca-prod.accela.com/SANDIEGO/Cap/CapDetail.aspx?Module=DSD&TabName=DSD&capID1=REC22&capID2=00000&capID3=031YN&agencyCode=SANDIEGO&IsToShowInspection=,https://aca-prod.accela.com/SANDIEGO/Cap/CapDetail.aspx?Module=DSD&TabName=DSD&capID1=REC23&capID2=00000&capID3=0016D&agencyCode=SANDIEGO&IsToShowInspection=,1
PMT-3190387,"2451 State St, San Diego, CA",PRJ-1077392,Cancelled Application Expired,General-Express-Building Construction:2451/State,Five or More Family Apt,11/30/2022,,https://aca-prod.accela.com/SANDIEGO/Cap/CapDetail.aspx?Module=DSD&TabName=DSD&capID1=REC22&capID2=00000&capID3=033NI&agencyCode=SANDIEGO&IsToShowInspection=,https://aca-prod.accela.com/SANDIEGO/Cap/CapDetail.aspx?Module=DSD&TabName=DSD&capID1=REC22&capID2=00000&capID3=037PW&agencyCode=SANDIEGO&IsToShowInspection=,119
PMT-3190242,"2921 Ulric St, San Diego, CA",PRJ-1077519,Inspection Followup,General-Standard-Building Construction:2917/Ulric,Add/Alt Companion Unit/Acc Apt,11/29/2022,8/9/2024,https://aca-prod.accela.com/SANDIEGO/Cap/CapDetail.aspx?Module=DSD&TabName=DSD&capID1=REC22&capID2=00000&capID3=034BX&agencyCode=SANDIEGO&IsToShowInspection=,https://aca-prod.accela.com/SANDIEGO/Cap/CapDetail.aspx?Module=DSD&TabName=DSD&capID1=REC22&capID2=00000&capID3=03741&agencyCode=SANDIEGO&IsToShowInspection=,1
PMT-3190249,"2917 Ulric St, San Diego, CA",PRJ-1077519,Inspection Followup,General-Standard-Building Construction:2917/Ulric,Add/Alt Companion Unit/Acc Apt,11/29/2022,8/9/2024,https://aca-prod.accela.com/SANDIEGO/Cap/CapDetail.aspx?Module=DSD&TabName=DSD&capID1=REC22&capID2=00000&capID3=034BX&agencyCode=SANDIEGO&IsToShowInspection=,https://aca-prod.accela.com/SANDIEGO/Cap/CapDetail.aspx?Module=DSD&TabName=DSD&capID1=REC22&capID2=00000&capID3=0374C&agencyCode=SANDIEGO&IsToShowInspection=,1
PMT-3199172,"1816 Bancroft St, San Diego, CA 92102",PRJ-1077524,Inspection Followup,General-Standard-Building Construction:1816/Bancroft,Add/Alt Companion Unit/Acc Apt,1/18/2023,4/3/2024,https://aca-prod.accela.com/SANDIEGO/Cap/CapDetail.aspx?Module=DSD&TabName=DSD&capID1=REC22&capID2=00000&capID3=034DI&agencyCode=SANDIEGO&IsToShowInspection=,https://aca-prod.accela.com/SANDIEGO/Cap/CapDetail.aspx?Module=DSD&TabName=DSD&capID1=REC23&capID2=00000&capID3=0063V&agencyCode=SANDIEGO&IsToShowInspection=,1
PMT-3199237,"4161 Clairemont Dr, San Diego, CA",PRJ-1077526,Cancelled Application Expired,General-Standard-Building Construction:4161/Clairemont,Add/Alt Companion Unit/Acc Apt,1/18/2023,,https://aca-prod.accela.com/SANDIEGO/Cap/CapDetail.aspx?Module=DSD&TabName=DSD&capID1=REC22&capID2=00000&capID3=034DV&agencyCode=SANDIEGO&IsToShowInspection=,https://aca-prod.accela.com/SANDIEGO/Cap/CapDetail.aspx?Module=DSD&TabName=DSD&capID1=REC23&capID2=00000&capID3=0067R&agencyCode=SANDIEGO&IsToShowInspection=,1
PMT-3199241,"4161 Clairemont Dr, San Diego, CA",PRJ-1077526,Cancelled Application Expired,General-Standard-Building Construction:4161/Clairemont,Add/Alt Companion Unit/Acc Apt,1/18/2023,,https://aca-prod.accela.com/SANDIEGO/Cap/CapDetail.aspx?Module=DSD&TabName=DSD&capID1=REC22&capID2=00000&capID3=034DV&agencyCode=SANDIEGO&IsToShowInspection=,https://aca-prod.accela.com/SANDIEGO/Cap/CapDetail.aspx?Module=DSD&TabName=DSD&capID1=REC23&capID2=00000&capID3=0067X&agencyCode=SANDIEGO&IsToShowInspection=,1
PMT-3199243,"4161 Clairemont Dr, San Diego, CA",PRJ-1077526,Cancelled Application Expired,General-Standard-Building Construction:4161/Clairemont,Add/Alt Companion Unit/Acc Apt,1/18/2023,,https://aca-prod.accela.com/SANDIEGO/Cap/CapDetail.aspx?Module=DSD&TabName=DSD&capID1=REC22&capID2=00000&capID3=034DV&agencyCode=SANDIEGO&IsToShowInspection=,https://aca-prod.accela.com/SANDIEGO/Cap/CapDetail.aspx?Module=DSD&TabName=DSD&capID1=REC23&capID2=00000&capID3=00682&agencyCode=SANDIEGO&IsToShowInspection=,1
PMT-3199244,"4161 Clairemont Dr, San Diego, CA",PRJ-1077526,Cancelled Application Expired,General-Standard-Building Construction:4161/Clairemont,Add/Alt Companion Unit/Acc Apt,1/18/2023,,https://aca-prod.accela.com/SANDIEGO/Cap/CapDetail.aspx?Module=DSD&TabName=DSD&capID1=REC22&capID2=00000&capID3=034DV&agencyCode=SANDIEGO&IsToShowInspection=,https://aca-prod.accela.com/SANDIEGO/Cap/CapDetail.aspx?Module=DSD&TabName=DSD&capID1=REC23&capID2=00000&capID3=00684&agencyCode=SANDIEGO&IsToShowInspection=,1
PMT-3192909,"11673 George Cooke Express Dr, San Diego, CA",PRJ-1077558,Inspection Followup,Actively Managed-Express-Building Construction:11675/George Cooke Express,,12/13/2022,11/2/2023,https://aca-prod.accela.com/SANDIEGO/Cap/CapDetail.aspx?Module=DSD&TabName=DSD&capID1=REC22&capID2=00000&capID3=034I6&agencyCode=SANDIEGO&IsToShowInspection=,https://aca-prod.accela.com/SANDIEGO/Cap/CapDetail.aspx?Module=DSD&TabName=DSD&capID1=REC22&capID2=00000&capID3=03CLJ&agencyCode=SANDIEGO&IsToShowInspection=,100
PMT-3201242,"3450 El Cajon Bl, San Diego, CA 92104",PRJ-1077714,Inspection Followup,General-Standard-Building Construction:3450/El Cajon,,1/31/2023,1/21/2025,https://aca-prod.accela.com/SANDIEGO/Cap/CapDetail.aspx?Module=DSD&TabName=DSD&capID1=REC22&capID2=00000&capID3=035BS&agencyCode=SANDIEGO&IsToShowInspection=,https://aca-prod.accela.com/SANDIEGO/Cap/CapDetail.aspx?Module=DSD&TabName=DSD&capID1=REC23&capID2=00000&capID3=00A32&agencyCode=SANDIEGO&IsToShowInspection=,3
PMT-3190659,"4433 Cherokee Av, San Diego, CA",PRJ-1077907,Inspection Followup,General-Standard-Building Construction:4433/Cherokee,Add/Alt Acc Bldgs to 3+ Fam,12/1/2022,4/9/2025,https://aca-prod.accela.com/SANDIEGO/Cap/CapDetail.aspx?Module=DSD&TabName=DSD&capID1=REC22&capID2=00000&capID3=036SP&agencyCode=SANDIEGO&IsToShowInspection=,https://aca-prod.accela.com/SANDIEGO/Cap/CapDetail.aspx?Module=DSD&TabName=DSD&capID1=REC22&capID2=00000&capID3=038L9&agencyCode=SANDIEGO&IsToShowInspection=,1
PMT-3192053,"5255 Mount Etna Dr, San Diego, CA",PRJ-1078098,Inspection Followup,Actively Managed-Express-Building Construction:5255/Mount Etna,Five or More Family Apt,12/8/2022,8/7/2023,https://aca-prod.accela.com/SANDIEGO/Cap/CapDetail.aspx?Module=DSD&TabName=DSD&capID1=REC22&capID2=00000&capID3=03856&agencyCode=SANDIEGO&IsToShowInspection=,https://aca-prod.accela.com/SANDIEGO/Cap/CapDetail.aspx?Module=DSD&TabName=DSD&capID1=REC22&capID2=00000&capID3=03B0J&agencyCode=SANDIEGO&IsToShowInspection=,230
PMT-3191631,"4490 Collwood Bl, San Diego, CA",PRJ-1078186,Inspection Followup,General-Express-Building Construction:4490/Collwood,Add/Alt Companion Unit/Acc Apt,12/6/2022,7/15/2024,https://aca-prod.accela.com/SANDIEGO/Cap/CapDetail.aspx?Module=DSD&TabName=DSD&capID1=REC22&capID2=00000&capID3=038P7&agencyCode=SANDIEGO&IsToShowInspection=,https://aca-prod.accela.com/SANDIEGO/Cap/CapDetail.aspx?Module=DSD&TabName=DSD&capID1=REC22&capID2=00000&capID3=03A7R&agencyCode=SANDIEGO&IsToShowInspection=,1
PMT-3198244,"1650 Harvey Milk St, San Diego, CA 92103",PRJ-1078388,Inspection Followup,Actively Managed-Express-Building Construction:1650/Harvey Milk,Five or More Family Apt,1/11/2023,5/23/2025,https://aca-prod.accela.com/SANDIEGO/Cap/CapDetail.aspx?Module=DSD&TabName=DSD&capID1=REC22&capID2=00000&capID3=039H3&agencyCode=SANDIEGO&IsToShowInspection=,https://aca-prod.accela.com/SANDIEGO/Cap/CapDetail.aspx?Module=DSD&TabName=DSD&capID1=REC23&capID2=00000&capID3=004C8&agencyCode=SANDIEGO&IsToShowInspection=,3
PMT-3199328,"2783 Broadway, San Diego, CA 92102",PRJ-1078426,Cancelled Application Expired,General-Standard-Building Construction:2783/Broadway,Five or More Family Apt,1/19/2023,,https://aca-prod.accela.com/SANDIEGO/Cap/CapDetail.aspx?Module=DSD&TabName=DSD&capID1=REC22&capID2=00000&capID3=039SI&agencyCode=SANDIEGO&IsToShowInspection=,https://aca-prod.accela.com/SANDIEGO/Cap/CapDetail.aspx?Module=DSD&TabName=DSD&capID1=REC23&capID2=00000&capID3=006EY&agencyCode=SANDIEGO&IsToShowInspection=,2
PMT-3191978,"5555 Mildred St, San Diego, CA 92110",PRJ-1078493,Cancelled Application Expired,Actively Managed-Expedite-Building Construction:5555/Mildred,Five or More Family Apt,12/7/2022,,https://aca-prod.accela.com/SANDIEGO/Cap/CapDetail.aspx?Module=DSD&TabName=DSD&capID1=REC22&capID2=00000&capID3=03A1M&agencyCode=SANDIEGO&IsToShowInspection=,https://aca-prod.accela.com/SANDIEGO/Cap/CapDetail.aspx?Module=DSD&TabName=DSD&capID1=REC22&capID2=00000&capID3=03AU0&agencyCode=SANDIEGO&IsToShowInspection=,11
PMT-3191958,"2004 04th Av, San Diego, CA",PRJ-1078502,Issued,Actively Managed-Standard-Building Construction:2004/04th,Five or More Family Apt,12/7/2022,7/1/2025,https://aca-prod.accela.com/SANDIEGO/Cap/CapDetail.aspx?Module=DSD&TabName=DSD&capID1=REC22&capID2=00000&capID3=03A2F&agencyCode=SANDIEGO&IsToShowInspection=,https://aca-prod.accela.com/SANDIEGO/Cap/CapDetail.aspx?Module=DSD&TabName=DSD&capID1=REC22&capID2=00000&capID3=03ASU&agencyCode=SANDIEGO&IsToShowInspection=,11
PMT-3198751,"6736 Linda Vista Rd, San Diego, CA 92111",PRJ-1078752,Opened,General-Standard-Building Construction:6738/Linda Vista,Five or More Family Apt,1/15/2023,,https://aca-prod.accela.com/SANDIEGO/Cap/CapDetail.aspx?Module=DSD&TabName=DSD&capID1=REC22&capID2=00000&capID3=03B0Z&agencyCode=SANDIEGO&IsToShowInspection=,https://aca-prod.accela.com/SANDIEGO/Cap/CapDetail.aspx?Module=DSD&TabName=DSD&capID1=REC23&capID2=00000&capID3=00595&agencyCode=SANDIEGO&IsToShowInspection=,19
PMT-3193323,"4264 Whittier St, San Diego, CA",PRJ-1078868,Issued,Actively Managed-Express-Building Construction:4264/Whittier,Five or More Family Apt,12/14/2022,6/4/2024,https://aca-prod.accela.com/SANDIEGO/Cap/CapDetail.aspx?Module=DSD&TabName=DSD&capID1=REC22&capID2=00000&capID3=03BFL&agencyCode=SANDIEGO&IsToShowInspection=,https://aca-prod.accela.com/SANDIEGO/Cap/CapDetail.aspx?Module=DSD&TabName=DSD&capID1=REC22&capID2=00000&capID3=03DAW&agencyCode=SANDIEGO&IsToShowInspection=,1
PMT-3192663,"4030 43rd St, San Diego, CA",PRJ-1078924,Inspection Followup,Actively Managed-Express-Building Construction:4030/43rd,"Add/Alt 3+, No Chg DU",12/12/2022,1/19/2024,https://aca-prod.accela.com/SANDIEGO/Cap/CapDetail.aspx?Module=DSD&TabName=DSD&capID1=REC22&capID2=00000&capID3=03BML&agencyCode=SANDIEGO&IsToShowInspection=,https://aca-prod.accela.com/SANDIEGO/Cap/CapDetail.aspx?Module=DSD&TabName=DSD&capID1=REC22&capID2=00000&capID3=03C4N&agencyCode=SANDIEGO&IsToShowInspection=,11
PMT-3192678,"4030 43rd St, San Diego, CA",PRJ-1078924,Inspection Followup,Actively Managed-Express-Building Construction:4030/43rd,"Add/Alt 3+ Fam, Decrease DU",12/12/2022,1/19/2024,https://aca-prod.accela.com/SANDIEGO/Cap/CapDetail.aspx?Module=DSD&TabName=DSD&capID1=REC22&capID2=00000&capID3=03BML&agencyCode=SANDIEGO&IsToShowInspection=,https://aca-prod.accela.com/SANDIEGO/Cap/CapDetail.aspx?Module=DSD&TabName=DSD&capID1=REC22&capID2=00000&capID3=03C5S&agencyCode=SANDIEGO&IsToShowInspection=,9
PMT-3193830,"4030 43rd St, San Diego, CA",PRJ-1078924,Inspection Followup,Actively Managed-Express-Building Construction:4030/43rd,Five or More Family Apt,12/16/2022,1/19/2024,https://aca-prod.accela.com/SANDIEGO/Cap/CapDetail.aspx?Module=DSD&TabName=DSD&capID1=REC22&capID2=00000&capID3=03BML&agencyCode=SANDIEGO&IsToShowInspection=,https://aca-prod.accela.com/SANDIEGO/Cap/CapDetail.aspx?Module=DSD&TabName=DSD&capID1=REC22&capID2=00000&capID3=03EZM&agencyCode=SANDIEGO&IsToShowInspection=,45
PMT-3200916,"2888 University Av, San Diego, CA",PRJ-1078928,Opened,General-Express-Building Construction:3910/Kansas,Five or More Family Apt,1/29/2023,,https://aca-prod.accela.com/SANDIEGO/Cap/CapDetail.aspx?Module=DSD&TabName=DSD&capID1=REC22&capID2=00000&capID3=03BNA&agencyCode=SANDIEGO&IsToShowInspection=,https://aca-prod.accela.com/SANDIEGO/Cap/CapDetail.aspx?Module=DSD&TabName=DSD&capID1=REC23&capID2=00000&capID3=009HQ&agencyCode=SANDIEGO&IsToShowInspection=,2
PMT-3192953,"12422 Miranda Wy, San Diego, CA 92129",PRJ-1078949,Issued,Express- Master Plan SDU:14455/Penasquitos,Two family Condominium,12/13/2022,1/10/2025,https://aca-prod.accela.com/SANDIEGO/Cap/CapDetail.aspx?Module=DSD&TabName=DSD&capID1=REC22&capID2=00000&capID3=03BQJ&agencyCode=SANDIEGO&IsToShowInspection=,https://aca-prod.accela.com/SANDIEGO/Cap/CapDetail.aspx?Module=DSD&TabName=DSD&capID1=REC22&capID2=00000&capID3=03COB&agencyCode=SANDIEGO&IsToShowInspection=,2
PMT-3192954,"12362 Addison Wy, San Diego, CA 92129",PRJ-1078949,Approved Upon Final Payment,Express- Master Plan SDU:14455/Penasquitos,Two family Condominium,12/13/2022,,https://aca-prod.accela.com/SANDIEGO/Cap/CapDetail.aspx?Module=DSD&TabName=DSD&capID1=REC22&capID2=00000&capID3=03BQJ&agencyCode=SANDIEGO&IsToShowInspection=,https://aca-prod.accela.com/SANDIEGO/Cap/CapDetail.aspx?Module=DSD&TabName=DSD&capID1=REC22&capID2=00000&capID3=03COD&agencyCode=SANDIEGO&IsToShowInspection=,2
PMT-3192955,"12616 Elizabeth Wy, San Diego, CA",PRJ-1078949,Closed,Express- Master Plan SDU:14455/Penasquitos,Two family Condominium,12/13/2022,12/12/2023,https://aca-prod.accela.com/SANDIEGO/Cap/CapDetail.aspx?Module=DSD&TabName=DSD&capID1=REC22&capID2=00000&capID3=03BQJ&agencyCode=SANDIEGO&IsToShowInspection=,https://aca-prod.accela.com/SANDIEGO/Cap/CapDetail.aspx?Module=DSD&TabName=DSD&capID1=REC22&capID2=00000&capID3=03COF&agencyCode=SANDIEGO&IsToShowInspection=,2
PMT-3192960,"12661 Elizabeth Wy, San Diego, CA",PRJ-1078949,Closed,Express- Master Plan SDU:14455/Penasquitos,Two family Condominium,12/13/2022,4/17/2024,https://aca-prod.accela.com/SANDIEGO/Cap/CapDetail.aspx?Module=DSD&TabName=DSD&capID1=REC22&capID2=00000&capID3=03BQJ&agencyCode=SANDIEGO&IsToShowInspection=,https://aca-prod.accela.com/SANDIEGO/Cap/CapDetail.aspx?Module=DSD&TabName=DSD&capID1=REC22&capID2=00000&capID3=03COR&agencyCode=SANDIEGO&IsToShowInspection=,2
PMT-3192961,"15115 Leia Wy, San Diego, CA",PRJ-1078949,Closed,Express- Master Plan SDU:14455/Penasquitos,Two family Condominium,12/13/2022,4/17/2024,https://aca-prod.accela.com/SANDIEGO/Cap/CapDetail.aspx?Module=DSD&TabName=DSD&capID1=REC22&capID2=00000&capID3=03BQJ&agencyCode=SANDIEGO&IsToShowInspection=,https://aca-prod.accela.com/SANDIEGO/Cap/CapDetail.aspx?Module=DSD&TabName=DSD&capID1=REC22&capID2=00000&capID3=03COT&agencyCode=SANDIEGO&IsToShowInspection=,2
PMT-3192963,"12521 Taylor Wy, San Diego, CA 92129",PRJ-1078949,Closed,Express- Master Plan SDU:14455/Penasquitos,Two family Condominium,12/13/2022,5/21/2024,https://aca-prod.accela.com/SANDIEGO/Cap/CapDetail.aspx?Module=DSD&TabName=DSD&capID1=REC22&capID2=00000&capID3=03BQJ&agencyCode=SANDIEGO&IsToShowInspection=,https://aca-prod.accela.com/SANDIEGO/Cap/CapDetail.aspx?Module=DSD&TabName=DSD&capID1=REC22&capID2=00000&capID3=03COW&agencyCode=SANDIEGO&IsToShowInspection=,2
PMT-3192964,"12532 Taylor Wy, San Diego, CA 92129",PRJ-1078949,Closed,Express- Master Plan SDU:14455/Penasquitos,Two family Condominium,12/13/2022,7/16/2024,https://aca-prod.accela.com/SANDIEGO/Cap/CapDetail.aspx?Module=DSD&TabName=DSD&capID1=REC22&capID2=00000&capID3=03BQJ&agencyCode=SANDIEGO&IsToShowInspection=,https://aca-prod.accela.com/SANDIEGO/Cap/CapDetail.aspx?Module=DSD&TabName=DSD&capID1=REC22&capID2=00000&capID3=03COY&agencyCode=SANDIEGO&IsToShowInspection=,2
PMT-3193121,"12461 Miranda Wy, San Diego, CA 92129",PRJ-1078949,Issued,Express- Master Plan SDU:14455/Penasquitos,Two family Condominium,12/14/2022,1/10/2025,https://aca-prod.accela.com/SANDIEGO/Cap/CapDetail.aspx?Module=DSD&TabName=DSD&capID1=REC22&capID2=00000&capID3=03BQJ&agencyCode=SANDIEGO&IsToShowInspection=,https://aca-prod.accela.com/SANDIEGO/Cap/CapDetail.aspx?Module=DSD&TabName=DSD&capID1=REC22&capID2=00000&capID3=03CXP&agencyCode=SANDIEGO&IsToShowInspection=,2
PMT-3193122,"12352 Addison Wy, San Diego, CA 92129",PRJ-1078949,Approved Upon Final Payment,Express- Master Plan SDU:14455/Penasquitos,Two family Condominium,12/14/2022,,https://aca-prod.accela.com/SANDIEGO/Cap/CapDetail.aspx?Module=DSD&TabName=DSD&capID1=REC22&capID2=00000&capID3=03BQJ&agencyCode=SANDIEGO&IsToShowInspection=,https://aca-prod.accela.com/SANDIEGO/Cap/CapDetail.aspx?Module=DSD&TabName=DSD&capID1=REC22&capID2=00000&capID3=03CXR&agencyCode=SANDIEGO&IsToShowInspection=,2
PMT-3193135,"12522 Taylor Wy, San Diego, CA 92129",PRJ-1078949,Closed,Express- Master Plan SDU:14455/Penasquitos,Two family Condominium,12/14/2022,5/21/2024,https://aca-prod.accela.com/SANDIEGO/Cap/CapDetail.aspx?Module=DSD&TabName=DSD&capID1=REC22&capID2=00000&capID3=03BQJ&agencyCode=SANDIEGO&IsToShowInspection=,https://aca-prod.accela.com/SANDIEGO/Cap/CapDetail.aspx?Module=DSD&TabName=DSD&capID1=REC22&capID2=00000&capID3=03CYB&agencyCode=SANDIEGO&IsToShowInspection=,2
PMT-3193136,"12431 Miranda Wy, San Diego, CA 92129",PRJ-1078949,Issued,Express- Master Plan SDU:14455/Penasquitos,Two family Condominium,12/14/2022,1/10/2025,https://aca-prod.accela.com/SANDIEGO/Cap/CapDetail.aspx?Module=DSD&TabName=DSD&capID1=REC22&capID2=00000&capID3=03BQJ&agencyCode=SANDIEGO&IsToShowInspection=,https://aca-prod.accela.com/SANDIEGO/Cap/CapDetail.aspx?Module=DSD&TabName=DSD&capID1=REC22&capID2=00000&capID3=03CYD&agencyCode=SANDIEGO&IsToShowInspection=,2
PMT-3149665,"4060 Euclid Av, San Diego, CA 92105",,,,,4/19/2022,,,https://aca-prod.accela.com/SANDIEGO/Cap/CapDetail.aspx?Module=DSD&TabName=DSD&capID1=REC22&capID2=00000&capID3=00XMM&agencyCode=SANDIEGO&IsToShowInspection=,
PMT-3155576,"5229 Rincon St, San Diego, CA",,,,,5/20/2022,,,https://aca-prod.accela.com/SANDIEGO/Cap/CapDetail.aspx?Module=DSD&TabName=DSD&capID1=REC22&capID2=00000&capID3=0188G&agencyCode=SANDIEGO&IsToShowInspection=,5
PMT-3159587,"2860 Webster Av, San Diego, CA 92113",,,,,6/13/2022,,,https://aca-prod.accela.com/SANDIEGO/Cap/CapDetail.aspx?Module=DSD&TabName=DSD&capID1=REC22&capID2=00000&capID3=01FEC&agencyCode=SANDIEGO&IsToShowInspection=,3
PMT-3160779,"1902 1/3 69th St, San Diego, CA",,,,,6/20/2022,,,https://aca-prod.accela.com/SANDIEGO/Cap/CapDetail.aspx?Module=DSD&TabName=DSD&capID1=REC22&capID2=00000&capID3=01HHR&agencyCode=SANDIEGO&IsToShowInspection=,1
PMT-3164600,"3014 Ulric Ct, San Diego, CA",,,,,7/12/2022,,,https://aca-prod.accela.com/SANDIEGO/Cap/CapDetail.aspx?Module=DSD&TabName=DSD&capID1=REC22&capID2=00000&capID3=01OTA&agencyCode=SANDIEGO&IsToShowInspection=,1
PMT-3164876,"3816 Villa Tr, San Diego, CA",,,,,7/13/2022,,,https://aca-prod.accela.com/SANDIEGO/Cap/CapDetail.aspx?Module=DSD&TabName=DSD&capID1=REC22&capID2=00000&capID3=01PE5&agencyCode=SANDIEGO&IsToShowInspection=,2
PMT-3164986,"128 Seaward Av, San Diego, CA",,Cancelled Application Expired,,Add/Alt Companion Unit/Acc Apt,7/13/2022,,,https://aca-prod.accela.com/SANDIEGO/Cap/CapDetail.aspx?Module=DSD&TabName=DSD&capID1=REC22&capID2=00000&capID3=01PLF&agencyCode=SANDIEGO&IsToShowInspection=,1
PMT-3164987,"128 Seaward Av, San Diego, CA",,Cancelled Application Expired,,Add/Alt Companion Unit/Acc Apt,7/13/2022,,,https://aca-prod.accela.com/SANDIEGO/Cap/CapDetail.aspx?Module=DSD&TabName=DSD&capID1=REC22&capID2=00000&capID3=01PLG&agencyCode=SANDIEGO&IsToShowInspection=,1
PMT-3164992,"128 Seaward Av, San Diego, CA",,Cancelled Application Expired,,Add/Alt Companion Unit/Acc Apt,7/13/2022,,,https://aca-prod.accela.com/SANDIEGO/Cap/CapDetail.aspx?Module=DSD&TabName=DSD&capID1=REC22&capID2=00000&capID3=01PLM&agencyCode=SANDIEGO&IsToShowInspection=,3
PMT-3177064,"3586 Princeton Av, San Diego, CA 92117",,Cancelled,,,9/16/2022,,,https://aca-prod.accela.com/SANDIEGO/Cap/CapDetail.aspx?Module=DSD&TabName=DSD&capID1=REC22&capID2=00000&capID3=02DVF&agencyCode=SANDIEGO&IsToShowInspection=,1
PMT-3177389,"3257 L St, San Diego, CA 92102",,Cancelled,,,9/20/2022,,,https://aca-prod.accela.com/SANDIEGO/Cap/CapDetail.aspx?Module=DSD&TabName=DSD&capID1=REC22&capID2=00000&capID3=02EL8&agencyCode=SANDIEGO&IsToShowInspection=,1
PMT-3180082,"6311 Inman St, San Diego, CA 92111",,Cancelled,,,10/4/2022,,,https://aca-prod.accela.com/SANDIEGO/Cap/CapDetail.aspx?Module=DSD&TabName=DSD&capID1=REC22&capID2=00000&capID3=02KAL&agencyCode=SANDIEGO&IsToShowInspection=,1
PMT-3195616,"4158 1/2 40th St, San Diego, CA 92105",,Cancelled,,,12/28/2022,,,https://aca-prod.accela.com/SANDIEGO/Cap/CapDetail.aspx?Module=DSD&TabName=DSD&capID1=REC22&capID2=00000&capID3=03JUH&agencyCode=SANDIEGO&IsToShowInspection=,1
PMT-3197293,"5418 Hewlett Dr, San Diego, CA 92115",,Cancelled,,,1/6/2023,,,https://aca-prod.accela.com/SANDIEGO/Cap/CapDetail.aspx?Module=DSD&TabName=DSD&capID1=REC23&capID2=00000&capID3=002S8&agencyCode=SANDIEGO&IsToShowInspection=,1
PMT-3201383,"3735 Central Av, San Diego, CA 92104",,Cancelled,,,1/31/2023,,,https://aca-prod.accela.com/SANDIEGO/Cap/CapDetail.aspx?Module=DSD&TabName=DSD&capID1=REC23&capID2=00000&capID3=00ADO&agencyCode=SANDIEGO&IsToShowInspection=,1
PMT-3204690,"15175 Andorra Wy, San Diego, CA 92129",,Cancelled,,,2/16/2023,,,https://aca-prod.accela.com/SANDIEGO/Cap/CapDetail.aspx?Module=DSD&TabName=DSD&capID1=REC23&capID2=00000&capID3=00GCQ&agencyCode=SANDIEGO&IsToShowInspection=,1
PMT-3205969,"6086 Estelle St, San Diego, CA 92115",,Cancelled,,,2/23/2023,,,https://aca-prod.accela.com/SANDIEGO/Cap/CapDetail.aspx?Module=DSD&TabName=DSD&capID1=REC23&capID2=00000&capID3=00IXU&agencyCode=SANDIEGO&IsToShowInspection=,1
PMT-3207133,"128 Seaward Av, San Diego, CA",,Cancelled Application Expired,,Add/Alt Companion Unit/Acc Apt,2/28/2023,,,https://aca-prod.accela.com/SANDIEGO/Cap/CapDetail.aspx?Module=DSD&TabName=DSD&capID1=REC23&capID2=00000&capID3=00L2C&agencyCode=SANDIEGO&IsToShowInspection=,1
PMT-3211659,"205 Hensley St, San Diego, CA",,Cancelled,,,3/23/2023,,,https://aca-prod.accela.com/SANDIEGO/Cap/CapDetail.aspx?Module=DSD&TabName=DSD&capID1=REC23&capID2=00000&capID3=00UDI&agencyCode=SANDIEGO&IsToShowInspection=,3
PMT-3212028,"3058 Island Av, San Diego, CA",,Cancelled,,,3/25/2023,,,https://aca-prod.accela.com/SANDIEGO/Cap/CapDetail.aspx?Module=DSD&TabName=DSD&capID1=REC23&capID2=00000&capID3=00V6I&agencyCode=SANDIEGO&IsToShowInspection=,3
PMT-3212030,"3060 Island Av, San Diego, CA 92102",,Cancelled,,,3/25/2023,,,https://aca-prod.accela.com/SANDIEGO/Cap/CapDetail.aspx?Module=DSD&TabName=DSD&capID1=REC23&capID2=00000&capID3=00V6N&agencyCode=SANDIEGO&IsToShowInspection=,3
PMT-3212031,"3062 Island Av, San Diego, CA",,Cancelled,,,3/25/2023,,,https://aca-prod.accela.com/SANDIEGO/Cap/CapDetail.aspx?Module=DSD&TabName=DSD&capID1=REC23&capID2=00000&capID3=00V6P&agencyCode=SANDIEGO&IsToShowInspection=,3
PMT-3213783,"6383 Broadway, San Diego, CA",,Cancelled,,,4/5/2023,,,https://aca-prod.accela.com/SANDIEGO/Cap/CapDetail.aspx?Module=DSD&TabName=DSD&capID1=REC23&capID2=00000&capID3=00ZAT&agencyCode=SANDIEGO&IsToShowInspection=,7
PMT-3215274,"2982 Greyling Dr, San Diego, CA",,Cancelled,,,4/12/2023,,,https://aca-prod.accela.com/SANDIEGO/Cap/CapDetail.aspx?Module=DSD&TabName=DSD&capID1=REC23&capID2=00000&capID3=012L2&agencyCode=SANDIEGO&IsToShowInspection=,1
PMT-3217896,"974 Missouri St, San Diego, CA",,Cancelled,,,4/25/2023,,,https://aca-prod.accela.com/SANDIEGO/Cap/CapDetail.aspx?Module=DSD&TabName=DSD&capID1=REC23&capID2=00000&capID3=018Q3&agencyCode=SANDIEGO&IsToShowInspection=,1
PMT-3219049,"3847 Clairemont Dr, San Diego, CA",,Cancelled,,,5/1/2023,,,https://aca-prod.accela.com/SANDIEGO/Cap/CapDetail.aspx?Module=DSD&TabName=DSD&capID1=REC23&capID2=00000&capID3=01BHO&agencyCode=SANDIEGO&IsToShowInspection=,1
PMT-3223377,"3312 Avenida De Portugal, San Diego, CA 92106",,Cancelled,,,5/22/2023,,,https://aca-prod.accela.com/SANDIEGO/Cap/CapDetail.aspx?Module=DSD&TabName=DSD&capID1=REC23&capID2=00000&capID3=01K3J&agencyCode=SANDIEGO&IsToShowInspection=,1
PMT-3231425,"3027 Luna Av, San Diego, CA",,Cancelled,,,6/30/2023,,,https://aca-prod.accela.com/SANDIEGO/Cap/CapDetail.aspx?Module=DSD&TabName=DSD&capID1=REC23&capID2=00000&capID3=01Y4W&agencyCode=SANDIEGO&IsToShowInspection=,1
PMT-3231471,"3037 Luna Av, San Diego, CA",,Cancelled,,,6/30/2023,,,https://aca-prod.accela.com/SANDIEGO/Cap/CapDetail.aspx?Module=DSD&TabName=DSD&capID1=REC23&capID2=00000&capID3=01Y7M&agencyCode=SANDIEGO&IsToShowInspection=,1
PMT-3238547,"2550 State St, San Diego, CA",,Cancelled,,,8/3/2023,,,https://aca-prod.accela.com/SANDIEGO/Cap/CapDetail.aspx?Module=DSD&TabName=DSD&capID1=REC23&capID2=00000&capID3=02BTU&agencyCode=SANDIEGO&IsToShowInspection=,1
PMT-3238744,"5238 Imperial Av, San Diego, CA",,Cancelled,,,8/4/2023,,,https://aca-prod.accela.com/SANDIEGO/Cap/CapDetail.aspx?Module=DSD&TabName=DSD&capID1=REC23&capID2=00000&capID3=02C55&agencyCode=SANDIEGO&IsToShowInspection=,2
PMT-3245536,"447 Ritchey St, San Diego, CA",,Cancelled,,,9/7/2023,,,https://aca-prod.accela.com/SANDIEGO/Cap/CapDetail.aspx?Module=DSD&TabName=DSD&capID1=REC23&capID2=00000&capID3=02N7V&agencyCode=SANDIEGO&IsToShowInspection=,14
PMT-3246073,"4648 Revillo Wy, San Diego, CA",,Cancelled,,Add/Alt Companion Unit/Acc Apt,9/11/2023,,,https://aca-prod.accela.com/SANDIEGO/Cap/CapDetail.aspx?Module=DSD&TabName=DSD&capID1=REC23&capID2=00000&capID3=02O1W&agencyCode=SANDIEGO&IsToShowInspection=,1
PMT-3246074,"4650 Revillo Wy, San Diego, CA",,Cancelled,,Add/Alt Companion Unit/Acc Apt,9/11/2023,,,https://aca-prod.accela.com/SANDIEGO/Cap/CapDetail.aspx?Module=DSD&TabName=DSD&capID1=REC23&capID2=00000&capID3=02O1Y&agencyCode=SANDIEGO&IsToShowInspection=,1
PMT-3246075,"4652 Revillo Wy, San Diego, CA",,Cancelled,,Add/Alt Companion Unit/Acc Apt,9/11/2023,,,https://aca-prod.accela.com/SANDIEGO/Cap/CapDetail.aspx?Module=DSD&TabName=DSD&capID1=REC23&capID2=00000&capID3=02O20&agencyCode=SANDIEGO&IsToShowInspection=,1
PMT-3252548,"2090 Capistrano St, San Diego, CA",,Cancelled,,,10/16/2023,,,https://aca-prod.accela.com/SANDIEGO/Cap/CapDetail.aspx?Module=DSD&TabName=DSD&capID1=REC23&capID2=00000&capID3=02YNY&agencyCode=SANDIEGO&IsToShowInspection=,1
PMT-3253652,"3326 Upas St, San Diego, CA",,Cancelled,,,10/20/2023,,,https://aca-prod.accela.com/SANDIEGO/Cap/CapDetail.aspx?Module=DSD&TabName=DSD&capID1=REC23&capID2=00000&capID3=03107&agencyCode=SANDIEGO&IsToShowInspection=,1
PMT-3270670,"4040 Normal St, San Diego, CA",,Cancelled,,,1/25/2024,,,https://aca-prod.accela.com/SANDIEGO/Cap/CapDetail.aspx?Module=DSD&TabName=DSD&capID1=REC24&capID2=00000&capID3=008AG&agencyCode=SANDIEGO&IsToShowInspection=,1
PMT-3294481,"7456 Skyline Dr, San Diego, CA",,Cancelled,,,6/3/2024,,,https://aca-prod.accela.com/SANDIEGO/Cap/CapDetail.aspx?Module=DSD&TabName=DSD&capID1=REC24&capID2=00000&capID3=01EZ7&agencyCode=SANDIEGO&IsToShowInspection=,1
PMT-3298074,"2587 Deauville St, San Diego, CA",,Cancelled,,,6/20/2024,,,https://aca-prod.accela.com/SANDIEGO/Cap/CapDetail.aspx?Module=DSD&TabName=DSD&capID1=REC24&capID2=00000&capID3=01KG1&agencyCode=SANDIEGO&IsToShowInspection=,1
2156539,5548 RILEY ST,609222,Completed,The Crawford Multifamily,Five or More Family Apt,6/6/2018,7/10/2019,https://opendsd.sandiego.gov/Web/Projects/Details/609222,https://opendsd.sandiego.gov/Web/Approvals/Details/2156539,1
2162360,2828 HOWARD AV,610921,Completed,Howard Apartments,Five or More Family Apt,6/20/2018,12/17/2019,https://opendsd.sandiego.gov/Web/Projects/Details/610921,https://opendsd.sandiego.gov/Web/Approvals/Details/2162360,1
2183993,4360 UTAH ST,615145,Completed,Utah St. New Apartments,Five or More Family Apt,8/13/2018,3/6/2020,https://opendsd.sandiego.gov/Web/Projects/Details/615145,https://opendsd.sandiego.gov/Web/Approvals/Details/2183993,2
2191550,3539 DEL REY ST,616621,Completed,Del Rey Courtyard Apartments,"Add/Alt 3+ Fam, Increase DU",8/30/2018,10/29/2019,https://opendsd.sandiego.gov/Web/Projects/Details/616621,https://opendsd.sandiego.gov/Web/Approvals/Details/2191550,1
2203064,530 42ND ST,619027,Created,42nd St Residential Complex,Five or More Family Apt,9/28/2018,,https://opendsd.sandiego.gov/Web/Projects/Details/619027,https://opendsd.sandiego.gov/Web/Approvals/Details/2203064,9
2203068,531 MORRISON ST,619027,Created,42nd St Residential Complex,Five or More Family Apt,9/28/2018,,https://opendsd.sandiego.gov/Web/Projects/Details/619027,https://opendsd.sandiego.gov/Web/Approvals/Details/2203068,9
2212281,1 14TH ST,620559,Completed,14th & Commercial (Affordable),Five or More Family Apt,10/22/2018,4/29/2020,https://opendsd.sandiego.gov/Web/Projects/Details/620559,https://opendsd.sandiego.gov/Web/Approvals/Details/2212281,32
2213612,4444 MANITOU WY,621156,Issued,Manitou Villas,Five or More Family Apt,10/24/2018,5/27/2020,https://opendsd.sandiego.gov/Web/Projects/Details/621156,https://opendsd.sandiego.gov/Web/Approvals/Details/2213612,1
2214348,1290 KEELER CT,621279,Completed,Keeler Court Apts (Affordable),Five or More Family Apt,10/25/2018,1/24/2020,https://opendsd.sandiego.gov/Web/Projects/Details/621279,https://opendsd.sandiego.gov/Web/Approvals/Details/2214348,8
2218497,454 13TH ST,621575,Issued,Ezabelle (Mixed-use),Five or More Family Condo,11/5/2018,8/27/2019,https://opendsd.sandiego.gov/Web/Projects/Details/621575,https://opendsd.sandiego.gov/Web/Approvals/Details/2218497,6
2227437,5585 MILDRED ST,623604,Completed,Mildred Street Apartments,Five or More Family Apt,11/29/2018,6/8/2020,https://opendsd.sandiego.gov/Web/Projects/Details/623604,https://opendsd.sandiego.gov/Web/Approvals/Details/2227437,4
2228365,2187 EVERETT AV,624067,Completed,2187 Everett Avenue,Five or More Family Apt,12/3/2018,3/13/2020,https://opendsd.sandiego.gov/Web/Projects/Details/624067,https://opendsd.sandiego.gov/Web/Approvals/Details/2228365,1
2230332,2724 EL CAJON BL,624373,Cancelled,Digital - Vadara Tower West,Five or More Family Apt,12/6/2018,4/14/2021,https://opendsd.sandiego.gov/Web/Projects/Details/624373,https://opendsd.sandiego.gov/Web/Approvals/Details/2230332,5
2233941,4186 04TH AV,624797,Completed,Arbor Terrace Apartments,Five or More Family Apt,12/17/2018,8/22/2019,https://opendsd.sandiego.gov/Web/Projects/Details/624797,https://opendsd.sandiego.gov/Web/Approvals/Details/2233941,4
2235368,2629 EL CAJON BL,624950,Completed,El Cajon & Oregon Mixed Use,Five or More Family Apt,12/19/2018,7/16/2021,https://opendsd.sandiego.gov/Web/Projects/Details/624950,https://opendsd.sandiego.gov/Web/Approvals/Details/2235368,5
2236729,2015 ALBATROSS ST,625726,Completed,2015 Albatross Street,Five or More Family Apt,12/20/2018,8/27/2019,https://opendsd.sandiego.gov/Web/Projects/Details/625726,https://opendsd.sandiego.gov/Web/Approvals/Details/2236729,1
2239156,3586 ADAMS AV,625787,Completed,Orchid Micro Apartments,Five or More Family Apt,1/4/2019,9/5/2019,https://opendsd.sandiego.gov/Web/Projects/Details/625787,https://opendsd.sandiego.gov/Web/Approvals/Details/2239156,1
2259228,2086 HARRISON AV,630568,Created,Harrison Apartments,Five or More Family Apt,2/25/2019,,https://opendsd.sandiego.gov/Web/Projects/Details/630568,https://opendsd.sandiego.gov/Web/Approvals/Details/2259228,2
2277729,3968 HAWK ST,634374,Completed,Juno on Hawk,Five or More Family Apt,4/9/2019,5/8/2021,https://opendsd.sandiego.gov/Web/Projects/Details/634374,https://opendsd.sandiego.gov/Web/Approvals/Details/2277729,1
2306418,1211 MOLLIE ST,635775,Issued,Dig-Lauretta Apartments,Five or More Family Apt,6/17/2019,4/13/2022,https://opendsd.sandiego.gov/Web/Projects/Details/635775,https://opendsd.sandiego.gov/Web/Approvals/Details/2306418,1
2294230,3801 RICHMOND ST,637750,Created,Richmond Apartments,Five or More Family Apt,5/17/2019,,https://opendsd.sandiego.gov/Web/Projects/Details/637750,https://opendsd.sandiego.gov/Web/Approvals/Details/2294230,1
2317067,2411 EL CAJON BL,642375,Completed,AC Lofts,Five or More Family Apt,7/11/2019,3/2/2020,https://opendsd.sandiego.gov/Web/Projects/Details/642375,https://opendsd.sandiego.gov/Web/Approvals/Details/2317067,3
2326102,4364 ALABAMA ST,643946,Issued,Alabama Apartments,Five or More Family Apt,8/2/2019,10/21/2021,https://opendsd.sandiego.gov/Web/Projects/Details/643946,https://opendsd.sandiego.gov/Web/Approvals/Details/2326102,2
2326330,2001 04TH AV,644215,Completed,The Hawthorne,Five or More Family Apt,8/5/2019,6/12/2020,https://opendsd.sandiego.gov/Web/Projects/Details/644215,https://opendsd.sandiego.gov/Web/Approvals/Details/2326330,3
2327379,14473 PENASQUITOS DR,644431,Completed,DIGITAL- Millennium PQ (bldgs),Five or More Family Apt,8/6/2019,1/7/2021,https://opendsd.sandiego.gov/Web/Projects/Details/644431,https://opendsd.sandiego.gov/Web/Approvals/Details/2327379,4
2327383,14483 PENASQUITOS DR,644431,Completed,DIGITAL- Millennium PQ (bldgs),Five or More Family Apt,8/6/2019,1/7/2021,https://opendsd.sandiego.gov/Web/Projects/Details/644431,https://opendsd.sandiego.gov/Web/Approvals/Details/2327383,5
2327391,14453 PENASQUITOS DR,644431,Completed,DIGITAL- Millennium PQ (bldgs),Five or More Family Apt,8/6/2019,1/7/2021,https://opendsd.sandiego.gov/Web/Projects/Details/644431,https://opendsd.sandiego.gov/Web/Approvals/Details/2327391,4
2327395,14443 PENASQUITOS DR,644431,Completed,DIGITAL- Millennium PQ (bldgs),Five or More Family Apt,8/6/2019,1/7/2021,https://opendsd.sandiego.gov/Web/Projects/Details/644431,https://opendsd.sandiego.gov/Web/Approvals/Details/2327395,3
2327399,14423 PENASQUITOS DR,644431,Completed,DIGITAL- Millennium PQ (bldgs),Five or More Family Apt,8/6/2019,1/7/2021,https://opendsd.sandiego.gov/Web/Projects/Details/644431,https://opendsd.sandiego.gov/Web/Approvals/Details/2327399,3
2327403,14403 PENASQUITOS DR,644431,Completed,DIGITAL- Millennium PQ (bldgs),Five or More Family Apt,8/6/2019,1/7/2021,https://opendsd.sandiego.gov/Web/Projects/Details/644431,https://opendsd.sandiego.gov/Web/Approvals/Details/2327403,2
2327407,14413 PENASQUITOS DR,644431,Completed,DIGITAL- Millennium PQ (bldgs),Five or More Family Apt,8/6/2019,1/7/2021,https://opendsd.sandiego.gov/Web/Projects/Details/644431,https://opendsd.sandiego.gov/Web/Approvals/Details/2327407,1
2327411,14433 PENASQUITOS DR,644431,Completed,DIGITAL- Millennium PQ (bldgs),Acc Bldg to 3+ Fam or NonRes,8/6/2019,1/7/2021,https://opendsd.sandiego.gov/Web/Projects/Details/644431,https://opendsd.sandiego.gov/Web/Approvals/Details/2327411,1
2331159,2528 ISLAND AV,645229,Created,2528 Island MDU,Five or More Family Apt,8/15/2019,,https://opendsd.sandiego.gov/Web/Projects/Details/645229,https://opendsd.sandiego.gov/Web/Approvals/Details/2331159,1
2331340,3843 NATIONAL AV,645260,Completed,3843 National Ave Apt,Five or More Family Apt,8/15/2019,7/27/2020,https://opendsd.sandiego.gov/Web/Projects/Details/645260,https://opendsd.sandiego.gov/Web/Approvals/Details/2331340,2
2340112,5526 LAURETTA ST,646459,Completed,Lauretta St Units,Five or More Family Apt,9/9/2019,6/9/2020,https://opendsd.sandiego.gov/Web/Projects/Details/646459,https://opendsd.sandiego.gov/Web/Approvals/Details/2340112,3
2344023,465 47TH ST,647893,Completed,Digital-Post 310 (blg),Three or Four Family Apt,9/18/2019,9/21/2022,https://opendsd.sandiego.gov/Web/Projects/Details/647893,https://opendsd.sandiego.gov/Web/Approvals/Details/2344023,18
2345060,1401 UNION ST,648134,Completed,Union & Ash (MDU),Five or More Family Apt,9/20/2019,12/11/2020,https://opendsd.sandiego.gov/Web/Projects/Details/648134,https://opendsd.sandiego.gov/Web/Approvals/Details/2345060,32
2354109,635 ROBINSON AV,649440,Completed,DIGITAL - HILLCREST 111,Five or More Family Apt,10/14/2019,10/9/2020,https://opendsd.sandiego.gov/Web/Projects/Details/649440,https://opendsd.sandiego.gov/Web/Approvals/Details/2354109,9
2356059,4130 LOUISIANA ST,650393,Completed,Louisiana LLC MDU,Five or More Family Apt,10/18/2019,7/14/2020,https://opendsd.sandiego.gov/Web/Projects/Details/650393,https://opendsd.sandiego.gov/Web/Approvals/Details/2356059,1
2357135,2654 B ST,650640,Issued,B Street Appartments,Five or More Family Apt,10/22/2019,5/5/2021,https://opendsd.sandiego.gov/Web/Projects/Details/650640,https://opendsd.sandiego.gov/Web/Approvals/Details/2357135,1
2360004,4969 IMPERIAL AV,651232,Cancelled,*Replac* Imperial Apartments,Five or More Family Apt,10/29/2019,4/16/2021,https://opendsd.sandiego.gov/Web/Projects/Details/651232,https://opendsd.sandiego.gov/Web/Approvals/Details/2360004,1
2364544,4353 PARK BL,652165,Completed,Digital Winslow Mixed Use Bldg,Five or More Family Apt,11/8/2019,3/15/2021,https://opendsd.sandiego.gov/Web/Projects/Details/652165,https://opendsd.sandiego.gov/Web/Approvals/Details/2364544,30
2378458,9801 SYDNEY LN,652319,Completed,CMV 4 (mdu),Five or More Family Apt,12/13/2019,2/16/2021,https://opendsd.sandiego.gov/Web/Projects/Details/652319,https://opendsd.sandiego.gov/Web/Approvals/Details/2378458,32
2367236,5506 UNIVERSITY AV,652711,Completed,Aztec Canyon Conversion,Two Family Apartment,11/18/2019,6/24/2020,https://opendsd.sandiego.gov/Web/Projects/Details/652711,https://opendsd.sandiego.gov/Web/Approvals/Details/2367236,2
2368887,6240 MISSION GORGE RD,652742,Completed,Trinity Place,Five or More Family Apt,11/20/2019,3/23/2020,https://opendsd.sandiego.gov/Web/Projects/Details/652742,https://opendsd.sandiego.gov/Web/Approvals/Details/2368887,6
2372054,4455 LAMONT ST,652848,Completed,The Lamont Mixed Use,Five or More Family Apt,11/27/2019,9/29/2020,https://opendsd.sandiego.gov/Web/Projects/Details/652848,https://opendsd.sandiego.gov/Web/Approvals/Details/2372054,3
2369611,4712 ARIZONA ST,652912,Created,Arizona St MDU,Five or More Family Apt,11/21/2019,,https://opendsd.sandiego.gov/Web/Projects/Details/652912,https://opendsd.sandiego.gov/Web/Approvals/Details/2369611,1
2370189,2915 E ST,652956,Issued,Digital 29th and E Apartments,Five or More Family Condo,11/22/2019,10/18/2021,https://opendsd.sandiego.gov/Web/Projects/Details/652956,https://opendsd.sandiego.gov/Web/Approvals/Details/2370189,3
2370478,2915 E ST,652956,Issued,Digital 29th and E Apartments,Five or More Family Condo,11/25/2019,10/18/2021,https://opendsd.sandiego.gov/Web/Projects/Details/652956,https://opendsd.sandiego.gov/Web/Approvals/Details/2370478,2
2370482,2915 E ST,652956,Issued,Digital 29th and E Apartments,Five or More Family Condo,11/25/2019,10/18/2021,https://opendsd.sandiego.gov/Web/Projects/Details/652956,https://opendsd.sandiego.gov/Web/Approvals/Details/2370482,1
2369431,405 16TH ST,653111,Created,Digital-The Fellow (high rise),Acc Struct to 3+ Fam or NonRes,11/21/2019,,https://opendsd.sandiego.gov/Web/Projects/Details/653111,https://opendsd.sandiego.gov/Web/Approvals/Details/2369431,11
2372152,4566 30TH ST,653144,Issued,DIGITAL-30th St. Apartments,Five or More Family Apt,11/27/2019,6/27/2022,https://opendsd.sandiego.gov/Web/Projects/Details/653144,https://opendsd.sandiego.gov/Web/Approvals/Details/2372152,2
2371082,4505 ILLINOIS ST,653414,Issued,Digi - IS_Micro Units,Five or More Family Apt,11/26/2019,2/11/2022,https://opendsd.sandiego.gov/Web/Projects/Details/653414,https://opendsd.sandiego.gov/Web/Approvals/Details/2371082,2
2372277,5310 ADOBE FALLS RD,653571,Completed,Waring Gardens Apartments,Five or More Family Apt,11/27/2019,5/28/2021,https://opendsd.sandiego.gov/Web/Projects/Details/653571,https://opendsd.sandiego.gov/Web/Approvals/Details/2372277,9
2372219,2001 04TH AV,653656,Completed,The Hawthorne (Building C),Add/Alt Tenant Improvements,11/27/2019,8/21/2020,https://opendsd.sandiego.gov/Web/Projects/Details/653656,https://opendsd.sandiego.gov/Web/Approvals/Details/2372219,3
2373556,5858 MOUNT ALIFAN DR,653910,Completed,Ivy Senior Apartments,Five or More Family Apt,12/4/2019,5/13/2020,https://opendsd.sandiego.gov/Web/Projects/Details/653910,https://opendsd.sandiego.gov/Web/Approvals/Details/2373556,52
2374590,4530 INGRAHAM ST,654100,Completed,Blue Car new multi-family,Five or More Family Apt,12/6/2019,3/19/2021,https://opendsd.sandiego.gov/Web/Projects/Details/654100,https://opendsd.sandiego.gov/Web/Approvals/Details/2374590,1
2374800,4310 ARAGON DR,654145,Cancelled,Digital - University Mixed Use,Five or More Family Apt,12/6/2019,,https://opendsd.sandiego.gov/Web/Projects/Details/654145,https://opendsd.sandiego.gov/Web/Approvals/Details/2374800,2
2374859,4555 30TH ST,654148,Issued,Digital-Fenton Residential,Five or More Family Apt,12/6/2019,4/11/2022,https://opendsd.sandiego.gov/Web/Projects/Details/654148,https://opendsd.sandiego.gov/Web/Approvals/Details/2374859,5
2375398,4333 ILLINOIS ST,654258,Completed,Illinois St Apartments,Five or More Family Apt,12/9/2019,1/27/2020,https://opendsd.sandiego.gov/Web/Projects/Details/654258,https://opendsd.sandiego.gov/Web/Approvals/Details/2375398,5
2375895,2441 UNIVERSITY AV,654375,Completed,n-B-tween (bldg) PERMIT NOW,Five or More Family Apt,12/10/2019,5/26/2021,https://opendsd.sandiego.gov/Web/Projects/Details/654375,https://opendsd.sandiego.gov/Web/Approvals/Details/2375895,3
2376430,5930 DIVISION ST,654482,Completed,Valencia pointe mixed use,Five or More Family Apt,12/11/2019,2/23/2021,https://opendsd.sandiego.gov/Web/Projects/Details/654482,https://opendsd.sandiego.gov/Web/Approvals/Details/2376430,102
2376657,1011 UNION ST,654500,Completed,Digitl 220 W Broadway Hi Rise,Five or More Family Condo,12/11/2019,7/1/2021,https://opendsd.sandiego.gov/Web/Projects/Details/654500,https://opendsd.sandiego.gov/Web/Approvals/Details/2376657,41
2377287,2078 HARRISON AV,654636,Created,Shift2 New MDU,Five or More Family Apt,12/12/2019,,https://opendsd.sandiego.gov/Web/Projects/Details/654636,https://opendsd.sandiego.gov/Web/Approvals/Details/2377287,1
2377391,3056 IMPERIAL AV,654657,Created,Shift New MDU,Five or More Family Apt,12/12/2019,,https://opendsd.sandiego.gov/Web/Projects/Details/654657,https://opendsd.sandiego.gov/Web/Approvals/Details/2377391,1
2377660,3023 IMPERIAL AV,654700,Created,Cholla House New MDU,Five or More Family Apt,12/12/2019,,https://opendsd.sandiego.gov/Web/Projects/Details/654700,https://opendsd.sandiego.gov/Web/Approvals/Details/2377660,1
2379863,6073 AVENIDA CHAMNEZ,655099,Created,Stanley Guest Quarters,"Add/Alt Guest House, No Chg DU",12/17/2019,,https://opendsd.sandiego.gov/Web/Projects/Details/655099,https://opendsd.sandiego.gov/Web/Approvals/Details/2379863,1
2381482,4060 OREGON ST,655271,Created,Closed,,12/19/2019,,https://opendsd.sandiego.gov/Web/Projects/Details/655271,https://opendsd.sandiego.gov/Web/Approvals/Details/2381482,3
2382081,6863 NEWBERRY ST,655479,Completed,Tran Addition and Remodel,"Add/Alt 1 or 2 Fam, No Chg DU",12/19/2019,10/13/2020,https://opendsd.sandiego.gov/Web/Projects/Details/655479,https://opendsd.sandiego.gov/Web/Approvals/Details/2382081,1
2383799,2100 04TH AV,655732,Issued,Digital-Hawthorn,Five or More Family Apt,12/23/2019,2/28/2022,https://opendsd.sandiego.gov/Web/Projects/Details/655732,https://opendsd.sandiego.gov/Web/Approvals/Details/2383799,6
2385119,4031 CAMINITO DEHESA,656033,Completed,No Plan Combo Permit,"Add/Alt 1 or 2 Fam, No Chg DU",1/8/2020,1/8/2020,https://opendsd.sandiego.gov/Web/Projects/Details/656033,https://opendsd.sandiego.gov/Web/Approvals/Details/2385119,1
2390245,376 NAUTILUS ST,657204,Completed,Combination (No Plan permit),"Add/Alt 1 or 2 Fam, No Chg DU",1/28/2020,1/28/2020,https://opendsd.sandiego.gov/Web/Projects/Details/657204,https://opendsd.sandiego.gov/Web/Approvals/Details/2390245,1
2390296,4551 HAMILTON ST,657213,Completed,Ten on Hamilton MDU,Five or More Family Apt,1/28/2020,11/14/2020,https://opendsd.sandiego.gov/Web/Projects/Details/657213,https://opendsd.sandiego.gov/Web/Approvals/Details/2390296,1
2395113,2645 ULRIC ST,657817,Completed,Digital-Ulric St Apart,Five or More Family Apt,2/7/2020,10/20/2020,https://opendsd.sandiego.gov/Web/Projects/Details/657817,https://opendsd.sandiego.gov/Web/Approvals/Details/2395113,10
2394024,1951 47TH ST Unit 37,658045,Completed,MOBILE HOME INSTALLATION,New/Replac Mobile Home Inst,2/5/2020,2/5/2020,https://opendsd.sandiego.gov/Web/Projects/Details/658045,https://opendsd.sandiego.gov/Web/Approvals/Details/2394024,1
2395715,4233 KANSAS ST,658054,Issued,Digital - Kansas St. Units,Five or More Family Apt,2/10/2020,5/3/2022,https://opendsd.sandiego.gov/Web/Projects/Details/658054,https://opendsd.sandiego.gov/Web/Approvals/Details/2395715,4
2395098,5121 BARSTOW ST,658264,Completed,No Plan Kitchen Remodel,"Add/Alt 1 or 2 Fam, No Chg DU",2/7/2020,2/7/2020,https://opendsd.sandiego.gov/Web/Projects/Details/658264,https://opendsd.sandiego.gov/Web/Approvals/Details/2395098,1
2398237,2712 GOBAT AV,658958,Completed,Combination (No Plan permit),"Add/Alt 1 or 2 Fam, No Chg DU",2/14/2020,2/14/2020,https://opendsd.sandiego.gov/Web/Projects/Details/658958,https://opendsd.sandiego.gov/Web/Approvals/Details/2398237,1
2398342,6151 MONTEZUMA RD,658974,Completed,Digital_Zuma West Apts,Five or More Family Apt,2/14/2020,5/5/2022,https://opendsd.sandiego.gov/Web/Projects/Details/658974,https://opendsd.sandiego.gov/Web/Approvals/Details/2398342,2
2398853,7863 ENTRADA ANGELICA,659069,Completed,NO PLAN KITCHEN/BATH REMODEL,"Add/Alt 1 or 2 Fam, No Chg DU",2/18/2020,2/18/2020,https://opendsd.sandiego.gov/Web/Projects/Details/659069,https://opendsd.sandiego.gov/Web/Approvals/Details/2398853,1
2400597,3732 10TH AV,659076,Completed,Cayuca,Five or More Family Apt,2/24/2020,1/14/2021,https://opendsd.sandiego.gov/Web/Projects/Details/659076,https://opendsd.sandiego.gov/Web/Approvals/Details/2400597,2
2401444,12262 MIDDLEBROOK SQ,659598,Completed,NO PLAN KITCHEN/BATH REMODEL,"Add/Alt 1 or 2 Fam, No Chg DU",2/25/2020,2/25/2020,https://opendsd.sandiego.gov/Web/Projects/Details/659598,https://opendsd.sandiego.gov/Web/Approvals/Details/2401444,1
2414074,3918 ARIZONA ST,661969,Completed,DIGITAL-Arizona St. Housing,Five or More Family Apt,3/30/2020,7/14/2021,https://opendsd.sandiego.gov/Web/Projects/Details/661969,https://opendsd.sandiego.gov/Web/Approvals/Details/2414074,3
2416383,908 S 26TH ST,662477,Created,Digital - The Barrio Flats,Single Room Occupant Hotel,4/8/2020,,https://opendsd.sandiego.gov/Web/Projects/Details/662477,https://opendsd.sandiego.gov/Web/Approvals/Details/2416383,4
2417230,3634 INDIANA ST,662734,Completed,Indiana Street Apartments,Five or More Family Apt,4/9/2020,6/4/2021,https://opendsd.sandiego.gov/Web/Projects/Details/662734,https://opendsd.sandiego.gov/Web/Approvals/Details/2417230,2
2420814,5032 HILLTOP DR,663406,Completed,Digital-PERMITNOW Hillt.&Ecl.,Five or More Family Apt,4/22/2020,10/23/2020,https://opendsd.sandiego.gov/Web/Projects/Details/663406,https://opendsd.sandiego.gov/Web/Approvals/Details/2420814,111
2422559,1420 PACIFIC BEACH DR Unit A & B,663730,Completed,Pacific Beach Drive Townhomes,Two Family Apartment,4/28/2020,10/27/2020,https://opendsd.sandiego.gov/Web/Projects/Details/663730,https://opendsd.sandiego.gov/Web/Approvals/Details/2422559,1
2433835,3066 NORTH PARK WY,664987,Completed,Digital-PermitNow NPCC,Five or More Family Apt,6/4/2020,3/16/2021,https://opendsd.sandiego.gov/Web/Projects/Details/664987,https://opendsd.sandiego.gov/Web/Approvals/Details/2433835,5
2433844,3067 05TH AV,665643,Completed,Digital-PermitNowSecoyaBldg,Five or More Family Apt,6/4/2020,12/23/2020,https://opendsd.sandiego.gov/Web/Projects/Details/665643,https://opendsd.sandiego.gov/Web/Approvals/Details/2433844,7
2434712,5385 LA JOLLA BL,666784,Issued,5385 La Jolla Biltmore Apts.,Five or More Family Apt,6/9/2020,10/2/2021,https://opendsd.sandiego.gov/Web/Projects/Details/666784,https://opendsd.sandiego.gov/Web/Approvals/Details/2434712,1
2444930,4234 MISSISSIPPI ST,667121,Completed,Digital - MIXED USE Miss ECB,Five or More Family Apt,7/9/2020,4/9/2021,https://opendsd.sandiego.gov/Web/Projects/Details/667121,https://opendsd.sandiego.gov/Web/Approvals/Details/2444930,6
2448904,926 27TH ST,667858,Issued,Digital- 27TH ST APT PERMITNOW,Five or More Family Apt,7/20/2020,6/20/2022,https://opendsd.sandiego.gov/Web/Projects/Details/667858,https://opendsd.sandiego.gov/Web/Approvals/Details/2448904,2
2446473,4015 RICHMOND ST,668767,Issued,Digital - Richmonds Multi-Aptm,Five or More Family Apt,7/14/2020,7/12/2022,https://opendsd.sandiego.gov/Web/Projects/Details/668767,https://opendsd.sandiego.gov/Web/Approvals/Details/2446473,3
2443143,11107 DOVERHILL RD,668939,Completed,No Plans  Bathroom Remodel,"Add/Alt 1 or 2 Fam, No Chg DU",7/6/2020,7/6/2020,https://opendsd.sandiego.gov/Web/Projects/Details/668939,https://opendsd.sandiego.gov/Web/Approvals/Details/2443143,3
2446043,1956 HORNBLEND ST Unit #4&5,668975,Completed,Digital - Hornblend Project,One Family Detached,7/14/2020,2/19/2021,https://opendsd.sandiego.gov/Web/Projects/Details/668975,https://opendsd.sandiego.gov/Web/Approvals/Details/2446043,2
2449898,220 MONTECITO WY,669878,Pending Invoice Payment,Digital - Montecito Apts.,Five or More Family Apt,7/22/2020,8/14/2023,https://opendsd.sandiego.gov/Web/Projects/Details/669878,https://opendsd.sandiego.gov/Web/Approvals/Details/2449898,2
2448114,11483 AVENGER RD,670111,Completed,SFR No Plans Kitchen Remodel,"Add/Alt 1 or 2 Fam, No Chg DU",7/17/2020,7/17/2020,https://opendsd.sandiego.gov/Web/Projects/Details/670111,https://opendsd.sandiego.gov/Web/Approvals/Details/2448114,3
2448926,4384 HAMILTON ST,670161,Completed,Digital -Nok Nok NP Permit Now,Five or More Family Apt,7/21/2020,6/25/2021,https://opendsd.sandiego.gov/Web/Projects/Details/670161,https://opendsd.sandiego.gov/Web/Approvals/Details/2448926,2
2454005,15532 TANNER RIDGE RD,671367,Completed,NO PLAN KITCHEN/BATH REMODEL,"Add/Alt 1 or 2 Fam, No Chg DU",8/3/2020,8/3/2020,https://opendsd.sandiego.gov/Web/Projects/Details/671367,https://opendsd.sandiego.gov/Web/Approvals/Details/2454005,3
2459637,429 W SAN YSIDRO BL,672431,Completed,Digital PN San Ysidro Apt Bldg,Five or More Family Apt,8/19/2020,12/4/2020,https://opendsd.sandiego.gov/Web/Projects/Details/672431,https://opendsd.sandiego.gov/Web/Approvals/Details/2459637,8
2459048,7980 MERRINGTON PL,672467,Completed,No Plan Kitchen Remodel,"Add/Alt 1 or 2 Fam, No Chg DU",8/18/2020,8/18/2020,https://opendsd.sandiego.gov/Web/Projects/Details/672467,https://opendsd.sandiego.gov/Web/Approvals/Details/2459048,3
2459614,11810 HANDRICH DR,672586,Completed,NO PLAN. KITCHEN REMODEL,"Add/Alt 1 or 2 Fam, No Chg DU",8/19/2020,8/19/2020,https://opendsd.sandiego.gov/Web/Projects/Details/672586,https://opendsd.sandiego.gov/Web/Approvals/Details/2459614,3
2481355,3840 06TH AV,672600,Completed,Digital-3840 6th Ave Hillcrest,Five or More Family Apt,10/16/2020,4/28/2022,https://opendsd.sandiego.gov/Web/Projects/Details/672600,https://opendsd.sandiego.gov/Web/Approvals/Details/2481355,4
2465959,3111 FENELON ST,673188,Completed,Digital-Fenelon St-Permit Now,Five or More Family Apt,9/8/2020,11/3/2021,https://opendsd.sandiego.gov/Web/Projects/Details/673188,https://opendsd.sandiego.gov/Web/Approvals/Details/2465959,3
2462563,18096 SENCILLO DR,673262,Completed,"NO PLAN. WINDOWS,RESTUCCO,SIDI","Add/Alt 1 or 2 Fam, No Chg DU",8/27/2020,9/9/2020,https://opendsd.sandiego.gov/Web/Projects/Details/673262,https://opendsd.sandiego.gov/Web/Approvals/Details/2462563,3
2466198,12535 MONTELLANO TR [Pending],674111,Completed,NO PLAN PRE FAB FIREPLACE REP,"Add/Alt 1 or 2 Fam, No Chg DU",9/9/2020,9/9/2020,https://opendsd.sandiego.gov/Web/Projects/Details/674111,https://opendsd.sandiego.gov/Web/Approvals/Details/2466198,3
2480561,1661 HARVEY MILK ST,674197,Completed,Digital - Harvey Milk Mixed,Five or More Family Apt,10/15/2020,7/19/2021,https://opendsd.sandiego.gov/Web/Projects/Details/674197,https://opendsd.sandiego.gov/Web/Approvals/Details/2480561,2
2466992,4717 MOUNT ALIFAN DR,674291,Completed,NO PLAN. KITCHEN/BATH REMODEL,"Add/Alt 1 or 2 Fam, No Chg DU",9/11/2020,9/11/2020,https://opendsd.sandiego.gov/Web/Projects/Details/674291,https://opendsd.sandiego.gov/Web/Approvals/Details/2466992,3
2467367,11248 CAMINITO CORRIENTE,674390,Completed,SFR COMB NO PLAN BATH REMODEL,"Add/Alt 1 or 2 Fam, No Chg DU",9/11/2020,9/11/2020,https://opendsd.sandiego.gov/Web/Projects/Details/674390,https://opendsd.sandiego.gov/Web/Approvals/Details/2467367,3
2467424,3525 WELLESLY AV,674407,Completed,NO PLAN. KITCHEN/BATH REMODEL,"Add/Alt 1 or 2 Fam, No Chg DU",9/14/2020,9/14/2020,https://opendsd.sandiego.gov/Web/Projects/Details/674407,https://opendsd.sandiego.gov/Web/Approvals/Details/2467424,3
2473264,1947 MEADE AV,675831,Completed,NO PLAN. KITCH/GARAGE REMOVAL,"Add/Alt 1 or 2 Fam, No Chg DU",9/30/2020,9/30/2020,https://opendsd.sandiego.gov/Web/Projects/Details/675831,https://opendsd.sandiego.gov/Web/Approvals/Details/2473264,3
2477811,4360 TWAIN AV,675839,Completed,"Digital, Twain Ave. Apartments",Five or More Family Apt,10/9/2020,8/4/2021,https://opendsd.sandiego.gov/Web/Projects/Details/675839,https://opendsd.sandiego.gov/Web/Approvals/Details/2477811,12
2473309,3919 SANTA CRUZ AV,675842,Completed,NO PLAN. DRYWALL REPAIR/KITCHE,"Add/Alt 1 or 2 Fam, No Chg DU",9/30/2020,10/1/2020,https://opendsd.sandiego.gov/Web/Projects/Details/675842,https://opendsd.sandiego.gov/Web/Approvals/Details/2473309,3
2482648,4020 44TH ST,676121,Completed,Digital-UnionAffordableHousing,Five or More Family Apt,10/20/2020,9/27/2021,https://opendsd.sandiego.gov/Web/Projects/Details/676121,https://opendsd.sandiego.gov/Web/Approvals/Details/2482648,60
2484222,3333 04TH AV,676140,Created,Digital- WITHDRAWN,Five or More Family Apt,10/26/2020,,https://opendsd.sandiego.gov/Web/Projects/Details/676140,https://opendsd.sandiego.gov/Web/Approvals/Details/2484222,6
2479879,4350 CLEVELAND AV,676179,Created,Digital- C12 LOFTS,Five or More Family Apt,10/14/2020,,https://opendsd.sandiego.gov/Web/Projects/Details/676179,https://opendsd.sandiego.gov/Web/Approvals/Details/2479879,1
2475550,800 BROADWAY,676300,Issued,Digital-800 Broadway Build Out,Five or More Family Apt,10/5/2020,3/3/2022,https://opendsd.sandiego.gov/Web/Projects/Details/676300,https://opendsd.sandiego.gov/Web/Approvals/Details/2475550,33
2486137,4520 ALVARADO CANYON RD,677066,Completed,Digitl-Grantville Station Apts,Five or More Family Apt,10/30/2020,8/6/2021,https://opendsd.sandiego.gov/Web/Projects/Details/677066,https://opendsd.sandiego.gov/Web/Approvals/Details/2486137,5
2529036,6101 Village Wy,677364,Issued,DGTL (PN) Corallina Mixed Use,Five or More Family Apt,3/18/2021,4/14/2022,https://opendsd.sandiego.gov/Web/Projects/Details/677364,https://opendsd.sandiego.gov/Web/Approvals/Details/2529036,17
2488736,11909 SUNSHINE PEAK CT,678958,Completed,NO PLAN-BATH REMODEL,"Add/Alt 1 or 2 Fam, No Chg DU",11/9/2020,11/9/2020,https://opendsd.sandiego.gov/Web/Projects/Details/678958,https://opendsd.sandiego.gov/Web/Approvals/Details/2488736,3
2490865,3669 FLORIDA ST,679104,Created,Digital-Florida St.Multi-Units,Five or More Family Condo,11/16/2020,,https://opendsd.sandiego.gov/Web/Projects/Details/679104,https://opendsd.sandiego.gov/Web/Approvals/Details/2490865,1
2490510,12906 CAMINITO DE LAS OLAS,679322,Completed,DUPLEX  NO PLAN PERMIT,"Add/Alt 1 or 2 Fam, No Chg DU",11/13/2020,11/16/2020,https://opendsd.sandiego.gov/Web/Projects/Details/679322,https://opendsd.sandiego.gov/Web/Approvals/Details/2490510,3
2496652,2601 ULRIC ST,679346,Completed,Digital-- Senior Housing,Five or More Family Apt,12/2/2020,6/2/2022,https://opendsd.sandiego.gov/Web/Projects/Details/679346,https://opendsd.sandiego.gov/Web/Approvals/Details/2496652,10
2503358,421 25TH ST,679409,Completed,Digital -Sherman Cosmonaut,Five or More Family Apt,12/21/2020,2/1/2022,https://opendsd.sandiego.gov/Web/Projects/Details/679409,https://opendsd.sandiego.gov/Web/Approvals/Details/2503358,1
2492584,4061 FAIRMOUNT AV,679798,Completed,Digital 4th CornerApt MixedUse,Five or More Family Apt,11/18/2020,2/16/2022,https://opendsd.sandiego.gov/Web/Projects/Details/679798,https://opendsd.sandiego.gov/Web/Approvals/Details/2492584,74
2494681,5504 CHELSEA AV,680298,Completed,SFR No Plan  Deck,"Add/Alt 1 or 2 Fam, No Chg DU",11/25/2020,11/25/2020,https://opendsd.sandiego.gov/Web/Projects/Details/680298,https://opendsd.sandiego.gov/Web/Approvals/Details/2494681,3
2502990,891 TURQUOISE ST,680449,Completed,Digital-Turquoise Place MDU,Five or More Family Condo,12/18/2020,10/22/2021,https://opendsd.sandiego.gov/Web/Projects/Details/680449,https://opendsd.sandiego.gov/Web/Approvals/Details/2502990,7
2496361,6560 MONTEZUMA RD,680626,Completed,SFR No Plan Permit Deck Repair,"Add/Alt 3+, No Chg DU",12/2/2020,12/2/2020,https://opendsd.sandiego.gov/Web/Projects/Details/680626,https://opendsd.sandiego.gov/Web/Approvals/Details/2496361,3
2501987,2341 ULRIC ST,680889,Completed,Digital -Ulric Apartments,Five or More Family Apt,12/16/2020,9/30/2021,https://opendsd.sandiego.gov/Web/Projects/Details/680889,https://opendsd.sandiego.gov/Web/Approvals/Details/2501987,3
2505257,3027 KEATS ST,681310,Completed,Digital-Keats Street Apartment,Five or More Family Apt,12/28/2020,4/14/2023,https://opendsd.sandiego.gov/Web/Projects/Details/681310,https://opendsd.sandiego.gov/Web/Approvals/Details/2505257,1
2502776,3935 NORMAL ST,681456,Completed,DIGITAL-PERMIT NOW Normal St,Five or More Family Apt,12/18/2020,12/20/2021,https://opendsd.sandiego.gov/Web/Projects/Details/681456,https://opendsd.sandiego.gov/Web/Approvals/Details/2502776,3
2512694,3910 CHAPMAN ST,682131,Completed,Digital-Chapman Place,"Add/Alt 3+ Fam, Increase DU",1/26/2021,12/8/2021,https://opendsd.sandiego.gov/Web/Projects/Details/682131,https://opendsd.sandiego.gov/Web/Approvals/Details/2512694,1
2513448,3910 CHAPMAN ST,682131,Completed,Digital-Chapman Place,Five or More Family Apt,1/28/2021,12/8/2021,https://opendsd.sandiego.gov/Web/Projects/Details/682131,https://opendsd.sandiego.gov/Web/Approvals/Details/2513448,1
2513022,817 26TH ST,682569,Created,Dgtl Blue Dogg New Apartments,Three or Four Family Condo,1/27/2021,,https://opendsd.sandiego.gov/Web/Projects/Details/682569,https://opendsd.sandiego.gov/Web/Approvals/Details/2513022,2
2508596,2449 ARDATH RD,683280,Completed,Bathroom  Remodel No Plans,"Add/Alt 1 or 2 Fam, No Chg DU",1/12/2021,1/12/2021,https://opendsd.sandiego.gov/Web/Projects/Details/683280,https://opendsd.sandiego.gov/Web/Approvals/Details/2508596,3
2518600,5559 LAURETTA ST,683661,Completed,Dgtl Lauretta New Apartments,Five or More Family Apt,2/12/2021,11/9/2022,https://opendsd.sandiego.gov/Web/Projects/Details/683661,https://opendsd.sandiego.gov/Web/Approvals/Details/2518600,2
2519316,4685 49TH ST,684151,Completed,Digital - 49th St ADUs,Add/Alt Companion Unit/Acc Apt,2/17/2021,6/16/2021,https://opendsd.sandiego.gov/Web/Projects/Details/684151,https://opendsd.sandiego.gov/Web/Approvals/Details/2519316,1
2519317,4687 49TH ST,684151,Completed,Digital - 49th St ADUs,Add/Alt Companion Unit/Acc Apt,2/17/2021,6/16/2021,https://opendsd.sandiego.gov/Web/Projects/Details/684151,https://opendsd.sandiego.gov/Web/Approvals/Details/2519317,1
2533745,3672 SIPES LN,684273,Completed,Digital- Guiterrez Res JADU,Add/Alt Companion Unit/Acc Apt,4/2/2021,11/12/2021,https://opendsd.sandiego.gov/Web/Projects/Details/684273,https://opendsd.sandiego.gov/Web/Approvals/Details/2533745,1
2531355,3919 LOUISIANA ST,685069,Issued,Digital- Louisiana St,Five or More Family Apt,3/25/2021,5/12/2023,https://opendsd.sandiego.gov/Web/Projects/Details/685069,https://opendsd.sandiego.gov/Web/Approvals/Details/2531355,2
2517232,5235 FIORE TR [Pending],685533,Completed,Condo 77 unit  DRY WALL /PEX,"Add/Alt 3+, No Chg DU",2/9/2021,2/9/2021,https://opendsd.sandiego.gov/Web/Projects/Details/685533,https://opendsd.sandiego.gov/Web/Approvals/Details/2517232,3
2551251,5585 MILDRED ST,686860,Cancelled,Digital-Const chg to 623604,Five or More Family Apt,5/20/2021,,https://opendsd.sandiego.gov/Web/Projects/Details/686860,https://opendsd.sandiego.gov/Web/Approvals/Details/2551251,3
2529147,3180 IMPERIAL AV,687121,Issued,Digital-Imperial 100% Afford,Five or More Family Apt,3/18/2021,7/10/2023,https://opendsd.sandiego.gov/Web/Projects/Details/687121,https://opendsd.sandiego.gov/Web/Approvals/Details/2529147,3
2526138,5472 EL CAJON BL,687534,Issued,Digt Permit Now warm shell FHC,Five or More Family Apt,3/9/2021,2/1/2023,https://opendsd.sandiego.gov/Web/Projects/Details/687534,https://opendsd.sandiego.gov/Web/Approvals/Details/2526138,26
2542441,1105 BROADWAY,687583,Completed,DGTL-11th & Brdwy 2 (Frame/BO),Five or More Family Apt,4/27/2021,9/16/2022,https://opendsd.sandiego.gov/Web/Projects/Details/687583,https://opendsd.sandiego.gov/Web/Approvals/Details/2542441,49
2536802,5171 MISSION CENTER RD Unit B-3 [Pending],687966,Completed,Digital- Sola Salon Studios TI,Add/Alt Tenant Improvements,4/12/2021,9/22/2021,https://opendsd.sandiego.gov/Web/Projects/Details/687966,https://opendsd.sandiego.gov/Web/Approvals/Details/2536802,1
2549616,3691 NATIONAL AV,688718,Issued,Digital-National Apts ADU's,Add/Alt Companion Unit/Acc Apt,5/17/2021,11/3/2023,https://opendsd.sandiego.gov/Web/Projects/Details/688718,https://opendsd.sandiego.gov/Web/Approvals/Details/2549616,3
2544546,901 W WASHINGTON ST,689210,Completed,Digital-- The Sasan Apts,Five or More Family Apt,5/3/2021,3/3/2022,https://opendsd.sandiego.gov/Web/Projects/Details/689210,https://opendsd.sandiego.gov/Web/Approvals/Details/2544546,3
2559850,1331 COLUMBIA ST,690443,Completed,Dig Lindley Apt Frame Buildout,Five or More Family Apt,6/16/2021,12/12/2022,https://opendsd.sandiego.gov/Web/Projects/Details/690443,https://opendsd.sandiego.gov/Web/Approvals/Details/2559850,30
2548202,744 ROBINSON AV,690496,Issued,Digi -Robinson MIx/Micro Units,Five or More Family Apt,5/12/2021,11/15/2023,https://opendsd.sandiego.gov/Web/Projects/Details/690496,https://opendsd.sandiego.gov/Web/Approvals/Details/2548202,2
2554153,4076 IOWA ST,690826,Completed,Digital-- Iowa St Multi Family,Five or More Family Apt,5/28/2021,10/31/2022,https://opendsd.sandiego.gov/Web/Projects/Details/690826,https://opendsd.sandiego.gov/Web/Approvals/Details/2554153,1
2570778,4986 OCEAN VIEW BL,691064,Issued,Digi.Ocean view Terrace,One Family Detached,7/23/2021,4/21/2023,https://opendsd.sandiego.gov/Web/Projects/Details/691064,https://opendsd.sandiego.gov/Web/Approvals/Details/2570778,1
2554501,6213 MONTEZUMA RD,691475,Issued,Digital-6213 Montezuma Ave Apt,,6/1/2021,4/25/2022,https://opendsd.sandiego.gov/Web/Projects/Details/691475,https://opendsd.sandiego.gov/Web/Approvals/Details/2554501,3
2569346,3060 BROADWAY,692037,Created,DIGITAL-30 UNITS,,7/19/2021,,https://opendsd.sandiego.gov/Web/Projects/Details/692037,https://opendsd.sandiego.gov/Web/Approvals/Details/2569346,3
2555109,7251 NAVAL WY,692195,Completed,DGTL-3R- Affordable Apt (PA12),Five or More Family Apt,6/2/2021,1/5/2022,https://opendsd.sandiego.gov/Web/Projects/Details/692195,https://opendsd.sandiego.gov/Web/Approvals/Details/2555109,180
2555213,4135 PARK BL,692332,Issued,DGT-ParkBlvd.Flats Fdn&Frm Ph1,Five or More Family Apt,6/3/2021,6/17/2022,https://opendsd.sandiego.gov/Web/Projects/Details/692332,https://opendsd.sandiego.gov/Web/Approvals/Details/2555213,10
2563874,2250 SISAL LN,693790,Issued,DGITAL-Epoca L MDU,Five or More Family Apt,6/30/2021,8/31/2023,https://opendsd.sandiego.gov/Web/Projects/Details/693790,https://opendsd.sandiego.gov/Web/Approvals/Details/2563874,59
2577222,2440 CACTUS RD Unit Bldg. B,693790,Issued,DGITAL-Epoca L MDU,Five or More Family Apt,8/30/2021,8/31/2023,https://opendsd.sandiego.gov/Web/Projects/Details/693790,https://opendsd.sandiego.gov/Web/Approvals/Details/2577222,60
2565868,3776 RILEY ST,693992,Created,Digi.Freedom Center Add/Remode,Non Res Conver to 3+ Fam,7/8/2021,,https://opendsd.sandiego.gov/Web/Projects/Details/693992,https://opendsd.sandiego.gov/Web/Approvals/Details/2565868,10
2571641,3831 03RD AV,694250,Created,Digital - 3831 03rd Ave MDU,Five or More Family Apt,7/28/2021,,https://opendsd.sandiego.gov/Web/Projects/Details/694250,https://opendsd.sandiego.gov/Web/Approvals/Details/2571641,2
2575738,14193 OLD EL CAMINO REAL,694403,Completed,DIGITL-Del Mar MDU Bldgs,Three or Four Family Condo,8/18/2021,2/24/2022,https://opendsd.sandiego.gov/Web/Projects/Details/694403,https://opendsd.sandiego.gov/Web/Approvals/Details/2575738,3
2575940,14161 OLD EL CAMINO REAL,694403,Cancelled,DIGITL-Del Mar MDU Bldgs,Five or More Family Condo,8/19/2021,2/24/2022,https://opendsd.sandiego.gov/Web/Projects/Details/694403,https://opendsd.sandiego.gov/Web/Approvals/Details/2575940,5
2575944,14129 OLD EL CAMINO REAL,694403,Completed,DIGITL-Del Mar MDU Bldgs,Five or More Family Condo,8/19/2021,2/24/2022,https://opendsd.sandiego.gov/Web/Projects/Details/694403,https://opendsd.sandiego.gov/Web/Approvals/Details/2575944,6
2577565,14105 OLD EL CAMINO REAL,694403,Completed,DIGITL-Del Mar MDU Bldgs,Five or More Family Condo,8/31/2021,2/24/2022,https://opendsd.sandiego.gov/Web/Projects/Details/694403,https://opendsd.sandiego.gov/Web/Approvals/Details/2577565,5
2577569,14141 OLD EL CAMINO REAL,694403,Completed,DIGITL-Del Mar MDU Bldgs,Five or More Family Condo,8/31/2021,2/24/2022,https://opendsd.sandiego.gov/Web/Projects/Details/694403,https://opendsd.sandiego.gov/Web/Approvals/Details/2577569,1
2573624,8201 MERGE AV,694511,Completed,DGT- MERGE 56 Afford. Housing,Five or More Family Apt,8/5/2021,5/13/2022,https://opendsd.sandiego.gov/Web/Projects/Details/694511,https://opendsd.sandiego.gov/Web/Approvals/Details/2573624,47
2573088,2820 POLK AV,695615,Issued,Digital Leparc Multi-Dwelling,Five or More Family Apt,8/3/2021,5/6/2023,https://opendsd.sandiego.gov/Web/Projects/Details/695615,https://opendsd.sandiego.gov/Web/Approvals/Details/2573088,3
PMT-3228520,"5411 Lauretta St, San Diego, CA 92110",PRJ-1036736,Cancelled Application Expired,General-Standard-Building Construction:5411/Lauretta,Add/Alt Companion Unit/Acc Apt,6/15/2023,,https://aca-prod.accela.com/SANDIEGO/Cap/CapDetail.aspx?Module=DSD&TabName=DSD&capID1=REC21&capID2=00000&capID3=01KCX&agencyCode=SANDIEGO&IsToShowInspection=,https://aca-prod.accela.com/SANDIEGO/Cap/CapDetail.aspx?Module=DSD&TabName=DSD&capID1=REC23&capID2=00000&capID3=01T43&agencyCode=SANDIEGO&IsToShowInspection=,1
PMT-3113519,"4200 Tonopah Av, San Diego, CA 92110",PRJ-1037602,Inspection Followup,General-Express-Building Construction:4200/Tonopah,Five or More Family Condo,8/30/2021,3/23/2023,https://aca-prod.accela.com/SANDIEGO/Cap/CapDetail.aspx?Module=DSD&TabName=DSD&capID1=REC21&capID2=00000&capID3=01O7D&agencyCode=SANDIEGO&IsToShowInspection=,https://aca-prod.accela.com/SANDIEGO/Cap/CapDetail.aspx?Module=DSD&TabName=DSD&capID1=REC21&capID2=00000&capID3=01X1M&agencyCode=SANDIEGO&IsToShowInspection=,1
PMT-3112004,"4070 Georgia St, San Diego, CA",PRJ-1037740,Closed,General-Standard-Building Construction:4070/Georgia,Five or More Family Apt,8/18/2021,1/5/2023,https://aca-prod.accela.com/SANDIEGO/Cap/CapDetail.aspx?Module=DSD&TabName=DSD&capID1=REC21&capID2=00000&capID3=01OX0&agencyCode=SANDIEGO&IsToShowInspection=,https://aca-prod.accela.com/SANDIEGO/Cap/CapDetail.aspx?Module=DSD&TabName=DSD&capID1=REC21&capID2=00000&capID3=01TOW&agencyCode=SANDIEGO&IsToShowInspection=,1
PMT-3118334,"3411 31st St, San Diego, CA 92104",PRJ-1038987,Closed,General-Standard-Building Construction:3411/31st,Three or Four Family Apt,9/29/2021,11/14/2022,https://aca-prod.accela.com/SANDIEGO/Cap/CapDetail.aspx?Module=DSD&TabName=DSD&capID1=REC21&capID2=00000&capID3=01UA3&agencyCode=SANDIEGO&IsToShowInspection=,https://aca-prod.accela.com/SANDIEGO/Cap/CapDetail.aspx?Module=DSD&TabName=DSD&capID1=REC21&capID2=00000&capID3=027AR&agencyCode=SANDIEGO&IsToShowInspection=,2
PMT-3114364,"414 Arbor Dr, San Diego, CA",PRJ-1039103,Inspection Followup,General-Standard-Building Construction:414/Arbor,Add/Alt Companion Unit/Acc Apt,9/2/2021,10/18/2022,https://aca-prod.accela.com/SANDIEGO/Cap/CapDetail.aspx?Module=DSD&TabName=DSD&capID1=REC21&capID2=00000&capID3=01UO6&agencyCode=SANDIEGO&IsToShowInspection=,https://aca-prod.accela.com/SANDIEGO/Cap/CapDetail.aspx?Module=DSD&TabName=DSD&capID1=REC21&capID2=00000&capID3=01YWE&agencyCode=SANDIEGO&IsToShowInspection=,2
PMT-3114354,"4555 Alabama St, San Diego, CA 92116",PRJ-1039160,Closed,General-Standard-Building Construction:4555/Alabama,Add/Alt Companion Unit/Acc Apt,9/2/2021,6/16/2022,https://aca-prod.accela.com/SANDIEGO/Cap/CapDetail.aspx?Module=DSD&TabName=DSD&capID1=REC21&capID2=00000&capID3=01UWQ&agencyCode=SANDIEGO&IsToShowInspection=,https://aca-prod.accela.com/SANDIEGO/Cap/CapDetail.aspx?Module=DSD&TabName=DSD&capID1=REC21&capID2=00000&capID3=01YV8&agencyCode=SANDIEGO&IsToShowInspection=,1
PMT-3114904,"1120 Nestor Wy, San Diego, CA 92154",PRJ-1039884,Closed,General-Express-Building Construction:1120/Nestor,Five or More Family Apt,9/8/2021,4/26/2022,https://aca-prod.accela.com/SANDIEGO/Cap/CapDetail.aspx?Module=DSD&TabName=DSD&capID1=REC21&capID2=00000&capID3=01Y3G&agencyCode=SANDIEGO&IsToShowInspection=,https://aca-prod.accela.com/SANDIEGO/Cap/CapDetail.aspx?Module=DSD&TabName=DSD&capID1=REC21&capID2=00000&capID3=01ZZH&agencyCode=SANDIEGO&IsToShowInspection=,73
PMT-3116040,"3084 Meade Av, San Diego, CA",PRJ-1040142,Closed,General-Standard-Building Construction:3084/Meade,Five or More Family Condo,9/15/2021,3/14/2023,https://aca-prod.accela.com/SANDIEGO/Cap/CapDetail.aspx?Module=DSD&TabName=DSD&capID1=REC21&capID2=00000&capID3=01Z89&agencyCode=SANDIEGO&IsToShowInspection=,https://aca-prod.accela.com/SANDIEGO/Cap/CapDetail.aspx?Module=DSD&TabName=DSD&capID1=REC21&capID2=00000&capID3=022EP&agencyCode=SANDIEGO&IsToShowInspection=,1
PMT-3117210,"4965 Millwood Rd, San Diego, CA 92117",PRJ-1040423,Closed,Rapid Review-Standard-Building Construction:4965/Millwood,Add/Alt Companion Unit/Acc Apt,9/22/2021,1/11/2023,https://aca-prod.accela.com/SANDIEGO/Cap/CapDetail.aspx?Module=DSD&TabName=DSD&capID1=REC21&capID2=00000&capID3=020HW&agencyCode=SANDIEGO&IsToShowInspection=,https://aca-prod.accela.com/SANDIEGO/Cap/CapDetail.aspx?Module=DSD&TabName=DSD&capID1=REC21&capID2=00000&capID3=024Y2&agencyCode=SANDIEGO&IsToShowInspection=,1
PMT-3117300,"2661 K St, San Diego, CA",PRJ-1040481,,General-Standard-Building Permit:2661/K,Add/Alt Acc Bldgs to 3+ Fam,9/23/2021,,https://aca-prod.accela.com/SANDIEGO/Cap/CapDetail.aspx?Module=DSD&TabName=DSD&capID1=REC21&capID2=00000&capID3=020S8&agencyCode=SANDIEGO&IsToShowInspection=,https://aca-prod.accela.com/SANDIEGO/Cap/CapDetail.aspx?Module=DSD&TabName=DSD&capID1=REC21&capID2=00000&capID3=0254Q&agencyCode=SANDIEGO&IsToShowInspection=,1
PMT-3119113,"10211 Rancho Carmel Dr, San Diego, CA",PRJ-1040652,Inspection Followup,Actively Managed-Express-Building Construction:10211/Rancho Carmel,,10/4/2021,1/4/2023,https://aca-prod.accela.com/SANDIEGO/Cap/CapDetail.aspx?Module=DSD&TabName=DSD&capID1=REC21&capID2=00000&capID3=021HI&agencyCode=SANDIEGO&IsToShowInspection=,https://aca-prod.accela.com/SANDIEGO/Cap/CapDetail.aspx?Module=DSD&TabName=DSD&capID1=REC21&capID2=00000&capID3=028S4&agencyCode=SANDIEGO&IsToShowInspection=,10
PMT-3118276,"3961 Georgia St, San Diego, CA 92103",PRJ-1040832,Cancelled Application Expired,General-Express-Building Construction:3961/Georgia,Five or More Family Apt,9/29/2021,,https://aca-prod.accela.com/SANDIEGO/Cap/CapDetail.aspx?Module=DSD&TabName=DSD&capID1=REC21&capID2=00000&capID3=0229C&agencyCode=SANDIEGO&IsToShowInspection=,https://aca-prod.accela.com/SANDIEGO/Cap/CapDetail.aspx?Module=DSD&TabName=DSD&capID1=REC21&capID2=00000&capID3=0277C&agencyCode=SANDIEGO&IsToShowInspection=,2
PMT-3118742,"2829 Broadway, San Diego, CA 92102",PRJ-1040838,Cancelled Application Expired,General-Express-Building Construction:2829/Broadway,Five or More Family Apt,10/1/2021,,https://aca-prod.accela.com/SANDIEGO/Cap/CapDetail.aspx?Module=DSD&TabName=DSD&capID1=REC21&capID2=00000&capID3=0229T&agencyCode=SANDIEGO&IsToShowInspection=,https://aca-prod.accela.com/SANDIEGO/Cap/CapDetail.aspx?Module=DSD&TabName=DSD&capID1=REC21&capID2=00000&capID3=0280N&agencyCode=SANDIEGO&IsToShowInspection=,2
PMT-3125163,"5505 Mary Lane Dr, San Diego, CA 92115",PRJ-1041638,Closed,General-Standard-Building Construction:5503/Mary Lane,Add/Alt Companion Unit/Acc Apt,11/16/2021,5/17/2022,https://aca-prod.accela.com/SANDIEGO/Cap/CapDetail.aspx?Module=DSD&TabName=DSD&capID1=REC21&capID2=00000&capID3=025C1&agencyCode=SANDIEGO&IsToShowInspection=,https://aca-prod.accela.com/SANDIEGO/Cap/CapDetail.aspx?Module=DSD&TabName=DSD&capID1=REC21&capID2=00000&capID3=02M00&agencyCode=SANDIEGO&IsToShowInspection=,2
PMT-3120055,"5144 Manchester Rd, San Diego, CA 92115",PRJ-1041832,Closed,General-Standard-Building Construction:5144/Manchester,Add/Alt Companion Unit/Acc Apt,10/11/2021,10/7/2022,https://aca-prod.accela.com/SANDIEGO/Cap/CapDetail.aspx?Module=DSD&TabName=DSD&capID1=REC21&capID2=00000&capID3=025YH&agencyCode=SANDIEGO&IsToShowInspection=,https://aca-prod.accela.com/SANDIEGO/Cap/CapDetail.aspx?Module=DSD&TabName=DSD&capID1=REC21&capID2=00000&capID3=02AUQ&agencyCode=SANDIEGO&IsToShowInspection=,1
PMT-3120060,"5144 Manchester Rd, San Diego, CA 92115",PRJ-1041832,Closed,General-Standard-Building Construction:5144/Manchester,Add/Alt Companion Unit/Acc Apt,10/11/2021,10/7/2022,https://aca-prod.accela.com/SANDIEGO/Cap/CapDetail.aspx?Module=DSD&TabName=DSD&capID1=REC21&capID2=00000&capID3=025YH&agencyCode=SANDIEGO&IsToShowInspection=,https://aca-prod.accela.com/SANDIEGO/Cap/CapDetail.aspx?Module=DSD&TabName=DSD&capID1=REC21&capID2=00000&capID3=02AV6&agencyCode=SANDIEGO&IsToShowInspection=,1
PMT-3120065,"5144 Manchester Rd, San Diego, CA 92115",PRJ-1041832,Closed,General-Standard-Building Construction:5144/Manchester,Add/Alt Companion Unit/Acc Apt,10/11/2021,10/7/2022,https://aca-prod.accela.com/SANDIEGO/Cap/CapDetail.aspx?Module=DSD&TabName=DSD&capID1=REC21&capID2=00000&capID3=025YH&agencyCode=SANDIEGO&IsToShowInspection=,https://aca-prod.accela.com/SANDIEGO/Cap/CapDetail.aspx?Module=DSD&TabName=DSD&capID1=REC21&capID2=00000&capID3=02AVH&agencyCode=SANDIEGO&IsToShowInspection=,1
PMT-3124267,"4451 Logan Av, San Diego, CA 92113",PRJ-1042516,Cancelled Application Expired,General-Expedite-Building Construction:4451/Logan,One Family Detached,11/9/2021,,https://aca-prod.accela.com/SANDIEGO/Cap/CapDetail.aspx?Module=DSD&TabName=DSD&capID1=REC21&capID2=00000&capID3=0292B&agencyCode=SANDIEGO&IsToShowInspection=,https://aca-prod.accela.com/SANDIEGO/Cap/CapDetail.aspx?Module=DSD&TabName=DSD&capID1=REC21&capID2=00000&capID3=02K0P&agencyCode=SANDIEGO&IsToShowInspection=,2
PMT-3124268,"4451 Logan Av, San Diego, CA 92113",PRJ-1042516,Cancelled Application Expired,General-Expedite-Building Construction:4451/Logan,One Family Detached,11/9/2021,,https://aca-prod.accela.com/SANDIEGO/Cap/CapDetail.aspx?Module=DSD&TabName=DSD&capID1=REC21&capID2=00000&capID3=0292B&agencyCode=SANDIEGO&IsToShowInspection=,https://aca-prod.accela.com/SANDIEGO/Cap/CapDetail.aspx?Module=DSD&TabName=DSD&capID1=REC21&capID2=00000&capID3=02K0R&agencyCode=SANDIEGO&IsToShowInspection=,2
PMT-3124273,"4451 Logan Av, San Diego, CA 92113",PRJ-1042516,Cancelled Application Expired,General-Expedite-Building Construction:4451/Logan,One Family Detached,11/9/2021,,https://aca-prod.accela.com/SANDIEGO/Cap/CapDetail.aspx?Module=DSD&TabName=DSD&capID1=REC21&capID2=00000&capID3=0292B&agencyCode=SANDIEGO&IsToShowInspection=,https://aca-prod.accela.com/SANDIEGO/Cap/CapDetail.aspx?Module=DSD&TabName=DSD&capID1=REC21&capID2=00000&capID3=02K11&agencyCode=SANDIEGO&IsToShowInspection=,1
PMT-3121677,"2710 03rd Av, San Diego, CA",PRJ-1042534,Inspection Followup,General-Expedite-Building Construction:2710/03rd,,10/21/2021,1/3/2023,https://aca-prod.accela.com/SANDIEGO/Cap/CapDetail.aspx?Module=DSD&TabName=DSD&capID1=REC21&capID2=00000&capID3=02954&agencyCode=SANDIEGO&IsToShowInspection=,https://aca-prod.accela.com/SANDIEGO/Cap/CapDetail.aspx?Module=DSD&TabName=DSD&capID1=REC21&capID2=00000&capID3=02EK1&agencyCode=SANDIEGO&IsToShowInspection=,11
PMT-3122275,"1311 Pequena St, San Diego, CA 92154",PRJ-1043110,Closed,General-Standard-Building Construction:1311/Pequena,"Add/Alt 1 or 2 Fam, No Chg DU",10/26/2021,5/23/2022,https://aca-prod.accela.com/SANDIEGO/Cap/CapDetail.aspx?Module=DSD&TabName=DSD&capID1=REC21&capID2=00000&capID3=02BDX&agencyCode=SANDIEGO&IsToShowInspection=,https://aca-prod.accela.com/SANDIEGO/Cap/CapDetail.aspx?Module=DSD&TabName=DSD&capID1=REC21&capID2=00000&capID3=02FXI&agencyCode=SANDIEGO&IsToShowInspection=,1
PMT-3125897,"5727 Lauretta St, San Diego, CA 92110",PRJ-1043791,Closed,General-Express-Building Construction:5727/Lauretta,Five or More Family Apt,11/19/2021,6/29/2023,https://aca-prod.accela.com/SANDIEGO/Cap/CapDetail.aspx?Module=DSD&TabName=DSD&capID1=REC21&capID2=00000&capID3=02E2J&agencyCode=SANDIEGO&IsToShowInspection=,https://aca-prod.accela.com/SANDIEGO/Cap/CapDetail.aspx?Module=DSD&TabName=DSD&capID1=REC21&capID2=00000&capID3=02NGJ&agencyCode=SANDIEGO&IsToShowInspection=,1
PMT-3277988,"5727 Lauretta St, San Diego, CA 92110",PRJ-1043791,Inspection Followup,General-Express-Building Construction:5727/Lauretta,ACC STRUCT- NON RES,3/4/2024,11/1/2024,https://aca-prod.accela.com/SANDIEGO/Cap/CapDetail.aspx?Module=DSD&TabName=DSD&capID1=REC21&capID2=00000&capID3=02E2J&agencyCode=SANDIEGO&IsToShowInspection=,https://aca-prod.accela.com/SANDIEGO/Cap/CapDetail.aspx?Module=DSD&TabName=DSD&capID1=REC24&capID2=00000&capID3=00L9Q&agencyCode=SANDIEGO&IsToShowInspection=,1
PMT-3126326,"530 42nd St, San Diego, CA",PRJ-1043910,Cancelled Application Expired,Actively Managed-Express-Building Construction:530/42nd,Three or Four Family Apt,11/23/2021,,https://aca-prod.accela.com/SANDIEGO/Cap/CapDetail.aspx?Module=DSD&TabName=DSD&capID1=REC21&capID2=00000&capID3=02EI5&agencyCode=SANDIEGO&IsToShowInspection=,https://aca-prod.accela.com/SANDIEGO/Cap/CapDetail.aspx?Module=DSD&TabName=DSD&capID1=REC21&capID2=00000&capID3=02OCK&agencyCode=SANDIEGO&IsToShowInspection=,9
PMT-3126508,"531 Morrison St, San Diego, CA",PRJ-1043910,Cancelled Application Expired,Actively Managed-Express-Building Construction:530/42nd,Three or Four Family Apt,11/24/2021,,https://aca-prod.accela.com/SANDIEGO/Cap/CapDetail.aspx?Module=DSD&TabName=DSD&capID1=REC21&capID2=00000&capID3=02EI5&agencyCode=SANDIEGO&IsToShowInspection=,https://aca-prod.accela.com/SANDIEGO/Cap/CapDetail.aspx?Module=DSD&TabName=DSD&capID1=REC21&capID2=00000&capID3=02OO0&agencyCode=SANDIEGO&IsToShowInspection=,9
PMT-3341994,"4810 Canyon View, San Diego, CA 92117",PRJ-1044024,Closed,General-Standard-Building Construction:3450/Clairemont,Three or Four Family Apt,3/10/2025,3/10/2025,https://aca-prod.accela.com/SANDIEGO/Cap/CapDetail.aspx?Module=DSD&TabName=DSD&capID1=REC21&capID2=00000&capID3=02EZH&agencyCode=SANDIEGO&IsToShowInspection=,https://aca-prod.accela.com/SANDIEGO/Cap/CapDetail.aspx?Module=DSD&TabName=DSD&capID1=REC25&capID2=00000&capID3=00NBQ&agencyCode=SANDIEGO&IsToShowInspection=,1
PMT-3127948,"3090 Polk Av, San Diego, CA",PRJ-1044085,Inspection Followup,General-Standard-Building Construction:3090/Polk,Five or More Family Apt,12/6/2021,9/25/2023,https://aca-prod.accela.com/SANDIEGO/Cap/CapDetail.aspx?Module=DSD&TabName=DSD&capID1=REC21&capID2=00000&capID3=02F6P&agencyCode=SANDIEGO&IsToShowInspection=,https://aca-prod.accela.com/SANDIEGO/Cap/CapDetail.aspx?Module=DSD&TabName=DSD&capID1=REC21&capID2=00000&capID3=02RD6&agencyCode=SANDIEGO&IsToShowInspection=,11
PMT-3129303,"4552 North Av, San Diego, CA",PRJ-1044228,Cancelled,General-Express-Building Construction:4552/North,"Add/Alt 3+ Fam, Increase DU",12/14/2021,7/7/2022,https://aca-prod.accela.com/SANDIEGO/Cap/CapDetail.aspx?Module=DSD&TabName=DSD&capID1=REC21&capID2=00000&capID3=02FS3&agencyCode=SANDIEGO&IsToShowInspection=,https://aca-prod.accela.com/SANDIEGO/Cap/CapDetail.aspx?Module=DSD&TabName=DSD&capID1=REC21&capID2=00000&capID3=02U0J&agencyCode=SANDIEGO&IsToShowInspection=,2
PMT-3125597,"2810 Nye St, San Diego, CA 92111",PRJ-1044263,Closed,General-Standard-Building Construction:2810/Nye,Add/Alt Companion Unit/Acc Apt,11/17/2021,8/3/2023,https://aca-prod.accela.com/SANDIEGO/Cap/CapDetail.aspx?Module=DSD&TabName=DSD&capID1=REC21&capID2=00000&capID3=02FWT&agencyCode=SANDIEGO&IsToShowInspection=,https://aca-prod.accela.com/SANDIEGO/Cap/CapDetail.aspx?Module=DSD&TabName=DSD&capID1=REC21&capID2=00000&capID3=02MSO&agencyCode=SANDIEGO&IsToShowInspection=,2
PMT-3126777,"6251 Mary Lane Dr, San Diego, CA 92115",PRJ-1044626,Closed,General-Standard-Building Construction:6251/Mary Lane,Add/Alt Companion Unit/Acc Apt,11/29/2021,8/30/2023,https://aca-prod.accela.com/SANDIEGO/Cap/CapDetail.aspx?Module=DSD&TabName=DSD&capID1=REC21&capID2=00000&capID3=02HG9&agencyCode=SANDIEGO&IsToShowInspection=,https://aca-prod.accela.com/SANDIEGO/Cap/CapDetail.aspx?Module=DSD&TabName=DSD&capID1=REC21&capID2=00000&capID3=02P5A&agencyCode=SANDIEGO&IsToShowInspection=,1
PMT-3126205,"5119 East Falls View Dr, San Diego, CA 92115",PRJ-1044698,Closed,General-Standard-Building Construction:5119/East Falls View,Add/Alt Companion Unit/Acc Apt,11/22/2021,4/25/2022,https://aca-prod.accela.com/SANDIEGO/Cap/CapDetail.aspx?Module=DSD&TabName=DSD&capID1=REC21&capID2=00000&capID3=02HR3&agencyCode=SANDIEGO&IsToShowInspection=,https://aca-prod.accela.com/SANDIEGO/Cap/CapDetail.aspx?Module=DSD&TabName=DSD&capID1=REC21&capID2=00000&capID3=02O28&agencyCode=SANDIEGO&IsToShowInspection=,1
PMT-3181958,"6828 Amherst St, San Diego, CA 92115",PRJ-1044699,Closed,General-Standard-Combination Building Permit:6826/Amherst,Add/Alt Companion Unit/Acc Apt,10/13/2022,11/20/2023,https://aca-prod.accela.com/SANDIEGO/Cap/CapDetail.aspx?Module=DSD&TabName=DSD&capID1=REC21&capID2=00000&capID3=02HR6&agencyCode=SANDIEGO&IsToShowInspection=,https://aca-prod.accela.com/SANDIEGO/Cap/CapDetail.aspx?Module=DSD&TabName=DSD&capID1=REC22&capID2=00000&capID3=02ODY&agencyCode=SANDIEGO&IsToShowInspection=,2
PMT-3324179,"6830 Amherst St, San Diego, CA 92115",PRJ-1044699,Closed,General-Standard-Combination Building Permit:6826/Amherst,,11/20/2024,11/20/2024,https://aca-prod.accela.com/SANDIEGO/Cap/CapDetail.aspx?Module=DSD&TabName=DSD&capID1=REC21&capID2=00000&capID3=02HR6&agencyCode=SANDIEGO&IsToShowInspection=,https://aca-prod.accela.com/SANDIEGO/Cap/CapDetail.aspx?Module=DSD&TabName=DSD&capID1=REC24&capID2=00000&capID3=02WMX&agencyCode=SANDIEGO&IsToShowInspection=,1
PMT-3127291,"318 53rd St, San Diego, CA",PRJ-1044737,Cancelled Application Expired,General-Expedite-Building Construction:322/53Rd,Add/Alt Companion Unit/Acc Apt,12/1/2021,,https://aca-prod.accela.com/SANDIEGO/Cap/CapDetail.aspx?Module=DSD&TabName=DSD&capID1=REC21&capID2=00000&capID3=02HVS&agencyCode=SANDIEGO&IsToShowInspection=,https://aca-prod.accela.com/SANDIEGO/Cap/CapDetail.aspx?Module=DSD&TabName=DSD&capID1=REC21&capID2=00000&capID3=02Q3Z&agencyCode=SANDIEGO&IsToShowInspection=,2
PMT-3130385,"3610 03rd Av, San Diego, CA",PRJ-1045141,Cancelled Application Expired,General-Express-Building Construction:3610/03rd,Five or More Family Apt,12/21/2021,,https://aca-prod.accela.com/SANDIEGO/Cap/CapDetail.aspx?Module=DSD&TabName=DSD&capID1=REC21&capID2=00000&capID3=02JFK&agencyCode=SANDIEGO&IsToShowInspection=,https://aca-prod.accela.com/SANDIEGO/Cap/CapDetail.aspx?Module=DSD&TabName=DSD&capID1=REC21&capID2=00000&capID3=02WBC&agencyCode=SANDIEGO&IsToShowInspection=,2
PMT-3125936,"3743 04th Av, San Diego, CA",PRJ-1045534,Inspection Followup,Actively Managed-Express-Building Construction:3743/04th,Five or More Family Condo,11/19/2021,5/12/2023,https://aca-prod.accela.com/SANDIEGO/Cap/CapDetail.aspx?Module=DSD&TabName=DSD&capID1=REC21&capID2=00000&capID3=02KUB&agencyCode=SANDIEGO&IsToShowInspection=,https://aca-prod.accela.com/SANDIEGO/Cap/CapDetail.aspx?Module=DSD&TabName=DSD&capID1=REC21&capID2=00000&capID3=02NJ8&agencyCode=SANDIEGO&IsToShowInspection=,6
PMT-3127360,"101 50th St, San Diego, CA",PRJ-1045712,Cancelled,Actively Managed-Express-Building Construction:101/50th,Five or More Family Condo,12/1/2021,7/13/2023,https://aca-prod.accela.com/SANDIEGO/Cap/CapDetail.aspx?Module=DSD&TabName=DSD&capID1=REC21&capID2=00000&capID3=02LCP&agencyCode=SANDIEGO&IsToShowInspection=,https://aca-prod.accela.com/SANDIEGO/Cap/CapDetail.aspx?Module=DSD&TabName=DSD&capID1=REC21&capID2=00000&capID3=02Q9N&agencyCode=SANDIEGO&IsToShowInspection=,99
PMT-3132296,"4060 Oregon St, San Diego, CA",PRJ-1045942,Inspection Followup,General-Express-Building Construction:4060/Oregon,Five or More Family Apt,1/6/2022,9/5/2023,https://aca-prod.accela.com/SANDIEGO/Cap/CapDetail.aspx?Module=DSD&TabName=DSD&capID1=REC21&capID2=00000&capID3=02MBX&agencyCode=SANDIEGO&IsToShowInspection=,https://aca-prod.accela.com/SANDIEGO/Cap/CapDetail.aspx?Module=DSD&TabName=DSD&capID1=REC22&capID2=00000&capID3=001DN&agencyCode=SANDIEGO&IsToShowInspection=,11
PMT-3131067,"6353 Broadway, San Diego, CA",PRJ-1045971,Issued,General-Expedite-Building Construction:6353/Broadway,Add/Alt Companion Unit/Acc Apt,12/27/2021,11/22/2022,https://aca-prod.accela.com/SANDIEGO/Cap/CapDetail.aspx?Module=DSD&TabName=DSD&capID1=REC21&capID2=00000&capID3=02MG1&agencyCode=SANDIEGO&IsToShowInspection=,https://aca-prod.accela.com/SANDIEGO/Cap/CapDetail.aspx?Module=DSD&TabName=DSD&capID1=REC21&capID2=00000&capID3=02XJ6&agencyCode=SANDIEGO&IsToShowInspection=,1
PMT-3129328,"5166 69Th St, San Diego, CA",PRJ-1045994,Closed,General-Standard-Building Construction:5162/69th,Add/Alt Companion Unit/Acc Apt,12/14/2021,9/15/2022,https://aca-prod.accela.com/SANDIEGO/Cap/CapDetail.aspx?Module=DSD&TabName=DSD&capID1=REC21&capID2=00000&capID3=02MK6&agencyCode=SANDIEGO&IsToShowInspection=,https://aca-prod.accela.com/SANDIEGO/Cap/CapDetail.aspx?Module=DSD&TabName=DSD&capID1=REC21&capID2=00000&capID3=02U1W&agencyCode=SANDIEGO&IsToShowInspection=,1
PMT-3129329,"5164 69Th St, San Diego, CA",PRJ-1045994,Closed,General-Standard-Building Construction:5162/69th,Add/Alt Companion Unit/Acc Apt,12/14/2021,9/15/2022,https://aca-prod.accela.com/SANDIEGO/Cap/CapDetail.aspx?Module=DSD&TabName=DSD&capID1=REC21&capID2=00000&capID3=02MK6&agencyCode=SANDIEGO&IsToShowInspection=,https://aca-prod.accela.com/SANDIEGO/Cap/CapDetail.aspx?Module=DSD&TabName=DSD&capID1=REC21&capID2=00000&capID3=02U1Y&agencyCode=SANDIEGO&IsToShowInspection=,2
PMT-3133494,"6770 Akins Av, San Diego, CA",PRJ-1046662,Cancelled Application Expired,General-Expedite-Building Construction:6768/Akins,Add/Alt Companion Unit/Acc Apt,1/14/2022,,https://aca-prod.accela.com/SANDIEGO/Cap/CapDetail.aspx?Module=DSD&TabName=DSD&capID1=REC21&capID2=00000&capID3=02P45&agencyCode=SANDIEGO&IsToShowInspection=,https://aca-prod.accela.com/SANDIEGO/Cap/CapDetail.aspx?Module=DSD&TabName=DSD&capID1=REC22&capID2=00000&capID3=003O9&agencyCode=SANDIEGO&IsToShowInspection=,75
PMT-3133523,"2534 Nye St, San Diego, CA",PRJ-1046665,Inspection Followup,General-Expedite-Building Construction:2534/Nye,Add/Alt Companion Unit/Acc Apt,1/14/2022,1/18/2024,https://aca-prod.accela.com/SANDIEGO/Cap/CapDetail.aspx?Module=DSD&TabName=DSD&capID1=REC21&capID2=00000&capID3=02P4C&agencyCode=SANDIEGO&IsToShowInspection=,https://aca-prod.accela.com/SANDIEGO/Cap/CapDetail.aspx?Module=DSD&TabName=DSD&capID1=REC22&capID2=00000&capID3=003Q7&agencyCode=SANDIEGO&IsToShowInspection=,8
PMT-3131710,"2260 El Cajon Bl, San Diego, CA 92104",PRJ-1047121,Inspection Followup,Actively Managed-Express-Building Construction:4304/Louisiana,Five or More Family Apt,1/3/2022,11/21/2022,https://aca-prod.accela.com/SANDIEGO/Cap/CapDetail.aspx?Module=DSD&TabName=DSD&capID1=REC21&capID2=00000&capID3=02R1W&agencyCode=SANDIEGO&IsToShowInspection=,https://aca-prod.accela.com/SANDIEGO/Cap/CapDetail.aspx?Module=DSD&TabName=DSD&capID1=REC22&capID2=00000&capID3=0006A&agencyCode=SANDIEGO&IsToShowInspection=,10
PMT-3136388,"3530 Indiana St, San Diego, CA",PRJ-1047855,Cancelled Application Expired,General-Standard-Building Construction:3530/Indiana,Five or More Family Apt,2/3/2022,,https://aca-prod.accela.com/SANDIEGO/Cap/CapDetail.aspx?Module=DSD&TabName=DSD&capID1=REC21&capID2=00000&capID3=02TR0&agencyCode=SANDIEGO&IsToShowInspection=,https://aca-prod.accela.com/SANDIEGO/Cap/CapDetail.aspx?Module=DSD&TabName=DSD&capID1=REC22&capID2=00000&capID3=009B6&agencyCode=SANDIEGO&IsToShowInspection=,1
PMT-3135746,"2727 C St, San Diego, CA 92102",PRJ-1048294,Cancelled Application Expired,General-Express-Building Construction:2727/C,Five or More Family Apt,1/31/2022,,https://aca-prod.accela.com/SANDIEGO/Cap/CapDetail.aspx?Module=DSD&TabName=DSD&capID1=REC21&capID2=00000&capID3=02VH3&agencyCode=SANDIEGO&IsToShowInspection=,https://aca-prod.accela.com/SANDIEGO/Cap/CapDetail.aspx?Module=DSD&TabName=DSD&capID1=REC22&capID2=00000&capID3=0084B&agencyCode=SANDIEGO&IsToShowInspection=,3
PMT-3137921,"1590 Kettner Bl, San Diego, CA",PRJ-1048664,Inspection Followup,Actively Managed-Express-Building Construction:1590/Kettner,Five or More Family Apt,2/14/2022,3/27/2023,https://aca-prod.accela.com/SANDIEGO/Cap/CapDetail.aspx?Module=DSD&TabName=DSD&capID1=REC21&capID2=00000&capID3=02WVN&agencyCode=SANDIEGO&IsToShowInspection=,https://aca-prod.accela.com/SANDIEGO/Cap/CapDetail.aspx?Module=DSD&TabName=DSD&capID1=REC22&capID2=00000&capID3=00C7L&agencyCode=SANDIEGO&IsToShowInspection=,63
PMT-3138220,"1905 Broadway, San Diego, CA 92102",PRJ-1048673,Inspection Followup,General-Express-Building Construction:1905/Broadway,,2/15/2022,8/16/2023,https://aca-prod.accela.com/SANDIEGO/Cap/CapDetail.aspx?Module=DSD&TabName=DSD&capID1=REC21&capID2=00000&capID3=02WWL&agencyCode=SANDIEGO&IsToShowInspection=,https://aca-prod.accela.com/SANDIEGO/Cap/CapDetail.aspx?Module=DSD&TabName=DSD&capID1=REC22&capID2=00000&capID3=00CRF&agencyCode=SANDIEGO&IsToShowInspection=,8
PMT-3140418,"2519 El Cajon Bl, San Diego, CA",PRJ-1048773,Closed,General-Expedite-Building Construction:2519/El Cajon,Add/Alt Acc Bldgs to 3+ Fam,3/1/2022,6/23/2023,https://aca-prod.accela.com/SANDIEGO/Cap/CapDetail.aspx?Module=DSD&TabName=DSD&capID1=REC21&capID2=00000&capID3=02XFN&agencyCode=SANDIEGO&IsToShowInspection=,https://aca-prod.accela.com/SANDIEGO/Cap/CapDetail.aspx?Module=DSD&TabName=DSD&capID1=REC22&capID2=00000&capID3=00H03&agencyCode=SANDIEGO&IsToShowInspection=,5
PMT-3139474,"4042 01st Av, San Diego, CA",PRJ-1049208,Cancelled Application Expired,General-Express-Building Construction:4042/01st,Add/Alt 3+ Fam Res Garages,2/23/2022,,https://aca-prod.accela.com/SANDIEGO/Cap/CapDetail.aspx?Module=DSD&TabName=DSD&capID1=REC22&capID2=00000&capID3=000EU&agencyCode=SANDIEGO&IsToShowInspection=,https://aca-prod.accela.com/SANDIEGO/Cap/CapDetail.aspx?Module=DSD&TabName=DSD&capID1=REC22&capID2=00000&capID3=00F83&agencyCode=SANDIEGO&IsToShowInspection=,2
PMT-3132912,"9822 Paseo Montalban, San Diego, CA",PRJ-1049408,Closed,General-Standard-Building Construction:9818/Paseo Montalban,Add/Alt Companion Unit/Acc Apt,1/11/2022,2/17/2023,https://aca-prod.accela.com/SANDIEGO/Cap/CapDetail.aspx?Module=DSD&TabName=DSD&capID1=REC22&capID2=00000&capID3=0015U&agencyCode=SANDIEGO&IsToShowInspection=,https://aca-prod.accela.com/SANDIEGO/Cap/CapDetail.aspx?Module=DSD&TabName=DSD&capID1=REC22&capID2=00000&capID3=002MZ&agencyCode=SANDIEGO&IsToShowInspection=,1
PMT-3142563,"4373 Logan Av, San Diego, CA 92113",PRJ-1049584,Cancelled Application Expired,General-Expedite-Building Construction:4369/Logan,Two family Condominium,3/14/2022,,https://aca-prod.accela.com/SANDIEGO/Cap/CapDetail.aspx?Module=DSD&TabName=DSD&capID1=REC22&capID2=00000&capID3=001T2&agencyCode=SANDIEGO&IsToShowInspection=,https://aca-prod.accela.com/SANDIEGO/Cap/CapDetail.aspx?Module=DSD&TabName=DSD&capID1=REC22&capID2=00000&capID3=00KYZ&agencyCode=SANDIEGO&IsToShowInspection=,2
PMT-3148226,"137 West Olive Dr, San Diego, CA 92173",PRJ-1049616,Closed,General-Standard-Combination Building Permit:139/West Olive,Add/Alt Companion Unit/Acc Apt,4/13/2022,1/30/2024,https://aca-prod.accela.com/SANDIEGO/Cap/CapDetail.aspx?Module=DSD&TabName=DSD&capID1=REC22&capID2=00000&capID3=001X8&agencyCode=SANDIEGO&IsToShowInspection=,https://aca-prod.accela.com/SANDIEGO/Cap/CapDetail.aspx?Module=DSD&TabName=DSD&capID1=REC22&capID2=00000&capID3=00V8L&agencyCode=SANDIEGO&IsToShowInspection=,2
PMT-3146106,"2522 Erie St, San Diego, CA 92110",PRJ-1050351,Closed,General-Standard-Building Construction:2520/Erie,Add/Alt Companion Unit/Acc Apt,4/1/2022,5/26/2023,https://aca-prod.accela.com/SANDIEGO/Cap/CapDetail.aspx?Module=DSD&TabName=DSD&capID1=REC22&capID2=00000&capID3=004T8&agencyCode=SANDIEGO&IsToShowInspection=,https://aca-prod.accela.com/SANDIEGO/Cap/CapDetail.aspx?Module=DSD&TabName=DSD&capID1=REC22&capID2=00000&capID3=00RFA&agencyCode=SANDIEGO&IsToShowInspection=,1
PMT-3146420,"1704 Burton St, San Diego, CA",PRJ-1050678,Closed,General-Standard-Building Construction:1704/Burton,Acc Bldg to 1 or 2 Fam,4/4/2022,2/7/2023,https://aca-prod.accela.com/SANDIEGO/Cap/CapDetail.aspx?Module=DSD&TabName=DSD&capID1=REC22&capID2=00000&capID3=00625&agencyCode=SANDIEGO&IsToShowInspection=,https://aca-prod.accela.com/SANDIEGO/Cap/CapDetail.aspx?Module=DSD&TabName=DSD&capID1=REC22&capID2=00000&capID3=00RUR&agencyCode=SANDIEGO&IsToShowInspection=,1
PMT-3210038,"4357 Illinois St, San Diego, CA",PRJ-1051239,Cancelled Application Expired,General-Standard-Building Construction:4357/Illinois,Add/Alt Companion Unit/Acc Apt,3/14/2023,,https://aca-prod.accela.com/SANDIEGO/Cap/CapDetail.aspx?Module=DSD&TabName=DSD&capID1=REC22&capID2=00000&capID3=008GI&agencyCode=SANDIEGO&IsToShowInspection=,https://aca-prod.accela.com/SANDIEGO/Cap/CapDetail.aspx?Module=DSD&TabName=DSD&capID1=REC23&capID2=00000&capID3=00QMN&agencyCode=SANDIEGO&IsToShowInspection=,4
PMT-3174478,"1001 32nd St, San Diego, CA",PRJ-1051411,Inspection Followup,General-Standard-Building Construction:1001/32nd,Five or More Family Apt,9/1/2022,5/21/2024,https://aca-prod.accela.com/SANDIEGO/Cap/CapDetail.aspx?Module=DSD&TabName=DSD&capID1=REC22&capID2=00000&capID3=0092P&agencyCode=SANDIEGO&IsToShowInspection=,https://aca-prod.accela.com/SANDIEGO/Cap/CapDetail.aspx?Module=DSD&TabName=DSD&capID1=REC22&capID2=00000&capID3=028Q8&agencyCode=SANDIEGO&IsToShowInspection=,4
PMT-3148535,"5078 Mount Harris Dr, San Diego, CA 92117",PRJ-1051527,Inspection Followup,General-Standard-Building Permit:5078/Mount Harris,Add/Alt Companion Unit/Acc Apt,4/14/2022,4/12/2024,https://aca-prod.accela.com/SANDIEGO/Cap/CapDetail.aspx?Module=DSD&TabName=DSD&capID1=REC22&capID2=00000&capID3=009IH&agencyCode=SANDIEGO&IsToShowInspection=,https://aca-prod.accela.com/SANDIEGO/Cap/CapDetail.aspx?Module=DSD&TabName=DSD&capID1=REC22&capID2=00000&capID3=00VQW&agencyCode=SANDIEGO&IsToShowInspection=,1
PMT-3137656,"1334 Gertrude St, San Diego, CA",PRJ-1051679,Issued,General-Expedite-Building Construction:1334/Gertrude,Five or More Family Apt,2/11/2022,3/11/2024,https://aca-prod.accela.com/SANDIEGO/Cap/CapDetail.aspx?Module=DSD&TabName=DSD&capID1=REC22&capID2=00000&capID3=009YV&agencyCode=SANDIEGO&IsToShowInspection=,https://aca-prod.accela.com/SANDIEGO/Cap/CapDetail.aspx?Module=DSD&TabName=DSD&capID1=REC22&capID2=00000&capID3=00BPG&agencyCode=SANDIEGO&IsToShowInspection=,1
PMT-3145127,"4942 63RD St, San Diego, CA 92115",PRJ-1052609,Inspection Followup,General-Standard-Combination Building Permit:4942/63RD,Add/Alt Companion Unit/Acc Apt,3/28/2022,7/22/2024,https://aca-prod.accela.com/SANDIEGO/Cap/CapDetail.aspx?Module=DSD&TabName=DSD&capID1=REC22&capID2=00000&capID3=00DF9&agencyCode=SANDIEGO&IsToShowInspection=,https://aca-prod.accela.com/SANDIEGO/Cap/CapDetail.aspx?Module=DSD&TabName=DSD&capID1=REC22&capID2=00000&capID3=00PKX&agencyCode=SANDIEGO&IsToShowInspection=,1
PMT-3142230,"2525 01st Av, San Diego, CA",PRJ-1052754,Inspection Followup,Actively Managed-Expedite-Building Construction:2525/01st,Five or More Family Apt,3/11/2022,3/14/2024,https://aca-prod.accela.com/SANDIEGO/Cap/CapDetail.aspx?Module=DSD&TabName=DSD&capID1=REC22&capID2=00000&capID3=00DYO&agencyCode=SANDIEGO&IsToShowInspection=,https://aca-prod.accela.com/SANDIEGO/Cap/CapDetail.aspx?Module=DSD&TabName=DSD&capID1=REC22&capID2=00000&capID3=00KDM&agencyCode=SANDIEGO&IsToShowInspection=,8
PMT-3140292,"411 North (Sb) Ln, San Diego, CA",PRJ-1052788,Closed,Actively Managed-Express-Building Construction:411/North (Sb),Five or More Family Apt,3/1/2022,3/16/2023,https://aca-prod.accela.com/SANDIEGO/Cap/CapDetail.aspx?Module=DSD&TabName=DSD&capID1=REC22&capID2=00000&capID3=00E1I&agencyCode=SANDIEGO&IsToShowInspection=,https://aca-prod.accela.com/SANDIEGO/Cap/CapDetail.aspx?Module=DSD&TabName=DSD&capID1=REC22&capID2=00000&capID3=00GRK&agencyCode=SANDIEGO&IsToShowInspection=,101
PMT-3242446,"5048 Wightman St, San Diego, CA",PRJ-1052948,Cancelled Application Expired,General-Standard-Building Construction:5048/Wightman,Add/Alt Companion Unit/Acc Apt,8/21/2023,,https://aca-prod.accela.com/SANDIEGO/Cap/CapDetail.aspx?Module=DSD&TabName=DSD&capID1=REC22&capID2=00000&capID3=00EGP&agencyCode=SANDIEGO&IsToShowInspection=,https://aca-prod.accela.com/SANDIEGO/Cap/CapDetail.aspx?Module=DSD&TabName=DSD&capID1=REC23&capID2=00000&capID3=02I3I&agencyCode=SANDIEGO&IsToShowInspection=,1
PMT-3151157,"4041 Florida St, San Diego, CA",PRJ-1053204,Cancelled Application Expired,General-Standard-Building Construction:4039/Florida,Add/Alt Companion Unit/Acc Apt,4/27/2022,,https://aca-prod.accela.com/SANDIEGO/Cap/CapDetail.aspx?Module=DSD&TabName=DSD&capID1=REC22&capID2=00000&capID3=00FEM&agencyCode=SANDIEGO&IsToShowInspection=,https://aca-prod.accela.com/SANDIEGO/Cap/CapDetail.aspx?Module=DSD&TabName=DSD&capID1=REC22&capID2=00000&capID3=0107Q&agencyCode=SANDIEGO&IsToShowInspection=,1
PMT-3149953,"4314 Aragon Wy, San Diego, CA 92115",PRJ-1053251,Closed,Building Construction:4314/Aragon,Add/Alt Companion Unit/Acc Apt,4/20/2022,1/18/2023,https://aca-prod.accela.com/SANDIEGO/Cap/CapDetail.aspx?Module=DSD&TabName=DSD&capID1=REC22&capID2=00000&capID3=00FKE&agencyCode=SANDIEGO&IsToShowInspection=,https://aca-prod.accela.com/SANDIEGO/Cap/CapDetail.aspx?Module=DSD&TabName=DSD&capID1=REC22&capID2=00000&capID3=00Y2W&agencyCode=SANDIEGO&IsToShowInspection=,1
PMT-3151696,"2435 Imperial Av, San Diego, CA",PRJ-1053257,Inspection Followup,General-Expedite-Building Construction:2435/Imperial,Five or More Family Apt,4/29/2022,5/14/2024,https://aca-prod.accela.com/SANDIEGO/Cap/CapDetail.aspx?Module=DSD&TabName=DSD&capID1=REC22&capID2=00000&capID3=00FKX&agencyCode=SANDIEGO&IsToShowInspection=,https://aca-prod.accela.com/SANDIEGO/Cap/CapDetail.aspx?Module=DSD&TabName=DSD&capID1=REC22&capID2=00000&capID3=0116G&agencyCode=SANDIEGO&IsToShowInspection=,5
PMT-3147876,"4153 Ohio St, San Diego, CA",PRJ-1053377,Cancelled,General-Expedite-Building Construction:4153/Ohio,Five or More Family Apt,4/12/2022,,https://aca-prod.accela.com/SANDIEGO/Cap/CapDetail.aspx?Module=DSD&TabName=DSD&capID1=REC22&capID2=00000&capID3=00FYI&agencyCode=SANDIEGO&IsToShowInspection=,https://aca-prod.accela.com/SANDIEGO/Cap/CapDetail.aspx?Module=DSD&TabName=DSD&capID1=REC22&capID2=00000&capID3=00UL3&agencyCode=SANDIEGO&IsToShowInspection=,5
PMT-3143917,"8521 Parkbrook Ln, San Diego, CA 92114",PRJ-1053406,Closed,General-Standard-Building Construction:8521/Parkbrook,"Add/Alt 1 or 2 Fam,Increase DU",3/21/2022,4/10/2023,https://aca-prod.accela.com/SANDIEGO/Cap/CapDetail.aspx?Module=DSD&TabName=DSD&capID1=REC22&capID2=00000&capID3=00G4B&agencyCode=SANDIEGO&IsToShowInspection=,https://aca-prod.accela.com/SANDIEGO/Cap/CapDetail.aspx?Module=DSD&TabName=DSD&capID1=REC22&capID2=00000&capID3=00NBM&agencyCode=SANDIEGO&IsToShowInspection=,1
PMT-3147063,"3030 Broadway, San Diego, CA",PRJ-1053428,Cancelled Application Expired,General-Express-Building Construction:3030/Broadway,Add/Alt Companion Unit/Acc Apt,4/7/2022,,https://aca-prod.accela.com/SANDIEGO/Cap/CapDetail.aspx?Module=DSD&TabName=DSD&capID1=REC22&capID2=00000&capID3=00G6S&agencyCode=SANDIEGO&IsToShowInspection=,https://aca-prod.accela.com/SANDIEGO/Cap/CapDetail.aspx?Module=DSD&TabName=DSD&capID1=REC22&capID2=00000&capID3=00T2V&agencyCode=SANDIEGO&IsToShowInspection=,4
PMT-3151907,"4679 Morrell St, San Diego, CA 92109",PRJ-1053529,Cancelled Application Expired,Rapid Review-Standard-Building Construction:4679/Morrell,Add/Alt Companion Unit/Acc Apt,5/2/2022,,https://aca-prod.accela.com/SANDIEGO/Cap/CapDetail.aspx?Module=DSD&TabName=DSD&capID1=REC22&capID2=00000&capID3=00GKZ&agencyCode=SANDIEGO&IsToShowInspection=,https://aca-prod.accela.com/SANDIEGO/Cap/CapDetail.aspx?Module=DSD&TabName=DSD&capID1=REC22&capID2=00000&capID3=011L1&agencyCode=SANDIEGO&IsToShowInspection=,2
PMT-3151147,"2410 1/2 Shamrock St, San Diego, CA 92105",PRJ-1054112,Closed,General-Standard-Building Construction:2410/Shamrock,Three or Four Family Apt,4/27/2022,12/5/2022,https://aca-prod.accela.com/SANDIEGO/Cap/CapDetail.aspx?Module=DSD&TabName=DSD&capID1=REC22&capID2=00000&capID3=00IWW&agencyCode=SANDIEGO&IsToShowInspection=,https://aca-prod.accela.com/SANDIEGO/Cap/CapDetail.aspx?Module=DSD&TabName=DSD&capID1=REC22&capID2=00000&capID3=01079&agencyCode=SANDIEGO&IsToShowInspection=,1
PMT-3147119,"3804 Marron St, San Diego, CA 92115",PRJ-1054198,Closed,General-Standard-Combination Building Permit:3804/Marron,Add/Alt Companion Unit/Acc Apt,4/7/2022,7/18/2023,https://aca-prod.accela.com/SANDIEGO/Cap/CapDetail.aspx?Module=DSD&TabName=DSD&capID1=REC22&capID2=00000&capID3=00J7A&agencyCode=SANDIEGO&IsToShowInspection=,https://aca-prod.accela.com/SANDIEGO/Cap/CapDetail.aspx?Module=DSD&TabName=DSD&capID1=REC22&capID2=00000&capID3=00T5Z&agencyCode=SANDIEGO&IsToShowInspection=,1
PMT-3143680,"3488 Adams Av, San Diego, CA 92116",PRJ-1054200,Cancelled Application Expired,Actively Managed-Express-Building Permit:3488/Adams,Five or More Family Apt,3/18/2022,,https://aca-prod.accela.com/SANDIEGO/Cap/CapDetail.aspx?Module=DSD&TabName=DSD&capID1=REC22&capID2=00000&capID3=00J7G&agencyCode=SANDIEGO&IsToShowInspection=,https://aca-prod.accela.com/SANDIEGO/Cap/CapDetail.aspx?Module=DSD&TabName=DSD&capID1=REC22&capID2=00000&capID3=00MZ2&agencyCode=SANDIEGO&IsToShowInspection=,11
PMT-3174534,"4122 Clairemont Dr, San Diego, CA 92117",PRJ-1054345,Inspection Followup,General-Standard-Building Construction:4120/Clairemont,Add/Alt Companion Unit/Acc Apt,9/1/2022,2/21/2024,https://aca-prod.accela.com/SANDIEGO/Cap/CapDetail.aspx?Module=DSD&TabName=DSD&capID1=REC22&capID2=00000&capID3=00JOS&agencyCode=SANDIEGO&IsToShowInspection=,https://aca-prod.accela.com/SANDIEGO/Cap/CapDetail.aspx?Module=DSD&TabName=DSD&capID1=REC22&capID2=00000&capID3=028UK&agencyCode=SANDIEGO&IsToShowInspection=,1
PMT-3143545,"3501 Vista (Sb) Ln, San Diego, CA 92173",PRJ-1054951,Closed,Actively Managed-Express-Building Construction:3501/Vista (Sb),Five or More Family Apt,3/18/2022,1/3/2023,https://aca-prod.accela.com/SANDIEGO/Cap/CapDetail.aspx?Module=DSD&TabName=DSD&capID1=REC22&capID2=00000&capID3=00LVK&agencyCode=SANDIEGO&IsToShowInspection=,https://aca-prod.accela.com/SANDIEGO/Cap/CapDetail.aspx?Module=DSD&TabName=DSD&capID1=REC22&capID2=00000&capID3=00MPV&agencyCode=SANDIEGO&IsToShowInspection=,167
PMT-3146897,"2911 Adams Av, San Diego, CA",PRJ-1055015,Closed,Actively Managed-Express-Building Construction:2911/Adams,Five or More Family Apt,4/6/2022,2/22/2023,https://aca-prod.accela.com/SANDIEGO/Cap/CapDetail.aspx?Module=DSD&TabName=DSD&capID1=REC22&capID2=00000&capID3=00M5G&agencyCode=SANDIEGO&IsToShowInspection=,https://aca-prod.accela.com/SANDIEGO/Cap/CapDetail.aspx?Module=DSD&TabName=DSD&capID1=REC22&capID2=00000&capID3=00SQU&agencyCode=SANDIEGO&IsToShowInspection=,8
PMT-3145102,"323 Willie James Jones Av, San Diego, CA 92102",PRJ-1055391,Closed,Actively Managed-Express-Building Construction:323/Willie James Jones,Acc Bldg to 3+ Fam or NonRes,3/28/2022,2/22/2023,https://aca-prod.accela.com/SANDIEGO/Cap/CapDetail.aspx?Module=DSD&TabName=DSD&capID1=REC22&capID2=00000&capID3=00NJF&agencyCode=SANDIEGO&IsToShowInspection=,https://aca-prod.accela.com/SANDIEGO/Cap/CapDetail.aspx?Module=DSD&TabName=DSD&capID1=REC22&capID2=00000&capID3=00PJK&agencyCode=SANDIEGO&IsToShowInspection=,81
PMT-3145167,"323 Willie James Jones Av, San Diego, CA 92102",PRJ-1055391,Closed,Actively Managed-Express-Building Construction:323/Willie James Jones,Five or More Family Apt,3/28/2022,2/22/2023,https://aca-prod.accela.com/SANDIEGO/Cap/CapDetail.aspx?Module=DSD&TabName=DSD&capID1=REC22&capID2=00000&capID3=00NJF&agencyCode=SANDIEGO&IsToShowInspection=,https://aca-prod.accela.com/SANDIEGO/Cap/CapDetail.aspx?Module=DSD&TabName=DSD&capID1=REC22&capID2=00000&capID3=00PNP&agencyCode=SANDIEGO&IsToShowInspection=,81
PMT-3145172,"331 Willie James Jones Av, San Diego, CA 92102",PRJ-1055391,Closed,Actively Managed-Express-Building Construction:323/Willie James Jones,Five or More Family Apt,3/28/2022,2/22/2023,https://aca-prod.accela.com/SANDIEGO/Cap/CapDetail.aspx?Module=DSD&TabName=DSD&capID1=REC22&capID2=00000&capID3=00NJF&agencyCode=SANDIEGO&IsToShowInspection=,https://aca-prod.accela.com/SANDIEGO/Cap/CapDetail.aspx?Module=DSD&TabName=DSD&capID1=REC22&capID2=00000&capID3=00PNV&agencyCode=SANDIEGO&IsToShowInspection=,81
PMT-3145177,"333 Willie James Jones Av, San Diego, CA",PRJ-1055391,Closed,Actively Managed-Express-Building Construction:323/Willie James Jones,Five or More Family Apt,3/28/2022,2/22/2023,https://aca-prod.accela.com/SANDIEGO/Cap/CapDetail.aspx?Module=DSD&TabName=DSD&capID1=REC22&capID2=00000&capID3=00NJF&agencyCode=SANDIEGO&IsToShowInspection=,https://aca-prod.accela.com/SANDIEGO/Cap/CapDetail.aspx?Module=DSD&TabName=DSD&capID1=REC22&capID2=00000&capID3=00POB&agencyCode=SANDIEGO&IsToShowInspection=,81
PMT-3145181,"337 Willie James Jones Av, San Diego, CA",PRJ-1055391,Closed,Actively Managed-Express-Building Construction:323/Willie James Jones,Five or More Family Apt,3/28/2022,2/22/2023,https://aca-prod.accela.com/SANDIEGO/Cap/CapDetail.aspx?Module=DSD&TabName=DSD&capID1=REC22&capID2=00000&capID3=00NJF&agencyCode=SANDIEGO&IsToShowInspection=,https://aca-prod.accela.com/SANDIEGO/Cap/CapDetail.aspx?Module=DSD&TabName=DSD&capID1=REC22&capID2=00000&capID3=00POH&agencyCode=SANDIEGO&IsToShowInspection=,81
PMT-3145185,"339 Willie James Jones Av, San Diego, CA",PRJ-1055391,Closed,Actively Managed-Express-Building Construction:323/Willie James Jones,Five or More Family Apt,3/28/2022,2/22/2023,https://aca-prod.accela.com/SANDIEGO/Cap/CapDetail.aspx?Module=DSD&TabName=DSD&capID1=REC22&capID2=00000&capID3=00NJF&agencyCode=SANDIEGO&IsToShowInspection=,https://aca-prod.accela.com/SANDIEGO/Cap/CapDetail.aspx?Module=DSD&TabName=DSD&capID1=REC22&capID2=00000&capID3=00POP&agencyCode=SANDIEGO&IsToShowInspection=,81
PMT-3199881,"3866 Just St, San Diego, CA 92154",PRJ-1055462,Issued,General-Standard-Building Construction:3866/Just,Add/Alt Companion Unit/Acc Apt,1/23/2023,5/30/2024,https://aca-prod.accela.com/SANDIEGO/Cap/CapDetail.aspx?Module=DSD&TabName=DSD&capID1=REC22&capID2=00000&capID3=00NST&agencyCode=SANDIEGO&IsToShowInspection=,https://aca-prod.accela.com/SANDIEGO/Cap/CapDetail.aspx?Module=DSD&TabName=DSD&capID1=REC23&capID2=00000&capID3=007HU&agencyCode=SANDIEGO&IsToShowInspection=,2
PMT-3156481,"4359 Temecula St, San Diego, CA",PRJ-1055774,Cancelled Application Expired,General-Standard-Building Construction:4359/Temecula,Five or More Family Apt,5/25/2022,,https://aca-prod.accela.com/SANDIEGO/Cap/CapDetail.aspx?Module=DSD&TabName=DSD&capID1=REC22&capID2=00000&capID3=00OZ3&agencyCode=SANDIEGO&IsToShowInspection=,https://aca-prod.accela.com/SANDIEGO/Cap/CapDetail.aspx?Module=DSD&TabName=DSD&capID1=REC22&capID2=00000&capID3=019TP&agencyCode=SANDIEGO&IsToShowInspection=,2
PMT-3148821,"1908 HOTEL CIRCLE N- WEST BLDG, SAN DIEGO, CA 92108",PRJ-1055776,Inspection Followup,Actively Managed-Express-Building Construction:1908/HOTEL CIRCLE NORTH,Five or More Family Apt,4/15/2022,8/25/2023,https://aca-prod.accela.com/SANDIEGO/Cap/CapDetail.aspx?Module=DSD&TabName=DSD&capID1=REC22&capID2=00000&capID3=00OZE&agencyCode=SANDIEGO&IsToShowInspection=,https://aca-prod.accela.com/SANDIEGO/Cap/CapDetail.aspx?Module=DSD&TabName=DSD&capID1=REC22&capID2=00000&capID3=00W89&agencyCode=SANDIEGO&IsToShowInspection=,12
PMT-3155704,"1908 HOTEL CIRCLE NORTH, SAN DIEGO, CA 92108",PRJ-1055776,Inspection Followup,Actively Managed-Express-Building Construction:1908/HOTEL CIRCLE NORTH,Five or More Family Apt,5/23/2022,8/25/2023,https://aca-prod.accela.com/SANDIEGO/Cap/CapDetail.aspx?Module=DSD&TabName=DSD&capID1=REC22&capID2=00000&capID3=00OZE&agencyCode=SANDIEGO&IsToShowInspection=,https://aca-prod.accela.com/SANDIEGO/Cap/CapDetail.aspx?Module=DSD&TabName=DSD&capID1=REC22&capID2=00000&capID3=018G9&agencyCode=SANDIEGO&IsToShowInspection=,13
PMT-3150729,"3742 Via De La Bandola, San Diego, CA 92173",PRJ-1055957,Closed,General-Standard-Building Construction:3744/Via De La Bandola,Add/Alt Companion Unit/Acc Apt,4/25/2022,3/15/2023,https://aca-prod.accela.com/SANDIEGO/Cap/CapDetail.aspx?Module=DSD&TabName=DSD&capID1=REC22&capID2=00000&capID3=00PMF&agencyCode=SANDIEGO&IsToShowInspection=,https://aca-prod.accela.com/SANDIEGO/Cap/CapDetail.aspx?Module=DSD&TabName=DSD&capID1=REC22&capID2=00000&capID3=00ZHC&agencyCode=SANDIEGO&IsToShowInspection=,1
PMT-3168198,"5231 Rincon St, San Diego, CA",PRJ-1055994,Inspection Followup,General-Expedite-Building Permit:5231/Rincon,Add/Alt Companion Unit/Acc Apt,7/29/2022,5/6/2024,https://aca-prod.accela.com/SANDIEGO/Cap/CapDetail.aspx?Module=DSD&TabName=DSD&capID1=REC22&capID2=00000&capID3=00PQE&agencyCode=SANDIEGO&IsToShowInspection=,https://aca-prod.accela.com/SANDIEGO/Cap/CapDetail.aspx?Module=DSD&TabName=DSD&capID1=REC22&capID2=00000&capID3=01W9E&agencyCode=SANDIEGO&IsToShowInspection=,2
PMT-3155703,"1101 25th St, San Diego, CA 92102",PRJ-1056143,Issued,General-Express-Building Construction:2504/C,Five or More Family Apt,5/23/2022,12/23/2024,https://aca-prod.accela.com/SANDIEGO/Cap/CapDetail.aspx?Module=DSD&TabName=DSD&capID1=REC22&capID2=00000&capID3=00QA9&agencyCode=SANDIEGO&IsToShowInspection=,https://aca-prod.accela.com/SANDIEGO/Cap/CapDetail.aspx?Module=DSD&TabName=DSD&capID1=REC22&capID2=00000&capID3=018G6&agencyCode=SANDIEGO&IsToShowInspection=,6
PMT-3157012,"4294 Voltaire St, San Diego, CA",PRJ-1056580,,General-Standard-Building Construction:4294/Voltaire,,5/27/2022,,https://aca-prod.accela.com/SANDIEGO/Cap/CapDetail.aspx?Module=DSD&TabName=DSD&capID1=REC22&capID2=00000&capID3=00ROA&agencyCode=SANDIEGO&IsToShowInspection=,https://aca-prod.accela.com/SANDIEGO/Cap/CapDetail.aspx?Module=DSD&TabName=DSD&capID1=REC22&capID2=00000&capID3=01ARV&agencyCode=SANDIEGO&IsToShowInspection=,4
PMT-3148555,"625 26th St, San Diego, CA",PRJ-1057045,Cancelled Application Expired,General-Standard-Building Construction:623/26th,Add/Alt Companion Unit/Acc Apt,4/14/2022,,https://aca-prod.accela.com/SANDIEGO/Cap/CapDetail.aspx?Module=DSD&TabName=DSD&capID1=REC22&capID2=00000&capID3=00TEL&agencyCode=SANDIEGO&IsToShowInspection=,https://aca-prod.accela.com/SANDIEGO/Cap/CapDetail.aspx?Module=DSD&TabName=DSD&capID1=REC22&capID2=00000&capID3=00VSH&agencyCode=SANDIEGO&IsToShowInspection=,2
PMT-3156857,"1638 Elm Av, San Diego, CA 92154",PRJ-1057083,Inspection Followup,General-Standard-Building Construction:1638/Elm,"Add/Alt 3+ Fam, Increase DU",5/27/2022,8/15/2023,https://aca-prod.accela.com/SANDIEGO/Cap/CapDetail.aspx?Module=DSD&TabName=DSD&capID1=REC22&capID2=00000&capID3=00TJ6&agencyCode=SANDIEGO&IsToShowInspection=,https://aca-prod.accela.com/SANDIEGO/Cap/CapDetail.aspx?Module=DSD&TabName=DSD&capID1=REC22&capID2=00000&capID3=01AID&agencyCode=SANDIEGO&IsToShowInspection=,1
PMT-3156858,"1638 Elm Av, San Diego, CA 92154",PRJ-1057083,Inspection Followup,General-Standard-Building Construction:1638/Elm,"Add/Alt 3+ Fam, Increase DU",5/27/2022,8/9/2023,https://aca-prod.accela.com/SANDIEGO/Cap/CapDetail.aspx?Module=DSD&TabName=DSD&capID1=REC22&capID2=00000&capID3=00TJ6&agencyCode=SANDIEGO&IsToShowInspection=,https://aca-prod.accela.com/SANDIEGO/Cap/CapDetail.aspx?Module=DSD&TabName=DSD&capID1=REC22&capID2=00000&capID3=01AIE&agencyCode=SANDIEGO&IsToShowInspection=,2
PMT-3148864,"1249 Union St, San Diego, CA",PRJ-1057347,Inspection Followup,Actively Managed-Express-Building Construction:1200/Front,,4/15/2022,6/16/2023,https://aca-prod.accela.com/SANDIEGO/Cap/CapDetail.aspx?Module=DSD&TabName=DSD&capID1=REC22&capID2=00000&capID3=00UGE&agencyCode=SANDIEGO&IsToShowInspection=,https://aca-prod.accela.com/SANDIEGO/Cap/CapDetail.aspx?Module=DSD&TabName=DSD&capID1=REC22&capID2=00000&capID3=00WA7&agencyCode=SANDIEGO&IsToShowInspection=,19
PMT-3149860,"4970 Market St, San Diego, CA",PRJ-1057389,Issued,Actively Managed-Expedite-Building Construction:4970/Market,Five or More Family Apt,4/20/2022,4/29/2024,https://aca-prod.accela.com/SANDIEGO/Cap/CapDetail.aspx?Module=DSD&TabName=DSD&capID1=REC22&capID2=00000&capID3=00UJM&agencyCode=SANDIEGO&IsToShowInspection=,https://aca-prod.accela.com/SANDIEGO/Cap/CapDetail.aspx?Module=DSD&TabName=DSD&capID1=REC22&capID2=00000&capID3=00XYF&agencyCode=SANDIEGO&IsToShowInspection=,2
PMT-3149894,"4970 Market St, San Diego, CA",PRJ-1057389,Issued,Actively Managed-Expedite-Building Construction:4970/Market,Five or More Family Apt,4/20/2022,4/29/2024,https://aca-prod.accela.com/SANDIEGO/Cap/CapDetail.aspx?Module=DSD&TabName=DSD&capID1=REC22&capID2=00000&capID3=00UJM&agencyCode=SANDIEGO&IsToShowInspection=,https://aca-prod.accela.com/SANDIEGO/Cap/CapDetail.aspx?Module=DSD&TabName=DSD&capID1=REC22&capID2=00000&capID3=00XZS&agencyCode=SANDIEGO&IsToShowInspection=,1
PMT-3167237,"2281 Irving Av, San Diego, CA 92113",PRJ-1057949,Opened,General-Standard-Building Construction:2281/Irving,,7/25/2022,,https://aca-prod.accela.com/SANDIEGO/Cap/CapDetail.aspx?Module=DSD&TabName=DSD&capID1=REC22&capID2=00000&capID3=00WOW&agencyCode=SANDIEGO&IsToShowInspection=,https://aca-prod.accela.com/SANDIEGO/Cap/CapDetail.aspx?Module=DSD&TabName=DSD&capID1=REC22&capID2=00000&capID3=01UAW&agencyCode=SANDIEGO&IsToShowInspection=,1
PMT-3155504,"2551 Commercial St, San Diego, CA",PRJ-1058690,Closed,General-Express-Building Construction:2551/Commercial,Five or More Family Apt,5/20/2022,1/10/2023,https://aca-prod.accela.com/SANDIEGO/Cap/CapDetail.aspx?Module=DSD&TabName=DSD&capID1=REC22&capID2=00000&capID3=00ZLY&agencyCode=SANDIEGO&IsToShowInspection=,https://aca-prod.accela.com/SANDIEGO/Cap/CapDetail.aspx?Module=DSD&TabName=DSD&capID1=REC22&capID2=00000&capID3=0184B&agencyCode=SANDIEGO&IsToShowInspection=,5
PMT-3155365,"5550 Kearny Mesa Rd, San Diego, CA",PRJ-1058816,Inspection Followup,Actively Managed-Express-Building Construction:5550/Kearny Mesa,Five or More Family Apt,5/19/2022,8/21/2024,https://aca-prod.accela.com/SANDIEGO/Cap/CapDetail.aspx?Module=DSD&TabName=DSD&capID1=REC22&capID2=00000&capID3=0102F&agencyCode=SANDIEGO&IsToShowInspection=,https://aca-prod.accela.com/SANDIEGO/Cap/CapDetail.aspx?Module=DSD&TabName=DSD&capID1=REC22&capID2=00000&capID3=017V3&agencyCode=SANDIEGO&IsToShowInspection=,59
PMT-3151243,"5496 Imperial Av, San Diego, CA",PRJ-1058853,Inspection Followup,General-Expedite-Building Construction:5496/Imperial,Add/Alt Companion Unit/Acc Apt,4/27/2022,10/23/2023,https://aca-prod.accela.com/SANDIEGO/Cap/CapDetail.aspx?Module=DSD&TabName=DSD&capID1=REC22&capID2=00000&capID3=0107K&agencyCode=SANDIEGO&IsToShowInspection=,https://aca-prod.accela.com/SANDIEGO/Cap/CapDetail.aspx?Module=DSD&TabName=DSD&capID1=REC22&capID2=00000&capID3=010DA&agencyCode=SANDIEGO&IsToShowInspection=,1
PMT-3155347,"3775 06th Av, San Diego, CA",PRJ-1059333,Inspection Followup,Actively Managed-Express-Building Construction:3775/06th,Five or More Family Apt,5/19/2022,10/12/2023,https://aca-prod.accela.com/SANDIEGO/Cap/CapDetail.aspx?Module=DSD&TabName=DSD&capID1=REC22&capID2=00000&capID3=011Z6&agencyCode=SANDIEGO&IsToShowInspection=,https://aca-prod.accela.com/SANDIEGO/Cap/CapDetail.aspx?Module=DSD&TabName=DSD&capID1=REC22&capID2=00000&capID3=017U4&agencyCode=SANDIEGO&IsToShowInspection=,9
PMT-3155774,"2844 Lytton St, San Diego, CA 92110",PRJ-1059447,Inspection Followup,General-Standard-Building Construction:2844/Lytton,Five or More Family Apt,5/23/2022,2/13/2024,https://aca-prod.accela.com/SANDIEGO/Cap/CapDetail.aspx?Module=DSD&TabName=DSD&capID1=REC22&capID2=00000&capID3=012EY&agencyCode=SANDIEGO&IsToShowInspection=,https://aca-prod.accela.com/SANDIEGO/Cap/CapDetail.aspx?Module=DSD&TabName=DSD&capID1=REC22&capID2=00000&capID3=018K5&agencyCode=SANDIEGO&IsToShowInspection=,8
PMT-3193662,"2860 Webster Av, San Diego, CA 92113",PRJ-1059604,Inspection Followup,General-Standard-Building Construction:2860/Webster,Add/Alt Companion Unit/Acc Apt,12/16/2022,6/14/2024,https://aca-prod.accela.com/SANDIEGO/Cap/CapDetail.aspx?Module=DSD&TabName=DSD&capID1=REC22&capID2=00000&capID3=012Y4&agencyCode=SANDIEGO&IsToShowInspection=,https://aca-prod.accela.com/SANDIEGO/Cap/CapDetail.aspx?Module=DSD&TabName=DSD&capID1=REC22&capID2=00000&capID3=03E33&agencyCode=SANDIEGO&IsToShowInspection=,1
PMT-3193663,"2860 Webster Av, San Diego, CA 92113",PRJ-1059604,Inspection Followup,General-Standard-Building Construction:2860/Webster,Add/Alt Companion Unit/Acc Apt,12/16/2022,6/14/2024,https://aca-prod.accela.com/SANDIEGO/Cap/CapDetail.aspx?Module=DSD&TabName=DSD&capID1=REC22&capID2=00000&capID3=012Y4&agencyCode=SANDIEGO&IsToShowInspection=,https://aca-prod.accela.com/SANDIEGO/Cap/CapDetail.aspx?Module=DSD&TabName=DSD&capID1=REC22&capID2=00000&capID3=03E34&agencyCode=SANDIEGO&IsToShowInspection=,2
PMT-3158932,"8555 Aero Dr, San Diego, CA",PRJ-1059655,Inspection Followup,Actively Managed-Express-Building Construction:8555/Aero,Five or More Family Apt,6/9/2022,10/12/2023,https://aca-prod.accela.com/SANDIEGO/Cap/CapDetail.aspx?Module=DSD&TabName=DSD&capID1=REC22&capID2=00000&capID3=0133T&agencyCode=SANDIEGO&IsToShowInspection=,https://aca-prod.accela.com/SANDIEGO/Cap/CapDetail.aspx?Module=DSD&TabName=DSD&capID1=REC22&capID2=00000&capID3=01E82&agencyCode=SANDIEGO&IsToShowInspection=,27
PMT-3161879,"8333 Clairemont Mesa Bl, San Diego, CA",PRJ-1059697,Inspection Followup,Actively Managed-Express-Building Construction:8333/Clairemont Mesa,Five or More Family Apt,6/26/2022,5/28/2024,https://aca-prod.accela.com/SANDIEGO/Cap/CapDetail.aspx?Module=DSD&TabName=DSD&capID1=REC22&capID2=00000&capID3=01389&agencyCode=SANDIEGO&IsToShowInspection=,https://aca-prod.accela.com/SANDIEGO/Cap/CapDetail.aspx?Module=DSD&TabName=DSD&capID1=REC22&capID2=00000&capID3=01JOI&agencyCode=SANDIEGO&IsToShowInspection=,15
PMT-3158866,"4381 Van Dyke Av, San Diego, CA 92105",PRJ-1060254,Closed,Rapid Review-Standard-Building Construction:4381/Van Dyke,"Add/Alt 1 or 2 Fam,Increase DU",6/8/2022,5/11/2023,https://aca-prod.accela.com/SANDIEGO/Cap/CapDetail.aspx?Module=DSD&TabName=DSD&capID1=REC22&capID2=00000&capID3=0156R&agencyCode=SANDIEGO&IsToShowInspection=,https://aca-prod.accela.com/SANDIEGO/Cap/CapDetail.aspx?Module=DSD&TabName=DSD&capID1=REC22&capID2=00000&capID3=01E44&agencyCode=SANDIEGO&IsToShowInspection=,1
PMT-3160578,"2028 Howard Av, San Diego, CA 92104",PRJ-1060258,Closed,Actively Managed-Express-Building Construction:2028/Howard,Five or More Family Apt,6/17/2022,5/8/2025,https://aca-prod.accela.com/SANDIEGO/Cap/CapDetail.aspx?Module=DSD&TabName=DSD&capID1=REC22&capID2=00000&capID3=01574&agencyCode=SANDIEGO&IsToShowInspection=,https://aca-prod.accela.com/SANDIEGO/Cap/CapDetail.aspx?Module=DSD&TabName=DSD&capID1=REC22&capID2=00000&capID3=01H6B&agencyCode=SANDIEGO&IsToShowInspection=,5
PMT-3160792,"984 Worthington St, San Diego, CA 92114",PRJ-1060347,Issued,General-Standard-Building Construction:982/Worthington,Five or More Family Apt,6/20/2022,8/27/2024,https://aca-prod.accela.com/SANDIEGO/Cap/CapDetail.aspx?Module=DSD&TabName=DSD&capID1=REC22&capID2=00000&capID3=015J0&agencyCode=SANDIEGO&IsToShowInspection=,https://aca-prod.accela.com/SANDIEGO/Cap/CapDetail.aspx?Module=DSD&TabName=DSD&capID1=REC22&capID2=00000&capID3=01HIH&agencyCode=SANDIEGO&IsToShowInspection=,4
PMT-3157710,"4471 Altadena Av, San Diego, CA",PRJ-1060489,Closed,General-Standard-Building Construction:4475/Altadena,"Add/Alt 3+ Fam, Increase DU",6/2/2022,9/6/2023,https://aca-prod.accela.com/SANDIEGO/Cap/CapDetail.aspx?Module=DSD&TabName=DSD&capID1=REC22&capID2=00000&capID3=015YS&agencyCode=SANDIEGO&IsToShowInspection=,https://aca-prod.accela.com/SANDIEGO/Cap/CapDetail.aspx?Module=DSD&TabName=DSD&capID1=REC22&capID2=00000&capID3=01C0P&agencyCode=SANDIEGO&IsToShowInspection=,1
PMT-3158438,"4581 Wilson Av, San Diego, CA 92116",PRJ-1060797,,General-Standard-Building Construction:4581/Wilson,Add/Alt Companion Unit/Acc Apt,6/7/2022,,https://aca-prod.accela.com/SANDIEGO/Cap/CapDetail.aspx?Module=DSD&TabName=DSD&capID1=REC22&capID2=00000&capID3=01759&agencyCode=SANDIEGO&IsToShowInspection=,https://aca-prod.accela.com/SANDIEGO/Cap/CapDetail.aspx?Module=DSD&TabName=DSD&capID1=REC22&capID2=00000&capID3=01DD0&agencyCode=SANDIEGO&IsToShowInspection=,2
PMT-3160324,"4888 Convoy St, San Diego, CA",PRJ-1060862,Inspection Followup,Actively Managed-Express-Building Construction:4888/Convoy,Five or More Family Apt,6/16/2022,7/26/2023,https://aca-prod.accela.com/SANDIEGO/Cap/CapDetail.aspx?Module=DSD&TabName=DSD&capID1=REC22&capID2=00000&capID3=017FF&agencyCode=SANDIEGO&IsToShowInspection=,https://aca-prod.accela.com/SANDIEGO/Cap/CapDetail.aspx?Module=DSD&TabName=DSD&capID1=REC22&capID2=00000&capID3=01GQP&agencyCode=SANDIEGO&IsToShowInspection=,22
PMT-3159254,"3933 Utah St, San Diego, CA",PRJ-1060990,Cancelled Application Expired,Actively Managed-Express-Building Construction:3933/Utah,Five or More Family Apt,6/10/2022,,https://aca-prod.accela.com/SANDIEGO/Cap/CapDetail.aspx?Module=DSD&TabName=DSD&capID1=REC22&capID2=00000&capID3=017TS&agencyCode=SANDIEGO&IsToShowInspection=,https://aca-prod.accela.com/SANDIEGO/Cap/CapDetail.aspx?Module=DSD&TabName=DSD&capID1=REC22&capID2=00000&capID3=01ESP&agencyCode=SANDIEGO&IsToShowInspection=,8
PMT-3160976,"6353 Del Cerro Bl, San Diego, CA",PRJ-1061051,Cancelled Application Expired,General-Expedite-Building Construction:6353/Del Cerro,Five or More Family Apt,6/21/2022,,https://aca-prod.accela.com/SANDIEGO/Cap/CapDetail.aspx?Module=DSD&TabName=DSD&capID1=REC22&capID2=00000&capID3=0180S&agencyCode=SANDIEGO&IsToShowInspection=,https://aca-prod.accela.com/SANDIEGO/Cap/CapDetail.aspx?Module=DSD&TabName=DSD&capID1=REC22&capID2=00000&capID3=01HV5&agencyCode=SANDIEGO&IsToShowInspection=,14
PMT-3159779,"10868 Via San Blas, San Diego, CA",PRJ-1061158,Closed,General-Standard-Building Construction:10868/Via San Blas,Add/Alt Companion Unit/Acc Apt,6/14/2022,5/1/2023,https://aca-prod.accela.com/SANDIEGO/Cap/CapDetail.aspx?Module=DSD&TabName=DSD&capID1=REC22&capID2=00000&capID3=018BO&agencyCode=SANDIEGO&IsToShowInspection=,https://aca-prod.accela.com/SANDIEGO/Cap/CapDetail.aspx?Module=DSD&TabName=DSD&capID1=REC22&capID2=00000&capID3=01FQX&agencyCode=SANDIEGO&IsToShowInspection=,1
PMT-3157570,"4040 Park Bl, San Diego, CA 92103",PRJ-1061245,Cancelled Application Expired,General-Express-Building Construction:4040/Park,Five or More Family Apt,6/2/2022,,https://aca-prod.accela.com/SANDIEGO/Cap/CapDetail.aspx?Module=DSD&TabName=DSD&capID1=REC22&capID2=00000&capID3=018OU&agencyCode=SANDIEGO&IsToShowInspection=,https://aca-prod.accela.com/SANDIEGO/Cap/CapDetail.aspx?Module=DSD&TabName=DSD&capID1=REC22&capID2=00000&capID3=01BSX&agencyCode=SANDIEGO&IsToShowInspection=,34
PMT-3157139,"15051 Junipers Dr, San Diego, CA 92129",PRJ-1061323,Inspection Followup,Actively Managed-Express-Building Construction:15051/Junipers,Five or More Family Apt,5/31/2022,11/1/2023,https://aca-prod.accela.com/SANDIEGO/Cap/CapDetail.aspx?Module=DSD&TabName=DSD&capID1=REC22&capID2=00000&capID3=0191K&agencyCode=SANDIEGO&IsToShowInspection=,https://aca-prod.accela.com/SANDIEGO/Cap/CapDetail.aspx?Module=DSD&TabName=DSD&capID1=REC22&capID2=00000&capID3=01B1E&agencyCode=SANDIEGO&IsToShowInspection=,81
PMT-3158395,"3674 Mabon Pl, San Diego, CA 92117",PRJ-1061357,Inspection Followup,General-Standard-Combination Building Permit:3674/Mabon,Add/Alt Companion Unit/Acc Apt,6/7/2022,9/14/2023,https://aca-prod.accela.com/SANDIEGO/Cap/CapDetail.aspx?Module=DSD&TabName=DSD&capID1=REC22&capID2=00000&capID3=0195O&agencyCode=SANDIEGO&IsToShowInspection=,https://aca-prod.accela.com/SANDIEGO/Cap/CapDetail.aspx?Module=DSD&TabName=DSD&capID1=REC22&capID2=00000&capID3=01D9Y&agencyCode=SANDIEGO&IsToShowInspection=,1
PMT-3217576,"4057 Alabama St, San Diego, CA",PRJ-1061360,Inspection Followup,General-Standard-Combination Building Permit:4057/Alabama,Add/Alt Companion Unit/Acc Apt,4/24/2023,7/3/2024,https://aca-prod.accela.com/SANDIEGO/Cap/CapDetail.aspx?Module=DSD&TabName=DSD&capID1=REC22&capID2=00000&capID3=01962&agencyCode=SANDIEGO&IsToShowInspection=,https://aca-prod.accela.com/SANDIEGO/Cap/CapDetail.aspx?Module=DSD&TabName=DSD&capID1=REC23&capID2=00000&capID3=017W9&agencyCode=SANDIEGO&IsToShowInspection=,1
PMT-3162270,"1881 Irving Av, San Diego, CA",PRJ-1061642,Closed,General-Standard-Building Construction:1881/Irving,Add/Alt Companion Unit/Acc Apt,6/28/2022,6/7/2023,https://aca-prod.accela.com/SANDIEGO/Cap/CapDetail.aspx?Module=DSD&TabName=DSD&capID1=REC22&capID2=00000&capID3=01ACF&agencyCode=SANDIEGO&IsToShowInspection=,https://aca-prod.accela.com/SANDIEGO/Cap/CapDetail.aspx?Module=DSD&TabName=DSD&capID1=REC22&capID2=00000&capID3=01KFD&agencyCode=SANDIEGO&IsToShowInspection=,1
PMT-3162926,"110 Beech St, San Diego, CA",PRJ-1062254,Inspection Followup,Actively Managed-Express-Building Construction:110/Beech,Five or More Family Apt,7/1/2022,11/7/2023,https://aca-prod.accela.com/SANDIEGO/Cap/CapDetail.aspx?Module=DSD&TabName=DSD&capID1=REC22&capID2=00000&capID3=01CGD&agencyCode=SANDIEGO&IsToShowInspection=,https://aca-prod.accela.com/SANDIEGO/Cap/CapDetail.aspx?Module=DSD&TabName=DSD&capID1=REC22&capID2=00000&capID3=01LPQ&agencyCode=SANDIEGO&IsToShowInspection=,20
PMT-3158501,"3104 03rd Av, San Diego, CA 92103",PRJ-1062261,Inspection Followup,General-Express-Building Construction:3104/03rd,Five or More Family Apt,6/7/2022,5/3/2024,https://aca-prod.accela.com/SANDIEGO/Cap/CapDetail.aspx?Module=DSD&TabName=DSD&capID1=REC22&capID2=00000&capID3=01CH8&agencyCode=SANDIEGO&IsToShowInspection=,https://aca-prod.accela.com/SANDIEGO/Cap/CapDetail.aspx?Module=DSD&TabName=DSD&capID1=REC22&capID2=00000&capID3=01DH4&agencyCode=SANDIEGO&IsToShowInspection=,5
PMT-3160262,"5678 Lauretta St, San Diego, CA",PRJ-1062279,Cancelled Application Expired,General-Expedite-Building Construction:5678/Lauretta,Five or More Family Apt,6/16/2022,,https://aca-prod.accela.com/SANDIEGO/Cap/CapDetail.aspx?Module=DSD&TabName=DSD&capID1=REC22&capID2=00000&capID3=01CJZ&agencyCode=SANDIEGO&IsToShowInspection=,https://aca-prod.accela.com/SANDIEGO/Cap/CapDetail.aspx?Module=DSD&TabName=DSD&capID1=REC22&capID2=00000&capID3=01GMX&agencyCode=SANDIEGO&IsToShowInspection=,3
PMT-3163402,"4506 Moraga Av, #1 & 2, San Diego, CA 92117",PRJ-1062290,Closed,General-Standard-Building Construction:4506/Moraga,Add/Alt Companion Unit/Acc Apt,7/6/2022,5/1/2023,https://aca-prod.accela.com/SANDIEGO/Cap/CapDetail.aspx?Module=DSD&TabName=DSD&capID1=REC22&capID2=00000&capID3=01CLV&agencyCode=SANDIEGO&IsToShowInspection=,https://aca-prod.accela.com/SANDIEGO/Cap/CapDetail.aspx?Module=DSD&TabName=DSD&capID1=REC22&capID2=00000&capID3=01MJP&agencyCode=SANDIEGO&IsToShowInspection=,1
PMT-3163413,"4506 Moraga Av, #3 & 4, San Diego, CA 92117",PRJ-1062290,Closed,General-Standard-Building Construction:4506/Moraga,"Add/Alt 3+ Fam, Increase DU",7/6/2022,5/1/2023,https://aca-prod.accela.com/SANDIEGO/Cap/CapDetail.aspx?Module=DSD&TabName=DSD&capID1=REC22&capID2=00000&capID3=01CLV&agencyCode=SANDIEGO&IsToShowInspection=,https://aca-prod.accela.com/SANDIEGO/Cap/CapDetail.aspx?Module=DSD&TabName=DSD&capID1=REC22&capID2=00000&capID3=01MKJ&agencyCode=SANDIEGO&IsToShowInspection=,1
PMT-3163546,"2723 Caulfield Dr, San Diego, CA",PRJ-1062384,Inspection Followup,General-Standard-Building Construction:2723/Caulfield,Add/Alt Companion Unit/Acc Apt,7/6/2022,1/20/2023,https://aca-prod.accela.com/SANDIEGO/Cap/CapDetail.aspx?Module=DSD&TabName=DSD&capID1=REC22&capID2=00000&capID3=01CX2&agencyCode=SANDIEGO&IsToShowInspection=,https://aca-prod.accela.com/SANDIEGO/Cap/CapDetail.aspx?Module=DSD&TabName=DSD&capID1=REC22&capID2=00000&capID3=01MSW&agencyCode=SANDIEGO&IsToShowInspection=,1
PMT-3161963,"2413 Fleetwood St, San Diego, CA 92111",PRJ-1062557,Inspection Followup,General-Standard-Combination Building Permit:2413/Fleetwood,Add/Alt Companion Unit/Acc Apt,6/27/2022,4/9/2024,https://aca-prod.accela.com/SANDIEGO/Cap/CapDetail.aspx?Module=DSD&TabName=DSD&capID1=REC22&capID2=00000&capID3=01DNJ&agencyCode=SANDIEGO&IsToShowInspection=,https://aca-prod.accela.com/SANDIEGO/Cap/CapDetail.aspx?Module=DSD&TabName=DSD&capID1=REC22&capID2=00000&capID3=01JUF&agencyCode=SANDIEGO&IsToShowInspection=,2
PMT-3162026,"4377 Rialto St, San Diego, CA 92107",PRJ-1062558,Issued,General-Express-Building Construction:4377/Rialto,Five or More Family Apt,6/27/2022,5/29/2025,https://aca-prod.accela.com/SANDIEGO/Cap/CapDetail.aspx?Module=DSD&TabName=DSD&capID1=REC22&capID2=00000&capID3=01DNL&agencyCode=SANDIEGO&IsToShowInspection=,https://aca-prod.accela.com/SANDIEGO/Cap/CapDetail.aspx?Module=DSD&TabName=DSD&capID1=REC22&capID2=00000&capID3=01JZ1&agencyCode=SANDIEGO&IsToShowInspection=,2
PMT-3159787,"4814 54th St, San Diego, CA 92115",PRJ-1062565,Closed,General-Standard-Building Construction:4812/54th,Add/Alt Companion Unit/Acc Apt,6/14/2022,5/23/2023,https://aca-prod.accela.com/SANDIEGO/Cap/CapDetail.aspx?Module=DSD&TabName=DSD&capID1=REC22&capID2=00000&capID3=01DOJ&agencyCode=SANDIEGO&IsToShowInspection=,https://aca-prod.accela.com/SANDIEGO/Cap/CapDetail.aspx?Module=DSD&TabName=DSD&capID1=REC22&capID2=00000&capID3=01FRJ&agencyCode=SANDIEGO&IsToShowInspection=,1
PMT-3164979,"130 Seaward Av, San Diego, CA",PRJ-1062634,Opened,General-Expedite-Building Construction:128/Seaward,Add/Alt Companion Unit/Acc Apt,7/13/2022,,https://aca-prod.accela.com/SANDIEGO/Cap/CapDetail.aspx?Module=DSD&TabName=DSD&capID1=REC22&capID2=00000&capID3=01DW1&agencyCode=SANDIEGO&IsToShowInspection=,https://aca-prod.accela.com/SANDIEGO/Cap/CapDetail.aspx?Module=DSD&TabName=DSD&capID1=REC22&capID2=00000&capID3=01PL7&agencyCode=SANDIEGO&IsToShowInspection=,1
PMT-3164981,"132 Seaward Av, San Diego, CA",PRJ-1062634,Opened,General-Expedite-Building Construction:128/Seaward,Add/Alt Companion Unit/Acc Apt,7/13/2022,,https://aca-prod.accela.com/SANDIEGO/Cap/CapDetail.aspx?Module=DSD&TabName=DSD&capID1=REC22&capID2=00000&capID3=01DW1&agencyCode=SANDIEGO&IsToShowInspection=,https://aca-prod.accela.com/SANDIEGO/Cap/CapDetail.aspx?Module=DSD&TabName=DSD&capID1=REC22&capID2=00000&capID3=01PL9&agencyCode=SANDIEGO&IsToShowInspection=,1
PMT-3164982,"134 Seaward Av, San Diego, CA",PRJ-1062634,Opened,General-Expedite-Building Construction:128/Seaward,Add/Alt Companion Unit/Acc Apt,7/13/2022,,https://aca-prod.accela.com/SANDIEGO/Cap/CapDetail.aspx?Module=DSD&TabName=DSD&capID1=REC22&capID2=00000&capID3=01DW1&agencyCode=SANDIEGO&IsToShowInspection=,https://aca-prod.accela.com/SANDIEGO/Cap/CapDetail.aspx?Module=DSD&TabName=DSD&capID1=REC22&capID2=00000&capID3=01PLA&agencyCode=SANDIEGO&IsToShowInspection=,1
PMT-3164983,"136 Seaward Av, San Diego, CA",PRJ-1062634,Opened,General-Expedite-Building Construction:128/Seaward,Add/Alt Companion Unit/Acc Apt,7/13/2022,,https://aca-prod.accela.com/SANDIEGO/Cap/CapDetail.aspx?Module=DSD&TabName=DSD&capID1=REC22&capID2=00000&capID3=01DW1&agencyCode=SANDIEGO&IsToShowInspection=,https://aca-prod.accela.com/SANDIEGO/Cap/CapDetail.aspx?Module=DSD&TabName=DSD&capID1=REC22&capID2=00000&capID3=01PLC&agencyCode=SANDIEGO&IsToShowInspection=,1
PMT-3164984,"138 Seaward Av, San Diego, CA",PRJ-1062634,Opened,General-Expedite-Building Construction:128/Seaward,Add/Alt Companion Unit/Acc Apt,7/13/2022,,https://aca-prod.accela.com/SANDIEGO/Cap/CapDetail.aspx?Module=DSD&TabName=DSD&capID1=REC22&capID2=00000&capID3=01DW1&agencyCode=SANDIEGO&IsToShowInspection=,https://aca-prod.accela.com/SANDIEGO/Cap/CapDetail.aspx?Module=DSD&TabName=DSD&capID1=REC22&capID2=00000&capID3=01PLD&agencyCode=SANDIEGO&IsToShowInspection=,1
PMT-3164985,"140 Seaward Av, San Diego, CA",PRJ-1062634,Opened,General-Expedite-Building Construction:128/Seaward,Add/Alt Companion Unit/Acc Apt,7/13/2022,,https://aca-prod.accela.com/SANDIEGO/Cap/CapDetail.aspx?Module=DSD&TabName=DSD&capID1=REC22&capID2=00000&capID3=01DW1&agencyCode=SANDIEGO&IsToShowInspection=,https://aca-prod.accela.com/SANDIEGO/Cap/CapDetail.aspx?Module=DSD&TabName=DSD&capID1=REC22&capID2=00000&capID3=01PLE&agencyCode=SANDIEGO&IsToShowInspection=,1
PMT-3167477,"6440 El Cajon Bl, San Diego, CA",PRJ-1062686,Inspection Followup,Actively Managed-Express-Building Construction:6440/El Cajon,Five or More Family Apt,7/26/2022,8/10/2023,https://aca-prod.accela.com/SANDIEGO/Cap/CapDetail.aspx?Module=DSD&TabName=DSD&capID1=REC22&capID2=00000&capID3=01E3H&agencyCode=SANDIEGO&IsToShowInspection=,https://aca-prod.accela.com/SANDIEGO/Cap/CapDetail.aspx?Module=DSD&TabName=DSD&capID1=REC22&capID2=00000&capID3=01UX3&agencyCode=SANDIEGO&IsToShowInspection=,24
PMT-3163191,"1033 28th St, San Diego, CA",PRJ-1062777,Issued,General-Standard-Building Construction:1033/28th,Add/Alt Companion Unit/Acc Apt,7/5/2022,6/8/2024,https://aca-prod.accela.com/SANDIEGO/Cap/CapDetail.aspx?Module=DSD&TabName=DSD&capID1=REC22&capID2=00000&capID3=01EEU&agencyCode=SANDIEGO&IsToShowInspection=,https://aca-prod.accela.com/SANDIEGO/Cap/CapDetail.aspx?Module=DSD&TabName=DSD&capID1=REC22&capID2=00000&capID3=01M7K&agencyCode=SANDIEGO&IsToShowInspection=,1
PMT-3167517,"5077 Defiance Wy, San Diego, CA 92115",PRJ-1063157,Inspection Followup,General-Express-Building Permit:5077/Defiance,"Add/Alt 3+ Fam, Increase DU",7/26/2022,7/19/2023,https://aca-prod.accela.com/SANDIEGO/Cap/CapDetail.aspx?Module=DSD&TabName=DSD&capID1=REC22&capID2=00000&capID3=01FOQ&agencyCode=SANDIEGO&IsToShowInspection=,https://aca-prod.accela.com/SANDIEGO/Cap/CapDetail.aspx?Module=DSD&TabName=DSD&capID1=REC22&capID2=00000&capID3=01UZB&agencyCode=SANDIEGO&IsToShowInspection=,4
PMT-3164302,"633 60th St, San Diego, CA 92114",PRJ-1063207,Inspection Followup,General-Expedite-Combination Building Permit:633/60th,Add/Alt Companion Unit/Acc Apt,7/11/2022,1/8/2025,https://aca-prod.accela.com/SANDIEGO/Cap/CapDetail.aspx?Module=DSD&TabName=DSD&capID1=REC22&capID2=00000&capID3=01FUO&agencyCode=SANDIEGO&IsToShowInspection=,https://aca-prod.accela.com/SANDIEGO/Cap/CapDetail.aspx?Module=DSD&TabName=DSD&capID1=REC22&capID2=00000&capID3=01O8H&agencyCode=SANDIEGO&IsToShowInspection=,2
PMT-3346528,"3014 Ulric Ct, San Diego, CA",PRJ-1063220,Opened,General-Standard-Building Construction:3008/Ulric,One Family Detached,4/3/2025,,https://aca-prod.accela.com/SANDIEGO/Cap/CapDetail.aspx?Module=DSD&TabName=DSD&capID1=REC22&capID2=00000&capID3=01FWN&agencyCode=SANDIEGO&IsToShowInspection=,https://aca-prod.accela.com/SANDIEGO/Cap/CapDetail.aspx?Module=DSD&TabName=DSD&capID1=REC25&capID2=00000&capID3=00VR3&agencyCode=SANDIEGO&IsToShowInspection=,1
PMT-3165471,"4529 Esther St, San Diego, CA",PRJ-1063250,Inspection Followup,General-Standard-Building Construction:4529/Esther,Add/Alt Companion Unit/Acc Apt,7/15/2022,7/31/2024,https://aca-prod.accela.com/SANDIEGO/Cap/CapDetail.aspx?Module=DSD&TabName=DSD&capID1=REC22&capID2=00000&capID3=01G1M&agencyCode=SANDIEGO&IsToShowInspection=,https://aca-prod.accela.com/SANDIEGO/Cap/CapDetail.aspx?Module=DSD&TabName=DSD&capID1=REC22&capID2=00000&capID3=01QLH&agencyCode=SANDIEGO&IsToShowInspection=,1
PMT-3165791,"2903 04th Av, San Diego, CA",PRJ-1063464,Inspection Followup,General-Express-Building Construction:2903/04th,Five or More Family Apt,7/18/2022,7/17/2024,https://aca-prod.accela.com/SANDIEGO/Cap/CapDetail.aspx?Module=DSD&TabName=DSD&capID1=REC22&capID2=00000&capID3=01GW1&agencyCode=SANDIEGO&IsToShowInspection=,https://aca-prod.accela.com/SANDIEGO/Cap/CapDetail.aspx?Module=DSD&TabName=DSD&capID1=REC22&capID2=00000&capID3=01R4G&agencyCode=SANDIEGO&IsToShowInspection=,6
PMT-3164595,"4436 Wilson Av, San Diego, CA",PRJ-1063480,Inspection Followup,General-Standard-Building Construction:4436/Wilson,Add/Alt Companion Unit/Acc Apt,7/12/2022,7/3/2024,https://aca-prod.accela.com/SANDIEGO/Cap/CapDetail.aspx?Module=DSD&TabName=DSD&capID1=REC22&capID2=00000&capID3=01GXH&agencyCode=SANDIEGO&IsToShowInspection=,https://aca-prod.accela.com/SANDIEGO/Cap/CapDetail.aspx?Module=DSD&TabName=DSD&capID1=REC22&capID2=00000&capID3=01OSY&agencyCode=SANDIEGO&IsToShowInspection=,1
PMT-3162575,"5644 Mary Lane Dr, San Diego, CA 92115",PRJ-1063520,Closed,Rapid Review-Standard-Building Construction:5644/Mary Lane,Add/Alt Companion Unit/Acc Apt,6/30/2022,1/20/2023,https://aca-prod.accela.com/SANDIEGO/Cap/CapDetail.aspx?Module=DSD&TabName=DSD&capID1=REC22&capID2=00000&capID3=01H1Z&agencyCode=SANDIEGO&IsToShowInspection=,https://aca-prod.accela.com/SANDIEGO/Cap/CapDetail.aspx?Module=DSD&TabName=DSD&capID1=REC22&capID2=00000&capID3=01L0N&agencyCode=SANDIEGO&IsToShowInspection=,1
PMT-3167245,"1520 Tyler Av, San Diego, CA 92103",PRJ-1063628,Inspection Followup,General-Expedite-Building Construction:1520/Tyler,Three or Four Family Apt,7/25/2022,4/26/2024,https://aca-prod.accela.com/SANDIEGO/Cap/CapDetail.aspx?Module=DSD&TabName=DSD&capID1=REC22&capID2=00000&capID3=01HHV&agencyCode=SANDIEGO&IsToShowInspection=,https://aca-prod.accela.com/SANDIEGO/Cap/CapDetail.aspx?Module=DSD&TabName=DSD&capID1=REC22&capID2=00000&capID3=01UC1&agencyCode=SANDIEGO&IsToShowInspection=,7
PMT-3164854,"3814 Villa Tr, San Diego, CA",PRJ-1063819,Inspection Followup,General-Standard-Building Construction:3808/VILLA TERRACE,"Add/Alt 3+ Fam, Increase DU",7/13/2022,10/30/2024,https://aca-prod.accela.com/SANDIEGO/Cap/CapDetail.aspx?Module=DSD&TabName=DSD&capID1=REC22&capID2=00000&capID3=01I7J&agencyCode=SANDIEGO&IsToShowInspection=,https://aca-prod.accela.com/SANDIEGO/Cap/CapDetail.aspx?Module=DSD&TabName=DSD&capID1=REC22&capID2=00000&capID3=01PD3&agencyCode=SANDIEGO&IsToShowInspection=,2
PMT-3164267,"3244 Reynard Wy, San Diego, CA",PRJ-1064128,Cancelled Application Expired,General-Standard-Building Construction:3244/Reynard,Five or More Family Apt,7/11/2022,,https://aca-prod.accela.com/SANDIEGO/Cap/CapDetail.aspx?Module=DSD&TabName=DSD&capID1=REC22&capID2=00000&capID3=01JD7&agencyCode=SANDIEGO&IsToShowInspection=,https://aca-prod.accela.com/SANDIEGO/Cap/CapDetail.aspx?Module=DSD&TabName=DSD&capID1=REC22&capID2=00000&capID3=01O53&agencyCode=SANDIEGO&IsToShowInspection=,1
PMT-3164110,"721 63rd St, San Diego, CA",PRJ-1064296,Cancelled Application Expired,General-Expedite-Building Construction:727/63rd,Three or Four Family Apt,7/8/2022,,https://aca-prod.accela.com/SANDIEGO/Cap/CapDetail.aspx?Module=DSD&TabName=DSD&capID1=REC22&capID2=00000&capID3=01JYJ&agencyCode=SANDIEGO&IsToShowInspection=,https://aca-prod.accela.com/SANDIEGO/Cap/CapDetail.aspx?Module=DSD&TabName=DSD&capID1=REC22&capID2=00000&capID3=01NUN&agencyCode=SANDIEGO&IsToShowInspection=,2
PMT-3164115,"727 63rd St, San Diego, CA",PRJ-1064296,Cancelled Application Expired,General-Expedite-Building Construction:727/63rd,Three or Four Family Apt,7/8/2022,,https://aca-prod.accela.com/SANDIEGO/Cap/CapDetail.aspx?Module=DSD&TabName=DSD&capID1=REC22&capID2=00000&capID3=01JYJ&agencyCode=SANDIEGO&IsToShowInspection=,https://aca-prod.accela.com/SANDIEGO/Cap/CapDetail.aspx?Module=DSD&TabName=DSD&capID1=REC22&capID2=00000&capID3=01NUT&agencyCode=SANDIEGO&IsToShowInspection=,2
PMT-3166101,"4659 Florida St, San Diego, CA 92116",PRJ-1064539,Closed,General-Express-1064539,Five or More Family Apt,7/19/2022,9/19/2023,https://aca-prod.accela.com/SANDIEGO/Cap/CapDetail.aspx?Module=DSD&TabName=DSD&capID1=REC22&capID2=00000&capID3=01KYV&agencyCode=SANDIEGO&IsToShowInspection=,https://aca-prod.accela.com/SANDIEGO/Cap/CapDetail.aspx?Module=DSD&TabName=DSD&capID1=REC22&capID2=00000&capID3=01RTI&agencyCode=SANDIEGO&IsToShowInspection=,5
PMT-3166172,"3660 Reynard Wy, San Diego, CA 92103",PRJ-1064652,Inspection Followup,General-Express-Building Construction:3660/Reynard,Five or More Family Apt,7/19/2022,2/21/2024,https://aca-prod.accela.com/SANDIEGO/Cap/CapDetail.aspx?Module=DSD&TabName=DSD&capID1=REC22&capID2=00000&capID3=01LE2&agencyCode=SANDIEGO&IsToShowInspection=,https://aca-prod.accela.com/SANDIEGO/Cap/CapDetail.aspx?Module=DSD&TabName=DSD&capID1=REC22&capID2=00000&capID3=01RZM&agencyCode=SANDIEGO&IsToShowInspection=,5
PMT-3167119,"2235 Cliff St, San Diego, CA 92116",PRJ-1064784,Inspection Followup,General-Standard-Building Construction:2235/Cliff,"Add/Alt 1 or 2 Fam,Increase DU",7/25/2022,5/8/2024,https://aca-prod.accela.com/SANDIEGO/Cap/CapDetail.aspx?Module=DSD&TabName=DSD&capID1=REC22&capID2=00000&capID3=01LTL&agencyCode=SANDIEGO&IsToShowInspection=,https://aca-prod.accela.com/SANDIEGO/Cap/CapDetail.aspx?Module=DSD&TabName=DSD&capID1=REC22&capID2=00000&capID3=01TZT&agencyCode=SANDIEGO&IsToShowInspection=,1
PMT-3167636,"6353 Broadway, San Diego, CA",PRJ-1064968,Cancelled Application Expired,General-Expedite-Building Construction:6361/Broadway,Add/Alt Companion Unit/Acc Apt,7/27/2022,,https://aca-prod.accela.com/SANDIEGO/Cap/CapDetail.aspx?Module=DSD&TabName=DSD&capID1=REC22&capID2=00000&capID3=01MHH&agencyCode=SANDIEGO&IsToShowInspection=,https://aca-prod.accela.com/SANDIEGO/Cap/CapDetail.aspx?Module=DSD&TabName=DSD&capID1=REC22&capID2=00000&capID3=01V7Z&agencyCode=SANDIEGO&IsToShowInspection=,1
PMT-3167660,"6353 Broadway, San Diego, CA",PRJ-1064968,Cancelled Application Expired,General-Expedite-Building Construction:6361/Broadway,Add/Alt Companion Unit/Acc Apt,7/27/2022,,https://aca-prod.accela.com/SANDIEGO/Cap/CapDetail.aspx?Module=DSD&TabName=DSD&capID1=REC22&capID2=00000&capID3=01MHH&agencyCode=SANDIEGO&IsToShowInspection=,https://aca-prod.accela.com/SANDIEGO/Cap/CapDetail.aspx?Module=DSD&TabName=DSD&capID1=REC22&capID2=00000&capID3=01V9Z&agencyCode=SANDIEGO&IsToShowInspection=,1
PMT-3167662,"6353 Broadway, San Diego, CA",PRJ-1064968,Cancelled Application Expired,General-Expedite-Building Construction:6361/Broadway,Add/Alt Companion Unit/Acc Apt,7/27/2022,,https://aca-prod.accela.com/SANDIEGO/Cap/CapDetail.aspx?Module=DSD&TabName=DSD&capID1=REC22&capID2=00000&capID3=01MHH&agencyCode=SANDIEGO&IsToShowInspection=,https://aca-prod.accela.com/SANDIEGO/Cap/CapDetail.aspx?Module=DSD&TabName=DSD&capID1=REC22&capID2=00000&capID3=01VA3&agencyCode=SANDIEGO&IsToShowInspection=,1
PMT-3167664,"6353 Broadway, San Diego, CA",PRJ-1064968,Cancelled Application Expired,General-Expedite-Building Construction:6361/Broadway,Add/Alt Companion Unit/Acc Apt,7/27/2022,,https://aca-prod.accela.com/SANDIEGO/Cap/CapDetail.aspx?Module=DSD&TabName=DSD&capID1=REC22&capID2=00000&capID3=01MHH&agencyCode=SANDIEGO&IsToShowInspection=,https://aca-prod.accela.com/SANDIEGO/Cap/CapDetail.aspx?Module=DSD&TabName=DSD&capID1=REC22&capID2=00000&capID3=01VA8&agencyCode=SANDIEGO&IsToShowInspection=,1
PMT-3199944,"835 S Bancroft St, San Diego, CA",PRJ-1065107,Inspection Followup,General-Standard-Building Construction:835/Bancroft,"Add/Alt 3+ Fam, Increase DU",1/23/2023,8/15/2024,https://aca-prod.accela.com/SANDIEGO/Cap/CapDetail.aspx?Module=DSD&TabName=DSD&capID1=REC22&capID2=00000&capID3=01N2U&agencyCode=SANDIEGO&IsToShowInspection=,https://aca-prod.accela.com/SANDIEGO/Cap/CapDetail.aspx?Module=DSD&TabName=DSD&capID1=REC23&capID2=00000&capID3=007M8&agencyCode=SANDIEGO&IsToShowInspection=,1
PMT-3166761,"2941 B St, San Diego, CA 92102",PRJ-1065119,Cancelled Application Expired,General-Standard-Building Construction:2943/B,Add/Alt Companion Unit/Acc Apt,7/21/2022,,https://aca-prod.accela.com/SANDIEGO/Cap/CapDetail.aspx?Module=DSD&TabName=DSD&capID1=REC22&capID2=00000&capID3=01N47&agencyCode=SANDIEGO&IsToShowInspection=,https://aca-prod.accela.com/SANDIEGO/Cap/CapDetail.aspx?Module=DSD&TabName=DSD&capID1=REC22&capID2=00000&capID3=01T8U&agencyCode=SANDIEGO&IsToShowInspection=,2
PMT-3166918,"3830 01st Av, San Diego, CA 92103",PRJ-1065197,Issued,General-Expedite-Building Construction:3830/01st,Five or More Family Apt,7/22/2022,7/10/2024,https://aca-prod.accela.com/SANDIEGO/Cap/CapDetail.aspx?Module=DSD&TabName=DSD&capID1=REC22&capID2=00000&capID3=01NEA&agencyCode=SANDIEGO&IsToShowInspection=,https://aca-prod.accela.com/SANDIEGO/Cap/CapDetail.aspx?Module=DSD&TabName=DSD&capID1=REC22&capID2=00000&capID3=01TJC&agencyCode=SANDIEGO&IsToShowInspection=,6
PMT-3317538,"2302 Smythe Av, San Diego, CA",PRJ-1065571,Opened,General-Standard-Building Construction:2302/Smythe,Add/Alt Companion Unit/Acc Apt,10/14/2024,,https://aca-prod.accela.com/SANDIEGO/Cap/CapDetail.aspx?Module=DSD&TabName=DSD&capID1=REC22&capID2=00000&capID3=01OTW&agencyCode=SANDIEGO&IsToShowInspection=,https://aca-prod.accela.com/SANDIEGO/Cap/CapDetail.aspx?Module=DSD&TabName=DSD&capID1=REC24&capID2=00000&capID3=02JL8&agencyCode=SANDIEGO&IsToShowInspection=,1
PMT-3167326,"5658 Chateau Dr, San Diego, CA",PRJ-1065784,Inspection Followup,General-Standard-Building Construction:5654/Chateau,Add/Alt Companion Unit/Acc Apt,7/26/2022,7/18/2024,https://aca-prod.accela.com/SANDIEGO/Cap/CapDetail.aspx?Module=DSD&TabName=DSD&capID1=REC22&capID2=00000&capID3=01POU&agencyCode=SANDIEGO&IsToShowInspection=,https://aca-prod.accela.com/SANDIEGO/Cap/CapDetail.aspx?Module=DSD&TabName=DSD&capID1=REC22&capID2=00000&capID3=01UKA&agencyCode=SANDIEGO&IsToShowInspection=,1
PMT-3167328,"5660 Chateau Dr, San Diego, CA",PRJ-1065784,Inspection Followup,General-Standard-Building Construction:5654/Chateau,Add/Alt Companion Unit/Acc Apt,7/26/2022,7/18/2024,https://aca-prod.accela.com/SANDIEGO/Cap/CapDetail.aspx?Module=DSD&TabName=DSD&capID1=REC22&capID2=00000&capID3=01POU&agencyCode=SANDIEGO&IsToShowInspection=,https://aca-prod.accela.com/SANDIEGO/Cap/CapDetail.aspx?Module=DSD&TabName=DSD&capID1=REC22&capID2=00000&capID3=01UKE&agencyCode=SANDIEGO&IsToShowInspection=,1
PMT-3168543,"2330 F St, San Diego, CA",PRJ-1066297,Closed,General-Standard-Combination Building Permit:2330/F,Add/Alt Companion Unit/Acc Apt,8/1/2022,9/12/2023,https://aca-prod.accela.com/SANDIEGO/Cap/CapDetail.aspx?Module=DSD&TabName=DSD&capID1=REC22&capID2=00000&capID3=01RM2&agencyCode=SANDIEGO&IsToShowInspection=,https://aca-prod.accela.com/SANDIEGO/Cap/CapDetail.aspx?Module=DSD&TabName=DSD&capID1=REC22&capID2=00000&capID3=01X0K&agencyCode=SANDIEGO&IsToShowInspection=,1
PMT-3168547,"2338 F St, San Diego, CA",PRJ-1066297,Inspection Followup,General-Standard-Combination Building Permit:2330/F,Add/Alt Companion Unit/Acc Apt,8/1/2022,9/12/2023,https://aca-prod.accela.com/SANDIEGO/Cap/CapDetail.aspx?Module=DSD&TabName=DSD&capID1=REC22&capID2=00000&capID3=01RM2&agencyCode=SANDIEGO&IsToShowInspection=,https://aca-prod.accela.com/SANDIEGO/Cap/CapDetail.aspx?Module=DSD&TabName=DSD&capID1=REC22&capID2=00000&capID3=01X0O&agencyCode=SANDIEGO&IsToShowInspection=,1
PMT-3168724,"2521 Columbia St, San Diego, CA 92103",PRJ-1066530,Inspection Followup,General-Express-Building Permit:2521/Columbia,Add/Alt Companion Unit/Acc Apt,8/2/2022,9/25/2023,https://aca-prod.accela.com/SANDIEGO/Cap/CapDetail.aspx?Module=DSD&TabName=DSD&capID1=REC22&capID2=00000&capID3=01SRH&agencyCode=SANDIEGO&IsToShowInspection=,https://aca-prod.accela.com/SANDIEGO/Cap/CapDetail.aspx?Module=DSD&TabName=DSD&capID1=REC22&capID2=00000&capID3=01XDU&agencyCode=SANDIEGO&IsToShowInspection=,4
PMT-3168389,"4014 Epanow Av, San Diego, CA 92117",PRJ-1066551,Inspection Followup,General-Standard-Combination Building Permit:4014/Epanow,Add/Alt Companion Unit/Acc Apt,7/30/2022,7/26/2024,https://aca-prod.accela.com/SANDIEGO/Cap/CapDetail.aspx?Module=DSD&TabName=DSD&capID1=REC22&capID2=00000&capID3=01SUO&agencyCode=SANDIEGO&IsToShowInspection=,https://aca-prod.accela.com/SANDIEGO/Cap/CapDetail.aspx?Module=DSD&TabName=DSD&capID1=REC22&capID2=00000&capID3=01WN6&agencyCode=SANDIEGO&IsToShowInspection=,1
PMT-3170235,"502 Fergus St, San Diego, CA 92114",PRJ-1067518,Cancelled Application Expired,General-Expedite-Building Construction:502/Fergus,Five or More Family Apt,8/9/2022,,https://aca-prod.accela.com/SANDIEGO/Cap/CapDetail.aspx?Module=DSD&TabName=DSD&capID1=REC22&capID2=00000&capID3=01X8J&agencyCode=SANDIEGO&IsToShowInspection=,https://aca-prod.accela.com/SANDIEGO/Cap/CapDetail.aspx?Module=DSD&TabName=DSD&capID1=REC22&capID2=00000&capID3=020DI&agencyCode=SANDIEGO&IsToShowInspection=,5
PMT-3170097,"3724 Acacia St, San Diego, CA",PRJ-1068169,Inspection Followup,Building Construction:3724/Acacia,One Family Detached,8/9/2022,6/28/2024,https://aca-prod.accela.com/SANDIEGO/Cap/CapDetail.aspx?Module=DSD&TabName=DSD&capID1=REC22&capID2=00000&capID3=01ZZR&agencyCode=SANDIEGO&IsToShowInspection=,https://aca-prod.accela.com/SANDIEGO/Cap/CapDetail.aspx?Module=DSD&TabName=DSD&capID1=REC22&capID2=00000&capID3=02044&agencyCode=SANDIEGO&IsToShowInspection=,2
PMT-3170099,"3724 Acacia St, San Diego, CA",PRJ-1068169,Inspection Followup,Building Construction:3724/Acacia,Add/Alt Companion Unit/Acc Apt,8/9/2022,6/28/2024,https://aca-prod.accela.com/SANDIEGO/Cap/CapDetail.aspx?Module=DSD&TabName=DSD&capID1=REC22&capID2=00000&capID3=01ZZR&agencyCode=SANDIEGO&IsToShowInspection=,https://aca-prod.accela.com/SANDIEGO/Cap/CapDetail.aspx?Module=DSD&TabName=DSD&capID1=REC22&capID2=00000&capID3=02048&agencyCode=SANDIEGO&IsToShowInspection=,2
PMT-3170100,"3724 Acacia St, San Diego, CA",PRJ-1068169,Inspection Followup,Building Construction:3724/Acacia,Add/Alt Companion Unit/Acc Apt,8/9/2022,6/28/2024,https://aca-prod.accela.com/SANDIEGO/Cap/CapDetail.aspx?Module=DSD&TabName=DSD&capID1=REC22&capID2=00000&capID3=01ZZR&agencyCode=SANDIEGO&IsToShowInspection=,https://aca-prod.accela.com/SANDIEGO/Cap/CapDetail.aspx?Module=DSD&TabName=DSD&capID1=REC22&capID2=00000&capID3=02049&agencyCode=SANDIEGO&IsToShowInspection=,1
PMT-3173179,"1663 Dairy Mart Rd, San Diego, CA 92173",PRJ-1068450,Inspection Followup,Actively Managed-Express-Building Construction:1663/Dairy Mart,Five or More Family Apt,8/25/2022,11/7/2023,https://aca-prod.accela.com/SANDIEGO/Cap/CapDetail.aspx?Module=DSD&TabName=DSD&capID1=REC22&capID2=00000&capID3=0219N&agencyCode=SANDIEGO&IsToShowInspection=,https://aca-prod.accela.com/SANDIEGO/Cap/CapDetail.aspx?Module=DSD&TabName=DSD&capID1=REC22&capID2=00000&capID3=02662&agencyCode=SANDIEGO&IsToShowInspection=,100
PMT-3185771,"3729 National Av, San Diego, CA",PRJ-1068478,Issued,General-Expedite-Combination Building Permit:3725/National,Add/Alt Companion Unit/Acc Apt,11/3/2022,8/27/2024,https://aca-prod.accela.com/SANDIEGO/Cap/CapDetail.aspx?Module=DSD&TabName=DSD&capID1=REC22&capID2=00000&capID3=021DV&agencyCode=SANDIEGO&IsToShowInspection=,https://aca-prod.accela.com/SANDIEGO/Cap/CapDetail.aspx?Module=DSD&TabName=DSD&capID1=REC22&capID2=00000&capID3=02XCC&agencyCode=SANDIEGO&IsToShowInspection=,1
PMT-3185773,"3719 National Av, San Diego, CA",PRJ-1068478,Issued,General-Expedite-Combination Building Permit:3725/National,Add/Alt Companion Unit/Acc Apt,11/3/2022,8/30/2024,https://aca-prod.accela.com/SANDIEGO/Cap/CapDetail.aspx?Module=DSD&TabName=DSD&capID1=REC22&capID2=00000&capID3=021DV&agencyCode=SANDIEGO&IsToShowInspection=,https://aca-prod.accela.com/SANDIEGO/Cap/CapDetail.aspx?Module=DSD&TabName=DSD&capID1=REC22&capID2=00000&capID3=02XCE&agencyCode=SANDIEGO&IsToShowInspection=,1
PMT-3252035,"3725 National Av, San Diego, CA",PRJ-1068478,Issued,General-Expedite-Combination Building Permit:3725/National,Add/Alt Companion Unit/Acc Apt,10/12/2023,8/27/2024,https://aca-prod.accela.com/SANDIEGO/Cap/CapDetail.aspx?Module=DSD&TabName=DSD&capID1=REC22&capID2=00000&capID3=021DV&agencyCode=SANDIEGO&IsToShowInspection=,https://aca-prod.accela.com/SANDIEGO/Cap/CapDetail.aspx?Module=DSD&TabName=DSD&capID1=REC23&capID2=00000&capID3=02XI4&agencyCode=SANDIEGO&IsToShowInspection=,1
PMT-3252051,"3715 National Av, San Diego, CA",PRJ-1068478,Issued,General-Expedite-Combination Building Permit:3725/National,Add/Alt Companion Unit/Acc Apt,10/12/2023,8/27/2024,https://aca-prod.accela.com/SANDIEGO/Cap/CapDetail.aspx?Module=DSD&TabName=DSD&capID1=REC22&capID2=00000&capID3=021DV&agencyCode=SANDIEGO&IsToShowInspection=,https://aca-prod.accela.com/SANDIEGO/Cap/CapDetail.aspx?Module=DSD&TabName=DSD&capID1=REC23&capID2=00000&capID3=02XIV&agencyCode=SANDIEGO&IsToShowInspection=,1
PMT-3171035,"1111 Torrey Pines Rd, San Diego, CA",PRJ-1068507,Closed,General-Standard-Building Construction:1111/Torrey Pines,"Add/Alt 3+ Fam, Increase DU",8/15/2022,10/10/2023,https://aca-prod.accela.com/SANDIEGO/Cap/CapDetail.aspx?Module=DSD&TabName=DSD&capID1=REC22&capID2=00000&capID3=021JH&agencyCode=SANDIEGO&IsToShowInspection=,https://aca-prod.accela.com/SANDIEGO/Cap/CapDetail.aspx?Module=DSD&TabName=DSD&capID1=REC22&capID2=00000&capID3=021ZU&agencyCode=SANDIEGO&IsToShowInspection=,1
PMT-3173950,"3062 46th St, San Diego, CA",PRJ-1068822,Inspection Followup,General-Standard-Building Construction:3062/46th,One Family Detached,8/30/2022,4/1/2024,https://aca-prod.accela.com/SANDIEGO/Cap/CapDetail.aspx?Module=DSD&TabName=DSD&capID1=REC22&capID2=00000&capID3=022PM&agencyCode=SANDIEGO&IsToShowInspection=,https://aca-prod.accela.com/SANDIEGO/Cap/CapDetail.aspx?Module=DSD&TabName=DSD&capID1=REC22&capID2=00000&capID3=027NN&agencyCode=SANDIEGO&IsToShowInspection=,1
PMT-3173962,"3072 46th St, San Diego, CA",PRJ-1068822,Issued,General-Standard-Building Construction:3062/46th,One Family Detached,8/30/2022,4/1/2024,https://aca-prod.accela.com/SANDIEGO/Cap/CapDetail.aspx?Module=DSD&TabName=DSD&capID1=REC22&capID2=00000&capID3=022PM&agencyCode=SANDIEGO&IsToShowInspection=,https://aca-prod.accela.com/SANDIEGO/Cap/CapDetail.aspx?Module=DSD&TabName=DSD&capID1=REC22&capID2=00000&capID3=027OM&agencyCode=SANDIEGO&IsToShowInspection=,1
PMT-3172967,"1548 S 43rd St, San Diego, CA 92113",PRJ-1068884,Cancelled Application Expired,General-Standard-Building Construction:1548/43rd,Five or More Family Apt,8/24/2022,,https://aca-prod.accela.com/SANDIEGO/Cap/CapDetail.aspx?Module=DSD&TabName=DSD&capID1=REC22&capID2=00000&capID3=022ZW&agencyCode=SANDIEGO&IsToShowInspection=,https://aca-prod.accela.com/SANDIEGO/Cap/CapDetail.aspx?Module=DSD&TabName=DSD&capID1=REC22&capID2=00000&capID3=025SP&agencyCode=SANDIEGO&IsToShowInspection=,1
PMT-3173997,"7051 Wheatley St, San Diego, CA 92111",PRJ-1069066,Closed,General-Standard-Building Construction:7053/Wheatley,Add/Alt Companion Unit/Acc Apt,8/30/2022,4/4/2023,https://aca-prod.accela.com/SANDIEGO/Cap/CapDetail.aspx?Module=DSD&TabName=DSD&capID1=REC22&capID2=00000&capID3=023V1&agencyCode=SANDIEGO&IsToShowInspection=,https://aca-prod.accela.com/SANDIEGO/Cap/CapDetail.aspx?Module=DSD&TabName=DSD&capID1=REC22&capID2=00000&capID3=027RJ&agencyCode=SANDIEGO&IsToShowInspection=,1
PMT-3172882,"5614 Dorothy Dr, San Diego, CA 92115",PRJ-1069312,Issued,General-Standard-Building Construction:5612/Dorothy,"Add/Alt 1 or 2 Fam, No Chg DU",8/24/2022,7/17/2023,https://aca-prod.accela.com/SANDIEGO/Cap/CapDetail.aspx?Module=DSD&TabName=DSD&capID1=REC22&capID2=00000&capID3=024VF&agencyCode=SANDIEGO&IsToShowInspection=,https://aca-prod.accela.com/SANDIEGO/Cap/CapDetail.aspx?Module=DSD&TabName=DSD&capID1=REC22&capID2=00000&capID3=025M2&agencyCode=SANDIEGO&IsToShowInspection=,1
PMT-3237385,"3355 Grim Av, San Diego, CA",PRJ-1069437,Closed,General-Standard-Building Construction:3355/Grim,Add/Alt Companion Unit/Acc Apt,7/28/2023,10/27/2023,https://aca-prod.accela.com/SANDIEGO/Cap/CapDetail.aspx?Module=DSD&TabName=DSD&capID1=REC22&capID2=00000&capID3=025CX&agencyCode=SANDIEGO&IsToShowInspection=,https://aca-prod.accela.com/SANDIEGO/Cap/CapDetail.aspx?Module=DSD&TabName=DSD&capID1=REC23&capID2=00000&capID3=029HG&agencyCode=SANDIEGO&IsToShowInspection=,1
PMT-3175801,"4298 Clairemont Dr, San Diego, CA 92117",PRJ-1069570,Inspection Followup,General-Standard-Combination Building Permit:4298/Clairemont,Add/Alt Companion Unit/Acc Apt,9/11/2022,3/12/2024,https://aca-prod.accela.com/SANDIEGO/Cap/CapDetail.aspx?Module=DSD&TabName=DSD&capID1=REC22&capID2=00000&capID3=025W4&agencyCode=SANDIEGO&IsToShowInspection=,https://aca-prod.accela.com/SANDIEGO/Cap/CapDetail.aspx?Module=DSD&TabName=DSD&capID1=REC22&capID2=00000&capID3=02BGU&agencyCode=SANDIEGO&IsToShowInspection=,1
PMT-3177119,"6213 Montezuma Rd, San Diego, CA",PRJ-1069595,Issued,General-Express-Building Construction:6213/Montezuma,Five or More Family Apt,9/16/2022,8/31/2023,https://aca-prod.accela.com/SANDIEGO/Cap/CapDetail.aspx?Module=DSD&TabName=DSD&capID1=REC22&capID2=00000&capID3=025ZD&agencyCode=SANDIEGO&IsToShowInspection=,https://aca-prod.accela.com/SANDIEGO/Cap/CapDetail.aspx?Module=DSD&TabName=DSD&capID1=REC22&capID2=00000&capID3=02DYW&agencyCode=SANDIEGO&IsToShowInspection=,3
PMT-3173764,"6551 Lemarand Av, San Diego, CA 92115",PRJ-1069777,Cancelled Application Expired,General-Standard-Building Construction:6551/Lemarand,Add/Alt Companion Unit/Acc Apt,8/29/2022,,https://aca-prod.accela.com/SANDIEGO/Cap/CapDetail.aspx?Module=DSD&TabName=DSD&capID1=REC22&capID2=00000&capID3=026O1&agencyCode=SANDIEGO&IsToShowInspection=,https://aca-prod.accela.com/SANDIEGO/Cap/CapDetail.aspx?Module=DSD&TabName=DSD&capID1=REC22&capID2=00000&capID3=027AF&agencyCode=SANDIEGO&IsToShowInspection=,1
PMT-3176532,"3843 08th Av, San Diego, CA 92103-4306",PRJ-1069832,Inspection Followup,General-Express-Building Construction:3843/08th,Five or More Family Apt,9/14/2022,11/3/2023,https://aca-prod.accela.com/SANDIEGO/Cap/CapDetail.aspx?Module=DSD&TabName=DSD&capID1=REC22&capID2=00000&capID3=026WC&agencyCode=SANDIEGO&IsToShowInspection=,https://aca-prod.accela.com/SANDIEGO/Cap/CapDetail.aspx?Module=DSD&TabName=DSD&capID1=REC22&capID2=00000&capID3=02CWQ&agencyCode=SANDIEGO&IsToShowInspection=,11
PMT-3227232,"4726 Kensington Dr, San Diego, CA 92116",PRJ-1069930,Inspection Followup,General-Standard-Building Construction:4726/Kensington,"Add/Alt 1 or 2 Fam,Increase DU",6/9/2023,5/24/2024,https://aca-prod.accela.com/SANDIEGO/Cap/CapDetail.aspx?Module=DSD&TabName=DSD&capID1=REC22&capID2=00000&capID3=027CO&agencyCode=SANDIEGO&IsToShowInspection=,https://aca-prod.accela.com/SANDIEGO/Cap/CapDetail.aspx?Module=DSD&TabName=DSD&capID1=REC23&capID2=00000&capID3=01QZE&agencyCode=SANDIEGO&IsToShowInspection=,2
PMT-3176694,"4536 Idaho St, San Diego, CA",PRJ-1070450,Inspection Followup,General-Express-Building Construction:4534/Idaho,Five or More Family Apt,9/15/2022,9/9/2024,https://aca-prod.accela.com/SANDIEGO/Cap/CapDetail.aspx?Module=DSD&TabName=DSD&capID1=REC22&capID2=00000&capID3=029DA&agencyCode=SANDIEGO&IsToShowInspection=,https://aca-prod.accela.com/SANDIEGO/Cap/CapDetail.aspx?Module=DSD&TabName=DSD&capID1=REC22&capID2=00000&capID3=02D6R&agencyCode=SANDIEGO&IsToShowInspection=,3
PMT-3176981,"1121 Colusa St, San Diego, CA 92110",PRJ-1070840,Inspection Followup,General-Express-Building Construction:1121/Colusa,Five or More Family Condo,9/16/2022,11/1/2023,https://aca-prod.accela.com/SANDIEGO/Cap/CapDetail.aspx?Module=DSD&TabName=DSD&capID1=REC22&capID2=00000&capID3=02AXU&agencyCode=SANDIEGO&IsToShowInspection=,https://aca-prod.accela.com/SANDIEGO/Cap/CapDetail.aspx?Module=DSD&TabName=DSD&capID1=REC22&capID2=00000&capID3=02DR0&agencyCode=SANDIEGO&IsToShowInspection=,3
PMT-3175852,"806 27th St, San Diego, CA",PRJ-1070877,Inspection Followup,General-Express-Building Construction:806/27th,Five or More Family Apt,9/12/2022,1/6/2025,https://aca-prod.accela.com/SANDIEGO/Cap/CapDetail.aspx?Module=DSD&TabName=DSD&capID1=REC22&capID2=00000&capID3=02B3J&agencyCode=SANDIEGO&IsToShowInspection=,https://aca-prod.accela.com/SANDIEGO/Cap/CapDetail.aspx?Module=DSD&TabName=DSD&capID1=REC22&capID2=00000&capID3=02BLU&agencyCode=SANDIEGO&IsToShowInspection=,5
PMT-3175879,"2019 Chicago St, San Diego, CA 92110",PRJ-1070976,Issued,General-Express-Building Construction:2019/Chicago,Five or More Family Apt,9/12/2022,9/11/2024,https://aca-prod.accela.com/SANDIEGO/Cap/CapDetail.aspx?Module=DSD&TabName=DSD&capID1=REC22&capID2=00000&capID3=02BEW&agencyCode=SANDIEGO&IsToShowInspection=,https://aca-prod.accela.com/SANDIEGO/Cap/CapDetail.aspx?Module=DSD&TabName=DSD&capID1=REC22&capID2=00000&capID3=02BNL&agencyCode=SANDIEGO&IsToShowInspection=,1
PMT-3180642,"5256 Adams Av, San Diego, CA 92115",PRJ-1071205,Inspection Followup,General-Standard-Combination Building Permit:5256/Adams,Add/Alt Companion Unit/Acc Apt,10/6/2022,10/23/2023,https://aca-prod.accela.com/SANDIEGO/Cap/CapDetail.aspx?Module=DSD&TabName=DSD&capID1=REC22&capID2=00000&capID3=02CA8&agencyCode=SANDIEGO&IsToShowInspection=,https://aca-prod.accela.com/SANDIEGO/Cap/CapDetail.aspx?Module=DSD&TabName=DSD&capID1=REC22&capID2=00000&capID3=02LJ6&agencyCode=SANDIEGO&IsToShowInspection=,1
PMT-3180677,"5252 Adams Av, San Diego, CA 92115",PRJ-1071205,Inspection Followup,General-Standard-Combination Building Permit:5256/Adams,Add/Alt Companion Unit/Acc Apt,10/6/2022,2/12/2024,https://aca-prod.accela.com/SANDIEGO/Cap/CapDetail.aspx?Module=DSD&TabName=DSD&capID1=REC22&capID2=00000&capID3=02CA8&agencyCode=SANDIEGO&IsToShowInspection=,https://aca-prod.accela.com/SANDIEGO/Cap/CapDetail.aspx?Module=DSD&TabName=DSD&capID1=REC22&capID2=00000&capID3=02LLW&agencyCode=SANDIEGO&IsToShowInspection=,1
PMT-3180684,"5254 Adams Av, San Diego, CA 92115",PRJ-1071205,Inspection Followup,General-Standard-Combination Building Permit:5256/Adams,Add/Alt Companion Unit/Acc Apt,10/6/2022,2/12/2024,https://aca-prod.accela.com/SANDIEGO/Cap/CapDetail.aspx?Module=DSD&TabName=DSD&capID1=REC22&capID2=00000&capID3=02CA8&agencyCode=SANDIEGO&IsToShowInspection=,https://aca-prod.accela.com/SANDIEGO/Cap/CapDetail.aspx?Module=DSD&TabName=DSD&capID1=REC22&capID2=00000&capID3=02LM8&agencyCode=SANDIEGO&IsToShowInspection=,1
PMT-3195176,"3588 Princeton Av, San Diego, CA 92117",PRJ-1071507,Issued,General-Standard-Building Construction:3588/Princeton,Add/Alt Companion Unit/Acc Apt,12/23/2022,8/14/2024,https://aca-prod.accela.com/SANDIEGO/Cap/CapDetail.aspx?Module=DSD&TabName=DSD&capID1=REC22&capID2=00000&capID3=02DMF&agencyCode=SANDIEGO&IsToShowInspection=,https://aca-prod.accela.com/SANDIEGO/Cap/CapDetail.aspx?Module=DSD&TabName=DSD&capID1=REC22&capID2=00000&capID3=03IRV&agencyCode=SANDIEGO&IsToShowInspection=,1
PMT-3177790,"4140 Oregon St, San Diego, CA",PRJ-1071524,Issued,Actively Managed-Express-Building Construction:4140/Oregon,Five or More Family Apt,9/21/2022,9/12/2024,https://aca-prod.accela.com/SANDIEGO/Cap/CapDetail.aspx?Module=DSD&TabName=DSD&capID1=REC22&capID2=00000&capID3=02DP0&agencyCode=SANDIEGO&IsToShowInspection=,https://aca-prod.accela.com/SANDIEGO/Cap/CapDetail.aspx?Module=DSD&TabName=DSD&capID1=REC22&capID2=00000&capID3=02FDL&agencyCode=SANDIEGO&IsToShowInspection=,6
PMT-3178615,"3801 Richmond St, San Diego, CA 92103",PRJ-1071690,Inspection Followup,Actively Managed-Standard-Building Construction:3801/Richmond,Five or More Family Apt,9/26/2022,9/19/2024,https://aca-prod.accela.com/SANDIEGO/Cap/CapDetail.aspx?Module=DSD&TabName=DSD&capID1=REC22&capID2=00000&capID3=02EJ4&agencyCode=SANDIEGO&IsToShowInspection=,https://aca-prod.accela.com/SANDIEGO/Cap/CapDetail.aspx?Module=DSD&TabName=DSD&capID1=REC22&capID2=00000&capID3=02H2M&agencyCode=SANDIEGO&IsToShowInspection=,1
PMT-3181127,"1320 Broadway, San Diego, CA",PRJ-1071979,Inspection Followup,Actively Managed-Express-Building Construction:1320/Broadway,Five or More Family Apt,10/10/2022,11/17/2023,https://aca-prod.accela.com/SANDIEGO/Cap/CapDetail.aspx?Module=DSD&TabName=DSD&capID1=REC22&capID2=00000&capID3=02FW9&agencyCode=SANDIEGO&IsToShowInspection=,https://aca-prod.accela.com/SANDIEGO/Cap/CapDetail.aspx?Module=DSD&TabName=DSD&capID1=REC22&capID2=00000&capID3=02MKW&agencyCode=SANDIEGO&IsToShowInspection=,270
PMT-3185944,"4972 54th St, San Diego, CA",PRJ-1072023,Issued,General-Standard-Building Construction:4972/54th,Add/Alt Companion Unit/Acc Apt,11/4/2022,5/16/2024,https://aca-prod.accela.com/SANDIEGO/Cap/CapDetail.aspx?Module=DSD&TabName=DSD&capID1=REC22&capID2=00000&capID3=02G0G&agencyCode=SANDIEGO&IsToShowInspection=,https://aca-prod.accela.com/SANDIEGO/Cap/CapDetail.aspx?Module=DSD&TabName=DSD&capID1=REC22&capID2=00000&capID3=02XPF&agencyCode=SANDIEGO&IsToShowInspection=,1
PMT-3185945,"4972 54th St, San Diego, CA",PRJ-1072023,Issued,General-Standard-Building Construction:4972/54th,Add/Alt Companion Unit/Acc Apt,11/4/2022,5/16/2024,https://aca-prod.accela.com/SANDIEGO/Cap/CapDetail.aspx?Module=DSD&TabName=DSD&capID1=REC22&capID2=00000&capID3=02G0G&agencyCode=SANDIEGO&IsToShowInspection=,https://aca-prod.accela.com/SANDIEGO/Cap/CapDetail.aspx?Module=DSD&TabName=DSD&capID1=REC22&capID2=00000&capID3=02XPH&agencyCode=SANDIEGO&IsToShowInspection=,1
PMT-3185946,"4972 54th St, San Diego, CA",PRJ-1072023,Issued,General-Standard-Building Construction:4972/54th,Add/Alt Companion Unit/Acc Apt,11/4/2022,5/16/2024,https://aca-prod.accela.com/SANDIEGO/Cap/CapDetail.aspx?Module=DSD&TabName=DSD&capID1=REC22&capID2=00000&capID3=02G0G&agencyCode=SANDIEGO&IsToShowInspection=,https://aca-prod.accela.com/SANDIEGO/Cap/CapDetail.aspx?Module=DSD&TabName=DSD&capID1=REC22&capID2=00000&capID3=02XPJ&agencyCode=SANDIEGO&IsToShowInspection=,1
PMT-3185947,"4972 54th St, San Diego, CA",PRJ-1072023,Issued,General-Standard-Building Construction:4972/54th,Add/Alt Companion Unit/Acc Apt,11/4/2022,5/16/2024,https://aca-prod.accela.com/SANDIEGO/Cap/CapDetail.aspx?Module=DSD&TabName=DSD&capID1=REC22&capID2=00000&capID3=02G0G&agencyCode=SANDIEGO&IsToShowInspection=,https://aca-prod.accela.com/SANDIEGO/Cap/CapDetail.aspx?Module=DSD&TabName=DSD&capID1=REC22&capID2=00000&capID3=02XPL&agencyCode=SANDIEGO&IsToShowInspection=,1
PMT-3185950,"4972 54th St, San Diego, CA",PRJ-1072023,Issued,General-Standard-Building Construction:4972/54th,Add/Alt Companion Unit/Acc Apt,11/4/2022,5/16/2024,https://aca-prod.accela.com/SANDIEGO/Cap/CapDetail.aspx?Module=DSD&TabName=DSD&capID1=REC22&capID2=00000&capID3=02G0G&agencyCode=SANDIEGO&IsToShowInspection=,https://aca-prod.accela.com/SANDIEGO/Cap/CapDetail.aspx?Module=DSD&TabName=DSD&capID1=REC22&capID2=00000&capID3=02XPT&agencyCode=SANDIEGO&IsToShowInspection=,1
PMT-3180076,"730 Cotton St, San Diego, CA 92102",PRJ-1072385,Cancelled Application Expired,General-Standard-Building Construction:734/Cotton,Add/Alt Companion Unit/Acc Apt,10/4/2022,,https://aca-prod.accela.com/SANDIEGO/Cap/CapDetail.aspx?Module=DSD&TabName=DSD&capID1=REC22&capID2=00000&capID3=02HBK&agencyCode=SANDIEGO&IsToShowInspection=,https://aca-prod.accela.com/SANDIEGO/Cap/CapDetail.aspx?Module=DSD&TabName=DSD&capID1=REC22&capID2=00000&capID3=02KA3&agencyCode=SANDIEGO&IsToShowInspection=,2
PMT-3186198,"5110 69th St, San Diego, CA 92115",PRJ-1072473,Inspection Followup,General-Standard-Combination Building Permit:5106/69th,"Add/Alt 1 or 2 Fam,Increase DU",11/7/2022,1/10/2024,https://aca-prod.accela.com/SANDIEGO/Cap/CapDetail.aspx?Module=DSD&TabName=DSD&capID1=REC22&capID2=00000&capID3=02HM7&agencyCode=SANDIEGO&IsToShowInspection=,https://aca-prod.accela.com/SANDIEGO/Cap/CapDetail.aspx?Module=DSD&TabName=DSD&capID1=REC22&capID2=00000&capID3=02YAZ&agencyCode=SANDIEGO&IsToShowInspection=,1
PMT-3186199,"5106 69th St, San Diego, CA 92115",PRJ-1072473,Inspection Followup,General-Standard-Combination Building Permit:5106/69th,"Add/Alt 1 or 2 Fam,Increase DU",11/7/2022,1/10/2024,https://aca-prod.accela.com/SANDIEGO/Cap/CapDetail.aspx?Module=DSD&TabName=DSD&capID1=REC22&capID2=00000&capID3=02HM7&agencyCode=SANDIEGO&IsToShowInspection=,https://aca-prod.accela.com/SANDIEGO/Cap/CapDetail.aspx?Module=DSD&TabName=DSD&capID1=REC22&capID2=00000&capID3=02YB1&agencyCode=SANDIEGO&IsToShowInspection=,1
PMT-3186022,"1233 33rd St, San Diego, CA 92102",PRJ-1072478,Inspection Followup,General-Standard-Building Construction:1233/33rd,Add/Alt Companion Unit/Acc Apt,11/4/2022,12/12/2024,https://aca-prod.accela.com/SANDIEGO/Cap/CapDetail.aspx?Module=DSD&TabName=DSD&capID1=REC22&capID2=00000&capID3=02HMV&agencyCode=SANDIEGO&IsToShowInspection=,https://aca-prod.accela.com/SANDIEGO/Cap/CapDetail.aspx?Module=DSD&TabName=DSD&capID1=REC22&capID2=00000&capID3=02XTP&agencyCode=SANDIEGO&IsToShowInspection=,1
PMT-3180395,"5310 Seacliff Pl, San Diego, CA 92154",PRJ-1072892,Closed,Building Construction -,,10/5/2022,7/6/2023,https://aca-prod.accela.com/SANDIEGO/Cap/CapDetail.aspx?Module=DSD&TabName=DSD&capID1=REC22&capID2=00000&capID3=02JCD&agencyCode=SANDIEGO&IsToShowInspection=,https://aca-prod.accela.com/SANDIEGO/Cap/CapDetail.aspx?Module=DSD&TabName=DSD&capID1=REC22&capID2=00000&capID3=02KYZ&agencyCode=SANDIEGO&IsToShowInspection=,5
PMT-3180430,"5360 Seacliff Pl, San Diego, CA 92154",PRJ-1072892,Closed,Building Construction -,,10/5/2022,5/25/2023,https://aca-prod.accela.com/SANDIEGO/Cap/CapDetail.aspx?Module=DSD&TabName=DSD&capID1=REC22&capID2=00000&capID3=02JCD&agencyCode=SANDIEGO&IsToShowInspection=,https://aca-prod.accela.com/SANDIEGO/Cap/CapDetail.aspx?Module=DSD&TabName=DSD&capID1=REC22&capID2=00000&capID3=02L1O&agencyCode=SANDIEGO&IsToShowInspection=,6
PMT-3180439,"5350 Seacliff Pl, San Diego, CA 92154",PRJ-1072892,Closed,Building Construction -,,10/5/2022,3/25/2024,https://aca-prod.accela.com/SANDIEGO/Cap/CapDetail.aspx?Module=DSD&TabName=DSD&capID1=REC22&capID2=00000&capID3=02JCD&agencyCode=SANDIEGO&IsToShowInspection=,https://aca-prod.accela.com/SANDIEGO/Cap/CapDetail.aspx?Module=DSD&TabName=DSD&capID1=REC22&capID2=00000&capID3=02L2D&agencyCode=SANDIEGO&IsToShowInspection=,6
PMT-3185210,"5202 Sunset Wave Dr, San Diego, CA 92154",PRJ-1072892,Closed,Building Construction -,,11/1/2022,6/6/2023,https://aca-prod.accela.com/SANDIEGO/Cap/CapDetail.aspx?Module=DSD&TabName=DSD&capID1=REC22&capID2=00000&capID3=02JCD&agencyCode=SANDIEGO&IsToShowInspection=,https://aca-prod.accela.com/SANDIEGO/Cap/CapDetail.aspx?Module=DSD&TabName=DSD&capID1=REC22&capID2=00000&capID3=02W12&agencyCode=SANDIEGO&IsToShowInspection=,6
PMT-3185218,"5212 Sunset Wave Dr, San Diego, CA 92154",PRJ-1072892,Closed,Building Construction -,,11/1/2022,6/30/2023,https://aca-prod.accela.com/SANDIEGO/Cap/CapDetail.aspx?Module=DSD&TabName=DSD&capID1=REC22&capID2=00000&capID3=02JCD&agencyCode=SANDIEGO&IsToShowInspection=,https://aca-prod.accela.com/SANDIEGO/Cap/CapDetail.aspx?Module=DSD&TabName=DSD&capID1=REC22&capID2=00000&capID3=02W1D&agencyCode=SANDIEGO&IsToShowInspection=,6
PMT-3185223,"5305 Seacliff Pl, San Diego, CA 92154",PRJ-1072892,Closed,Building Construction -,,11/1/2022,7/18/2023,https://aca-prod.accela.com/SANDIEGO/Cap/CapDetail.aspx?Module=DSD&TabName=DSD&capID1=REC22&capID2=00000&capID3=02JCD&agencyCode=SANDIEGO&IsToShowInspection=,https://aca-prod.accela.com/SANDIEGO/Cap/CapDetail.aspx?Module=DSD&TabName=DSD&capID1=REC22&capID2=00000&capID3=02W1L&agencyCode=SANDIEGO&IsToShowInspection=,8
PMT-3185229,"5340 Seacliff Pl, San Diego, CA 92154",PRJ-1072892,Closed,Building Construction -,,11/1/2022,3/25/2024,https://aca-prod.accela.com/SANDIEGO/Cap/CapDetail.aspx?Module=DSD&TabName=DSD&capID1=REC22&capID2=00000&capID3=02JCD&agencyCode=SANDIEGO&IsToShowInspection=,https://aca-prod.accela.com/SANDIEGO/Cap/CapDetail.aspx?Module=DSD&TabName=DSD&capID1=REC22&capID2=00000&capID3=02W1S&agencyCode=SANDIEGO&IsToShowInspection=,7
PMT-3185235,"5330 Seacliff Pl, San Diego, CA 92154",PRJ-1072892,Closed,Building Construction -,,11/1/2022,3/25/2024,https://aca-prod.accela.com/SANDIEGO/Cap/CapDetail.aspx?Module=DSD&TabName=DSD&capID1=REC22&capID2=00000&capID3=02JCD&agencyCode=SANDIEGO&IsToShowInspection=,https://aca-prod.accela.com/SANDIEGO/Cap/CapDetail.aspx?Module=DSD&TabName=DSD&capID1=REC22&capID2=00000&capID3=02W26&agencyCode=SANDIEGO&IsToShowInspection=,7
PMT-3185240,"5325 Seacliff Pl, San Diego, CA 92154",PRJ-1072892,Closed,Building Construction -,,11/1/2022,10/12/2023,https://aca-prod.accela.com/SANDIEGO/Cap/CapDetail.aspx?Module=DSD&TabName=DSD&capID1=REC22&capID2=00000&capID3=02JCD&agencyCode=SANDIEGO&IsToShowInspection=,https://aca-prod.accela.com/SANDIEGO/Cap/CapDetail.aspx?Module=DSD&TabName=DSD&capID1=REC22&capID2=00000&capID3=02W2C&agencyCode=SANDIEGO&IsToShowInspection=,7
PMT-3185245,"5335 Seacliff Pl, San Diego, CA 92154",PRJ-1072892,Closed,Building Construction -,,11/1/2022,10/5/2023,https://aca-prod.accela.com/SANDIEGO/Cap/CapDetail.aspx?Module=DSD&TabName=DSD&capID1=REC22&capID2=00000&capID3=02JCD&agencyCode=SANDIEGO&IsToShowInspection=,https://aca-prod.accela.com/SANDIEGO/Cap/CapDetail.aspx?Module=DSD&TabName=DSD&capID1=REC22&capID2=00000&capID3=02W2J&agencyCode=SANDIEGO&IsToShowInspection=,7
PMT-3185250,"5345 Seacliff Pl, San Diego, CA 92154",PRJ-1072892,Closed,Building Construction -,,11/1/2022,9/1/2023,https://aca-prod.accela.com/SANDIEGO/Cap/CapDetail.aspx?Module=DSD&TabName=DSD&capID1=REC22&capID2=00000&capID3=02JCD&agencyCode=SANDIEGO&IsToShowInspection=,https://aca-prod.accela.com/SANDIEGO/Cap/CapDetail.aspx?Module=DSD&TabName=DSD&capID1=REC22&capID2=00000&capID3=02W2O&agencyCode=SANDIEGO&IsToShowInspection=,7
PMT-3185255,"5355 Seacliff Pl, San Diego, CA 92154",PRJ-1072892,Closed,Building Construction -,,11/1/2022,8/14/2023,https://aca-prod.accela.com/SANDIEGO/Cap/CapDetail.aspx?Module=DSD&TabName=DSD&capID1=REC22&capID2=00000&capID3=02JCD&agencyCode=SANDIEGO&IsToShowInspection=,https://aca-prod.accela.com/SANDIEGO/Cap/CapDetail.aspx?Module=DSD&TabName=DSD&capID1=REC22&capID2=00000&capID3=02W2U&agencyCode=SANDIEGO&IsToShowInspection=,7
PMT-3180095,"6311 Inman St, San Diego, CA 92111",PRJ-1073002,Opened,General-Standard-Building Construction:6311/Inman,Five or More Family Apt,10/4/2022,,https://aca-prod.accela.com/SANDIEGO/Cap/CapDetail.aspx?Module=DSD&TabName=DSD&capID1=REC22&capID2=00000&capID3=02JWY&agencyCode=SANDIEGO&IsToShowInspection=,https://aca-prod.accela.com/SANDIEGO/Cap/CapDetail.aspx?Module=DSD&TabName=DSD&capID1=REC22&capID2=00000&capID3=02KBT&agencyCode=SANDIEGO&IsToShowInspection=,1
PMT-3181115,"2285 Ulric St, San Diego, CA",PRJ-1073423,Inspection Followup,General-Expedite-Building Construction:2285/Ulric,Five or More Family Condo,10/10/2022,5/8/2024,https://aca-prod.accela.com/SANDIEGO/Cap/CapDetail.aspx?Module=DSD&TabName=DSD&capID1=REC22&capID2=00000&capID3=02M2U&agencyCode=SANDIEGO&IsToShowInspection=,https://aca-prod.accela.com/SANDIEGO/Cap/CapDetail.aspx?Module=DSD&TabName=DSD&capID1=REC22&capID2=00000&capID3=02MJX&agencyCode=SANDIEGO&IsToShowInspection=,13
PMT-3185489,"6283 Lorca Dr, San Diego, CA 92115",PRJ-1073447,Closed,General-Standard-Building Construction:6285/Lorca,Add/Alt Companion Unit/Acc Apt,11/2/2022,12/31/2024,https://aca-prod.accela.com/SANDIEGO/Cap/CapDetail.aspx?Module=DSD&TabName=DSD&capID1=REC22&capID2=00000&capID3=02M6M&agencyCode=SANDIEGO&IsToShowInspection=,https://aca-prod.accela.com/SANDIEGO/Cap/CapDetail.aspx?Module=DSD&TabName=DSD&capID1=REC22&capID2=00000&capID3=02WMS&agencyCode=SANDIEGO&IsToShowInspection=,1
PMT-3185494,"6283 Lorca Dr, San Diego, CA 92115",PRJ-1073447,Closed,General-Standard-Building Construction:6285/Lorca,Add/Alt Companion Unit/Acc Apt,11/2/2022,1/23/2024,https://aca-prod.accela.com/SANDIEGO/Cap/CapDetail.aspx?Module=DSD&TabName=DSD&capID1=REC22&capID2=00000&capID3=02M6M&agencyCode=SANDIEGO&IsToShowInspection=,https://aca-prod.accela.com/SANDIEGO/Cap/CapDetail.aspx?Module=DSD&TabName=DSD&capID1=REC22&capID2=00000&capID3=02WN4&agencyCode=SANDIEGO&IsToShowInspection=,1
PMT-3182187,"324 S Pardee St, San Diego, CA",PRJ-1073463,Inspection Followup,General-Expedite-Combination Building Permit:324/Pardee,Add/Alt Companion Unit/Acc Apt,10/14/2022,8/17/2023,https://aca-prod.accela.com/SANDIEGO/Cap/CapDetail.aspx?Module=DSD&TabName=DSD&capID1=REC22&capID2=00000&capID3=02MAT&agencyCode=SANDIEGO&IsToShowInspection=,https://aca-prod.accela.com/SANDIEGO/Cap/CapDetail.aspx?Module=DSD&TabName=DSD&capID1=REC22&capID2=00000&capID3=02OVG&agencyCode=SANDIEGO&IsToShowInspection=,1
PMT-3182202,"324 S Pardee St, San Diego, CA",PRJ-1073463,Inspection Followup,General-Expedite-Combination Building Permit:324/Pardee,Add/Alt Companion Unit/Acc Apt,10/14/2022,9/5/2023,https://aca-prod.accela.com/SANDIEGO/Cap/CapDetail.aspx?Module=DSD&TabName=DSD&capID1=REC22&capID2=00000&capID3=02MAT&agencyCode=SANDIEGO&IsToShowInspection=,https://aca-prod.accela.com/SANDIEGO/Cap/CapDetail.aspx?Module=DSD&TabName=DSD&capID1=REC22&capID2=00000&capID3=02OWB&agencyCode=SANDIEGO&IsToShowInspection=,1
PMT-3189670,"3946 Louisiana St, San Diego, CA 92104",PRJ-1073464,Issued,General-Standard-Building Construction:3946/Louisiana,Five or More Family Apt,11/25/2022,5/30/2025,https://aca-prod.accela.com/SANDIEGO/Cap/CapDetail.aspx?Module=DSD&TabName=DSD&capID1=REC22&capID2=00000&capID3=02MB1&agencyCode=SANDIEGO&IsToShowInspection=,https://aca-prod.accela.com/SANDIEGO/Cap/CapDetail.aspx?Module=DSD&TabName=DSD&capID1=REC22&capID2=00000&capID3=035LN&agencyCode=SANDIEGO&IsToShowInspection=,5
PMT-3188202,"4366 Ohio St, San Diego, CA",PRJ-1074062,Opened,General-Express-Building Construction:4366/Ohio,Five or More Family Apt,11/16/2022,,https://aca-prod.accela.com/SANDIEGO/Cap/CapDetail.aspx?Module=DSD&TabName=DSD&capID1=REC22&capID2=00000&capID3=02P4P&agencyCode=SANDIEGO&IsToShowInspection=,https://aca-prod.accela.com/SANDIEGO/Cap/CapDetail.aspx?Module=DSD&TabName=DSD&capID1=REC22&capID2=00000&capID3=032IY&agencyCode=SANDIEGO&IsToShowInspection=,6
PMT-3191785,"4417 30th St, San Diego, CA",PRJ-1074066,Issued,General-Express-Building Construction:4417/30th,Five or More Family Apt,12/6/2022,6/2/2025,https://aca-prod.accela.com/SANDIEGO/Cap/CapDetail.aspx?Module=DSD&TabName=DSD&capID1=REC22&capID2=00000&capID3=02P5L&agencyCode=SANDIEGO&IsToShowInspection=,https://aca-prod.accela.com/SANDIEGO/Cap/CapDetail.aspx?Module=DSD&TabName=DSD&capID1=REC22&capID2=00000&capID3=03AH9&agencyCode=SANDIEGO&IsToShowInspection=,6
PMT-3182795,"4153 Cherokee Av, San Diego, CA",PRJ-1074218,Opened,General-Express-Building Construction:4151/Cherokee,Five or More Family Condo,10/18/2022,,https://aca-prod.accela.com/SANDIEGO/Cap/CapDetail.aspx?Module=DSD&TabName=DSD&capID1=REC22&capID2=00000&capID3=02PRW&agencyCode=SANDIEGO&IsToShowInspection=,https://aca-prod.accela.com/SANDIEGO/Cap/CapDetail.aspx?Module=DSD&TabName=DSD&capID1=REC22&capID2=00000&capID3=02QB8&agencyCode=SANDIEGO&IsToShowInspection=,4
PMT-3183163,"4533 63rd St, San Diego, CA",PRJ-1074237,Inspection Followup,General-Standard-Combination Building Permit:4535/63rd,Add/Alt Companion Unit/Acc Apt,10/20/2022,10/29/2023,https://aca-prod.accela.com/SANDIEGO/Cap/CapDetail.aspx?Module=DSD&TabName=DSD&capID1=REC22&capID2=00000&capID3=02PVH&agencyCode=SANDIEGO&IsToShowInspection=,https://aca-prod.accela.com/SANDIEGO/Cap/CapDetail.aspx?Module=DSD&TabName=DSD&capID1=REC22&capID2=00000&capID3=02R6P&agencyCode=SANDIEGO&IsToShowInspection=,1
PMT-3192075,"3559 Central Av, San Diego, CA",PRJ-1074472,Cancelled,General-Express-Building Construction:3563/Central,Add/Alt Companion Unit/Acc Apt,12/8/2022,,https://aca-prod.accela.com/SANDIEGO/Cap/CapDetail.aspx?Module=DSD&TabName=DSD&capID1=REC22&capID2=00000&capID3=02QVJ&agencyCode=SANDIEGO&IsToShowInspection=,https://aca-prod.accela.com/SANDIEGO/Cap/CapDetail.aspx?Module=DSD&TabName=DSD&capID1=REC22&capID2=00000&capID3=03B1R&agencyCode=SANDIEGO&IsToShowInspection=,2
PMT-3235402,"3563 Central Av, San Diego, CA",PRJ-1074472,Issued,General-Express-Building Construction:3563/Central,Add/Alt Companion Unit/Acc Apt,7/20/2023,5/1/2024,https://aca-prod.accela.com/SANDIEGO/Cap/CapDetail.aspx?Module=DSD&TabName=DSD&capID1=REC22&capID2=00000&capID3=02QVJ&agencyCode=SANDIEGO&IsToShowInspection=,https://aca-prod.accela.com/SANDIEGO/Cap/CapDetail.aspx?Module=DSD&TabName=DSD&capID1=REC23&capID2=00000&capID3=025CO&agencyCode=SANDIEGO&IsToShowInspection=,1
PMT-3183791,"2022 Meade Av, San Diego, CA",PRJ-1074478,Issued,General-Standard-Combination Building Permit:2022/Meade,Add/Alt Companion Unit/Acc Apt,10/25/2022,8/2/2023,https://aca-prod.accela.com/SANDIEGO/Cap/CapDetail.aspx?Module=DSD&TabName=DSD&capID1=REC22&capID2=00000&capID3=02QXL&agencyCode=SANDIEGO&IsToShowInspection=,https://aca-prod.accela.com/SANDIEGO/Cap/CapDetail.aspx?Module=DSD&TabName=DSD&capID1=REC22&capID2=00000&capID3=02SWQ&agencyCode=SANDIEGO&IsToShowInspection=,1
PMT-3183687,"2327 Comstock St, San Diego, CA 92111",PRJ-1074771,Opened,General-Standard-Building Permit:2327/Comstock,Add/Alt Companion Unit/Acc Apt,10/24/2022,,https://aca-prod.accela.com/SANDIEGO/Cap/CapDetail.aspx?Module=DSD&TabName=DSD&capID1=REC22&capID2=00000&capID3=02S0L&agencyCode=SANDIEGO&IsToShowInspection=,https://aca-prod.accela.com/SANDIEGO/Cap/CapDetail.aspx?Module=DSD&TabName=DSD&capID1=REC22&capID2=00000&capID3=02SMO&agencyCode=SANDIEGO&IsToShowInspection=,3
PMT-3184309,"4350 Cleveland Av, San Diego, CA 92103",PRJ-1074917,Issued,General-Express-Building Construction:4350/Cleveland,Add/Alt NonRes Bldg or Struct,10/27/2022,4/16/2024,https://aca-prod.accela.com/SANDIEGO/Cap/CapDetail.aspx?Module=DSD&TabName=DSD&capID1=REC22&capID2=00000&capID3=02SKL&agencyCode=SANDIEGO&IsToShowInspection=,https://aca-prod.accela.com/SANDIEGO/Cap/CapDetail.aspx?Module=DSD&TabName=DSD&capID1=REC22&capID2=00000&capID3=02U00&agencyCode=SANDIEGO&IsToShowInspection=,3
PMT-3187070,"1333 Fern St, San Diego, CA 92102",PRJ-1074941,Cancelled Application Expired,General-Standard-Building Construction:1331/Fern,Add/Alt Companion Unit/Acc Apt,11/10/2022,,https://aca-prod.accela.com/SANDIEGO/Cap/CapDetail.aspx?Module=DSD&TabName=DSD&capID1=REC22&capID2=00000&capID3=02SOW&agencyCode=SANDIEGO&IsToShowInspection=,https://aca-prod.accela.com/SANDIEGO/Cap/CapDetail.aspx?Module=DSD&TabName=DSD&capID1=REC22&capID2=00000&capID3=0301D&agencyCode=SANDIEGO&IsToShowInspection=,1
PMT-3184944,"1202 Gertrude St, San Diego, CA",PRJ-1075197,Inspection Followup,General-Standard-Building Construction:1202/Gertrude,Add/Alt Companion Unit/Acc Apt,10/31/2022,6/6/2024,https://aca-prod.accela.com/SANDIEGO/Cap/CapDetail.aspx?Module=DSD&TabName=DSD&capID1=REC22&capID2=00000&capID3=02TS0&agencyCode=SANDIEGO&IsToShowInspection=,https://aca-prod.accela.com/SANDIEGO/Cap/CapDetail.aspx?Module=DSD&TabName=DSD&capID1=REC22&capID2=00000&capID3=02VGX&agencyCode=SANDIEGO&IsToShowInspection=,1
PMT-3184945,"1202 Gertrude St, San Diego, CA",PRJ-1075197,Inspection Followup,General-Standard-Building Construction:1202/Gertrude,Add/Alt Companion Unit/Acc Apt,10/31/2022,6/6/2024,https://aca-prod.accela.com/SANDIEGO/Cap/CapDetail.aspx?Module=DSD&TabName=DSD&capID1=REC22&capID2=00000&capID3=02TS0&agencyCode=SANDIEGO&IsToShowInspection=,https://aca-prod.accela.com/SANDIEGO/Cap/CapDetail.aspx?Module=DSD&TabName=DSD&capID1=REC22&capID2=00000&capID3=02VGY&agencyCode=SANDIEGO&IsToShowInspection=,1
PMT-3184946,"1202 Gertrude St, San Diego, CA",PRJ-1075197,Inspection Followup,General-Standard-Building Construction:1202/Gertrude,Add/Alt Companion Unit/Acc Apt,10/31/2022,6/6/2024,https://aca-prod.accela.com/SANDIEGO/Cap/CapDetail.aspx?Module=DSD&TabName=DSD&capID1=REC22&capID2=00000&capID3=02TS0&agencyCode=SANDIEGO&IsToShowInspection=,https://aca-prod.accela.com/SANDIEGO/Cap/CapDetail.aspx?Module=DSD&TabName=DSD&capID1=REC22&capID2=00000&capID3=02VGZ&agencyCode=SANDIEGO&IsToShowInspection=,1
PMT-3187015,"2696 Mission Village Dr, San Diego, CA",PRJ-1075690,Inspection Followup,General-Express-Building Construction:2696/Mission Village,Five or More Family Apt,11/10/2022,3/21/2024,https://aca-prod.accela.com/SANDIEGO/Cap/CapDetail.aspx?Module=DSD&TabName=DSD&capID1=REC22&capID2=00000&capID3=02W95&agencyCode=SANDIEGO&IsToShowInspection=,https://aca-prod.accela.com/SANDIEGO/Cap/CapDetail.aspx?Module=DSD&TabName=DSD&capID1=REC22&capID2=00000&capID3=02ZWG&agencyCode=SANDIEGO&IsToShowInspection=,2
PMT-3188573,"1701 Imperial Av, San Diego, CA",PRJ-1076100,Opened,General-Express-Building Construction:1701/Imperial,Five or More Family Apt,11/18/2022,,https://aca-prod.accela.com/SANDIEGO/Cap/CapDetail.aspx?Module=DSD&TabName=DSD&capID1=REC22&capID2=00000&capID3=02Y1B&agencyCode=SANDIEGO&IsToShowInspection=,https://aca-prod.accela.com/SANDIEGO/Cap/CapDetail.aspx?Module=DSD&TabName=DSD&capID1=REC22&capID2=00000&capID3=033CY&agencyCode=SANDIEGO&IsToShowInspection=,12
PMT-3187067,"7765 Mesa College Dr, San Diego, CA",PRJ-1076126,Opened,General-Express-Building Construction:7765/Mesa College,Five or More Family Apt,11/10/2022,,https://aca-prod.accela.com/SANDIEGO/Cap/CapDetail.aspx?Module=DSD&TabName=DSD&capID1=REC22&capID2=00000&capID3=02Y4N&agencyCode=SANDIEGO&IsToShowInspection=,https://aca-prod.accela.com/SANDIEGO/Cap/CapDetail.aspx?Module=DSD&TabName=DSD&capID1=REC22&capID2=00000&capID3=03017&agencyCode=SANDIEGO&IsToShowInspection=,5
PMT-3187163,"2635 Magnolia Av, San Diego, CA 92109",PRJ-1076139,Closed,General-Express-Building Construction:2635/Magnolia,Add/Alt Companion Unit/Acc Apt,11/10/2022,9/20/2023,https://aca-prod.accela.com/SANDIEGO/Cap/CapDetail.aspx?Module=DSD&TabName=DSD&capID1=REC22&capID2=00000&capID3=02Y5U&agencyCode=SANDIEGO&IsToShowInspection=,https://aca-prod.accela.com/SANDIEGO/Cap/CapDetail.aspx?Module=DSD&TabName=DSD&capID1=REC22&capID2=00000&capID3=0309M&agencyCode=SANDIEGO&IsToShowInspection=,1
PMT-3188349,"1111 Kettner Bl, San Diego, CA",PRJ-1076339,Issued,Actively Managed-Express-Building Construction:1111/Kettner,Five or More Family Apt,11/17/2022,11/12/2024,https://aca-prod.accela.com/SANDIEGO/Cap/CapDetail.aspx?Module=DSD&TabName=DSD&capID1=REC22&capID2=00000&capID3=02Z53&agencyCode=SANDIEGO&IsToShowInspection=,https://aca-prod.accela.com/SANDIEGO/Cap/CapDetail.aspx?Module=DSD&TabName=DSD&capID1=REC22&capID2=00000&capID3=032TV&agencyCode=SANDIEGO&IsToShowInspection=,3
PMT-3188039,"3222 Mission Village Dr, San Diego, CA",PRJ-1076402,Inspection Followup,General-Express-Building Construction:3222/Mission Village,Five or More Family Apt,11/16/2022,4/24/2024,https://aca-prod.accela.com/SANDIEGO/Cap/CapDetail.aspx?Module=DSD&TabName=DSD&capID1=REC22&capID2=00000&capID3=02ZB6&agencyCode=SANDIEGO&IsToShowInspection=,https://aca-prod.accela.com/SANDIEGO/Cap/CapDetail.aspx?Module=DSD&TabName=DSD&capID1=REC22&capID2=00000&capID3=03258&agencyCode=SANDIEGO&IsToShowInspection=,2
PMT-3188696,"1080 30th St, San Diego, CA",PRJ-1076640,Inspection Followup,Actively Managed-Express-Building Construction:2985/C,Five or More Family Apt,11/18/2022,12/4/2024,https://aca-prod.accela.com/SANDIEGO/Cap/CapDetail.aspx?Module=DSD&TabName=DSD&capID1=REC22&capID2=00000&capID3=0306X&agencyCode=SANDIEGO&IsToShowInspection=,https://aca-prod.accela.com/SANDIEGO/Cap/CapDetail.aspx?Module=DSD&TabName=DSD&capID1=REC22&capID2=00000&capID3=033LL&agencyCode=SANDIEGO&IsToShowInspection=,11
PMT-3190489,"5040 Logan Av, San Diego, CA",PRJ-1076741,Issued,Actively Managed-Express-Building Construction:5040/Logan,Five or More Family Apt,11/30/2022,6/11/2025,https://aca-prod.accela.com/SANDIEGO/Cap/CapDetail.aspx?Module=DSD&TabName=DSD&capID1=REC22&capID2=00000&capID3=030JX&agencyCode=SANDIEGO&IsToShowInspection=,https://aca-prod.accela.com/SANDIEGO/Cap/CapDetail.aspx?Module=DSD&TabName=DSD&capID1=REC22&capID2=00000&capID3=0382P&agencyCode=SANDIEGO&IsToShowInspection=,22
PMT-3196285,"4439 Clairemont Mesa Bl, San Diego, CA",PRJ-1076842,Opened,General-Express-Building Construction:4439/Clairemont Mesa,Industrial Building,1/3/2023,,https://aca-prod.accela.com/SANDIEGO/Cap/CapDetail.aspx?Module=DSD&TabName=DSD&capID1=REC22&capID2=00000&capID3=030Z6&agencyCode=SANDIEGO&IsToShowInspection=,https://aca-prod.accela.com/SANDIEGO/Cap/CapDetail.aspx?Module=DSD&TabName=DSD&capID1=REC23&capID2=00000&capID3=000O9&agencyCode=SANDIEGO&IsToShowInspection=,7
PMT-3188963,"4627 Adair St, San Diego, CA 92107",PRJ-1076854,Closed,General-Standard-Combination Building Permit:4627/Adair,Add/Alt Companion Unit/Acc Apt,11/21/2022,11/16/2023,https://aca-prod.accela.com/SANDIEGO/Cap/CapDetail.aspx?Module=DSD&TabName=DSD&capID1=REC22&capID2=00000&capID3=0310P&agencyCode=SANDIEGO&IsToShowInspection=,https://aca-prod.accela.com/SANDIEGO/Cap/CapDetail.aspx?Module=DSD&TabName=DSD&capID1=REC22&capID2=00000&capID3=0343I&agencyCode=SANDIEGO&IsToShowInspection=,1
PMT-3189155,"3057 National Av, San Diego, CA 92113",PRJ-1076923,Cancelled Application Expired,General-Expedite-Building Construction:3057/National,Five or More Family Condo,11/22/2022,,https://aca-prod.accela.com/SANDIEGO/Cap/CapDetail.aspx?Module=DSD&TabName=DSD&capID1=REC22&capID2=00000&capID3=031CC&agencyCode=SANDIEGO&IsToShowInspection=,https://aca-prod.accela.com/SANDIEGO/Cap/CapDetail.aspx?Module=DSD&TabName=DSD&capID1=REC22&capID2=00000&capID3=034HX&agencyCode=SANDIEGO&IsToShowInspection=,1
PMT-3189208,"4110 46th St, San Diego, CA",PRJ-1076974,Inspection Followup,General-Standard-Building Construction:4108/46th,Add/Alt Companion Unit/Acc Apt,11/22/2022,10/2/2023,https://aca-prod.accela.com/SANDIEGO/Cap/CapDetail.aspx?Module=DSD&TabName=DSD&capID1=REC22&capID2=00000&capID3=031L8&agencyCode=SANDIEGO&IsToShowInspection=,https://aca-prod.accela.com/SANDIEGO/Cap/CapDetail.aspx?Module=DSD&TabName=DSD&capID1=REC22&capID2=00000&capID3=034LA&agencyCode=SANDIEGO&IsToShowInspection=,1
PMT-3196640,"4080 32nd St, San Diego, CA",PRJ-1077011,Issued,General-Express-Building Construction:4080/32nd,,1/4/2023,10/8/2024,https://aca-prod.accela.com/SANDIEGO/Cap/CapDetail.aspx?Module=DSD&TabName=DSD&capID1=REC22&capID2=00000&capID3=031TW&agencyCode=SANDIEGO&IsToShowInspection=,https://aca-prod.accela.com/SANDIEGO/Cap/CapDetail.aspx?Module=DSD&TabName=DSD&capID1=REC23&capID2=00000&capID3=001FH&agencyCode=SANDIEGO&IsToShowInspection=,8
PMT-3189466,"1233 Hueneme St, San Diego, CA 92110",PRJ-1077036,Inspection Followup,Actively Managed-Express-Building Construction:1233/Hueneme,Five or More Family Apt,11/23/2022,2/5/2025,https://aca-prod.accela.com/SANDIEGO/Cap/CapDetail.aspx?Module=DSD&TabName=DSD&capID1=REC22&capID2=00000&capID3=031XO&agencyCode=SANDIEGO&IsToShowInspection=,https://aca-prod.accela.com/SANDIEGO/Cap/CapDetail.aspx?Module=DSD&TabName=DSD&capID1=REC22&capID2=00000&capID3=03543&agencyCode=SANDIEGO&IsToShowInspection=,8
PMT-3198741,"4656 Firestone St, San Diego, CA 92117",PRJ-1077039,Opened,General-Standard-Combination Building Permit:4656/Firestone,Add/Alt Companion Unit/Acc Apt,1/15/2023,,https://aca-prod.accela.com/SANDIEGO/Cap/CapDetail.aspx?Module=DSD&TabName=DSD&capID1=REC22&capID2=00000&capID3=031YJ&agencyCode=SANDIEGO&IsToShowInspection=,https://aca-prod.accela.com/SANDIEGO/Cap/CapDetail.aspx?Module=DSD&TabName=DSD&capID1=REC23&capID2=00000&capID3=0058R&agencyCode=SANDIEGO&IsToShowInspection=,1
PMT-3198742,"4656 Firestone St, San Diego, CA 92117",PRJ-1077039,Opened,General-Standard-Combination Building Permit:4656/Firestone,Add/Alt Companion Unit/Acc Apt,1/15/2023,,https://aca-prod.accela.com/SANDIEGO/Cap/CapDetail.aspx?Module=DSD&TabName=DSD&capID1=REC22&capID2=00000&capID3=031YJ&agencyCode=SANDIEGO&IsToShowInspection=,https://aca-prod.accela.com/SANDIEGO/Cap/CapDetail.aspx?Module=DSD&TabName=DSD&capID1=REC23&capID2=00000&capID3=0058S&agencyCode=SANDIEGO&IsToShowInspection=,2
PMT-3198743,"4656 Firestone St, San Diego, CA 92117",PRJ-1077039,Opened,General-Standard-Combination Building Permit:4656/Firestone,Add/Alt Companion Unit/Acc Apt,1/15/2023,,https://aca-prod.accela.com/SANDIEGO/Cap/CapDetail.aspx?Module=DSD&TabName=DSD&capID1=REC22&capID2=00000&capID3=031YJ&agencyCode=SANDIEGO&IsToShowInspection=,https://aca-prod.accela.com/SANDIEGO/Cap/CapDetail.aspx?Module=DSD&TabName=DSD&capID1=REC23&capID2=00000&capID3=0058T&agencyCode=SANDIEGO&IsToShowInspection=,1
PMT-3196529,"4495 Montalvo St, San Diego, CA",PRJ-1077040,Cancelled Application Expired,General-Standard-Building Construction:4495/Montalvo,Add/Alt Companion Unit/Acc Apt,1/4/2023,,https://aca-prod.accela.com/SANDIEGO/Cap/CapDetail.aspx?Module=DSD&TabName=DSD&capID1=REC22&capID2=00000&capID3=031YN&agencyCode=SANDIEGO&IsToShowInspection=,https://aca-prod.accela.com/SANDIEGO/Cap/CapDetail.aspx?Module=DSD&TabName=DSD&capID1=REC23&capID2=00000&capID3=0016D&agencyCode=SANDIEGO&IsToShowInspection=,1
PMT-3190387,"2451 State St, San Diego, CA",PRJ-1077392,Cancelled Application Expired,General-Express-Building Construction:2451/State,Five or More Family Apt,11/30/2022,,https://aca-prod.accela.com/SANDIEGO/Cap/CapDetail.aspx?Module=DSD&TabName=DSD&capID1=REC22&capID2=00000&capID3=033NI&agencyCode=SANDIEGO&IsToShowInspection=,https://aca-prod.accela.com/SANDIEGO/Cap/CapDetail.aspx?Module=DSD&TabName=DSD&capID1=REC22&capID2=00000&capID3=037PW&agencyCode=SANDIEGO&IsToShowInspection=,119
PMT-3190242,"2921 Ulric St, San Diego, CA",PRJ-1077519,Inspection Followup,General-Standard-Building Construction:2917/Ulric,Add/Alt Companion Unit/Acc Apt,11/29/2022,8/9/2024,https://aca-prod.accela.com/SANDIEGO/Cap/CapDetail.aspx?Module=DSD&TabName=DSD&capID1=REC22&capID2=00000&capID3=034BX&agencyCode=SANDIEGO&IsToShowInspection=,https://aca-prod.accela.com/SANDIEGO/Cap/CapDetail.aspx?Module=DSD&TabName=DSD&capID1=REC22&capID2=00000&capID3=03741&agencyCode=SANDIEGO&IsToShowInspection=,1
PMT-3190249,"2917 Ulric St, San Diego, CA",PRJ-1077519,Inspection Followup,General-Standard-Building Construction:2917/Ulric,Add/Alt Companion Unit/Acc Apt,11/29/2022,8/9/2024,https://aca-prod.accela.com/SANDIEGO/Cap/CapDetail.aspx?Module=DSD&TabName=DSD&capID1=REC22&capID2=00000&capID3=034BX&agencyCode=SANDIEGO&IsToShowInspection=,https://aca-prod.accela.com/SANDIEGO/Cap/CapDetail.aspx?Module=DSD&TabName=DSD&capID1=REC22&capID2=00000&capID3=0374C&agencyCode=SANDIEGO&IsToShowInspection=,1
PMT-3199172,"1816 Bancroft St, San Diego, CA 92102",PRJ-1077524,Inspection Followup,General-Standard-Building Construction:1816/Bancroft,Add/Alt Companion Unit/Acc Apt,1/18/2023,4/3/2024,https://aca-prod.accela.com/SANDIEGO/Cap/CapDetail.aspx?Module=DSD&TabName=DSD&capID1=REC22&capID2=00000&capID3=034DI&agencyCode=SANDIEGO&IsToShowInspection=,https://aca-prod.accela.com/SANDIEGO/Cap/CapDetail.aspx?Module=DSD&TabName=DSD&capID1=REC23&capID2=00000&capID3=0063V&agencyCode=SANDIEGO&IsToShowInspection=,1
PMT-3199237,"4161 Clairemont Dr, San Diego, CA",PRJ-1077526,Cancelled Application Expired,General-Standard-Building Construction:4161/Clairemont,Add/Alt Companion Unit/Acc Apt,1/18/2023,,https://aca-prod.accela.com/SANDIEGO/Cap/CapDetail.aspx?Module=DSD&TabName=DSD&capID1=REC22&capID2=00000&capID3=034DV&agencyCode=SANDIEGO&IsToShowInspection=,https://aca-prod.accela.com/SANDIEGO/Cap/CapDetail.aspx?Module=DSD&TabName=DSD&capID1=REC23&capID2=00000&capID3=0067R&agencyCode=SANDIEGO&IsToShowInspection=,1
PMT-3199241,"4161 Clairemont Dr, San Diego, CA",PRJ-1077526,Cancelled Application Expired,General-Standard-Building Construction:4161/Clairemont,Add/Alt Companion Unit/Acc Apt,1/18/2023,,https://aca-prod.accela.com/SANDIEGO/Cap/CapDetail.aspx?Module=DSD&TabName=DSD&capID1=REC22&capID2=00000&capID3=034DV&agencyCode=SANDIEGO&IsToShowInspection=,https://aca-prod.accela.com/SANDIEGO/Cap/CapDetail.aspx?Module=DSD&TabName=DSD&capID1=REC23&capID2=00000&capID3=0067X&agencyCode=SANDIEGO&IsToShowInspection=,1
PMT-3199243,"4161 Clairemont Dr, San Diego, CA",PRJ-1077526,Cancelled Application Expired,General-Standard-Building Construction:4161/Clairemont,Add/Alt Companion Unit/Acc Apt,1/18/2023,,https://aca-prod.accela.com/SANDIEGO/Cap/CapDetail.aspx?Module=DSD&TabName=DSD&capID1=REC22&capID2=00000&capID3=034DV&agencyCode=SANDIEGO&IsToShowInspection=,https://aca-prod.accela.com/SANDIEGO/Cap/CapDetail.aspx?Module=DSD&TabName=DSD&capID1=REC23&capID2=00000&capID3=00682&agencyCode=SANDIEGO&IsToShowInspection=,1
PMT-3199244,"4161 Clairemont Dr, San Diego, CA",PRJ-1077526,Cancelled Application Expired,General-Standard-Building Construction:4161/Clairemont,Add/Alt Companion Unit/Acc Apt,1/18/2023,,https://aca-prod.accela.com/SANDIEGO/Cap/CapDetail.aspx?Module=DSD&TabName=DSD&capID1=REC22&capID2=00000&capID3=034DV&agencyCode=SANDIEGO&IsToShowInspection=,https://aca-prod.accela.com/SANDIEGO/Cap/CapDetail.aspx?Module=DSD&TabName=DSD&capID1=REC23&capID2=00000&capID3=00684&agencyCode=SANDIEGO&IsToShowInspection=,1
PMT-3192909,"11673 George Cooke Express Dr, San Diego, CA",PRJ-1077558,Inspection Followup,Actively Managed-Express-Building Construction:11675/George Cooke Express,,12/13/2022,11/2/2023,https://aca-prod.accela.com/SANDIEGO/Cap/CapDetail.aspx?Module=DSD&TabName=DSD&capID1=REC22&capID2=00000&capID3=034I6&agencyCode=SANDIEGO&IsToShowInspection=,https://aca-prod.accela.com/SANDIEGO/Cap/CapDetail.aspx?Module=DSD&TabName=DSD&capID1=REC22&capID2=00000&capID3=03CLJ&agencyCode=SANDIEGO&IsToShowInspection=,100
PMT-3201242,"3450 El Cajon Bl, San Diego, CA 92104",PRJ-1077714,Inspection Followup,General-Standard-Building Construction:3450/El Cajon,,1/31/2023,1/21/2025,https://aca-prod.accela.com/SANDIEGO/Cap/CapDetail.aspx?Module=DSD&TabName=DSD&capID1=REC22&capID2=00000&capID3=035BS&agencyCode=SANDIEGO&IsToShowInspection=,https://aca-prod.accela.com/SANDIEGO/Cap/CapDetail.aspx?Module=DSD&TabName=DSD&capID1=REC23&capID2=00000&capID3=00A32&agencyCode=SANDIEGO&IsToShowInspection=,3
PMT-3190659,"4433 Cherokee Av, San Diego, CA",PRJ-1077907,Inspection Followup,General-Standard-Building Construction:4433/Cherokee,Add/Alt Acc Bldgs to 3+ Fam,12/1/2022,4/9/2025,https://aca-prod.accela.com/SANDIEGO/Cap/CapDetail.aspx?Module=DSD&TabName=DSD&capID1=REC22&capID2=00000&capID3=036SP&agencyCode=SANDIEGO&IsToShowInspection=,https://aca-prod.accela.com/SANDIEGO/Cap/CapDetail.aspx?Module=DSD&TabName=DSD&capID1=REC22&capID2=00000&capID3=038L9&agencyCode=SANDIEGO&IsToShowInspection=,1
PMT-3192053,"5255 Mount Etna Dr, San Diego, CA",PRJ-1078098,Inspection Followup,Actively Managed-Express-Building Construction:5255/Mount Etna,Five or More Family Apt,12/8/2022,8/7/2023,https://aca-prod.accela.com/SANDIEGO/Cap/CapDetail.aspx?Module=DSD&TabName=DSD&capID1=REC22&capID2=00000&capID3=03856&agencyCode=SANDIEGO&IsToShowInspection=,https://aca-prod.accela.com/SANDIEGO/Cap/CapDetail.aspx?Module=DSD&TabName=DSD&capID1=REC22&capID2=00000&capID3=03B0J&agencyCode=SANDIEGO&IsToShowInspection=,230
PMT-3191631,"4490 Collwood Bl, San Diego, CA",PRJ-1078186,Inspection Followup,General-Express-Building Construction:4490/Collwood,Add/Alt Companion Unit/Acc Apt,12/6/2022,7/15/2024,https://aca-prod.accela.com/SANDIEGO/Cap/CapDetail.aspx?Module=DSD&TabName=DSD&capID1=REC22&capID2=00000&capID3=038P7&agencyCode=SANDIEGO&IsToShowInspection=,https://aca-prod.accela.com/SANDIEGO/Cap/CapDetail.aspx?Module=DSD&TabName=DSD&capID1=REC22&capID2=00000&capID3=03A7R&agencyCode=SANDIEGO&IsToShowInspection=,1
PMT-3198244,"1650 Harvey Milk St, San Diego, CA 92103",PRJ-1078388,Inspection Followup,Actively Managed-Express-Building Construction:1650/Harvey Milk,Five or More Family Apt,1/11/2023,5/23/2025,https://aca-prod.accela.com/SANDIEGO/Cap/CapDetail.aspx?Module=DSD&TabName=DSD&capID1=REC22&capID2=00000&capID3=039H3&agencyCode=SANDIEGO&IsToShowInspection=,https://aca-prod.accela.com/SANDIEGO/Cap/CapDetail.aspx?Module=DSD&TabName=DSD&capID1=REC23&capID2=00000&capID3=004C8&agencyCode=SANDIEGO&IsToShowInspection=,3
PMT-3199328,"2783 Broadway, San Diego, CA 92102",PRJ-1078426,Cancelled Application Expired,General-Standard-Building Construction:2783/Broadway,Five or More Family Apt,1/19/2023,,https://aca-prod.accela.com/SANDIEGO/Cap/CapDetail.aspx?Module=DSD&TabName=DSD&capID1=REC22&capID2=00000&capID3=039SI&agencyCode=SANDIEGO&IsToShowInspection=,https://aca-prod.accela.com/SANDIEGO/Cap/CapDetail.aspx?Module=DSD&TabName=DSD&capID1=REC23&capID2=00000&capID3=006EY&agencyCode=SANDIEGO&IsToShowInspection=,2
PMT-3191978,"5555 Mildred St, San Diego, CA 92110",PRJ-1078493,Cancelled Application Expired,Actively Managed-Expedite-Building Construction:5555/Mildred,Five or More Family Apt,12/7/2022,,https://aca-prod.accela.com/SANDIEGO/Cap/CapDetail.aspx?Module=DSD&TabName=DSD&capID1=REC22&capID2=00000&capID3=03A1M&agencyCode=SANDIEGO&IsToShowInspection=,https://aca-prod.accela.com/SANDIEGO/Cap/CapDetail.aspx?Module=DSD&TabName=DSD&capID1=REC22&capID2=00000&capID3=03AU0&agencyCode=SANDIEGO&IsToShowInspection=,11
PMT-3191958,"2004 04th Av, San Diego, CA",PRJ-1078502,Issued,Actively Managed-Standard-Building Construction:2004/04th,Five or More Family Apt,12/7/2022,7/1/2025,https://aca-prod.accela.com/SANDIEGO/Cap/CapDetail.aspx?Module=DSD&TabName=DSD&capID1=REC22&capID2=00000&capID3=03A2F&agencyCode=SANDIEGO&IsToShowInspection=,https://aca-prod.accela.com/SANDIEGO/Cap/CapDetail.aspx?Module=DSD&TabName=DSD&capID1=REC22&capID2=00000&capID3=03ASU&agencyCode=SANDIEGO&IsToShowInspection=,11
PMT-3198751,"6736 Linda Vista Rd, San Diego, CA 92111",PRJ-1078752,Opened,General-Standard-Building Construction:6738/Linda Vista,Five or More Family Apt,1/15/2023,,https://aca-prod.accela.com/SANDIEGO/Cap/CapDetail.aspx?Module=DSD&TabName=DSD&capID1=REC22&capID2=00000&capID3=03B0Z&agencyCode=SANDIEGO&IsToShowInspection=,https://aca-prod.accela.com/SANDIEGO/Cap/CapDetail.aspx?Module=DSD&TabName=DSD&capID1=REC23&capID2=00000&capID3=00595&agencyCode=SANDIEGO&IsToShowInspection=,19
PMT-3193323,"4264 Whittier St, San Diego, CA",PRJ-1078868,Issued,Actively Managed-Express-Building Construction:4264/Whittier,Five or More Family Apt,12/14/2022,6/4/2024,https://aca-prod.accela.com/SANDIEGO/Cap/CapDetail.aspx?Module=DSD&TabName=DSD&capID1=REC22&capID2=00000&capID3=03BFL&agencyCode=SANDIEGO&IsToShowInspection=,https://aca-prod.accela.com/SANDIEGO/Cap/CapDetail.aspx?Module=DSD&TabName=DSD&capID1=REC22&capID2=00000&capID3=03DAW&agencyCode=SANDIEGO&IsToShowInspection=,1
PMT-3192663,"4030 43rd St, San Diego, CA",PRJ-1078924,Inspection Followup,Actively Managed-Express-Building Construction:4030/43rd,"Add/Alt 3+, No Chg DU",12/12/2022,1/19/2024,https://aca-prod.accela.com/SANDIEGO/Cap/CapDetail.aspx?Module=DSD&TabName=DSD&capID1=REC22&capID2=00000&capID3=03BML&agencyCode=SANDIEGO&IsToShowInspection=,https://aca-prod.accela.com/SANDIEGO/Cap/CapDetail.aspx?Module=DSD&TabName=DSD&capID1=REC22&capID2=00000&capID3=03C4N&agencyCode=SANDIEGO&IsToShowInspection=,11
PMT-3192678,"4030 43rd St, San Diego, CA",PRJ-1078924,Inspection Followup,Actively Managed-Express-Building Construction:4030/43rd,"Add/Alt 3+ Fam, Decrease DU",12/12/2022,1/19/2024,https://aca-prod.accela.com/SANDIEGO/Cap/CapDetail.aspx?Module=DSD&TabName=DSD&capID1=REC22&capID2=00000&capID3=03BML&agencyCode=SANDIEGO&IsToShowInspection=,https://aca-prod.accela.com/SANDIEGO/Cap/CapDetail.aspx?Module=DSD&TabName=DSD&capID1=REC22&capID2=00000&capID3=03C5S&agencyCode=SANDIEGO&IsToShowInspection=,9
PMT-3193830,"4030 43rd St, San Diego, CA",PRJ-1078924,Inspection Followup,Actively Managed-Express-Building Construction:4030/43rd,Five or More Family Apt,12/16/2022,1/19/2024,https://aca-prod.accela.com/SANDIEGO/Cap/CapDetail.aspx?Module=DSD&TabName=DSD&capID1=REC22&capID2=00000&capID3=03BML&agencyCode=SANDIEGO&IsToShowInspection=,https://aca-prod.accela.com/SANDIEGO/Cap/CapDetail.aspx?Module=DSD&TabName=DSD&capID1=REC22&capID2=00000&capID3=03EZM&agencyCode=SANDIEGO&IsToShowInspection=,45
PMT-3200916,"2888 University Av, San Diego, CA",PRJ-1078928,Opened,General-Express-Building Construction:3910/Kansas,Five or More Family Apt,1/29/2023,,https://aca-prod.accela.com/SANDIEGO/Cap/CapDetail.aspx?Module=DSD&TabName=DSD&capID1=REC22&capID2=00000&capID3=03BNA&agencyCode=SANDIEGO&IsToShowInspection=,https://aca-prod.accela.com/SANDIEGO/Cap/CapDetail.aspx?Module=DSD&TabName=DSD&capID1=REC23&capID2=00000&capID3=009HQ&agencyCode=SANDIEGO&IsToShowInspection=,2
PMT-3192953,"12422 Miranda Wy, San Diego, CA 92129",PRJ-1078949,Issued,Express- Master Plan SDU:14455/Penasquitos,Two family Condominium,12/13/2022,1/10/2025,https://aca-prod.accela.com/SANDIEGO/Cap/CapDetail.aspx?Module=DSD&TabName=DSD&capID1=REC22&capID2=00000&capID3=03BQJ&agencyCode=SANDIEGO&IsToShowInspection=,https://aca-prod.accela.com/SANDIEGO/Cap/CapDetail.aspx?Module=DSD&TabName=DSD&capID1=REC22&capID2=00000&capID3=03COB&agencyCode=SANDIEGO&IsToShowInspection=,2
PMT-3192954,"12362 Addison Wy, San Diego, CA 92129",PRJ-1078949,Approved Upon Final Payment,Express- Master Plan SDU:14455/Penasquitos,Two family Condominium,12/13/2022,,https://aca-prod.accela.com/SANDIEGO/Cap/CapDetail.aspx?Module=DSD&TabName=DSD&capID1=REC22&capID2=00000&capID3=03BQJ&agencyCode=SANDIEGO&IsToShowInspection=,https://aca-prod.accela.com/SANDIEGO/Cap/CapDetail.aspx?Module=DSD&TabName=DSD&capID1=REC22&capID2=00000&capID3=03COD&agencyCode=SANDIEGO&IsToShowInspection=,2
PMT-3192955,"12616 Elizabeth Wy, San Diego, CA",PRJ-1078949,Closed,Express- Master Plan SDU:14455/Penasquitos,Two family Condominium,12/13/2022,12/12/2023,https://aca-prod.accela.com/SANDIEGO/Cap/CapDetail.aspx?Module=DSD&TabName=DSD&capID1=REC22&capID2=00000&capID3=03BQJ&agencyCode=SANDIEGO&IsToShowInspection=,https://aca-prod.accela.com/SANDIEGO/Cap/CapDetail.aspx?Module=DSD&TabName=DSD&capID1=REC22&capID2=00000&capID3=03COF&agencyCode=SANDIEGO&IsToShowInspection=,2
PMT-3192960,"12661 Elizabeth Wy, San Diego, CA",PRJ-1078949,Closed,Express- Master Plan SDU:14455/Penasquitos,Two family Condominium,12/13/2022,4/17/2024,https://aca-prod.accela.com/SANDIEGO/Cap/CapDetail.aspx?Module=DSD&TabName=DSD&capID1=REC22&capID2=00000&capID3=03BQJ&agencyCode=SANDIEGO&IsToShowInspection=,https://aca-prod.accela.com/SANDIEGO/Cap/CapDetail.aspx?Module=DSD&TabName=DSD&capID1=REC22&capID2=00000&capID3=03COR&agencyCode=SANDIEGO&IsToShowInspection=,2
PMT-3192961,"15115 Leia Wy, San Diego, CA",PRJ-1078949,Closed,Express- Master Plan SDU:14455/Penasquitos,Two family Condominium,12/13/2022,4/17/2024,https://aca-prod.accela.com/SANDIEGO/Cap/CapDetail.aspx?Module=DSD&TabName=DSD&capID1=REC22&capID2=00000&capID3=03BQJ&agencyCode=SANDIEGO&IsToShowInspection=,https://aca-prod.accela.com/SANDIEGO/Cap/CapDetail.aspx?Module=DSD&TabName=DSD&capID1=REC22&capID2=00000&capID3=03COT&agencyCode=SANDIEGO&IsToShowInspection=,2
PMT-3192963,"12521 Taylor Wy, San Diego, CA 92129",PRJ-1078949,Closed,Express- Master Plan SDU:14455/Penasquitos,Two family Condominium,12/13/2022,5/21/2024,https://aca-prod.accela.com/SANDIEGO/Cap/CapDetail.aspx?Module=DSD&TabName=DSD&capID1=REC22&capID2=00000&capID3=03BQJ&agencyCode=SANDIEGO&IsToShowInspection=,https://aca-prod.accela.com/SANDIEGO/Cap/CapDetail.aspx?Module=DSD&TabName=DSD&capID1=REC22&capID2=00000&capID3=03COW&agencyCode=SANDIEGO&IsToShowInspection=,2
PMT-3192964,"12532 Taylor Wy, San Diego, CA 92129",PRJ-1078949,Closed,Express- Master Plan SDU:14455/Penasquitos,Two family Condominium,12/13/2022,7/16/2024,https://aca-prod.accela.com/SANDIEGO/Cap/CapDetail.aspx?Module=DSD&TabName=DSD&capID1=REC22&capID2=00000&capID3=03BQJ&agencyCode=SANDIEGO&IsToShowInspection=,https://aca-prod.accela.com/SANDIEGO/Cap/CapDetail.aspx?Module=DSD&TabName=DSD&capID1=REC22&capID2=00000&capID3=03COY&agencyCode=SANDIEGO&IsToShowInspection=,2
PMT-3193121,"12461 Miranda Wy, San Diego, CA 92129",PRJ-1078949,Issued,Express- Master Plan SDU:14455/Penasquitos,Two family Condominium,12/14/2022,1/10/2025,https://aca-prod.accela.com/SANDIEGO/Cap/CapDetail.aspx?Module=DSD&TabName=DSD&capID1=REC22&capID2=00000&capID3=03BQJ&agencyCode=SANDIEGO&IsToShowInspection=,https://aca-prod.accela.com/SANDIEGO/Cap/CapDetail.aspx?Module=DSD&TabName=DSD&capID1=REC22&capID2=00000&capID3=03CXP&agencyCode=SANDIEGO&IsToShowInspection=,2
PMT-3193122,"12352 Addison Wy, San Diego, CA 92129",PRJ-1078949,Approved Upon Final Payment,Express- Master Plan SDU:14455/Penasquitos,Two family Condominium,12/14/2022,,https://aca-prod.accela.com/SANDIEGO/Cap/CapDetail.aspx?Module=DSD&TabName=DSD&capID1=REC22&capID2=00000&capID3=03BQJ&agencyCode=SANDIEGO&IsToShowInspection=,https://aca-prod.accela.com/SANDIEGO/Cap/CapDetail.aspx?Module=DSD&TabName=DSD&capID1=REC22&capID2=00000&capID3=03CXR&agencyCode=SANDIEGO&IsToShowInspection=,2
PMT-3193135,"12522 Taylor Wy, San Diego, CA 92129",PRJ-1078949,Closed,Express- Master Plan SDU:14455/Penasquitos,Two family Condominium,12/14/2022,5/21/2024,https://aca-prod.accela.com/SANDIEGO/Cap/CapDetail.aspx?Module=DSD&TabName=DSD&capID1=REC22&capID2=00000&capID3=03BQJ&agencyCode=SANDIEGO&IsToShowInspection=,https://aca-prod.accela.com/SANDIEGO/Cap/CapDetail.aspx?Module=DSD&TabName=DSD&capID1=REC22&capID2=00000&capID3=03CYB&agencyCode=SANDIEGO&IsToShowInspection=,2
PMT-3193136,"12431 Miranda Wy, San Diego, CA 92129",PRJ-1078949,Issued,Express- Master Plan SDU:14455/Penasquitos,Two family Condominium,12/14/2022,1/10/2025,https://aca-prod.accela.com/SANDIEGO/Cap/CapDetail.aspx?Module=DSD&TabName=DSD&capID1=REC22&capID2=00000&capID3=03BQJ&agencyCode=SANDIEGO&IsToShowInspection=,https://aca-prod.accela.com/SANDIEGO/Cap/CapDetail.aspx?Module=DSD&TabName=DSD&capID1=REC22&capID2=00000&capID3=03CYD&agencyCode=SANDIEGO&IsToShowInspection=,2
