,median_rent_pct_income,median_rent_pct_income_moe,zip
0,29.7,5.1,00601
1,25.6,4.7,00602
2,28.5,1.6,00603
3,18.1,5.3,00606
4,24.2,5.8,00610
5,33.5,29.2,00611
6,27.1,2.0,00612
7,22.8,7.8,00616
8,34.8,13.0,00617
9,35.0,10.1,00622
10,32.1,4.3,00623
11,23.6,6.2,00624
12,29.5,4.7,00627
13,19.3,12.9,00631
14,27.5,21.3,00636
15,29.5,4.4,00637
16,29.3,3.7,00638
17,24.9,2.9,00641
18,23.9,5.8,00646
19,40.2,27.7,00647
20,32.9,18.5,00650
21,25.0,8.4,00652
22,32.5,5.1,00653
23,27.5,6.4,00656
24,28.3,5.5,00659
25,30.0,6.0,00660
26,30.1,4.8,00662
27,30.3,9.9,00664
28,30.4,4.7,00667
29,31.1,4.8,00669
30,31.4,7.6,00670
31,29.7,3.4,00674
32,28.8,6.3,00676
33,30.3,12.6,00677
34,32.0,7.6,00678
35,39.7,5.2,00680
36,33.9,5.0,00682
37,30.6,3.9,00683
38,30.9,4.2,00685
39,29.2,3.5,00687
40,28.4,5.2,00688
41,24.6,8.3,00690
42,38.7,14.2,00692
43,29.2,7.5,00693
44,-666666666.0,-222222222.0,00694
45,29.0,3.4,00698
46,26.2,4.4,00703
47,23.0,52.2,00704
48,28.4,3.3,00705
49,38.1,10.8,00707
50,31.2,13.1,00714
51,26.7,7.3,00715
52,29.8,2.4,00716
53,35.0,5.9,00717
54,32.6,7.0,00718
55,24.2,13.5,00719
56,29.6,5.2,00720
57,34.8,7.2,00723
58,32.9,2.8,00725
59,32.7,4.2,00727
60,36.1,4.2,00728
61,29.9,5.5,00729
62,33.3,2.7,00730
63,29.4,22.6,00731
64,27.6,7.6,00735
65,26.9,2.0,00736
66,32.6,4.3,00738
67,25.2,2.5,00739
68,51.0,-333333333.0,00740
69,28.1,8.9,00741
70,36.8,5.3,00745
71,26.0,5.5,00751
72,34.4,6.6,00754
73,29.5,6.6,00757
74,23.5,8.5,00765
75,26.8,6.1,00766
76,33.7,5.8,00767
77,32.0,5.5,00769
78,33.6,8.1,00771
79,34.9,5.8,00772
80,31.5,6.9,00773
81,25.9,3.0,00775
82,31.0,6.8,00777
83,26.8,3.4,00778
84,24.9,6.0,00780
85,36.6,10.6,00782
86,28.2,8.4,00783
87,26.2,4.0,00784
88,-666666666.0,-222222222.0,00786
89,28.4,2.5,00791
90,26.9,2.3,00794
91,31.8,2.9,00795
92,33.8,6.9,00901
93,-666666666.0,-222222222.0,00906
94,33.7,6.0,00907
95,44.1,11.7,00909
96,28.7,6.6,00911
97,41.1,10.9,00912
98,32.2,2.4,00913
99,35.9,3.8,00915
100,32.7,4.3,00917
101,27.8,2.8,00918
102,34.8,7.7,00920
103,32.2,4.5,00921
104,38.9,4.5,00923
105,29.4,2.1,00924
106,47.9,12.8,00925
107,27.5,2.2,00926
108,24.5,4.2,00927
109,-666666666.0,-222222222.0,00934
110,25.3,2.4,00949
111,-666666666.0,-222222222.0,00950
112,27.7,55.7,00951
113,24.9,18.4,00952
114,36.4,2.9,00953
115,35.5,2.7,00956
116,32.0,3.8,00957
117,37.6,3.4,00959
118,-666666666.0,-222222222.0,00960
119,28.6,3.6,00961
120,27.2,4.0,00962
121,21.6,1.7,00965
122,30.3,4.6,00966
123,27.5,4.9,00968
124,28.5,1.9,00969
125,29.1,2.5,00971
126,29.1,1.7,00976
127,33.2,9.5,00979
128,31.8,4.2,00982
129,29.8,3.1,00983
130,29.1,3.2,00985
131,29.3,4.9,00987
132,23.7,4.0,01001
133,40.8,8.4,01002
134,44.4,37.0,01003
135,51.0,-333333333.0,01005
136,32.1,7.4,01007
137,23.9,8.4,01008
138,28.7,49.1,01009
139,47.1,45.5,01010
140,36.2,16.2,01011
141,26.4,2.6,01012
142,28.7,2.5,01013
143,32.2,1.9,01020
144,36.6,24.6,01022
145,18.2,2.6,01026
146,28.7,2.5,01027
147,30.7,6.2,01028
148,-666666666.0,-222222222.0,01029
149,29.4,4.8,01030
150,37.2,10.2,01031
151,38.0,38.6,01032
152,42.3,5.7,01033
153,18.8,10.9,01034
154,24.4,7.7,01035
155,21.5,16.4,01036
156,-666666666.0,-222222222.0,01037
157,32.1,3.8,01038
158,32.6,1.2,01039
159,30.9,2.3,01040
160,26.4,8.9,01050
161,23.3,4.5,01053
162,36.3,6.4,01054
163,30.5,5.8,01056
164,28.4,10.0,01057
165,32.3,2.4,01060
166,38.6,6.1,01062
167,-666666666.0,-222222222.0,01063
168,-666666666.0,-222222222.0,01066
169,18.7,7.4,01068
170,33.3,8.8,01069
171,27.5,7.0,01070
172,21.3,8.9,01071
173,27.7,5.1,01072
174,24.6,5.2,01073
175,-666666666.0,-222222222.0,01074
176,29.1,7.3,01075
177,30.4,13.8,01077
178,-666666666.0,-222222222.0,01079
179,24.9,15.7,01080
180,35.2,11.1,01081
181,34.6,7.7,01082
182,27.5,4.0,01083
183,-666666666.0,-222222222.0,01084
184,28.5,2.8,01085
185,26.8,14.8,01088
186,32.5,1.5,01089
187,18.8,3.4,01092
188,-666666666.0,-222222222.0,01093
189,-666666666.0,-222222222.0,01094
190,33.1,15.8,01095
191,29.7,3.7,01096
192,-666666666.0,-222222222.0,01097
193,37.5,15.5,01098
194,32.3,3.2,01103
195,35.4,4.4,01104
196,36.5,7.6,01105
197,40.4,11.8,01106
198,33.0,5.0,01107
199,44.0,5.7,01108
200,36.0,3.5,01109
201,31.1,8.9,01118
202,34.6,11.2,01119
203,-666666666.0,-222222222.0,01128
204,28.4,2.6,01129
205,-666666666.0,-222222222.0,01144
206,32.3,7.1,01151
207,31.5,3.3,01201
208,33.9,3.4,01220
209,-666666666.0,-222222222.0,01222
210,51.0,-333333333.0,01223
211,-666666666.0,-222222222.0,01224
212,13.7,21.4,01225
213,24.0,14.5,01226
214,-666666666.0,-222222222.0,01229
215,32.4,3.6,01230
216,26.3,13.5,01235
217,-666666666.0,-222222222.0,01236
218,26.1,5.0,01237
219,34.1,11.3,01238
220,29.3,4.7,01240
221,-666666666.0,-222222222.0,01242
222,-666666666.0,-222222222.0,01243
223,-666666666.0,-222222222.0,01244
224,-666666666.0,-222222222.0,01245
225,35.5,3.3,01247
226,-666666666.0,-222222222.0,01253
227,11.5,7.6,01254
228,51.0,-333333333.0,01255
229,-666666666.0,-222222222.0,01256
230,22.2,1.2,01257
231,-666666666.0,-222222222.0,01258
232,-666666666.0,-222222222.0,01259
233,-666666666.0,-222222222.0,01260
234,32.2,16.7,01262
235,31.5,11.9,01264
236,27.5,15.1,01266
237,29.3,5.6,01267
238,-666666666.0,-222222222.0,01270
239,37.9,3.2,01301
240,51.0,-333333333.0,01330
241,35.8,7.4,01331
242,28.5,7.5,01337
243,-666666666.0,-222222222.0,01338
244,35.4,6.0,01339
245,16.0,36.6,01340
246,22.3,1.2,01341
247,30.6,19.7,01342
248,-666666666.0,-222222222.0,01343
249,28.6,5.9,01344
250,-666666666.0,-222222222.0,01346
251,-666666666.0,-222222222.0,01347
252,19.4,32.6,01349
253,-666666666.0,-222222222.0,01350
254,51.0,-333333333.0,01351
255,51.0,-333333333.0,01354
256,48.8,21.1,01355
257,29.7,12.7,01360
258,27.8,2.9,01364
259,24.2,20.7,01366
260,17.2,2.1,01367
261,-666666666.0,-222222222.0,01368
262,27.2,7.6,01370
263,18.9,3.1,01373
264,40.9,3.3,01375
265,33.3,3.0,01376
266,28.4,3.0,01378
267,43.0,20.0,01379
268,-666666666.0,-222222222.0,01380
269,29.9,3.5,01420
270,40.8,14.8,01430
271,26.7,6.3,01431
272,28.0,5.9,01432
273,29.7,30.5,01434
274,51.0,-333333333.0,01436
275,-666666666.0,-222222222.0,01438
276,29.9,3.9,01440
277,25.7,16.2,01450
278,34.8,8.6,01451
279,37.8,41.1,01452
280,29.6,2.4,01453
281,33.3,7.2,01460
282,29.0,3.9,01462
283,27.6,7.0,01463
284,34.3,9.1,01464
285,18.8,2.7,01468
286,31.6,5.9,01469
287,33.8,11.4,01473
288,28.5,2.9,01474
289,34.4,4.8,01475
290,30.5,2.9,01501
291,38.3,17.3,01503
292,34.6,5.2,01504
293,28.1,10.2,01505
294,30.4,28.4,01506
295,25.0,10.0,01507
296,25.0,3.7,01510
297,20.7,13.3,01515
298,25.5,4.7,01516
299,30.2,8.2,01518
300,33.0,35.9,01519
301,25.2,4.3,01520
302,31.0,20.3,01521
303,43.8,9.8,01522
304,38.1,14.3,01523
305,27.8,20.7,01524
306,-666666666.0,-222222222.0,01525
307,24.6,5.2,01527
308,24.3,10.2,01529
309,35.8,28.2,01531
310,30.2,13.5,01532
311,19.9,14.4,01534
312,31.0,17.8,01535
313,33.3,5.7,01536
314,19.7,9.7,01537
315,51.0,-333333333.0,01540
316,49.5,33.3,01541
317,22.9,5.7,01542
318,24.7,11.5,01543
319,27.5,3.6,01545
320,34.1,4.8,01550
321,26.9,1.6,01560
322,-666666666.0,-222222222.0,01561
323,30.3,8.5,01562
324,28.5,6.7,01564
325,21.7,10.6,01566
326,30.9,15.9,01568
327,19.1,3.6,01569
328,28.3,3.1,01570
329,29.3,3.1,01571
330,27.4,1.8,01581
331,24.2,5.1,01583
332,27.2,7.2,01585
333,33.2,15.8,01588
334,27.5,26.6,01590
335,31.0,3.0,01602
336,32.2,3.1,01603
337,28.7,1.8,01604
338,34.2,2.6,01605
339,27.9,3.8,01606
340,25.4,9.0,01607
341,34.0,2.8,01608
342,33.8,3.0,01609
343,36.4,3.8,01610
344,26.9,6.5,01611
345,13.7,22.2,01612
346,29.6,5.3,01701
347,32.2,1.9,01702
348,-666666666.0,-222222222.0,01718
349,33.0,11.1,01719
350,29.5,4.6,01720
351,32.3,5.0,01721
352,25.6,4.9,01730
353,41.0,17.6,01731
354,26.1,2.1,01740
355,51.0,-333333333.0,01741
356,31.2,4.9,01742
357,-666666666.0,-222222222.0,01745
358,32.0,23.3,01746
359,29.2,13.9,01747
360,33.4,3.1,01748
361,27.1,2.9,01749
362,34.8,3.6,01752
363,28.7,3.8,01754
364,33.0,13.1,01756
365,32.4,2.3,01757
366,26.5,2.9,01760
367,28.6,11.2,01770
368,24.2,3.5,01772
369,38.7,13.3,01773
370,32.0,10.6,01775
371,27.8,6.7,01776
372,25.0,10.2,01778
373,32.0,1.7,01801
374,30.5,6.6,01803
375,27.5,1.6,01810
376,25.2,6.4,01821
377,30.9,8.1,01824
378,34.8,5.4,01826
379,31.1,4.5,01827
380,36.6,2.8,01830
381,32.3,3.7,01832
382,34.0,15.1,01833
383,29.7,24.0,01834
384,31.9,6.4,01835
385,33.8,3.4,01840
386,38.1,2.4,01841
387,32.2,2.6,01843
388,29.4,2.7,01844
389,31.6,4.3,01845
390,39.8,6.7,01850
391,29.7,3.8,01851
392,30.0,1.7,01852
393,30.4,2.2,01854
394,31.0,5.8,01860
395,29.4,7.3,01862
396,34.9,15.5,01863
397,48.2,14.0,01864
398,24.7,2.2,01867
399,35.8,8.8,01876
400,33.4,3.0,01879
401,27.5,3.0,01880
402,31.3,3.6,01886
403,32.1,3.8,01887
404,25.9,4.3,01890
405,32.8,1.8,01901
406,34.9,3.8,01902
407,35.9,12.5,01904
408,35.6,3.4,01905
409,31.2,3.5,01906
410,32.0,3.3,01907
411,32.1,11.0,01908
412,37.7,2.9,01913
413,31.8,1.6,01915
414,31.7,11.1,01921
415,31.9,18.5,01922
416,29.3,4.2,01923
417,30.5,11.4,01929
418,33.9,5.6,01930
419,-666666666.0,-222222222.0,01937
420,30.8,5.5,01938
421,40.1,8.5,01940
422,25.2,10.2,01944
423,29.6,8.0,01945
424,26.3,16.8,01949
425,28.1,5.4,01950
426,28.8,29.1,01951
427,36.8,3.5,01952
428,35.9,4.4,01960
429,-666666666.0,-222222222.0,01965
430,37.5,9.4,01966
431,31.9,5.6,01969
432,32.3,2.5,01970
433,51.0,-333333333.0,01982
434,28.4,5.2,01983
435,28.9,6.9,01984
436,32.7,10.7,01985
437,41.5,10.3,02019
438,31.5,5.3,02021
439,31.1,7.3,02025
440,33.2,4.8,02026
441,21.8,5.4,02030
442,20.4,6.6,02032
443,31.8,5.1,02035
444,29.4,3.3,02038
445,37.0,11.0,02043
446,33.3,13.6,02045
447,-666666666.0,-222222222.0,02047
448,26.2,2.6,02048
449,38.5,5.1,02050
450,37.4,10.7,02052
451,25.4,4.8,02053
452,41.6,15.8,02054
453,32.6,21.7,02056
454,34.3,29.0,02061
455,32.5,3.5,02062
456,31.1,5.3,02066
457,29.7,8.6,02067
458,-666666666.0,-222222222.0,02071
459,44.6,7.3,02072
460,28.5,1.9,02081
461,41.1,12.5,02090
462,26.4,5.5,02093
463,28.4,2.8,02108
464,28.9,3.5,02109
465,35.8,7.2,02110
466,31.4,2.6,02111
467,26.9,1.9,02113
468,29.7,1.7,02114
469,38.0,4.0,02115
470,30.1,2.0,02116
471,31.9,1.9,02118
472,33.6,1.8,02119
473,30.7,3.9,02120
474,34.9,2.9,02121
475,32.1,2.9,02122
476,31.6,2.5,02124
477,30.8,2.6,02125
478,34.6,5.7,02126
479,24.2,1.2,02127
480,29.4,1.4,02128
481,25.3,2.3,02129
482,28.0,1.8,02130
483,28.6,2.1,02131
484,30.2,3.5,02132
485,-666666666.0,-222222222.0,02133
486,33.3,2.3,02134
487,29.0,1.3,02135
488,34.3,3.1,02136
489,31.2,2.9,02138
490,27.7,1.2,02139
491,26.4,1.5,02140
492,27.2,1.7,02141
493,26.4,5.8,02142
494,25.0,1.6,02143
495,24.5,1.5,02144
496,25.3,1.5,02145
497,30.5,1.8,02148
498,33.4,2.3,02149
499,34.7,2.5,02150
500,33.9,2.5,02151
501,31.8,3.3,02152
502,25.5,1.7,02155
503,48.2,16.4,02163
504,29.7,1.5,02169
505,27.8,3.5,02170
506,29.7,2.5,02171
507,30.2,3.7,02176
508,27.4,2.4,02180
509,31.7,4.0,02184
510,28.6,6.0,02186
511,32.9,5.5,02188
512,32.5,4.3,02189
513,32.7,3.1,02190
514,27.4,13.0,02191
515,35.8,17.7,02199
516,-666666666.0,-222222222.0,02203
517,-666666666.0,-222222222.0,02205
518,27.7,1.7,02210
519,35.7,3.6,02215
520,33.5,2.0,02301
521,29.0,2.3,02302
522,33.5,12.9,02322
523,31.8,4.7,02324
524,-666666666.0,-222222222.0,02325
525,35.4,14.3,02330
526,38.5,23.7,02332
527,34.4,12.1,02333
528,24.6,19.9,02338
529,44.8,10.2,02339
530,48.8,20.6,02341
531,28.0,13.8,02343
532,34.0,6.7,02346
533,33.3,9.3,02347
534,-666666666.0,-222222222.0,02350
535,30.4,4.8,02351
536,31.8,6.4,02356
537,-666666666.0,-222222222.0,02357
538,28.2,4.6,02359
539,31.1,3.7,02360
540,21.5,9.0,02364
541,-666666666.0,-222222222.0,02366
542,35.3,16.9,02367
543,34.1,3.2,02368
544,32.5,16.8,02370
545,39.4,8.1,02375
546,30.7,9.3,02379
547,34.6,4.3,02382
548,26.7,2.8,02420
549,35.2,6.6,02421
550,28.5,1.9,02445
551,29.5,1.9,02446
552,32.1,4.8,02451
553,27.2,10.2,02452
554,26.5,1.7,02453
555,-666666666.0,-222222222.0,02457
556,26.8,2.4,02458
557,27.1,9.7,02459
558,25.7,3.9,02460
559,33.8,20.4,02461
560,46.7,17.7,02462
561,26.8,12.3,02464
562,24.6,9.3,02465
563,29.9,3.4,02466
564,29.4,7.3,02467
565,20.4,3.6,02468
566,27.0,1.8,02472
567,23.4,1.2,02474
568,25.4,2.5,02476
569,27.4,3.6,02478
570,30.7,4.2,02481
571,24.8,4.5,02482
572,31.1,5.4,02492
573,51.0,-333333333.0,02493
574,35.2,9.7,02494
575,34.0,8.5,02532
576,-666666666.0,-222222222.0,02534
577,25.6,16.0,02535
578,36.1,11.2,02536
579,24.9,4.9,02537
580,37.8,6.9,02538
581,22.9,5.9,02539
582,34.1,5.9,02540
583,34.6,21.5,02542
584,24.8,3.9,02543
585,-666666666.0,-222222222.0,02553
586,31.8,7.9,02554
587,23.9,12.9,02556
588,-666666666.0,-222222222.0,02557
589,-666666666.0,-222222222.0,02558
590,45.2,9.2,02559
591,-666666666.0,-222222222.0,02561
592,42.4,31.0,02562
593,23.7,5.5,02563
594,-666666666.0,-222222222.0,02564
595,33.9,15.0,02568
596,24.4,5.5,02571
597,19.7,5.6,02575
598,34.9,17.9,02576
599,-666666666.0,-222222222.0,02584
600,45.1,7.4,02601
601,-666666666.0,-222222222.0,02630
602,32.1,3.9,02631
603,30.5,16.3,02632
604,37.6,21.0,02633
605,16.7,15.5,02635
606,-666666666.0,-222222222.0,02637
607,22.7,1.7,02638
608,31.7,5.3,02639
609,-666666666.0,-222222222.0,02641
610,51.0,-333333333.0,02642
611,-666666666.0,-222222222.0,02643
612,27.5,12.6,02644
613,35.8,15.2,02645
614,33.4,3.8,02646
615,-666666666.0,-222222222.0,02647
616,19.4,14.2,02648
617,28.4,7.9,02649
618,33.9,54.1,02650
619,-666666666.0,-222222222.0,02652
620,31.4,12.1,02653
621,32.5,19.3,02655
622,32.6,15.1,02657
623,25.3,4.3,02659
624,32.8,1.8,02660
625,-666666666.0,-222222222.0,02663
626,38.1,8.5,02664
627,-666666666.0,-222222222.0,02666
628,13.4,9.1,02667
629,32.3,31.0,02668
630,51.0,-333333333.0,02670
631,-666666666.0,-222222222.0,02671
632,-666666666.0,-222222222.0,02672
633,44.5,9.4,02673
634,28.0,8.2,02675
635,18.1,2.3,02702
636,29.3,2.4,02703
637,-666666666.0,-222222222.0,02713
638,20.9,4.3,02715
639,29.3,8.4,02717
640,28.0,25.7,02718
641,30.4,3.4,02719
642,31.3,2.3,02720
643,31.2,2.9,02721
644,32.1,2.9,02723
645,29.7,3.8,02724
646,-666666666.0,-222222222.0,02725
647,32.4,4.4,02726
648,37.3,28.8,02738
649,24.8,12.5,02739
650,30.5,2.4,02740
651,43.6,21.1,02743
652,28.1,2.4,02744
653,29.4,4.4,02745
654,39.3,4.6,02746
655,32.6,3.7,02747
656,30.1,15.7,02748
657,26.7,2.7,02760
658,33.0,9.1,02762
659,51.0,-333333333.0,02763
660,21.9,6.0,02764
661,29.0,3.4,02766
662,38.8,9.2,02767
663,33.0,25.0,02769
664,19.6,28.7,02770
665,32.2,9.7,02771
666,33.4,7.2,02777
667,-666666666.0,-222222222.0,02779
668,32.9,2.0,02780
669,32.4,14.5,02790
670,-666666666.0,-222222222.0,02791
671,-666666666.0,-222222222.0,02802
672,25.5,23.4,02804
673,32.9,6.1,02806
674,-666666666.0,-222222222.0,02807
675,47.4,49.6,02808
676,27.0,2.1,02809
677,-666666666.0,-222222222.0,02812
678,51.0,-333333333.0,02813
679,42.4,9.0,02814
680,-666666666.0,-222222222.0,02815
681,32.2,9.1,02816
682,29.0,11.9,02817
683,27.8,4.6,02818
684,51.0,-333333333.0,02822
685,-666666666.0,-222222222.0,02823
686,-666666666.0,-222222222.0,02824
687,37.4,21.4,02825
688,-666666666.0,-222222222.0,02826
689,13.6,11.5,02827
690,38.5,24.8,02828
691,-666666666.0,-222222222.0,02829
692,28.2,10.5,02830
693,9.0,-333333333.0,02831
694,31.7,3.4,02832
695,29.0,3.1,02833
696,30.6,14.7,02835
697,-666666666.0,-222222222.0,02836
698,51.0,-333333333.0,02837
699,24.9,8.5,02838
700,-666666666.0,-222222222.0,02839
701,32.1,2.7,02840
702,21.5,21.5,02841
703,28.6,3.1,02842
704,27.5,2.7,02852
705,29.7,24.1,02857
706,-666666666.0,-222222222.0,02858
707,21.6,10.4,02859
708,29.3,2.3,02860
709,24.9,2.3,02861
710,32.6,2.6,02863
711,29.1,3.9,02864
712,27.3,3.1,02865
713,29.9,4.7,02871
714,-666666666.0,-222222222.0,02872
715,-666666666.0,-222222222.0,02873
716,12.8,41.3,02874
717,-666666666.0,-222222222.0,02875
718,19.1,9.4,02876
719,26.0,2.8,02878
720,29.6,4.2,02879
721,34.5,29.7,02881
722,51.0,-333333333.0,02882
723,31.2,2.7,02885
724,31.2,1.8,02886
725,33.1,6.9,02888
726,31.9,7.5,02889
727,28.4,4.3,02891
728,30.4,4.4,02892
729,28.0,2.4,02893
730,-666666666.0,-222222222.0,02894
731,29.0,1.4,02895
732,25.3,8.0,02896
733,-666666666.0,-222222222.0,02898
734,29.6,2.4,02903
735,28.1,2.7,02904
736,31.0,3.8,02905
737,31.1,2.6,02906
738,32.6,6.2,02907
739,27.1,2.8,02908
740,28.1,2.5,02909
741,28.9,8.6,02910
742,24.6,6.5,02911
743,-666666666.0,-222222222.0,02912
744,32.6,4.7,02914
745,28.0,1.6,02915
746,27.9,5.3,02916
747,33.0,13.3,02917
748,-666666666.0,-222222222.0,02918
749,25.7,3.2,02919
750,27.8,2.5,02920
751,27.8,8.9,02921
752,27.2,7.7,03031
753,23.1,3.3,03032
754,26.1,9.5,03033
755,20.0,5.7,03034
756,-666666666.0,-222222222.0,03036
757,19.1,5.4,03037
758,30.8,4.2,03038
759,39.0,7.1,03042
760,51.0,-333333333.0,03043
761,51.0,-333333333.0,03044
762,34.2,6.2,03045
763,35.5,33.5,03046
764,30.6,9.6,03047
765,44.8,4.0,03048
766,23.9,1.8,03049
767,24.7,2.7,03051
768,51.0,-333333333.0,03052
769,29.6,4.4,03053
770,27.3,1.8,03054
771,29.8,4.3,03055
772,51.0,-333333333.0,03057
773,29.0,1.6,03060
774,28.2,2.0,03062
775,28.1,3.0,03063
776,29.0,3.1,03064
777,19.4,5.0,03070
778,31.1,3.4,03071
779,34.5,15.8,03076
780,24.9,3.5,03077
781,27.3,4.7,03079
782,29.9,14.0,03082
783,23.0,11.6,03084
784,35.2,30.9,03086
785,32.0,23.2,03087
786,24.9,4.2,03101
787,30.4,2.0,03102
788,30.5,1.8,03103
789,29.3,1.9,03104
790,24.7,6.9,03106
791,40.8,10.6,03109
792,40.4,15.7,03110
793,22.5,19.3,03215
794,41.1,15.4,03216
795,24.9,6.8,03217
796,19.4,3.7,03218
797,27.5,9.4,03220
798,29.3,5.7,03221
799,27.8,4.7,03222
800,38.9,37.1,03223
801,44.6,10.1,03224
802,44.2,18.4,03225
803,19.9,4.5,03226
804,30.5,6.8,03227
805,28.3,12.6,03229
806,24.8,6.9,03230
807,-666666666.0,-222222222.0,03231
808,-666666666.0,-222222222.0,03233
809,38.8,17.2,03234
810,26.7,3.3,03235
811,-666666666.0,-222222222.0,03237
812,-666666666.0,-222222222.0,03238
813,18.7,9.8,03240
814,28.9,10.3,03241
815,27.9,12.3,03242
816,-666666666.0,-222222222.0,03243
817,30.6,5.9,03244
818,23.3,1.2,03245
819,33.8,11.0,03246
820,35.3,8.9,03249
821,29.9,30.8,03251
822,29.7,5.1,03253
823,17.9,1.6,03254
824,30.0,4.3,03255
825,18.8,5.0,03256
826,33.3,5.3,03257
827,36.8,25.4,03258
828,-666666666.0,-222222222.0,03259
829,-666666666.0,-222222222.0,03260
830,23.2,3.6,03261
831,27.0,10.4,03262
832,35.2,5.9,03263
833,23.4,2.5,03264
834,28.7,4.0,03266
835,25.5,12.3,03268
836,23.0,4.6,03269
837,-666666666.0,-222222222.0,03273
838,31.2,8.9,03275
839,25.9,2.5,03276
840,28.9,6.4,03278
841,29.3,11.0,03279
842,22.5,2.3,03280
843,41.8,11.6,03281
844,19.5,10.2,03282
845,21.4,14.9,03284
846,43.7,29.8,03285
847,27.8,12.0,03287
848,51.0,-333333333.0,03290
849,-666666666.0,-222222222.0,03291
850,-666666666.0,-222222222.0,03293
851,28.5,1.5,03301
852,27.2,2.1,03303
853,28.4,3.0,03304
854,29.2,10.4,03307
855,28.7,1.8,03431
856,45.3,4.6,03440
857,-666666666.0,-222222222.0,03441
858,22.1,11.7,03442
859,-666666666.0,-222222222.0,03443
860,23.2,2.8,03444
861,28.8,4.1,03445
862,38.2,14.6,03446
863,37.3,4.3,03447
864,42.1,18.9,03448
865,20.0,25.9,03449
866,22.0,7.9,03450
867,39.7,16.1,03451
868,28.2,10.5,03452
869,35.5,27.8,03455
870,14.2,16.1,03456
871,19.2,5.7,03457
872,20.4,5.8,03458
873,23.1,2.0,03461
874,-666666666.0,-222222222.0,03462
875,-666666666.0,-222222222.0,03464
876,23.6,15.5,03465
877,-666666666.0,-222222222.0,03466
878,25.0,9.4,03467
879,27.6,3.3,03470
880,27.2,6.1,03561
881,28.3,3.0,03570
882,27.3,6.5,03574
883,-666666666.0,-222222222.0,03575
884,29.7,6.5,03576
885,18.5,8.8,03579
886,39.3,35.4,03580
887,27.4,4.0,03581
888,34.4,6.5,03582
889,22.5,1.4,03583
890,27.8,3.6,03584
891,32.1,8.9,03585
892,23.8,17.8,03586
893,25.0,4.6,03588
894,30.8,22.1,03590
895,51.0,-333333333.0,03592
896,30.0,23.2,03593
897,18.4,12.1,03595
898,10.9,5.6,03597
899,29.7,7.8,03598
900,-666666666.0,-222222222.0,03601
901,32.0,1.9,03602
902,51.0,-333333333.0,03603
903,-666666666.0,-222222222.0,03604
904,-666666666.0,-222222222.0,03605
905,26.4,13.5,03607
906,31.6,5.2,03608
907,18.0,1.5,03609
908,16.3,3.2,03740
909,49.0,18.2,03741
910,34.9,3.4,03743
911,19.3,11.0,03745
912,19.8,5.0,03748
913,-666666666.0,-222222222.0,03750
914,-666666666.0,-222222222.0,03751
915,27.5,19.4,03752
916,-666666666.0,-222222222.0,03753
917,39.9,11.3,03755
918,-666666666.0,-222222222.0,03765
919,27.0,2.4,03766
920,32.2,10.1,03768
921,43.7,9.4,03770
922,24.2,32.5,03771
923,26.8,5.0,03773
924,-666666666.0,-222222222.0,03774
925,25.6,9.7,03777
926,42.0,8.4,03779
927,-666666666.0,-222222222.0,03780
928,14.3,8.4,03781
929,24.6,7.2,03782
930,28.6,4.4,03784
931,32.9,10.0,03785
932,30.1,1.6,03801
933,25.4,16.0,03809
934,-666666666.0,-222222222.0,03810
935,37.3,14.2,03811
936,-666666666.0,-222222222.0,03812
937,37.7,25.7,03813
938,39.1,9.2,03814
939,13.0,1.2,03816
940,30.7,4.1,03817
941,32.5,29.4,03818
942,51.0,-333333333.0,03819
943,29.5,2.2,03820
944,19.3,2.8,03823
945,41.3,8.2,03824
946,36.2,14.0,03825
947,28.0,5.6,03826
948,27.2,2.0,03827
949,-666666666.0,-222222222.0,03830
950,-666666666.0,-222222222.0,03832
951,33.0,2.9,03833
952,29.2,4.4,03835
953,-666666666.0,-222222222.0,03836
954,-666666666.0,-222222222.0,03837
955,41.7,35.8,03838
956,25.5,5.1,03839
957,51.0,-333333333.0,03840
958,34.9,12.4,03841
959,32.9,4.4,03842
960,24.9,3.9,03844
961,51.0,-333333333.0,03845
962,26.3,17.2,03846
963,-666666666.0,-222222222.0,03847
964,26.3,52.4,03848
965,44.0,28.7,03849
966,-666666666.0,-222222222.0,03850
967,36.6,7.2,03851
968,-666666666.0,-222222222.0,03852
969,22.6,1.0,03853
970,25.0,4.8,03854
971,27.7,17.2,03855
972,23.0,17.0,03856
973,28.6,2.7,03857
974,42.5,18.0,03858
975,24.5,6.9,03860
976,-666666666.0,-222222222.0,03861
977,22.3,3.5,03862
978,38.1,27.5,03864
979,33.2,8.3,03865
980,29.1,2.6,03867
981,23.6,40.5,03868
982,26.0,37.1,03869
983,28.8,5.5,03870
984,-666666666.0,-222222222.0,03871
985,-666666666.0,-222222222.0,03872
986,51.0,-333333333.0,03873
987,31.8,11.8,03874
988,-666666666.0,-222222222.0,03875
989,34.2,6.8,03878
990,20.8,10.8,03882
991,-666666666.0,-222222222.0,03883
992,32.5,2.1,03884
993,34.4,30.7,03885
994,25.6,14.3,03886
995,46.7,27.5,03887
996,-666666666.0,-222222222.0,03890
997,14.0,2.9,03894
998,-666666666.0,-222222222.0,03897
999,30.9,15.1,03901
1000,17.1,4.2,03902
1001,31.0,5.4,03903
1002,26.7,3.3,03904
1003,22.9,26.1,03905
1004,36.7,9.9,03906
1005,-666666666.0,-222222222.0,03907
1006,31.3,10.3,03908
1007,41.6,5.0,03909
1008,-666666666.0,-222222222.0,03910
1009,-666666666.0,-222222222.0,03911
1010,47.0,18.7,04001
1011,33.6,4.4,04002
1012,-666666666.0,-222222222.0,04003
1013,23.8,1.1,04005
1014,-666666666.0,-222222222.0,04006
1015,-666666666.0,-222222222.0,04008
1016,25.7,5.5,04009
1017,35.5,16.7,04010
1018,35.3,5.5,04011
1019,23.7,10.3,04015
1020,51.0,-333333333.0,04017
1021,-666666666.0,-222222222.0,04019
1022,29.8,10.9,04020
1023,15.6,11.4,04021
1024,33.6,7.0,04022
1025,-666666666.0,-222222222.0,04024
1026,17.3,51.9,04027
1027,31.2,7.6,04029
1028,31.2,9.2,04030
1029,40.5,17.5,04032
1030,31.6,10.7,04037
1031,28.1,1.8,04038
1032,32.5,16.5,04039
1033,24.9,5.0,04040
1034,35.4,15.9,04041
1035,29.3,67.7,04042
1036,25.7,5.9,04043
1037,19.0,4.5,04046
1038,51.0,-333333333.0,04047
1039,23.5,11.0,04048
1040,29.3,4.5,04049
1041,-666666666.0,-222222222.0,04050
1042,14.5,61.8,04051
1043,51.0,-333333333.0,04055
1044,-666666666.0,-222222222.0,04056
1045,-666666666.0,-222222222.0,04057
1046,-666666666.0,-222222222.0,04061
1047,23.4,4.4,04062
1048,29.9,5.7,04063
1049,30.5,7.1,04064
1050,9.0,-333333333.0,04066
1051,29.0,39.1,04068
1052,36.8,7.6,04069
1053,27.3,14.0,04071
1054,30.1,4.8,04072
1055,28.7,2.7,04073
1056,31.5,8.0,04074
1057,17.9,6.9,04076
1058,28.3,5.5,04079
1059,28.4,2.8,04083
1060,29.8,22.6,04084
1061,33.9,13.9,04085
1062,26.2,5.7,04086
1063,40.8,37.9,04087
1064,26.1,7.1,04088
1065,24.0,14.6,04090
1066,23.5,4.6,04091
1067,28.7,3.0,04092
1068,27.2,1.9,04093
1069,25.0,14.8,04095
1070,30.3,4.3,04096
1071,26.2,12.8,04097
1072,31.7,2.6,04101
1073,28.7,1.6,04102
1074,31.2,2.1,04103
1075,28.1,3.0,04105
1076,31.5,1.3,04106
1077,26.3,4.1,04107
1078,22.5,16.5,04108
1079,-666666666.0,-222222222.0,04109
1080,35.4,8.6,04110
1081,31.6,3.1,04210
1082,-666666666.0,-222222222.0,04216
1083,16.6,6.2,04217
1084,20.7,4.0,04219
1085,27.1,2.3,04220
1086,51.0,-333333333.0,04221
1087,24.0,7.4,04222
1088,26.3,7.7,04224
1089,-666666666.0,-222222222.0,04226
1090,-666666666.0,-222222222.0,04227
1091,51.0,-333333333.0,04231
1092,-666666666.0,-222222222.0,04234
1093,33.9,23.5,04236
1094,-666666666.0,-222222222.0,04237
1095,-666666666.0,-222222222.0,04238
1096,18.2,11.0,04239
1097,30.9,2.3,04240
1098,31.8,4.6,04250
1099,25.0,5.4,04252
1100,-666666666.0,-222222222.0,04253
1101,29.4,7.3,04254
1102,23.7,7.2,04255
1103,28.6,7.9,04256
1104,46.6,14.8,04257
1105,23.9,42.5,04258
1106,35.6,43.5,04259
1107,22.4,10.0,04260
1108,17.5,4.8,04261
1109,24.4,5.1,04263
1110,36.8,12.6,04265
1111,-666666666.0,-222222222.0,04267
1112,29.1,10.8,04268
1113,30.9,4.1,04270
1114,-666666666.0,-222222222.0,04271
1115,41.7,17.2,04274
1116,-666666666.0,-222222222.0,04275
1117,34.9,6.7,04276
1118,36.9,31.3,04280
1119,33.7,17.4,04281
1120,21.7,20.9,04282
1121,18.8,18.0,04284
1122,-666666666.0,-222222222.0,04285
1123,-666666666.0,-222222222.0,04286
1124,-666666666.0,-222222222.0,04287
1125,43.4,18.9,04289
1126,15.0,13.1,04290
1127,-666666666.0,-222222222.0,04292
1128,33.0,15.7,04294
1129,29.3,1.8,04330
1130,-666666666.0,-222222222.0,04341
1131,22.4,2.2,04342
1132,34.4,8.9,04344
1133,32.7,10.2,04345
1134,26.0,3.9,04346
1135,26.5,4.1,04347
1136,21.6,18.0,04348
1137,29.6,8.8,04349
1138,18.7,32.3,04350
1139,21.9,6.7,04351
1140,23.4,3.6,04352
1141,16.3,7.8,04353
1142,31.8,22.8,04354
1143,23.6,17.0,04355
1144,29.1,4.7,04357
1145,13.1,5.5,04358
1146,-666666666.0,-222222222.0,04359
1147,14.4,38.1,04360
1148,28.3,7.7,04363
1149,30.7,18.7,04364
1150,30.4,2.2,04401
1151,27.5,0.7,04406
1152,30.0,5.2,04408
1153,51.0,-333333333.0,04410
1154,27.0,3.8,04411
1155,31.4,2.4,04412
1156,-666666666.0,-222222222.0,04413
1157,27.1,10.7,04414
1158,-666666666.0,-222222222.0,04415
1159,29.5,29.1,04416
1160,-666666666.0,-222222222.0,04417
1161,34.2,25.1,04418
1162,32.3,11.3,04419
1163,51.0,-333333333.0,04421
1164,29.0,50.0,04422
1165,22.5,14.9,04424
1166,18.4,4.9,04426
1167,16.9,2.6,04427
1168,24.5,7.2,04428
1169,18.4,18.6,04429
1170,36.0,3.4,04430
1171,-666666666.0,-222222222.0,04431
1172,-666666666.0,-222222222.0,04434
1173,18.4,38.9,04435
1174,9.0,-333333333.0,04438
1175,25.8,4.3,04441
1176,-666666666.0,-222222222.0,04442
1177,29.6,9.1,04443
1178,23.2,6.7,04444
1179,27.7,1.9,04448
1180,26.3,6.3,04449
1181,20.2,7.7,04450
1182,-666666666.0,-222222222.0,04451
1183,33.3,14.4,04453
1184,-666666666.0,-222222222.0,04454
1185,-666666666.0,-222222222.0,04455
1186,28.7,11.7,04456
1187,33.4,12.1,04457
1188,25.4,9.3,04459
1189,37.4,3.2,04460
1190,38.9,51.8,04461
1191,27.0,3.1,04462
1192,28.5,6.8,04463
1193,29.4,14.3,04464
1194,29.7,6.5,04468
1195,-666666666.0,-222222222.0,04469
1196,51.0,-333333333.0,04471
1197,19.6,19.0,04472
1198,33.2,3.4,04473
1199,18.9,7.5,04474
1200,14.0,6.0,04475
1201,51.0,-333333333.0,04476
1202,-666666666.0,-222222222.0,04478
1203,27.9,11.0,04479
1204,-666666666.0,-222222222.0,04481
1205,-666666666.0,-222222222.0,04485
1206,-666666666.0,-222222222.0,04487
1207,40.0,8.9,04488
1208,-666666666.0,-222222222.0,04489
1209,-666666666.0,-222222222.0,04490
1210,-666666666.0,-222222222.0,04491
1211,-666666666.0,-222222222.0,04492
1212,32.0,4.9,04493
1213,51.0,-333333333.0,04495
1214,19.7,15.6,04496
1215,45.0,37.4,04497
1216,30.0,4.8,04530
1217,19.7,14.9,04535
1218,16.0,7.0,04537
1219,37.4,5.1,04538
1220,22.1,6.2,04539
1221,-666666666.0,-222222222.0,04541
1222,37.1,2.6,04543
1223,-666666666.0,-222222222.0,04544
1224,28.5,2.7,04547
1225,38.1,12.2,04548
1226,-666666666.0,-222222222.0,04551
1227,20.8,5.4,04553
1228,-666666666.0,-222222222.0,04554
1229,31.1,18.5,04555
1230,15.5,17.1,04556
1231,-666666666.0,-222222222.0,04558
1232,14.3,45.1,04562
1233,27.4,5.3,04563
1234,-666666666.0,-222222222.0,04564
1235,27.5,0.8,04568
1236,-666666666.0,-222222222.0,04570
1237,-666666666.0,-222222222.0,04571
1238,25.1,3.8,04572
1239,-666666666.0,-222222222.0,04573
1240,36.4,40.1,04574
1241,-666666666.0,-222222222.0,04575
1242,51.0,-333333333.0,04576
1243,23.7,2.9,04578
1244,-666666666.0,-222222222.0,04579
1245,31.8,2.4,04605
1246,46.0,29.4,04606
1247,44.2,5.4,04607
1248,26.2,9.1,04609
1249,13.0,12.2,04611
1250,27.5,19.9,04612
1251,-666666666.0,-222222222.0,04613
1252,36.7,4.7,04614
1253,23.2,3.6,04616
1254,37.0,14.4,04617
1255,35.3,15.0,04619
1256,31.8,3.2,04622
1257,35.2,8.8,04623
1258,-666666666.0,-222222222.0,04624
1259,46.7,23.4,04625
1260,-666666666.0,-222222222.0,04626
1261,20.3,11.5,04627
1262,28.5,3.1,04628
1263,32.9,36.4,04630
1264,29.1,2.7,04631
1265,20.8,7.3,04634
1266,-666666666.0,-222222222.0,04635
1267,27.3,25.8,04640
1268,19.8,20.3,04642
1269,37.5,1.5,04643
1270,15.0,4.1,04645
1271,32.5,44.3,04646
1272,35.2,15.7,04648
1273,31.4,3.1,04649
1274,-666666666.0,-222222222.0,04650
1275,28.3,5.0,04652
1276,27.8,27.4,04653
1277,31.7,2.4,04654
1278,19.7,41.2,04655
1279,-666666666.0,-222222222.0,04657
1280,26.3,18.3,04658
1281,31.3,19.9,04660
1282,18.3,4.4,04662
1283,19.7,5.4,04664
1284,51.0,-333333333.0,04666
1285,15.8,5.8,04667
1286,32.5,26.1,04668
1287,-666666666.0,-222222222.0,04669
1288,34.4,28.5,04671
1289,-666666666.0,-222222222.0,04673
1290,26.1,9.8,04674
1291,-666666666.0,-222222222.0,04675
1292,27.5,22.1,04676
1293,22.5,1.5,04677
1294,30.2,8.1,04679
1295,13.9,26.0,04680
1296,17.3,4.9,04681
1297,-666666666.0,-222222222.0,04683
1298,51.0,-333333333.0,04684
1299,22.5,28.0,04685
1300,-666666666.0,-222222222.0,04686
1301,23.0,6.2,04691
1302,32.7,8.6,04693
1303,32.4,13.2,04694
1304,31.7,6.8,04730
1305,18.4,3.9,04732
1306,-666666666.0,-222222222.0,04733
1307,-666666666.0,-222222222.0,04734
1308,17.1,31.0,04735
1309,28.7,2.5,04736
1310,-666666666.0,-222222222.0,04737
1311,27.7,2.0,04739
1312,25.4,11.0,04740
1313,33.3,9.8,04742
1314,42.0,16.3,04743
1315,12.5,2.8,04745
1316,35.9,5.5,04746
1317,19.6,5.0,04747
1318,26.0,3.1,04750
1319,38.8,27.6,04756
1320,9.0,-333333333.0,04757
1321,25.2,6.9,04758
1322,27.5,10.2,04760
1323,27.0,5.1,04761
1324,20.6,7.4,04762
1325,26.3,8.6,04763
1326,-666666666.0,-222222222.0,04764
1327,35.9,13.7,04765
1328,-666666666.0,-222222222.0,04766
1329,28.3,61.9,04768
1330,28.4,4.7,04769
1331,28.1,3.6,04772
1332,-666666666.0,-222222222.0,04773
1333,33.5,12.7,04774
1334,19.7,29.1,04776
1335,40.0,35.6,04777
1336,-666666666.0,-222222222.0,04779
1337,26.9,7.1,04780
1338,23.0,2.0,04781
1339,28.2,48.3,04783
1340,27.4,4.1,04785
1341,27.9,4.8,04786
1342,16.3,6.6,04787
1343,31.5,2.6,04841
1344,23.6,9.0,04843
1345,27.2,11.7,04847
1346,26.9,20.8,04848
1347,28.7,8.8,04849
1348,-666666666.0,-222222222.0,04851
1349,20.6,16.1,04852
1350,29.2,23.7,04853
1351,20.2,6.5,04854
1352,-666666666.0,-222222222.0,04855
1353,45.0,51.0,04856
1354,33.2,11.4,04858
1355,-666666666.0,-222222222.0,04859
1356,28.7,7.6,04860
1357,45.0,28.8,04861
1358,24.3,10.6,04862
1359,35.3,32.5,04863
1360,35.8,27.2,04864
1361,31.3,4.1,04901
1362,24.4,12.8,04910
1363,13.9,14.3,04911
1364,46.7,13.1,04912
1365,29.7,4.9,04915
1366,17.3,2.5,04917
1367,-666666666.0,-222222222.0,04918
1368,27.6,0.8,04920
1369,14.5,9.0,04921
1370,43.1,21.9,04922
1371,-666666666.0,-222222222.0,04923
1372,21.1,13.4,04924
1373,-666666666.0,-222222222.0,04925
1374,-666666666.0,-222222222.0,04926
1375,34.5,8.6,04927
1376,22.3,19.4,04928
1377,25.6,15.4,04929
1378,36.9,6.3,04930
1379,24.1,12.1,04932
1380,-666666666.0,-222222222.0,04936
1381,28.1,5.5,04937
1382,28.0,3.0,04938
1383,24.5,23.6,04939
1384,-666666666.0,-222222222.0,04940
1385,13.4,3.8,04941
1386,30.6,37.2,04942
1387,25.9,11.5,04943
1388,-666666666.0,-222222222.0,04944
1389,26.3,4.8,04945
1390,20.0,11.9,04947
1391,27.8,12.9,04949
1392,20.7,6.4,04950
1393,35.6,51.1,04951
1394,28.6,9.9,04952
1395,29.0,3.9,04953
1396,51.0,-333333333.0,04955
1397,36.3,28.6,04956
1398,30.1,28.4,04957
1399,13.0,1.5,04958
1400,51.0,-333333333.0,04961
1401,37.7,3.4,04963
1402,-666666666.0,-222222222.0,04964
1403,29.2,17.2,04965
1404,30.7,4.3,04966
1405,31.1,31.1,04967
1406,-666666666.0,-222222222.0,04969
1407,41.1,21.5,04970
1408,51.0,-333333333.0,04971
1409,24.4,9.0,04973
1410,28.2,11.5,04974
1411,-666666666.0,-222222222.0,04975
1412,32.3,3.9,04976
1413,22.5,24.7,04978
1414,25.7,22.1,04979
1415,18.6,4.9,04981
1416,32.7,7.9,04982
1417,20.5,23.4,04983
1418,41.0,17.5,04984
1419,-666666666.0,-222222222.0,04985
1420,26.0,4.4,04986
1421,31.5,41.7,04987
1422,26.6,8.6,04988
1423,31.1,4.3,04989
1424,-666666666.0,-222222222.0,04992
1425,26.7,8.4,05001
1426,-666666666.0,-222222222.0,05009
1427,-666666666.0,-222222222.0,05030
1428,-666666666.0,-222222222.0,05031
1429,27.7,3.2,05032
1430,26.3,12.4,05033
1431,32.0,9.0,05034
1432,30.8,37.3,05035
1433,-666666666.0,-222222222.0,05036
1434,27.2,1.2,05037
1435,34.5,23.3,05038
1436,-666666666.0,-222222222.0,05039
1437,18.0,1.2,05040
1438,17.8,0.6,05041
1439,16.1,3.8,05042
1440,26.0,2.9,05043
1441,41.0,8.2,05045
1442,23.9,5.6,05046
1443,-666666666.0,-222222222.0,05048
1444,37.9,28.6,05050
1445,39.1,9.0,05051
1446,-666666666.0,-222222222.0,05052
1447,-666666666.0,-222222222.0,05053
1448,22.8,4.6,05055
1449,28.9,11.9,05056
1450,-666666666.0,-222222222.0,05058
1451,-666666666.0,-222222222.0,05059
1452,30.6,3.1,05060
1453,51.0,-333333333.0,05061
1454,33.8,13.0,05062
1455,23.0,4.1,05065
1456,-666666666.0,-222222222.0,05067
1457,20.5,14.7,05068
1458,51.0,-333333333.0,05069
1459,51.0,-333333333.0,05070
1460,-666666666.0,-222222222.0,05071
1461,-666666666.0,-222222222.0,05072
1462,-666666666.0,-222222222.0,05073
1463,33.3,3.8,05075
1464,51.0,-333333333.0,05076
1465,45.8,19.0,05077
1466,45.6,20.5,05079
1467,27.6,6.1,05081
1468,-666666666.0,-222222222.0,05083
1469,-666666666.0,-222222222.0,05084
1470,-666666666.0,-222222222.0,05086
1471,-666666666.0,-222222222.0,05088
1472,24.9,4.0,05089
1473,26.7,12.3,05091
1474,28.1,6.8,05101
1475,-666666666.0,-222222222.0,05141
1476,9.0,-333333333.0,05142
1477,21.5,2.9,05143
1478,19.3,45.1,05146
1479,23.5,16.0,05148
1480,28.2,8.8,05149
1481,-666666666.0,-222222222.0,05150
1482,-666666666.0,-222222222.0,05151
1483,18.4,9.3,05152
1484,23.8,16.2,05153
1485,32.9,6.3,05154
1486,29.7,5.3,05155
1487,30.1,6.9,05156
1488,25.7,9.1,05158
1489,23.3,10.7,05161
1490,39.9,9.6,05201
1491,39.5,12.4,05250
1492,38.0,4.5,05251
1493,51.0,-333333333.0,05252
1494,37.5,34.9,05253
1495,25.0,19.2,05254
1496,41.0,35.5,05255
1497,40.9,26.8,05257
1498,-666666666.0,-222222222.0,05260
1499,19.2,39.9,05261
1500,23.4,50.1,05262
1501,28.8,2.7,05301
1502,28.7,6.2,05340
1503,-666666666.0,-222222222.0,05341
1504,-666666666.0,-222222222.0,05342
1505,16.7,13.3,05343
1506,-666666666.0,-222222222.0,05344
1507,35.7,20.5,05345
1508,31.0,5.6,05346
1509,27.1,1.6,05350
1510,-666666666.0,-222222222.0,05351
1511,17.0,5.4,05352
1512,39.2,11.3,05353
1513,20.9,7.3,05354
1514,29.4,3.2,05355
1515,51.0,-333333333.0,05356
1516,-666666666.0,-222222222.0,05358
1517,34.3,43.8,05359
1518,24.3,34.2,05360
1519,32.1,18.5,05361
1520,-666666666.0,-222222222.0,05362
1521,27.6,28.4,05363
1522,33.1,1.9,05401
1523,26.8,3.3,05403
1524,29.1,2.3,05404
1525,-666666666.0,-222222222.0,05405
1526,30.6,4.7,05408
1527,-666666666.0,-222222222.0,05439
1528,28.8,8.2,05440
1529,-666666666.0,-222222222.0,05441
1530,31.5,7.9,05442
1531,28.6,12.4,05443
1532,30.9,3.2,05444
1533,36.8,30.7,05445
1534,28.4,4.0,05446
1535,51.0,-333333333.0,05447
1536,26.1,14.5,05448
1537,29.8,7.2,05450
1538,32.0,3.7,05452
1539,28.7,3.2,05454
1540,17.5,7.8,05455
1541,26.6,4.8,05456
1542,9.0,-333333333.0,05457
1543,31.7,20.0,05458
1544,-666666666.0,-222222222.0,05459
1545,35.3,13.4,05461
1546,14.3,7.5,05462
1547,29.7,25.8,05463
1548,32.4,1.5,05464
1549,43.8,7.0,05465
1550,31.0,15.5,05468
1551,-666666666.0,-222222222.0,05471
1552,23.3,7.8,05472
1553,32.5,10.4,05473
1554,31.7,26.4,05474
1555,29.9,3.8,05476
1556,18.7,5.2,05477
1557,35.7,8.9,05478
1558,-666666666.0,-222222222.0,05481
1559,28.8,6.1,05482
1560,18.5,4.4,05483
1561,-666666666.0,-222222222.0,05485
1562,22.0,3.4,05486
1563,24.7,5.1,05487
1564,26.9,7.1,05488
1565,-666666666.0,-222222222.0,05489
1566,29.5,11.8,05491
1567,24.2,15.2,05492
1568,23.2,23.2,05494
1569,29.5,6.5,05495
1570,24.7,3.0,05602
1571,-666666666.0,-222222222.0,05640
1572,26.9,1.8,05641
1573,29.1,5.7,05647
1574,9.0,-333333333.0,05648
1575,-666666666.0,-222222222.0,05649
1576,28.8,27.7,05650
1577,9.0,-333333333.0,05651
1578,24.1,59.6,05652
1579,13.1,1.9,05653
1580,31.0,4.3,05654
1581,27.7,5.5,05655
1582,31.7,11.1,05656
1583,31.3,18.2,05658
1584,17.7,4.9,05660
1585,28.2,2.0,05661
1586,35.2,9.5,05663
1587,-666666666.0,-222222222.0,05664
1588,-666666666.0,-222222222.0,05666
1589,30.8,5.0,05667
1590,13.9,8.8,05669
1591,-666666666.0,-222222222.0,05670
1592,22.1,6.2,05672
1593,21.7,8.5,05673
1594,20.5,15.0,05674
1595,24.4,12.8,05675
1596,24.8,5.7,05676
1597,-666666666.0,-222222222.0,05677
1598,-666666666.0,-222222222.0,05678
1599,38.5,42.9,05679
1600,39.3,26.1,05680
1601,-666666666.0,-222222222.0,05681
1602,24.4,6.0,05682
1603,32.0,5.6,05701
1604,-666666666.0,-222222222.0,05730
1605,-666666666.0,-222222222.0,05731
1606,34.8,34.5,05732
1607,26.8,3.6,05733
1608,21.9,18.2,05734
1609,41.1,30.4,05735
1610,33.3,3.1,05736
1611,29.2,24.5,05737
1612,33.8,52.2,05738
1613,22.5,19.5,05739
1614,-666666666.0,-222222222.0,05742
1615,35.0,15.5,05743
1616,14.6,4.9,05744
1617,-666666666.0,-222222222.0,05746
1618,19.8,15.3,05747
1619,16.5,6.2,05748
1620,29.7,5.6,05751
1621,30.8,4.2,05753
1622,21.8,2.8,05757
1623,36.5,4.9,05758
1624,28.6,8.1,05759
1625,45.9,19.2,05760
1626,30.8,22.6,05761
1627,23.0,17.6,05762
1628,14.0,24.0,05763
1629,27.0,5.4,05764
1630,24.2,12.3,05765
1631,-666666666.0,-222222222.0,05766
1632,33.8,16.0,05767
1633,-666666666.0,-222222222.0,05768
1634,21.3,23.1,05769
1635,21.7,6.7,05770
1636,30.4,7.5,05772
1637,22.9,6.0,05773
1638,51.0,-333333333.0,05774
1639,13.6,28.0,05775
1640,-666666666.0,-222222222.0,05776
1641,34.2,9.1,05777
1642,32.5,46.7,05778
1643,29.9,15.5,05819
1644,-666666666.0,-222222222.0,05820
1645,22.3,14.7,05821
1646,30.9,22.8,05822
1647,28.3,15.6,05824
1648,-666666666.0,-222222222.0,05825
1649,22.6,4.9,05826
1650,19.1,21.8,05827
1651,22.8,0.8,05828
1652,29.5,6.3,05829
1653,32.2,12.9,05830
1654,30.6,17.1,05832
1655,-666666666.0,-222222222.0,05833
1656,-666666666.0,-222222222.0,05836
1657,22.9,1.0,05837
1658,27.5,23.9,05839
1659,-666666666.0,-222222222.0,05840
1660,20.3,3.0,05841
1661,19.4,31.4,05842
1662,30.3,5.7,05843
1663,19.5,13.2,05845
1664,31.0,6.0,05846
1665,23.0,2.2,05847
1666,-666666666.0,-222222222.0,05850
1667,31.6,3.9,05851
1668,26.3,2.7,05853
1669,28.8,4.6,05855
1670,34.3,4.3,05857
1671,-666666666.0,-222222222.0,05858
1672,22.1,6.8,05859
1673,24.3,8.9,05860
1674,34.5,49.7,05862
1675,27.5,14.8,05866
1676,16.4,43.3,05867
1677,-666666666.0,-222222222.0,05868
1678,40.8,19.2,05871
1679,13.4,1.4,05872
1680,17.7,1.4,05873
1681,41.3,12.5,05874
1682,-666666666.0,-222222222.0,05875
1683,-666666666.0,-222222222.0,05901
1684,-666666666.0,-222222222.0,05902
1685,9.0,-333333333.0,05903
1686,51.0,-333333333.0,05904
1687,51.0,-333333333.0,05905
1688,25.0,11.7,05906
1689,-666666666.0,-222222222.0,05907
1690,41.0,19.5,06001
1691,31.3,4.7,06002
1692,31.8,1.9,06010
1693,25.0,12.6,06013
1694,23.5,1.8,06016
1695,26.5,3.4,06018
1696,34.3,10.7,06019
1697,-666666666.0,-222222222.0,06020
1698,28.6,5.6,06021
1699,-666666666.0,-222222222.0,06022
1700,17.2,4.6,06023
1701,-666666666.0,-222222222.0,06024
1702,48.0,42.8,06026
1703,17.8,3.2,06027
1704,27.9,5.9,06029
1705,29.4,9.1,06031
1706,33.0,7.7,06032
1707,31.6,3.6,06033
1708,23.6,2.7,06035
1709,37.0,2.4,06037
1710,18.3,4.6,06039
1711,31.7,3.4,06040
1712,25.2,2.8,06042
1713,20.6,25.7,06043
1714,31.1,2.3,06051
1715,33.2,9.5,06052
1716,34.2,2.9,06053
1717,23.8,8.5,06057
1718,26.5,3.2,06058
1719,-666666666.0,-222222222.0,06059
1720,-666666666.0,-222222222.0,06060
1721,-666666666.0,-222222222.0,06061
1722,24.2,4.6,06062
1723,22.6,3.1,06063
1724,-666666666.0,-222222222.0,06065
1725,26.5,1.5,06066
1726,24.5,2.1,06067
1727,27.0,6.0,06068
1728,32.0,7.2,06069
1729,27.4,5.6,06070
1730,30.5,5.3,06071
1731,-666666666.0,-222222222.0,06072
1732,41.5,25.8,06073
1733,29.9,10.6,06074
1734,27.8,3.4,06076
1735,30.7,12.2,06078
1736,-666666666.0,-222222222.0,06079
1737,-666666666.0,-222222222.0,06080
1738,20.1,7.4,06081
1739,28.6,3.2,06082
1740,47.1,23.6,06084
1741,28.5,6.5,06085
1742,23.9,6.0,06088
1743,36.0,8.2,06089
1744,-666666666.0,-222222222.0,06090
1745,9.0,-333333333.0,06091
1746,-666666666.0,-222222222.0,06092
1747,43.9,56.1,06093
1748,27.7,3.3,06095
1749,33.7,15.5,06096
1750,29.2,13.0,06098
1751,27.8,5.0,06103
1752,34.4,4.0,06105
1753,35.0,2.5,06106
1754,26.9,2.0,06107
1755,31.4,3.5,06108
1756,29.4,4.2,06109
1757,29.9,6.0,06110
1758,24.0,3.7,06111
1759,38.6,3.8,06112
1760,36.8,5.1,06114
1761,32.7,4.4,06117
1762,32.0,4.3,06118
1763,24.5,2.5,06119
1764,37.9,2.9,06120
1765,32.1,2.2,06226
1766,24.1,7.5,06231
1767,33.3,26.3,06232
1768,26.5,7.5,06234
1769,23.0,3.6,06235
1770,28.0,6.6,06237
1771,34.4,35.7,06238
1772,30.7,3.1,06239
1773,23.2,16.8,06241
1774,33.3,57.6,06242
1775,-666666666.0,-222222222.0,06243
1776,16.7,41.8,06247
1777,33.3,17.0,06248
1778,27.5,18.2,06249
1779,39.8,19.8,06250
1780,22.5,4.6,06254
1781,30.2,3.3,06255
1782,17.7,10.0,06256
1783,-666666666.0,-222222222.0,06258
1784,32.6,7.1,06259
1785,26.7,2.7,06260
1786,-666666666.0,-222222222.0,06262
1787,25.0,19.3,06263
1788,-666666666.0,-222222222.0,06264
1789,-666666666.0,-222222222.0,06266
1790,51.0,-333333333.0,06268
1791,51.0,-333333333.0,06269
1792,32.5,14.7,06277
1793,28.8,8.3,06278
1794,35.7,10.3,06279
1795,39.5,4.2,06280
1796,17.9,2.9,06281
1797,22.6,41.5,06282
1798,31.5,2.4,06320
1799,25.1,7.6,06330
1800,27.6,23.1,06331
1801,24.7,26.9,06332
1802,35.9,6.0,06333
1803,32.5,14.8,06334
1804,23.8,10.3,06335
1805,-666666666.0,-222222222.0,06336
1806,-666666666.0,-222222222.0,06338
1807,35.3,3.1,06339
1808,29.1,2.0,06340
1809,-666666666.0,-222222222.0,06350
1810,34.0,9.2,06351
1811,-666666666.0,-222222222.0,06353
1812,37.2,20.5,06354
1813,24.2,3.2,06355
1814,35.3,3.7,06357
1815,25.5,12.1,06359
1816,33.0,2.3,06360
1817,51.0,-333333333.0,06365
1818,22.3,11.6,06370
1819,28.8,8.1,06371
1820,-666666666.0,-222222222.0,06373
1821,27.3,2.1,06374
1822,27.5,11.0,06375
1823,-666666666.0,-222222222.0,06376
1824,18.9,3.3,06377
1825,23.7,5.4,06378
1826,26.1,3.9,06379
1827,28.9,2.6,06380
1828,28.0,2.4,06382
1829,19.9,29.2,06384
1830,27.9,4.9,06385
1831,12.5,16.6,06387
1832,-666666666.0,-222222222.0,06389
1833,-666666666.0,-222222222.0,06390
1834,25.6,4.0,06401
1835,30.2,12.1,06403
1836,30.5,4.0,06405
1837,29.9,18.3,06409
1838,29.1,3.7,06410
1839,34.3,11.3,06412
1840,28.3,6.8,06413
1841,-666666666.0,-222222222.0,06414
1842,28.5,3.9,06415
1843,33.9,6.9,06416
1844,36.0,9.3,06417
1845,32.1,6.6,06418
1846,-666666666.0,-222222222.0,06419
1847,24.9,24.3,06420
1848,23.3,20.8,06422
1849,42.5,24.5,06423
1850,29.2,11.8,06424
1851,23.9,3.0,06426
1852,29.2,3.5,06437
1853,37.0,8.0,06438
1854,-666666666.0,-222222222.0,06439
1855,31.3,8.7,06441
1856,18.5,31.6,06442
1857,28.9,3.8,06443
1858,-666666666.0,-222222222.0,06444
1859,32.8,9.7,06447
1860,34.1,3.7,06450
1861,29.6,2.3,06451
1862,24.2,29.0,06455
1863,-666666666.0,-222222222.0,06456
1864,29.3,1.5,06457
1865,-666666666.0,-222222222.0,06459
1866,31.0,3.0,06460
1867,26.2,6.5,06461
1868,-666666666.0,-222222222.0,06467
1869,29.3,32.4,06468
1870,16.8,7.5,06469
1871,38.3,7.9,06470
1872,28.4,4.0,06471
1873,22.2,7.9,06472
1874,27.7,5.0,06473
1875,33.8,5.6,06475
1876,35.2,5.4,06477
1877,26.5,2.7,06478
1878,29.6,7.3,06479
1879,29.6,13.3,06480
1880,51.0,-333333333.0,06481
1881,32.3,28.2,06482
1882,28.9,4.8,06483
1883,32.5,5.2,06484
1884,29.5,15.3,06488
1885,28.2,3.3,06489
1886,26.3,3.9,06492
1887,38.1,21.2,06498
1888,36.4,5.7,06510
1889,32.5,2.0,06511
1890,31.1,3.1,06512
1891,36.0,2.9,06513
1892,31.8,3.2,06514
1893,29.5,5.0,06515
1894,32.3,3.6,06516
1895,29.7,4.4,06517
1896,29.8,6.4,06518
1897,35.4,3.3,06519
1898,-666666666.0,-222222222.0,06524
1899,50.0,27.7,06525
1900,34.4,3.5,06604
1901,35.9,4.0,06605
1902,35.9,3.7,06606
1903,41.9,6.1,06607
1904,34.7,4.8,06608
1905,36.3,2.3,06610
1906,36.6,24.3,06611
1907,18.0,7.6,06612
1908,36.2,4.7,06614
1909,33.4,4.9,06615
1910,41.5,22.4,06702
1911,33.8,2.8,06704
1912,37.3,4.5,06705
1913,29.8,5.1,06706
1914,31.8,4.1,06708
1915,42.0,6.0,06710
1916,27.5,14.1,06712
1917,29.9,14.7,06716
1918,31.8,3.9,06750
1919,46.5,34.2,06751
1920,29.6,13.3,06752
1921,-666666666.0,-222222222.0,06753
1922,32.3,7.7,06754
1923,-666666666.0,-222222222.0,06755
1924,16.4,15.2,06756
1925,18.7,2.2,06757
1926,-666666666.0,-222222222.0,06758
1927,29.0,2.8,06759
1928,27.0,1.1,06762
1929,45.8,27.9,06763
1930,27.4,3.4,06770
1931,34.2,6.5,06776
1932,27.0,3.2,06777
1933,22.4,0.7,06778
1934,29.2,21.0,06779
1935,27.3,13.3,06782
1936,51.0,-333333333.0,06783
1937,37.6,14.7,06784
1938,-666666666.0,-222222222.0,06785
1939,36.9,5.5,06786
1940,37.1,7.6,06787
1941,29.1,2.9,06790
1942,16.8,6.5,06791
1943,21.4,6.3,06793
1944,29.6,23.6,06794
1945,51.0,-333333333.0,06795
1946,51.0,-333333333.0,06796
1947,27.6,5.0,06798
1948,30.6,5.4,06801
1949,24.5,4.2,06804
1950,35.5,4.8,06807
1951,30.8,1.6,06810
1952,30.2,9.6,06811
1953,24.0,8.5,06812
1954,35.8,10.5,06820
1955,28.2,5.1,06824
1956,35.6,3.7,06825
1957,31.8,5.7,06830
1958,31.6,12.6,06831
1959,32.1,3.9,06840
1960,29.2,4.4,06850
1961,32.1,4.0,06851
1962,27.5,2.4,06853
1963,31.7,2.6,06854
1964,30.2,5.5,06855
1965,34.4,17.6,06870
1966,32.2,7.4,06877
1967,28.5,4.9,06878
1968,30.9,4.1,06880
1969,40.3,21.2,06883
1970,51.0,-333333333.0,06890
1971,36.3,10.9,06896
1972,38.6,15.9,06897
1973,29.4,1.8,06901
1974,31.8,2.1,06902
1975,41.5,15.4,06903
1976,30.4,7.7,06905
1977,44.7,11.4,06906
1978,32.2,7.5,06907
1979,27.3,3.2,07001
1980,28.9,1.2,07002
1981,28.8,1.2,07003
1982,45.0,7.1,07004
1983,32.6,8.7,07005
1984,30.8,4.4,07006
1985,27.9,5.0,07008
1986,26.9,4.1,07009
1987,31.3,5.0,07010
1988,37.1,3.6,07011
1989,31.4,7.2,07012
1990,33.7,9.8,07013
1991,18.8,12.8,07014
1992,29.6,2.9,07016
1993,34.0,3.1,07017
1994,34.2,3.3,07018
1995,31.3,2.1,07020
1996,37.5,60.0,07021
1997,34.1,7.0,07022
1998,37.6,26.6,07023
1999,29.5,1.9,07024
2000,31.4,2.7,07026
2001,26.9,2.0,07027
2002,25.4,8.9,07028
2003,29.1,1.6,07029
2004,23.8,0.9,07030
2005,27.0,3.8,07031
2006,31.6,4.0,07032
2007,33.3,21.8,07033
2008,19.5,4.0,07034
2009,25.8,6.7,07035
2010,30.3,3.3,07036
2011,30.0,11.6,07039
2012,32.8,7.7,07040
2013,34.5,5.7,07041
2014,29.7,3.3,07042
2015,27.9,9.3,07043
2016,30.8,4.3,07044
2017,28.1,22.9,07045
2018,24.3,82.2,07046
2019,33.1,3.0,07047
2020,36.4,3.5,07050
2021,32.0,3.9,07052
2022,24.9,1.7,07054
2023,34.9,2.1,07055
2024,28.4,4.8,07057
2025,23.9,2.5,07058
2026,24.3,12.3,07059
2027,32.4,2.6,07060
2028,35.0,5.5,07062
2029,34.9,5.0,07063
2030,-666666666.0,-222222222.0,07064
2031,34.2,4.8,07065
2032,24.6,2.5,07066
2033,38.2,26.0,07067
2034,29.0,7.6,07068
2035,33.6,8.7,07069
2036,22.3,2.3,07070
2037,29.2,4.6,07071
2038,46.9,22.2,07072
2039,28.2,3.7,07073
2040,23.5,5.5,07074
2041,22.5,8.2,07075
2042,30.9,21.2,07076
2043,25.4,7.0,07077
2044,20.7,4.1,07078
2045,30.1,4.6,07079
2046,30.0,6.2,07080
2047,27.3,2.9,07081
2048,41.8,17.1,07082
2049,31.6,3.5,07083
2050,25.7,2.6,07086
2051,32.3,1.9,07087
2052,40.1,6.4,07088
2053,26.8,2.3,07090
2054,51.0,-333333333.0,07092
2055,33.0,1.7,07093
2056,24.8,2.4,07094
2057,27.6,3.0,07095
2058,33.4,3.8,07102
2059,34.4,2.1,07103
2060,33.4,1.9,07104
2061,33.6,1.7,07105
2062,36.4,6.9,07106
2063,34.5,3.9,07107
2064,34.5,2.7,07108
2065,32.8,4.6,07109
2066,29.0,4.4,07110
2067,31.2,1.9,07111
2068,29.9,3.3,07112
2069,32.7,4.1,07114
2070,35.5,4.2,07201
2071,28.5,1.9,07202
2072,29.8,5.4,07203
2073,26.4,3.4,07204
2074,30.5,3.7,07205
2075,33.8,3.5,07206
2076,33.7,3.4,07208
2077,22.5,1.2,07302
2078,30.8,1.8,07304
2079,34.0,2.2,07305
2080,28.3,1.5,07306
2081,29.5,1.7,07307
2082,23.5,2.6,07310
2083,21.4,6.7,07311
2084,28.0,32.7,07401
2085,32.7,6.7,07403
2086,24.8,5.6,07405
2087,29.9,7.0,07407
2088,36.3,5.7,07410
2089,24.7,11.2,07416
2090,34.2,5.4,07417
2091,-666666666.0,-222222222.0,07418
2092,35.7,9.2,07419
2093,33.2,12.3,07420
2094,33.4,11.5,07421
2095,51.0,-333333333.0,07422
2096,51.0,-333333333.0,07423
2097,27.7,4.4,07424
2098,27.5,6.3,07430
2099,22.3,2.9,07432
2100,23.0,4.5,07435
2101,35.1,11.6,07436
2102,29.5,21.0,07438
2103,43.2,26.3,07439
2104,27.3,6.6,07440
2105,20.8,6.5,07442
2106,51.0,-333333333.0,07444
2107,32.9,5.3,07446
2108,26.7,3.8,07450
2109,51.0,-333333333.0,07452
2110,35.9,17.0,07456
2111,30.0,4.7,07457
2112,36.7,18.9,07458
2113,-666666666.0,-222222222.0,07460
2114,33.4,8.0,07461
2115,28.3,9.6,07462
2116,27.6,7.4,07463
2117,27.3,2.2,07465
2118,29.0,4.1,07470
2119,29.7,18.1,07480
2120,36.2,7.8,07481
2121,37.4,4.3,07501
2122,36.2,5.4,07502
2123,34.3,4.3,07503
2124,33.9,5.0,07504
2125,32.3,4.6,07505
2126,29.0,3.6,07506
2127,38.4,3.9,07508
2128,31.4,7.1,07512
2129,32.7,4.3,07513
2130,35.3,6.8,07514
2131,37.9,3.7,07522
2132,37.4,5.7,07524
2133,30.9,2.6,07601
2134,35.8,6.1,07603
2135,37.3,11.5,07604
2136,29.6,16.8,07605
2137,45.6,10.3,07606
2138,32.2,5.0,07607
2139,51.0,-333333333.0,07608
2140,20.0,6.1,07620
2141,32.2,4.7,07621
2142,30.0,10.2,07624
2143,40.5,15.1,07626
2144,47.2,29.8,07627
2145,32.3,2.0,07628
2146,32.1,5.7,07630
2147,35.3,6.1,07631
2148,42.4,30.9,07632
2149,33.0,53.8,07640
2150,31.3,28.9,07641
2151,27.5,13.7,07642
2152,28.7,3.8,07643
2153,30.5,3.5,07644
2154,34.8,20.3,07645
2155,30.4,3.6,07646
2156,40.6,21.9,07647
2157,38.5,5.2,07648
2158,26.0,5.7,07649
2159,31.6,2.9,07650
2160,37.3,10.0,07652
2161,34.4,8.2,07656
2162,28.8,5.5,07657
2163,29.1,6.0,07660
2164,31.7,8.6,07661
2165,48.7,20.1,07662
2166,28.2,5.5,07663
2167,26.5,3.2,07666
2168,24.0,2.5,07670
2169,27.5,2.9,07675
2170,22.8,2.2,07676
2171,51.0,-333333333.0,07677
2172,31.8,5.0,07701
2173,51.0,-333333333.0,07702
2174,-666666666.0,-222222222.0,07703
2175,17.6,11.8,07704
2176,37.0,11.7,07711
2177,32.2,3.0,07712
2178,28.4,2.4,07716
2179,24.0,2.6,07717
2180,27.4,4.2,07718
2181,31.5,2.4,07719
2182,24.2,4.7,07720
2183,24.0,4.6,07721
2184,19.5,10.2,07722
2185,24.5,5.7,07723
2186,28.2,5.2,07724
2187,37.6,9.0,07726
2188,42.2,7.8,07727
2189,37.3,7.3,07728
2190,30.8,4.5,07730
2191,43.7,11.6,07731
2192,27.4,10.0,07732
2193,51.0,-333333333.0,07733
2194,29.6,8.7,07734
2195,29.8,2.9,07735
2196,33.0,6.8,07737
2197,31.3,6.2,07738
2198,18.1,3.4,07739
2199,32.2,3.8,07740
2200,35.5,24.3,07746
2201,26.8,2.2,07747
2202,29.1,8.6,07748
2203,32.3,14.6,07750
2204,27.6,5.5,07751
2205,36.4,5.6,07753
2206,32.7,14.2,07755
2207,28.0,4.8,07756
2208,51.0,-333333333.0,07757
2209,45.2,6.2,07758
2210,22.5,4.1,07760
2211,32.9,5.3,07762
2212,46.4,26.0,07764
2213,38.0,4.8,07801
2214,51.0,-333333333.0,07803
2215,-666666666.0,-222222222.0,07820
2216,27.8,10.5,07821
2217,-666666666.0,-222222222.0,07822
2218,24.6,9.7,07823
2219,30.6,10.0,07825
2220,24.2,7.7,07826
2221,44.3,23.3,07827
2222,27.7,2.6,07828
2223,51.0,-333333333.0,07830
2224,-666666666.0,-222222222.0,07831
2225,22.4,7.6,07832
2226,-666666666.0,-222222222.0,07833
2227,36.4,12.0,07834
2228,27.7,4.3,07836
2229,23.4,38.5,07838
2230,30.4,3.2,07840
2231,-666666666.0,-222222222.0,07842
2232,29.8,9.3,07843
2233,25.3,14.7,07844
2234,-666666666.0,-222222222.0,07846
2235,33.0,1.7,07847
2236,31.7,6.4,07848
2237,24.7,11.8,07849
2238,51.0,-333333333.0,07850
2239,-666666666.0,-222222222.0,07851
2240,38.8,8.3,07852
2241,35.2,8.8,07853
2242,27.4,6.7,07856
2243,37.0,17.0,07857
2244,34.7,6.8,07860
2245,37.2,16.5,07863
2246,30.0,25.2,07865
2247,24.4,10.1,07866
2248,33.7,9.8,07869
2249,-666666666.0,-222222222.0,07870
2250,40.3,7.1,07871
2251,33.0,4.6,07874
2252,20.0,8.9,07876
2253,-666666666.0,-222222222.0,07878
2254,-666666666.0,-222222222.0,07880
2255,-666666666.0,-222222222.0,07881
2256,26.7,5.4,07882
2257,28.6,4.5,07885
2258,24.9,4.5,07901
2259,27.0,4.6,07920
2260,29.5,5.4,07921
2261,43.4,23.6,07922
2262,28.1,20.4,07924
2263,-666666666.0,-222222222.0,07926
2264,23.9,11.4,07927
2265,30.8,7.9,07928
2266,51.0,-333333333.0,07930
2267,33.5,36.1,07931
2268,28.2,4.0,07932
2269,-666666666.0,-222222222.0,07933
2270,35.6,46.8,07934
2271,51.0,-333333333.0,07935
2272,19.2,6.7,07936
2273,-666666666.0,-222222222.0,07939
2274,32.0,4.2,07940
2275,27.4,2.3,07945
2276,-666666666.0,-222222222.0,07946
2277,25.1,2.8,07950
2278,26.8,1.2,07960
2279,-666666666.0,-222222222.0,07961
2280,-666666666.0,-222222222.0,07970
2281,27.1,4.9,07974
2282,-666666666.0,-222222222.0,07976
2283,-666666666.0,-222222222.0,07977
2284,-666666666.0,-222222222.0,07979
2285,24.7,8.4,07980
2286,33.1,8.4,07981
2287,-666666666.0,-222222222.0,08001
2288,26.3,2.1,08002
2289,33.7,7.1,08003
2290,36.7,2.6,08004
2291,29.7,9.3,08005
2292,-666666666.0,-222222222.0,08006
2293,29.3,5.0,08007
2294,36.0,13.0,08008
2295,28.6,5.0,08009
2296,33.1,6.6,08010
2297,-666666666.0,-222222222.0,08011
2298,34.8,2.8,08012
2299,-666666666.0,-222222222.0,08014
2300,28.5,4.2,08015
2301,30.4,5.9,08016
2302,21.3,16.1,08019
2303,-666666666.0,-222222222.0,08020
2304,34.0,2.3,08021
2305,51.0,-333333333.0,08022
2306,39.7,8.5,08023
2307,42.6,12.4,08026
2308,26.6,13.3,08027
2309,30.8,4.2,08028
2310,33.0,9.7,08029
2311,30.6,4.4,08030
2312,25.1,5.1,08031
2313,-666666666.0,-222222222.0,08032
2314,28.2,3.8,08033
2315,25.8,8.0,08034
2316,27.6,4.1,08035
2317,27.7,15.9,08036
2318,33.6,4.2,08037
2319,-666666666.0,-222222222.0,08038
2320,-666666666.0,-222222222.0,08039
2321,-666666666.0,-222222222.0,08041
2322,-666666666.0,-222222222.0,08042
2323,32.9,2.8,08043
2324,28.8,24.3,08045
2325,24.4,7.6,08046
2326,34.4,3.9,08048
2327,23.2,11.3,08049
2328,25.4,7.0,08050
2329,29.0,5.5,08051
2330,33.2,5.6,08052
2331,30.7,2.9,08053
2332,29.3,4.0,08054
2333,34.4,10.1,08055
2334,-666666666.0,-222222222.0,08056
2335,28.9,7.3,08057
2336,24.9,6.3,08059
2337,31.3,3.2,08060
2338,-666666666.0,-222222222.0,08061
2339,28.2,7.2,08062
2340,51.0,-333333333.0,08063
2341,-666666666.0,-222222222.0,08064
2342,33.9,12.6,08065
2343,31.8,3.0,08066
2344,22.2,4.1,08067
2345,22.4,4.4,08068
2346,30.4,4.8,08069
2347,35.6,4.3,08070
2348,31.7,2.6,08071
2349,-666666666.0,-222222222.0,08072
2350,-666666666.0,-222222222.0,08073
2351,-666666666.0,-222222222.0,08074
2352,33.7,3.0,08075
2353,27.9,4.2,08077
2354,28.7,3.2,08078
2355,37.2,7.4,08079
2356,33.9,5.0,08080
2357,41.9,7.1,08081
2358,31.9,3.5,08083
2359,29.7,5.1,08084
2360,30.9,4.2,08085
2361,32.7,4.2,08086
2362,38.5,3.3,08087
2363,23.3,9.0,08088
2364,28.8,10.3,08089
2365,37.7,49.4,08090
2366,41.5,11.5,08091
2367,34.6,3.7,08092
2368,48.0,13.5,08093
2369,28.0,4.7,08094
2370,-666666666.0,-222222222.0,08095
2371,32.2,2.7,08096
2372,35.8,10.3,08097
2373,25.4,3.0,08098
2374,34.7,8.6,08102
2375,42.3,15.4,08103
2376,40.5,6.8,08104
2377,34.2,3.6,08105
2378,23.3,1.8,08106
2379,34.0,4.9,08107
2380,28.0,3.1,08108
2381,35.4,5.8,08109
2382,29.0,6.1,08110
2383,40.2,9.5,08201
2384,24.1,18.8,08202
2385,33.9,11.8,08203
2386,27.4,6.7,08204
2387,32.5,5.4,08205
2388,43.9,17.1,08210
2389,-666666666.0,-222222222.0,08212
2390,26.6,4.9,08215
2391,-666666666.0,-222222222.0,08217
2392,37.0,24.1,08221
2393,36.6,11.2,08223
2394,-666666666.0,-222222222.0,08224
2395,23.9,19.9,08225
2396,38.5,15.0,08226
2397,18.5,19.8,08230
2398,42.0,7.3,08232
2399,36.3,8.8,08234
2400,-666666666.0,-222222222.0,08240
2401,31.6,3.9,08241
2402,29.3,11.3,08242
2403,34.2,14.3,08243
2404,31.6,3.8,08244
2405,-666666666.0,-222222222.0,08245
2406,-666666666.0,-222222222.0,08246
2407,16.5,5.9,08247
2408,-666666666.0,-222222222.0,08248
2409,45.5,21.9,08251
2410,33.0,3.9,08260
2411,30.1,6.7,08270
2412,32.5,3.8,08302
2413,29.6,10.3,08310
2414,14.6,13.3,08311
2415,29.5,11.6,08312
2416,-666666666.0,-222222222.0,08314
2417,-666666666.0,-222222222.0,08316
2418,-666666666.0,-222222222.0,08317
2419,37.5,6.5,08318
2420,-666666666.0,-222222222.0,08319
2421,-666666666.0,-222222222.0,08320
2422,-666666666.0,-222222222.0,08321
2423,23.2,4.4,08322
2424,21.9,28.3,08323
2425,-666666666.0,-222222222.0,08324
2426,25.2,11.2,08326
2427,-666666666.0,-222222222.0,08327
2428,-666666666.0,-222222222.0,08328
2429,-666666666.0,-222222222.0,08329
2430,31.6,4.0,08330
2431,35.4,6.3,08332
2432,33.5,43.5,08340
2433,35.3,13.7,08341
2434,25.3,4.9,08343
2435,45.6,19.7,08344
2436,-666666666.0,-222222222.0,08345
2437,-666666666.0,-222222222.0,08346
2438,-666666666.0,-222222222.0,08348
2439,51.0,-333333333.0,08349
2440,-666666666.0,-222222222.0,08350
2441,-666666666.0,-222222222.0,08352
2442,-666666666.0,-222222222.0,08353
2443,31.8,2.5,08360
2444,40.2,9.1,08361
2445,33.7,1.5,08401
2446,25.8,5.8,08402
2447,42.5,56.1,08403
2448,33.2,6.8,08406
2449,23.9,4.1,08501
2450,25.7,4.2,08502
2451,30.1,5.3,08505
2452,-666666666.0,-222222222.0,08510
2453,23.6,7.8,08511
2454,30.8,6.3,08512
2455,27.9,20.7,08514
2456,16.3,23.8,08515
2457,31.1,10.7,08518
2458,27.5,3.5,08520
2459,46.6,8.4,08525
2460,39.5,8.7,08527
2461,-666666666.0,-222222222.0,08528
2462,44.8,35.3,08530
2463,51.0,-333333333.0,08533
2464,26.9,16.9,08534
2465,-666666666.0,-222222222.0,08535
2466,23.7,1.5,08536
2467,24.6,2.0,08540
2468,29.2,5.8,08542
2469,-666666666.0,-222222222.0,08544
2470,18.2,1.0,08550
2471,28.1,6.0,08551
2472,21.8,5.7,08553
2473,28.4,2.0,08554
2474,41.5,21.3,08555
2475,48.3,16.8,08558
2476,18.8,3.4,08559
2477,9.0,-333333333.0,08560
2478,-666666666.0,-222222222.0,08561
2479,35.5,9.3,08562
2480,23.6,4.9,08608
2481,31.4,7.4,08609
2482,35.2,8.3,08610
2483,36.1,4.2,08611
2484,32.9,2.5,08618
2485,28.7,2.7,08619
2486,34.4,19.4,08620
2487,25.7,3.6,08628
2488,27.5,5.4,08629
2489,36.1,4.1,08638
2490,35.3,5.4,08640
2491,40.0,8.0,08641
2492,27.8,3.0,08648
2493,27.9,11.8,08690
2494,36.7,7.3,08691
2495,41.0,4.3,08701
2496,-666666666.0,-222222222.0,08720
2497,30.9,13.7,08721
2498,42.1,7.7,08722
2499,25.5,4.2,08723
2500,38.3,6.7,08724
2501,38.6,9.9,08730
2502,38.9,17.3,08731
2503,27.3,6.0,08732
2504,33.1,8.7,08733
2505,32.6,0.9,08734
2506,34.2,14.8,08735
2507,31.3,11.1,08736
2508,17.7,8.9,08738
2509,20.6,50.4,08740
2510,31.6,12.1,08741
2511,31.7,2.1,08742
2512,33.0,5.5,08750
2513,51.0,-333333333.0,08751
2514,32.8,13.5,08752
2515,27.7,2.1,08753
2516,34.3,6.4,08755
2517,46.9,12.9,08757
2518,31.6,19.9,08758
2519,26.8,3.6,08759
2520,22.8,4.3,08801
2521,-666666666.0,-222222222.0,08802
2522,36.0,14.5,08804
2523,42.5,6.8,08805
2524,29.7,5.6,08807
2525,34.9,7.6,08809
2526,27.7,7.8,08810
2527,34.4,13.3,08812
2528,30.1,4.2,08816
2529,24.6,1.2,08817
2530,25.5,4.5,08820
2531,-666666666.0,-222222222.0,08821
2532,28.7,3.1,08822
2533,29.2,8.7,08823
2534,25.0,12.0,08824
2535,29.8,5.8,08825
2536,29.2,17.2,08826
2537,33.4,19.9,08827
2538,26.1,2.4,08828
2539,36.6,18.4,08829
2540,29.9,4.1,08830
2541,39.4,10.7,08831
2542,44.4,16.7,08832
2543,24.1,3.8,08833
2544,30.2,11.4,08835
2545,-666666666.0,-222222222.0,08836
2546,24.4,3.0,08837
2547,27.6,1.5,08840
2548,29.1,3.4,08844
2549,28.9,4.6,08846
2550,27.8,6.5,08848
2551,31.6,13.6,08850
2552,23.3,1.3,08852
2553,22.4,9.6,08853
2554,25.6,2.6,08854
2555,27.6,2.4,08857
2556,-666666666.0,-222222222.0,08858
2557,29.1,5.0,08859
2558,37.2,2.6,08861
2559,27.4,6.2,08863
2560,30.1,5.0,08865
2561,19.6,36.0,08867
2562,28.2,2.9,08869
2563,31.6,4.6,08872
2564,27.9,1.8,08873
2565,27.6,2.2,08876
2566,29.5,7.4,08879
2567,43.9,20.5,08880
2568,33.3,8.3,08882
2569,34.3,8.1,08884
2570,21.7,2.8,08886
2571,26.7,31.6,08887
2572,31.4,7.5,08889
2573,-666666666.0,-222222222.0,08890
2574,35.2,4.5,08901
2575,26.0,2.4,08902
2576,27.3,2.1,08904
2577,25.3,2.0,10001
2578,30.9,1.3,10002
2579,28.4,2.2,10003
2580,30.5,10.9,10004
2581,29.0,3.7,10005
2582,26.0,4.8,10006
2583,20.0,4.1,10007
2584,27.0,1.4,10009
2585,26.5,3.0,10010
2586,26.8,2.5,10011
2587,25.5,2.3,10012
2588,28.3,3.4,10013
2589,23.7,1.0,10014
2590,29.1,1.3,10016
2591,34.0,5.2,10017
2592,29.8,3.6,10018
2593,27.8,1.8,10019
2594,-666666666.0,-222222222.0,10020
2595,26.2,1.8,10021
2596,29.0,2.9,10022
2597,27.2,1.4,10023
2598,26.2,2.2,10024
2599,28.7,2.2,10025
2600,28.1,1.1,10026
2601,30.3,1.8,10027
2602,25.7,2.4,10028
2603,31.5,1.4,10029
2604,37.8,2.9,10030
2605,31.8,3.2,10031
2606,33.4,1.8,10032
2607,32.0,2.1,10033
2608,31.2,2.1,10034
2609,32.0,2.2,10035
2610,29.7,1.7,10036
2611,33.6,2.6,10037
2612,28.8,2.8,10038
2613,32.4,2.3,10039
2614,32.6,3.0,10040
2615,34.1,4.5,10044
2616,27.2,3.0,10065
2617,23.7,8.8,10069
2618,28.8,4.7,10075
2619,-666666666.0,-222222222.0,10103
2620,-666666666.0,-222222222.0,10110
2621,-666666666.0,-222222222.0,10111
2622,-666666666.0,-222222222.0,10112
2623,-666666666.0,-222222222.0,10115
2624,-666666666.0,-222222222.0,10119
2625,25.9,1.8,10128
2626,-666666666.0,-222222222.0,10152
2627,-666666666.0,-222222222.0,10153
2628,-666666666.0,-222222222.0,10154
2629,47.7,45.4,10162
2630,-666666666.0,-222222222.0,10165
2631,-666666666.0,-222222222.0,10167
2632,-666666666.0,-222222222.0,10168
2633,-666666666.0,-222222222.0,10169
2634,-666666666.0,-222222222.0,10170
2635,-666666666.0,-222222222.0,10171
2636,-666666666.0,-222222222.0,10172
2637,-666666666.0,-222222222.0,10173
2638,-666666666.0,-222222222.0,10174
2639,-666666666.0,-222222222.0,10177
2640,-666666666.0,-222222222.0,10199
2641,-666666666.0,-222222222.0,10271
2642,-666666666.0,-222222222.0,10278
2643,9.0,-333333333.0,10279
2644,24.6,7.1,10280
2645,20.8,6.6,10282
2646,32.6,2.4,10301
2647,45.7,5.9,10302
2648,37.6,9.2,10303
2649,34.7,4.6,10304
2650,34.1,4.9,10305
2651,34.3,3.0,10306
2652,27.2,6.2,10307
2653,31.5,2.4,10308
2654,35.0,13.6,10309
2655,33.5,7.8,10310
2656,-666666666.0,-222222222.0,10311
2657,32.9,2.6,10312
2658,29.6,2.8,10314
2659,36.7,3.2,10451
2660,38.3,3.2,10452
2661,41.3,3.6,10453
2662,35.8,2.9,10454
2663,36.1,3.8,10455
2664,35.7,2.6,10456
2665,35.9,2.8,10457
2666,36.7,2.9,10458
2667,39.3,3.1,10459
2668,38.3,3.9,10460
2669,34.7,2.9,10461
2670,36.4,1.8,10462
2671,33.9,3.0,10463
2672,40.6,24.5,10464
2673,33.4,3.0,10465
2674,36.0,2.4,10466
2675,34.9,1.7,10467
2676,40.1,3.0,10468
2677,35.9,3.5,10469
2678,28.5,4.0,10470
2679,27.7,3.8,10471
2680,39.1,2.0,10472
2681,31.4,1.9,10473
2682,37.5,5.6,10474
2683,29.2,2.0,10475
2684,-666666666.0,-222222222.0,10501
2685,24.0,60.9,10502
2686,-666666666.0,-222222222.0,10503
2687,23.5,6.4,10504
2688,51.0,-333333333.0,10505
2689,26.4,4.0,10506
2690,36.9,16.1,10507
2691,32.7,5.2,10509
2692,51.0,-333333333.0,10510
2693,27.9,4.7,10511
2694,39.7,8.0,10512
2695,27.3,26.2,10514
2696,27.8,11.1,10516
2697,26.3,40.7,10517
2698,-666666666.0,-222222222.0,10518
2699,-666666666.0,-222222222.0,10519
2700,31.6,2.6,10520
2701,31.6,9.9,10522
2702,34.2,4.6,10523
2703,24.3,21.1,10524
2704,16.3,18.6,10526
2705,-666666666.0,-222222222.0,10527
2706,31.7,5.8,10528
2707,36.5,6.6,10530
2708,44.2,24.5,10532
2709,29.6,32.0,10533
2710,51.0,-333333333.0,10535
2711,29.0,54.9,10536
2712,35.3,36.5,10537
2713,37.3,11.2,10538
2714,-666666666.0,-222222222.0,10540
2715,48.7,12.7,10541
2716,-666666666.0,-222222222.0,10542
2717,34.6,16.9,10543
2718,-666666666.0,-222222222.0,10545
2719,34.1,64.1,10546
2720,19.1,11.9,10547
2721,31.7,14.0,10548
2722,31.6,9.5,10549
2723,33.2,1.9,10550
2724,28.3,4.0,10552
2725,31.6,5.9,10553
2726,25.6,8.7,10560
2727,36.1,3.8,10562
2728,36.5,7.7,10566
2729,32.6,17.6,10567
2730,44.6,9.8,10570
2731,31.5,2.6,10573
2732,19.0,32.3,10576
2733,-666666666.0,-222222222.0,10577
2734,-666666666.0,-222222222.0,10578
2735,36.9,2.4,10579
2736,31.1,6.5,10580
2737,35.9,6.7,10583
2738,9.0,-333333333.0,10588
2739,51.0,-333333333.0,10589
2740,36.0,13.7,10590
2741,30.3,4.0,10591
2742,36.3,7.4,10594
2743,47.9,12.9,10595
2744,20.0,14.7,10596
2745,-666666666.0,-222222222.0,10597
2746,26.5,7.8,10598
2747,31.7,3.8,10601
2748,32.8,3.4,10603
2749,30.5,6.0,10604
2750,32.1,5.7,10605
2751,32.0,2.2,10606
2752,23.3,18.2,10607
2753,34.1,2.5,10701
2754,34.7,5.9,10703
2755,28.7,5.4,10704
2756,32.5,2.4,10705
2757,27.7,7.8,10706
2758,31.8,1.4,10707
2759,26.6,2.4,10708
2760,31.9,5.6,10709
2761,32.6,4.0,10710
2762,31.9,1.9,10801
2763,26.1,5.2,10803
2764,17.3,10.3,10804
2765,28.0,2.4,10805
2766,34.8,6.3,10901
2767,-666666666.0,-222222222.0,10910
2768,-666666666.0,-222222222.0,10911
2769,51.0,-333333333.0,10913
2770,-666666666.0,-222222222.0,10914
2771,-666666666.0,-222222222.0,10915
2772,30.7,63.7,10916
2773,-666666666.0,-222222222.0,10917
2774,25.3,7.8,10918
2775,-666666666.0,-222222222.0,10919
2776,26.9,8.0,10920
2777,21.8,3.4,10921
2778,21.0,4.6,10922
2779,28.9,4.2,10923
2780,29.2,6.7,10924
2781,51.0,-333333333.0,10925
2782,30.9,4.5,10926
2783,43.7,9.8,10927
2784,37.5,4.6,10928
2785,32.9,22.1,10930
2786,33.4,9.6,10931
2787,-666666666.0,-222222222.0,10932
2788,-666666666.0,-222222222.0,10933
2789,32.5,1.6,10940
2790,28.4,5.1,10941
2791,51.0,-333333333.0,10950
2792,44.6,12.0,10952
2793,-666666666.0,-222222222.0,10953
2794,33.6,5.5,10954
2795,42.3,20.0,10956
2796,23.3,38.2,10958
2797,28.0,5.2,10960
2798,33.4,8.4,10962
2799,28.9,9.9,10963
2800,-666666666.0,-222222222.0,10964
2801,40.1,11.9,10965
2802,27.9,10.0,10968
2803,-666666666.0,-222222222.0,10969
2804,28.1,23.6,10970
2805,51.0,-333333333.0,10973
2806,23.8,4.1,10974
2807,27.9,18.6,10975
2808,33.4,25.8,10976
2809,44.0,4.9,10977
2810,-666666666.0,-222222222.0,10979
2811,47.4,7.8,10980
2812,42.2,19.9,10983
2813,44.4,5.2,10984
2814,-666666666.0,-222222222.0,10985
2815,37.7,22.1,10986
2816,43.5,7.9,10987
2817,20.6,4.6,10988
2818,31.3,9.5,10989
2819,31.6,7.3,10990
2820,51.0,-333333333.0,10992
2821,33.3,29.6,10993
2822,22.1,23.0,10994
2823,32.7,2.1,10996
2824,26.3,18.1,10998
2825,33.8,11.0,11001
2826,32.3,10.6,11003
2827,23.4,2.9,11004
2828,44.2,10.8,11005
2829,33.8,10.0,11010
2830,22.6,2.3,11020
2831,31.9,3.3,11021
2832,27.3,9.5,11023
2833,31.3,21.5,11024
2834,24.5,14.6,11030
2835,26.9,4.9,11040
2836,-666666666.0,-222222222.0,11042
2837,35.6,4.7,11050
2838,35.7,9.6,11096
2839,26.3,1.6,11101
2840,27.0,1.5,11102
2841,28.0,1.4,11103
2842,30.9,2.0,11104
2843,27.1,1.6,11105
2844,28.5,1.2,11106
2845,24.2,2.0,11109
2846,24.9,1.2,11201
2847,34.7,2.0,11203
2848,35.6,2.1,11204
2849,28.5,1.5,11205
2850,30.7,1.2,11206
2851,33.0,1.7,11207
2852,32.8,2.4,11208
2853,28.5,1.1,11209
2854,33.0,2.9,11210
2855,26.6,1.2,11211
2856,34.7,2.7,11212
2857,32.4,1.7,11213
2858,32.7,1.4,11214
2859,24.1,1.1,11215
2860,27.5,1.0,11216
2861,25.6,1.4,11217
2862,30.8,2.3,11218
2863,38.4,2.3,11219
2864,33.2,1.2,11220
2865,30.8,1.6,11221
2866,26.2,1.4,11222
2867,37.1,2.8,11223
2868,32.5,1.2,11224
2869,28.1,1.6,11225
2870,29.8,1.1,11226
2871,35.4,4.7,11228
2872,32.0,1.9,11229
2873,34.2,1.8,11230
2874,23.7,1.2,11231
2875,29.2,2.8,11232
2876,32.2,1.8,11233
2877,31.7,1.8,11234
2878,38.2,2.2,11235
2879,32.3,3.2,11236
2880,33.5,1.9,11237
2881,25.1,1.2,11238
2882,31.3,1.7,11239
2883,24.4,1.5,11249
2884,37.7,2.7,11354
2885,38.0,1.9,11355
2886,39.5,6.8,11356
2887,34.2,6.3,11357
2888,33.5,2.5,11358
2889,-666666666.0,-222222222.0,11359
2890,30.7,4.7,11360
2891,29.1,3.1,11361
2892,28.1,2.7,11362
2893,34.0,12.6,11363
2894,34.2,7.2,11364
2895,30.1,2.0,11365
2896,24.9,4.8,11366
2897,32.3,2.6,11367
2898,34.2,2.3,11368
2899,33.5,2.0,11369
2900,33.7,5.1,11370
2901,-666666666.0,-222222222.0,11371
2902,31.8,2.6,11372
2903,34.3,1.4,11373
2904,31.7,2.4,11374
2905,28.4,1.9,11375
2906,31.3,1.4,11377
2907,33.1,2.4,11378
2908,31.1,3.2,11379
2909,28.8,1.0,11385
2910,33.8,4.7,11411
2911,32.4,3.5,11412
2912,30.8,4.4,11413
2913,34.7,6.4,11414
2914,32.3,2.9,11415
2915,34.8,3.5,11416
2916,32.5,5.8,11417
2917,32.0,4.1,11418
2918,36.0,2.5,11419
2919,32.2,2.6,11420
2920,32.8,4.7,11421
2921,32.7,5.5,11422
2922,35.4,4.9,11423
2923,-666666666.0,-222222222.0,11424
2924,31.4,7.0,11426
2925,30.6,2.8,11427
2926,49.0,12.9,11428
2927,37.6,12.9,11429
2928,-666666666.0,-222222222.0,11430
2929,34.6,3.0,11432
2930,34.6,3.4,11433
2931,30.1,3.0,11434
2932,32.5,1.4,11435
2933,40.1,8.7,11436
2934,-666666666.0,-222222222.0,11439
2935,-666666666.0,-222222222.0,11451
2936,28.1,4.7,11501
2937,27.1,15.0,11507
2938,32.5,17.1,11509
2939,32.4,8.0,11510
2940,30.4,11.7,11514
2941,38.7,14.1,11516
2942,29.8,14.0,11518
2943,31.7,6.1,11520
2944,35.6,13.2,11530
2945,38.8,3.9,11542
2946,45.6,3.3,11545
2947,51.0,-333333333.0,11547
2948,-666666666.0,-222222222.0,11548
2949,-666666666.0,-222222222.0,11549
2950,33.1,2.1,11550
2951,32.8,10.3,11552
2952,38.0,8.7,11553
2953,46.9,7.3,11554
2954,-666666666.0,-222222222.0,11556
2955,51.0,-333333333.0,11557
2956,36.4,7.9,11558
2957,28.3,11.9,11559
2958,51.0,-333333333.0,11560
2959,31.2,2.6,11561
2960,31.6,9.8,11563
2961,23.6,6.5,11565
2962,33.1,21.5,11566
2963,41.1,47.3,11568
2964,33.4,20.0,11569
2965,31.9,4.0,11570
2966,28.4,1.8,11572
2967,40.1,17.6,11575
2968,28.3,7.3,11576
2969,35.9,22.9,11577
2970,30.4,12.6,11579
2971,33.8,5.1,11580
2972,27.8,13.3,11581
2973,25.9,3.3,11590
2974,31.9,2.1,11596
2975,35.9,23.3,11598
2976,33.4,2.9,11691
2977,36.8,2.6,11692
2978,31.4,5.0,11693
2979,25.0,3.8,11694
2980,-666666666.0,-222222222.0,11697
2981,36.1,5.0,11701
2982,31.3,4.8,11702
2983,34.7,9.2,11703
2984,33.7,3.5,11704
2985,32.6,3.8,11705
2986,33.2,4.5,11706
2987,35.5,5.2,11709
2988,29.4,9.3,11710
2989,38.1,4.1,11713
2990,46.0,20.6,11714
2991,49.0,40.3,11715
2992,43.6,7.6,11716
2993,18.8,18.5,11718
2994,34.8,55.7,11719
2995,40.6,15.3,11720
2996,21.3,19.4,11721
2997,40.2,8.9,11722
2998,-666666666.0,-222222222.0,11724
2999,37.9,26.2,11725
3000,28.8,7.4,11726
3001,32.6,3.6,11727
3002,32.1,3.7,11729
3003,47.5,23.7,11730
3004,23.4,2.6,11731
3005,33.2,53.6,11732
3006,32.1,23.8,11733
3007,33.9,4.6,11735
3008,34.6,7.9,11738
3009,-666666666.0,-222222222.0,11739
3010,39.6,26.0,11740
3011,27.2,3.4,11741
3012,33.0,8.1,11742
3013,27.6,9.2,11743
3014,23.8,3.9,11746
3015,34.0,2.6,11747
3016,34.5,17.2,11749
3017,51.0,-333333333.0,11751
3018,35.8,16.4,11752
3019,34.3,3.7,11753
3020,34.8,7.7,11754
3021,37.9,14.1,11755
3022,24.2,6.5,11756
3023,34.7,7.4,11757
3024,27.1,4.3,11758
3025,12.3,17.5,11762
3026,42.8,7.4,11763
3027,33.4,9.7,11764
3028,51.0,-333333333.0,11765
3029,36.5,48.2,11766
3030,37.0,5.2,11767
3031,25.6,10.7,11768
3032,51.0,-333333333.0,11769
3033,-666666666.0,-222222222.0,11770
3034,32.5,3.4,11771
3035,34.8,2.3,11772
3036,46.6,5.6,11776
3037,26.2,5.4,11777
3038,51.0,-333333333.0,11778
3039,32.8,1.7,11779
3040,32.9,4.4,11780
3041,33.7,14.4,11782
3042,29.5,10.3,11783
3043,37.8,1.9,11784
3044,32.1,6.9,11786
3045,31.8,3.1,11787
3046,33.2,5.3,11788
3047,39.4,35.2,11789
3048,37.0,6.9,11790
3049,24.6,12.2,11791
3050,-666666666.0,-222222222.0,11792
3051,24.7,4.2,11793
3052,-666666666.0,-222222222.0,11794
3053,25.8,5.1,11795
3054,23.8,11.3,11796
3055,50.0,26.5,11797
3056,25.1,8.6,11801
3057,34.3,12.1,11803
3058,41.6,16.6,11804
3059,35.5,6.5,11901
3060,-666666666.0,-222222222.0,11930
3061,-666666666.0,-222222222.0,11931
3062,-666666666.0,-222222222.0,11932
3063,32.1,3.5,11933
3064,37.4,10.1,11934
3065,51.0,-333333333.0,11935
3066,48.5,20.3,11937
3067,23.3,23.7,11939
3068,38.4,17.0,11940
3069,18.3,27.1,11941
3070,29.8,15.2,11942
3071,35.8,8.5,11944
3072,27.5,10.1,11946
3073,-666666666.0,-222222222.0,11947
3074,-666666666.0,-222222222.0,11948
3075,35.6,16.9,11949
3076,34.1,25.7,11950
3077,51.0,-333333333.0,11951
3078,21.9,60.3,11952
3079,48.7,13.4,11953
3080,26.8,2.3,11954
3081,45.4,13.0,11955
3082,-666666666.0,-222222222.0,11956
3083,-666666666.0,-222222222.0,11957
3084,34.5,14.3,11958
3085,51.0,-333333333.0,11959
3086,-666666666.0,-222222222.0,11960
3087,22.9,9.6,11961
3088,-666666666.0,-222222222.0,11962
3089,30.8,6.4,11963
3090,-666666666.0,-222222222.0,11964
3091,-666666666.0,-222222222.0,11965
3092,51.0,-333333333.0,11967
3093,30.6,13.9,11968
3094,-666666666.0,-222222222.0,11970
3095,27.6,10.9,11971
3096,-666666666.0,-222222222.0,11972
3097,-666666666.0,-222222222.0,11973
3098,-666666666.0,-222222222.0,11975
3099,30.4,25.9,11976
3100,43.9,27.2,11977
3101,39.8,14.8,11978
3102,51.0,-333333333.0,11980
3103,-666666666.0,-222222222.0,12007
3104,-666666666.0,-222222222.0,12008
3105,24.7,3.7,12009
3106,28.3,1.4,12010
3107,24.8,4.8,12015
3108,24.2,4.3,12017
3109,20.9,4.0,12018
3110,26.6,3.3,12019
3111,23.9,2.2,12020
3112,26.3,3.7,12022
3113,32.2,21.1,12023
3114,-666666666.0,-222222222.0,12024
3115,32.1,12.3,12025
3116,27.5,0.9,12027
3117,26.4,9.5,12028
3118,36.0,15.6,12029
3119,-666666666.0,-222222222.0,12031
3120,-666666666.0,-222222222.0,12032
3121,35.3,5.1,12033
3122,18.3,10.9,12035
3123,-666666666.0,-222222222.0,12036
3124,27.3,9.3,12037
3125,-666666666.0,-222222222.0,12040
3126,13.8,32.3,12041
3127,-666666666.0,-222222222.0,12042
3128,28.3,4.3,12043
3129,-666666666.0,-222222222.0,12045
3130,-666666666.0,-222222222.0,12046
3131,28.9,2.6,12047
3132,22.8,4.1,12051
3133,20.4,12.7,12052
3134,51.0,-333333333.0,12053
3135,26.5,3.7,12054
3136,31.2,19.5,12056
3137,-666666666.0,-222222222.0,12057
3138,14.2,11.6,12058
3139,35.8,16.0,12059
3140,26.4,7.2,12060
3141,34.9,5.3,12061
3142,51.0,-333333333.0,12062
3143,-666666666.0,-222222222.0,12063
3144,-666666666.0,-222222222.0,12064
3145,26.6,2.2,12065
3146,49.6,20.2,12066
3147,34.0,50.1,12067
3148,32.5,19.3,12068
3149,-666666666.0,-222222222.0,12069
3150,31.8,4.5,12070
3151,18.3,8.3,12071
3152,17.7,1.4,12072
3153,29.3,18.3,12074
3154,28.8,10.1,12075
3155,51.0,-333333333.0,12076
3156,39.1,16.5,12077
3157,25.8,3.3,12078
3158,-666666666.0,-222222222.0,12082
3159,28.5,11.5,12083
3160,25.2,3.4,12084
3161,44.2,27.6,12085
3162,16.3,15.4,12086
3163,29.7,74.1,12087
3164,30.7,10.3,12090
3165,33.0,7.7,12092
3166,38.0,10.7,12093
3167,-666666666.0,-222222222.0,12094
3168,24.1,5.2,12095
3169,43.2,9.3,12106
3170,-666666666.0,-222222222.0,12108
3171,25.7,3.8,12110
3172,-666666666.0,-222222222.0,12115
3173,18.8,9.2,12116
3174,25.7,3.9,12117
3175,27.6,4.0,12118
3176,-666666666.0,-222222222.0,12120
3177,-666666666.0,-222222222.0,12121
3178,30.6,9.6,12122
3179,22.2,6.6,12123
3180,-666666666.0,-222222222.0,12124
3181,24.1,19.1,12125
3182,-666666666.0,-222222222.0,12130
3183,18.8,33.7,12131
3184,-666666666.0,-222222222.0,12132
3185,19.7,4.5,12134
3186,-666666666.0,-222222222.0,12136
3187,-666666666.0,-222222222.0,12137
3188,23.2,8.2,12138
3189,-666666666.0,-222222222.0,12139
3190,-666666666.0,-222222222.0,12140
3191,28.5,6.7,12143
3192,25.2,2.2,12144
3193,-666666666.0,-222222222.0,12147
3194,43.9,7.0,12148
3195,30.5,11.3,12149
3196,-666666666.0,-222222222.0,12150
3197,36.3,7.3,12151
3198,-666666666.0,-222222222.0,12153
3199,35.0,33.5,12154
3200,29.6,27.6,12155
3201,15.9,14.6,12156
3202,30.5,6.1,12157
3203,26.3,3.8,12158
3204,28.1,2.1,12159
3205,24.8,46.6,12160
3206,-666666666.0,-222222222.0,12161
3207,27.9,10.5,12164
3208,-666666666.0,-222222222.0,12165
3209,22.1,8.7,12166
3210,33.6,14.2,12167
3211,30.1,21.0,12168
3212,9.0,-333333333.0,12169
3213,26.3,3.4,12170
3214,-666666666.0,-222222222.0,12172
3215,28.0,9.7,12173
3216,-666666666.0,-222222222.0,12174
3217,-666666666.0,-222222222.0,12175
3218,-666666666.0,-222222222.0,12176
3219,-666666666.0,-222222222.0,12177
3220,29.0,2.1,12180
3221,35.4,3.9,12182
3222,28.8,4.2,12183
3223,28.3,8.0,12184
3224,21.0,12.8,12185
3225,24.2,12.7,12186
3226,-666666666.0,-222222222.0,12187
3227,24.1,2.1,12188
3228,28.3,4.1,12189
3229,-666666666.0,-222222222.0,12190
3230,-666666666.0,-222222222.0,12192
3231,-666666666.0,-222222222.0,12193
3232,-666666666.0,-222222222.0,12194
3233,-666666666.0,-222222222.0,12195
3234,22.2,12.5,12196
3235,51.0,-333333333.0,12197
3236,28.6,12.5,12198
3237,28.4,3.5,12202
3238,27.9,2.9,12203
3239,24.7,3.3,12204
3240,27.3,5.0,12205
3241,39.7,11.9,12206
3242,29.4,3.6,12207
3243,31.2,3.8,12208
3244,24.0,12.7,12209
3245,28.8,3.4,12210
3246,34.4,52.9,12211
3247,41.1,23.3,12222
3248,-666666666.0,-222222222.0,12226
3249,28.6,2.3,12302
3250,43.5,10.0,12303
3251,43.3,15.6,12304
3252,28.5,4.4,12305
3253,28.3,3.6,12306
3254,51.0,-333333333.0,12307
3255,30.5,3.8,12308
3256,23.3,2.8,12309
3257,34.4,2.6,12401
3258,51.0,-333333333.0,12404
3259,-666666666.0,-222222222.0,12405
3260,51.0,-333333333.0,12406
3261,31.0,12.3,12407
3262,-666666666.0,-222222222.0,12409
3263,-666666666.0,-222222222.0,12410
3264,-666666666.0,-222222222.0,12411
3265,-666666666.0,-222222222.0,12412
3266,26.4,5.9,12413
3267,29.8,5.6,12414
3268,-666666666.0,-222222222.0,12416
3269,-666666666.0,-222222222.0,12417
3270,-666666666.0,-222222222.0,12418
3271,43.2,27.9,12419
3272,-666666666.0,-222222222.0,12420
3273,-666666666.0,-222222222.0,12421
3274,-666666666.0,-222222222.0,12422
3275,-666666666.0,-222222222.0,12423
3276,-666666666.0,-222222222.0,12424
3277,-666666666.0,-222222222.0,12427
3278,49.8,17.0,12428
3279,-666666666.0,-222222222.0,12429
3280,24.2,2.9,12430
3281,17.9,65.4,12431
3282,51.0,-333333333.0,12432
3283,-666666666.0,-222222222.0,12433
3284,29.5,31.7,12434
3285,-666666666.0,-222222222.0,12435
3286,-666666666.0,-222222222.0,12436
3287,-666666666.0,-222222222.0,12438
3288,-666666666.0,-222222222.0,12439
3289,29.0,15.7,12440
3290,-666666666.0,-222222222.0,12441
3291,34.2,40.5,12442
3292,19.0,10.4,12443
3293,-666666666.0,-222222222.0,12444
3294,29.3,21.5,12446
3295,-666666666.0,-222222222.0,12448
3296,20.4,3.4,12449
3297,-666666666.0,-222222222.0,12450
3298,51.0,-333333333.0,12451
3299,-666666666.0,-222222222.0,12452
3300,-666666666.0,-222222222.0,12453
3301,-666666666.0,-222222222.0,12454
3302,31.3,23.0,12455
3303,-666666666.0,-222222222.0,12456
3304,20.7,24.2,12457
3305,45.7,6.8,12458
3306,-666666666.0,-222222222.0,12459
3307,-666666666.0,-222222222.0,12460
3308,51.0,-333333333.0,12461
3309,11.0,4.1,12463
3310,32.5,57.6,12464
3311,-666666666.0,-222222222.0,12465
3312,29.9,68.4,12466
3313,19.3,11.8,12468
3314,-666666666.0,-222222222.0,12469
3315,51.0,-333333333.0,12470
3316,-666666666.0,-222222222.0,12471
3317,24.4,5.2,12472
3318,-666666666.0,-222222222.0,12473
3319,51.0,-333333333.0,12474
3320,-666666666.0,-222222222.0,12475
3321,29.0,1.9,12477
3322,-666666666.0,-222222222.0,12480
3323,9.0,-333333333.0,12481
3324,51.0,-333333333.0,12482
3325,-666666666.0,-222222222.0,12483
3326,-666666666.0,-222222222.0,12484
3327,45.3,22.5,12485
3328,42.8,41.6,12486
3329,22.2,14.9,12487
3330,-666666666.0,-222222222.0,12489
3331,-666666666.0,-222222222.0,12490
3332,28.4,23.3,12491
3333,-666666666.0,-222222222.0,12492
3334,-666666666.0,-222222222.0,12493
3335,-666666666.0,-222222222.0,12494
3336,-666666666.0,-222222222.0,12495
3337,42.4,31.4,12496
3338,51.0,-333333333.0,12498
3339,46.7,21.9,12501
3340,20.6,4.6,12502
3341,23.4,13.3,12503
3342,-666666666.0,-222222222.0,12504
3343,-666666666.0,-222222222.0,12507
3344,28.4,3.0,12508
3345,-666666666.0,-222222222.0,12512
3346,-666666666.0,-222222222.0,12513
3347,22.5,2.3,12514
3348,48.7,34.0,12515
3349,22.2,1.5,12516
3350,-666666666.0,-222222222.0,12517
3351,27.8,9.2,12518
3352,18.7,4.2,12520
3353,20.2,10.3,12521
3354,34.6,20.5,12522
3355,45.8,16.6,12523
3356,32.1,3.0,12524
3357,26.2,10.1,12525
3358,28.4,4.0,12526
3359,-666666666.0,-222222222.0,12527
3360,28.3,7.7,12528
3361,41.0,15.5,12529
3362,-666666666.0,-222222222.0,12530
3363,46.6,5.8,12531
3364,29.2,4.4,12533
3365,43.9,11.3,12534
3366,29.0,4.4,12538
3367,33.2,2.3,12540
3368,36.4,3.4,12542
3369,33.6,13.0,12543
3370,-666666666.0,-222222222.0,12544
3371,27.1,3.7,12545
3372,27.4,14.8,12546
3373,19.6,19.2,12547
3374,-666666666.0,-222222222.0,12548
3375,35.2,9.6,12549
3376,32.9,3.4,12550
3377,35.4,4.7,12553
3378,40.4,5.3,12561
3379,32.2,12.9,12563
3380,31.8,8.5,12564
3381,33.1,6.6,12565
3382,27.3,7.0,12566
3383,27.7,3.4,12567
3384,30.3,5.0,12569
3385,28.2,4.0,12570
3386,37.5,6.0,12571
3387,31.8,3.3,12572
3388,-666666666.0,-222222222.0,12574
3389,-666666666.0,-222222222.0,12575
3390,32.7,12.6,12577
3391,37.1,18.1,12578
3392,34.6,5.6,12580
3393,42.9,10.7,12581
3394,17.4,6.7,12582
3395,51.0,-333333333.0,12583
3396,-666666666.0,-222222222.0,12585
3397,35.7,6.5,12586
3398,33.8,7.1,12589
3399,28.7,2.3,12590
3400,51.0,-333333333.0,12592
3401,31.1,4.8,12594
3402,34.6,4.0,12601
3403,29.4,3.8,12603
3404,-666666666.0,-222222222.0,12604
3405,29.6,6.0,12701
3406,23.6,5.0,12719
3407,-666666666.0,-222222222.0,12720
3408,39.0,20.8,12721
3409,-666666666.0,-222222222.0,12722
3410,27.4,2.3,12723
3411,-666666666.0,-222222222.0,12724
3412,-666666666.0,-222222222.0,12725
3413,39.0,51.4,12726
3414,29.8,8.2,12729
3415,26.7,6.7,12732
3416,-666666666.0,-222222222.0,12733
3417,-666666666.0,-222222222.0,12734
3418,-666666666.0,-222222222.0,12736
3419,-666666666.0,-222222222.0,12737
3420,-666666666.0,-222222222.0,12738
3421,30.0,5.2,12740
3422,31.9,16.7,12741
3423,-666666666.0,-222222222.0,12742
3424,-666666666.0,-222222222.0,12743
3425,-666666666.0,-222222222.0,12745
3426,23.5,48.9,12746
3427,23.3,12.2,12747
3428,37.9,30.9,12748
3429,-666666666.0,-222222222.0,12749
3430,-666666666.0,-222222222.0,12750
3431,33.3,7.4,12751
3432,28.1,9.3,12752
3433,23.0,3.4,12754
3434,34.9,13.3,12758
3435,51.0,-333333333.0,12759
3436,-666666666.0,-222222222.0,12760
3437,50.0,37.1,12762
3438,51.0,-333333333.0,12763
3439,21.8,3.4,12764
3440,28.2,45.4,12765
3441,-666666666.0,-222222222.0,12766
3442,-666666666.0,-222222222.0,12767
3443,-666666666.0,-222222222.0,12768
3444,-666666666.0,-222222222.0,12769
3445,-666666666.0,-222222222.0,12770
3446,43.9,6.7,12771
3447,20.8,4.1,12775
3448,51.0,-333333333.0,12776
3449,29.5,2.5,12777
3450,-666666666.0,-222222222.0,12778
3451,36.4,39.1,12779
3452,28.4,16.2,12780
3453,-666666666.0,-222222222.0,12781
3454,24.6,16.0,12783
3455,-666666666.0,-222222222.0,12784
3456,-666666666.0,-222222222.0,12785
3457,-666666666.0,-222222222.0,12786
3458,-666666666.0,-222222222.0,12787
3459,51.0,-333333333.0,12788
3460,19.4,8.1,12789
3461,26.0,5.7,12790
3462,45.0,3.6,12791
3463,-666666666.0,-222222222.0,12792
3464,29.9,2.2,12801
3465,26.5,4.8,12803
3466,29.5,4.0,12804
3467,9.0,-333333333.0,12808
3468,24.1,40.5,12809
3469,-666666666.0,-222222222.0,12810
3470,-666666666.0,-222222222.0,12811
3471,-666666666.0,-222222222.0,12812
3472,23.2,4.5,12814
3473,31.4,9.8,12815
3474,34.9,14.7,12816
3475,14.9,22.3,12817
3476,24.8,9.7,12819
3477,-666666666.0,-222222222.0,12820
3478,32.5,1.0,12821
3479,23.0,6.1,12822
3480,-666666666.0,-222222222.0,12823
3481,12.9,21.5,12824
3482,31.6,14.9,12827
3483,31.6,3.8,12828
3484,27.7,4.9,12831
3485,40.3,23.1,12832
3486,28.4,21.5,12833
3487,27.6,6.1,12834
3488,30.9,12.1,12835
3489,31.0,17.6,12836
3490,17.9,3.9,12837
3491,22.4,5.4,12838
3492,26.2,7.8,12839
3493,-666666666.0,-222222222.0,12841
3494,32.7,11.7,12842
3495,-666666666.0,-222222222.0,12843
3496,-666666666.0,-222222222.0,12844
3497,27.2,9.0,12845
3498,35.3,10.8,12846
3499,24.5,8.2,12847
3500,-666666666.0,-222222222.0,12849
3501,51.0,-333333333.0,12850
3502,-666666666.0,-222222222.0,12851
3503,-666666666.0,-222222222.0,12852
3504,31.5,8.4,12853
3505,-666666666.0,-222222222.0,12854
3506,-666666666.0,-222222222.0,12855
3507,-666666666.0,-222222222.0,12856
3508,10.8,3.6,12857
3509,-666666666.0,-222222222.0,12858
3510,17.7,22.4,12859
3511,-666666666.0,-222222222.0,12860
3512,-666666666.0,-222222222.0,12861
3513,-666666666.0,-222222222.0,12862
3514,-666666666.0,-222222222.0,12863
3515,-666666666.0,-222222222.0,12864
3516,32.5,8.3,12865
3517,27.4,2.7,12866
3518,28.8,37.1,12870
3519,28.2,7.2,12871
3520,-666666666.0,-222222222.0,12872
3521,9.0,-333333333.0,12873
3522,-666666666.0,-222222222.0,12874
3523,29.2,27.8,12878
3524,28.7,9.0,12883
3525,33.6,4.1,12884
3526,29.0,10.0,12885
3527,-666666666.0,-222222222.0,12886
3528,34.2,13.4,12887
3529,28.1,2.7,12901
3530,29.9,10.1,12903
3531,37.0,33.7,12910
3532,-666666666.0,-222222222.0,12911
3533,27.1,10.2,12912
3534,25.6,4.6,12913
3535,38.3,2.7,12914
3536,-666666666.0,-222222222.0,12915
3537,18.2,2.8,12916
3538,51.0,-333333333.0,12917
3539,-666666666.0,-222222222.0,12918
3540,32.5,7.1,12919
3541,26.7,5.5,12920
3542,18.9,14.3,12921
3543,-666666666.0,-222222222.0,12922
3544,16.6,5.9,12923
3545,29.5,22.1,12924
3546,29.9,19.9,12926
3547,-666666666.0,-222222222.0,12927
3548,12.4,1.7,12928
3549,41.3,42.8,12929
3550,23.3,1.4,12930
3551,30.4,11.1,12932
3552,-666666666.0,-222222222.0,12933
3553,13.5,2.4,12934
3554,51.0,-333333333.0,12935
3555,14.1,10.5,12936
3556,38.8,13.4,12937
3557,-666666666.0,-222222222.0,12939
3558,28.4,6.9,12941
3559,13.0,2.3,12942
3560,37.0,12.6,12943
3561,30.6,5.2,12944
3562,-666666666.0,-222222222.0,12945
3563,38.9,6.4,12946
3564,29.0,61.5,12950
3565,40.0,58.8,12952
3566,22.0,3.6,12953
3567,13.4,12.3,12955
3568,-666666666.0,-222222222.0,12956
3569,31.3,14.9,12957
3570,51.0,-333333333.0,12958
3571,-666666666.0,-222222222.0,12959
3572,13.4,14.4,12960
3573,-666666666.0,-222222222.0,12961
3574,19.0,6.3,12962
3575,-666666666.0,-222222222.0,12964
3576,-666666666.0,-222222222.0,12965
3577,41.4,37.6,12966
3578,41.0,25.4,12967
3579,20.0,19.3,12969
3580,20.5,8.4,12970
3581,30.5,6.2,12972
3582,-666666666.0,-222222222.0,12973
3583,45.8,19.9,12974
3584,16.5,6.9,12975
3585,-666666666.0,-222222222.0,12976
3586,-666666666.0,-222222222.0,12977
3587,-666666666.0,-222222222.0,12978
3588,30.2,4.8,12979
3589,26.0,11.2,12980
3590,9.0,-333333333.0,12981
3591,23.8,2.0,12983
3592,-666666666.0,-222222222.0,12985
3593,20.6,3.4,12986
3594,-666666666.0,-222222222.0,12987
3595,14.0,20.3,12989
3596,25.1,5.4,12992
3597,25.2,3.9,12993
3598,44.4,33.6,12996
3599,23.0,2.6,12997
3600,-666666666.0,-222222222.0,12998
3601,-666666666.0,-222222222.0,13020
3602,31.9,2.9,13021
3603,-666666666.0,-222222222.0,13024
3604,15.6,4.6,13026
3605,31.1,2.4,13027
3606,-666666666.0,-222222222.0,13028
3607,30.0,12.6,13029
3608,28.6,1.4,13030
3609,32.3,5.9,13031
3610,24.3,3.4,13032
3611,18.0,5.0,13033
3612,38.8,18.8,13034
3613,30.4,3.1,13035
3614,29.1,5.6,13036
3615,31.4,6.3,13037
3616,35.7,6.5,13039
3617,38.0,8.5,13040
3618,36.4,13.4,13041
3619,24.3,26.7,13042
3620,25.6,27.3,13044
3621,30.0,2.9,13045
3622,-666666666.0,-222222222.0,13051
3623,30.0,9.7,13052
3624,43.6,13.3,13053
3625,25.8,27.3,13054
3626,26.9,3.3,13057
3627,12.4,6.2,13060
3628,26.2,4.2,13061
3629,-666666666.0,-222222222.0,13062
3630,19.5,6.0,13063
3631,-666666666.0,-222222222.0,13065
3632,29.1,14.8,13066
3633,23.4,4.9,13068
3634,29.4,2.9,13069
3635,19.2,6.5,13071
3636,26.4,9.2,13072
3637,28.7,11.3,13073
3638,23.7,3.5,13074
3639,9.0,-333333333.0,13076
3640,36.7,6.0,13077
3641,28.4,8.6,13078
3642,24.1,10.0,13080
3643,28.2,4.4,13081
3644,25.7,5.6,13082
3645,51.0,-333333333.0,13083
3646,22.9,7.1,13084
3647,-666666666.0,-222222222.0,13087
3648,23.6,2.3,13088
3649,26.7,3.3,13090
3650,27.3,2.6,13092
3651,28.3,3.3,13101
3652,-666666666.0,-222222222.0,13102
3653,36.0,25.7,13103
3654,29.6,3.7,13104
3655,25.7,4.8,13108
3656,23.1,7.7,13110
3657,18.8,21.5,13111
3658,45.1,2.1,13112
3659,-666666666.0,-222222222.0,13113
3660,23.8,6.9,13114
3661,-666666666.0,-222222222.0,13115
3662,27.6,11.6,13116
3663,42.5,19.5,13117
3664,31.0,4.8,13118
3665,-666666666.0,-222222222.0,13119
3666,26.0,5.2,13120
3667,-666666666.0,-222222222.0,13121
3668,13.4,11.6,13122
3669,-666666666.0,-222222222.0,13123
3670,-666666666.0,-222222222.0,13124
3671,34.4,3.6,13126
3672,24.7,6.3,13131
3673,42.9,40.6,13132
3674,-666666666.0,-222222222.0,13134
3675,32.3,8.1,13135
3676,16.4,11.5,13136
3677,-666666666.0,-222222222.0,13138
3678,32.4,12.1,13140
3679,30.0,18.3,13141
3680,28.0,3.6,13142
3681,32.6,6.2,13143
3682,42.4,10.0,13144
3683,44.3,15.5,13145
3684,19.5,17.1,13146
3685,18.5,3.4,13147
3686,26.2,4.1,13148
3687,24.3,3.8,13152
3688,-666666666.0,-222222222.0,13153
3689,-666666666.0,-222222222.0,13154
3690,30.0,41.5,13155
3691,28.0,13.6,13156
3692,19.0,62.4,13157
3693,22.9,2.5,13158
3694,24.1,3.8,13159
3695,25.6,2.3,13160
3696,-666666666.0,-222222222.0,13162
3697,-666666666.0,-222222222.0,13163
3698,33.2,26.8,13164
3699,27.6,5.3,13165
3700,25.6,9.3,13166
3701,22.0,17.1,13167
3702,28.2,2.3,13202
3703,32.7,4.5,13203
3704,31.5,3.4,13204
3705,34.5,3.0,13205
3706,28.1,4.5,13206
3707,34.4,17.2,13207
3708,34.9,3.4,13208
3709,27.2,1.6,13209
3710,37.1,6.8,13210
3711,27.7,3.9,13211
3712,29.4,3.9,13212
3713,32.0,14.0,13214
3714,30.6,11.9,13215
3715,30.9,6.9,13219
3716,36.8,4.7,13224
3717,-666666666.0,-222222222.0,13244
3718,-666666666.0,-222222222.0,13290
3719,-666666666.0,-222222222.0,13301
3720,23.5,6.2,13302
3721,22.5,11.3,13303
3722,18.7,44.7,13304
3723,-666666666.0,-222222222.0,13305
3724,41.8,26.8,13308
3725,34.4,16.3,13309
3726,51.0,-333333333.0,13310
3727,-666666666.0,-222222222.0,13312
3728,22.4,1.6,13313
3729,-666666666.0,-222222222.0,13314
3730,14.5,38.8,13315
3731,21.7,11.4,13316
3732,30.2,6.7,13317
3733,-666666666.0,-222222222.0,13318
3734,11.1,2.6,13319
3735,27.5,7.3,13320
3736,19.9,7.6,13321
3737,36.5,6.2,13322
3738,22.6,2.5,13323
3739,23.3,77.7,13324
3740,23.6,11.9,13325
3741,22.2,3.0,13326
3742,28.8,8.1,13327
3743,18.5,18.4,13328
3744,23.7,3.3,13329
3745,-666666666.0,-222222222.0,13331
3746,35.3,17.0,13332
3747,-666666666.0,-222222222.0,13333
3748,26.7,10.5,13334
3749,18.5,7.3,13335
3750,23.0,19.1,13337
3751,23.5,10.3,13338
3752,23.2,10.2,13339
3753,26.2,2.9,13340
3754,-666666666.0,-222222222.0,13342
3755,46.7,19.1,13343
3756,-666666666.0,-222222222.0,13345
3757,27.7,3.1,13346
3758,39.1,16.9,13348
3759,28.9,4.3,13350
3760,-666666666.0,-222222222.0,13352
3761,-666666666.0,-222222222.0,13353
3762,22.0,11.6,13354
3763,9.0,-333333333.0,13355
3764,24.8,11.3,13357
3765,-666666666.0,-222222222.0,13360
3766,23.1,8.4,13361
3767,-666666666.0,-222222222.0,13363
3768,-666666666.0,-222222222.0,13364
3769,26.2,6.8,13365
3770,25.0,5.6,13367
3771,31.3,30.5,13368
3772,33.9,35.1,13402
3773,28.2,9.3,13403
3774,-666666666.0,-222222222.0,13404
3775,24.0,5.8,13406
3776,20.9,6.0,13407
3777,31.3,8.6,13408
3778,25.1,4.0,13409
3779,51.0,-333333333.0,13410
3780,27.7,4.1,13411
3781,29.5,4.1,13413
3782,-666666666.0,-222222222.0,13415
3783,14.9,9.6,13416
3784,25.0,4.2,13417
3785,-666666666.0,-222222222.0,13418
3786,26.2,5.4,13420
3787,28.6,3.2,13421
3788,23.1,19.2,13424
3789,32.9,12.3,13425
3790,24.9,8.2,13428
3791,14.2,15.3,13431
3792,31.8,12.2,13433
3793,-666666666.0,-222222222.0,13435
3794,-666666666.0,-222222222.0,13436
3795,22.5,25.6,13437
3796,35.7,19.8,13438
3797,23.0,6.8,13439
3798,27.1,3.4,13440
3799,-666666666.0,-222222222.0,13441
3800,-666666666.0,-222222222.0,13450
3801,30.7,11.8,13452
3802,-666666666.0,-222222222.0,13454
3803,-666666666.0,-222222222.0,13455
3804,30.3,10.1,13456
3805,-666666666.0,-222222222.0,13457
3806,20.8,5.0,13459
3807,28.8,5.6,13460
3808,24.7,4.5,13461
3809,35.6,8.2,13464
3810,9.0,-333333333.0,13468
3811,31.3,3.2,13469
3812,26.8,22.3,13470
3813,20.1,8.6,13471
3814,-666666666.0,-222222222.0,13472
3815,15.0,27.3,13473
3816,-666666666.0,-222222222.0,13475
3817,28.3,3.5,13476
3818,17.8,1.6,13477
3819,27.7,10.0,13478
3820,19.5,4.7,13480
3821,-666666666.0,-222222222.0,13482
3822,9.0,-333333333.0,13483
3823,-666666666.0,-222222222.0,13484
3824,21.7,18.5,13485
3825,51.0,-333333333.0,13486
3826,-666666666.0,-222222222.0,13488
3827,11.6,4.9,13489
3828,-666666666.0,-222222222.0,13490
3829,26.8,8.0,13491
3830,31.9,3.3,13492
3831,26.5,12.9,13493
3832,-666666666.0,-222222222.0,13494
3833,16.0,10.1,13495
3834,32.0,3.6,13501
3835,31.2,6.3,13502
3836,28.9,1.7,13601
3837,-666666666.0,-222222222.0,13602
3838,32.3,3.1,13603
3839,23.7,2.5,13605
3840,24.6,4.1,13606
3841,26.4,3.0,13607
3842,26.3,16.5,13608
3843,-666666666.0,-222222222.0,13611
3844,32.1,3.4,13612
3845,32.4,3.0,13613
3846,51.0,-333333333.0,13614
3847,24.1,14.8,13615
3848,44.1,27.5,13616
3849,26.8,1.9,13617
3850,31.6,5.5,13618
3851,25.4,3.5,13619
3852,29.3,10.7,13620
3853,-666666666.0,-222222222.0,13621
3854,26.1,14.6,13622
3855,-666666666.0,-222222222.0,13623
3856,30.4,14.0,13624
3857,10.4,14.9,13625
3858,21.3,2.7,13626
3859,31.4,25.3,13628
3860,34.0,47.3,13630
3861,-666666666.0,-222222222.0,13632
3862,-666666666.0,-222222222.0,13633
3863,30.5,13.6,13634
3864,20.0,6.8,13635
3865,14.2,15.4,13636
3866,33.8,6.7,13637
3867,-666666666.0,-222222222.0,13638
3868,-666666666.0,-222222222.0,13639
3869,-666666666.0,-222222222.0,13640
3870,-666666666.0,-222222222.0,13641
3871,34.2,8.4,13642
3872,-666666666.0,-222222222.0,13643
3873,-666666666.0,-222222222.0,13645
3874,20.2,7.7,13646
3875,-666666666.0,-222222222.0,13647
3876,32.8,15.4,13648
3877,-666666666.0,-222222222.0,13649
3878,27.5,21.4,13650
3879,-666666666.0,-222222222.0,13651
3880,31.1,22.5,13652
3881,22.2,18.9,13654
3882,51.0,-333333333.0,13655
3883,32.7,12.9,13656
3884,19.2,17.2,13658
3885,-666666666.0,-222222222.0,13659
3886,28.1,7.1,13660
3887,44.0,34.1,13661
3888,31.8,3.3,13662
3889,51.0,-333333333.0,13664
3890,17.8,11.5,13665
3891,23.2,45.8,13666
3892,39.7,16.2,13667
3893,29.8,2.7,13668
3894,27.1,2.4,13669
3895,-666666666.0,-222222222.0,13670
3896,-666666666.0,-222222222.0,13672
3897,23.3,5.4,13673
3898,-666666666.0,-222222222.0,13674
3899,-666666666.0,-222222222.0,13675
3900,40.5,5.0,13676
3901,-666666666.0,-222222222.0,13678
3902,21.8,2.5,13679
3903,35.0,13.2,13680
3904,31.7,11.1,13681
3905,17.8,7.6,13682
3906,-666666666.0,-222222222.0,13683
3907,13.7,6.6,13684
3908,29.6,4.8,13685
3909,-666666666.0,-222222222.0,13687
3910,22.5,19.0,13690
3911,22.3,2.0,13691
3912,-666666666.0,-222222222.0,13692
3913,-666666666.0,-222222222.0,13693
3914,34.4,28.2,13694
3915,-666666666.0,-222222222.0,13695
3916,-666666666.0,-222222222.0,13696
3917,23.0,16.8,13697
3918,-666666666.0,-222222222.0,13699
3919,34.2,20.5,13730
3920,31.3,20.1,13731
3921,26.1,13.1,13732
3922,27.8,5.2,13733
3923,-666666666.0,-222222222.0,13734
3924,23.0,1.3,13736
3925,-666666666.0,-222222222.0,13738
3926,14.7,43.4,13739
3927,51.0,-333333333.0,13740
3928,28.0,17.6,13743
3929,26.6,7.1,13744
3930,45.5,30.0,13746
3931,-666666666.0,-222222222.0,13747
3932,22.5,20.8,13748
3933,26.9,5.0,13750
3934,-666666666.0,-222222222.0,13751
3935,27.2,1.6,13752
3936,28.2,4.3,13753
3937,33.0,5.1,13754
3938,45.4,18.9,13755
3939,38.3,2.8,13756
3940,45.3,4.5,13757
3941,27.9,2.2,13760
3942,-666666666.0,-222222222.0,13774
3943,25.3,16.4,13775
3944,37.5,20.2,13776
3945,21.8,3.1,13777
3946,20.1,3.1,13778
3947,17.6,10.7,13780
3948,21.5,14.2,13782
3949,29.7,7.8,13783
3950,14.1,11.0,13784
3951,-666666666.0,-222222222.0,13786
3952,40.1,14.6,13787
3953,23.9,5.9,13788
3954,36.2,5.3,13790
3955,34.9,44.5,13795
3956,23.1,8.2,13796
3957,42.4,3.8,13797
3958,31.0,18.1,13801
3959,-666666666.0,-222222222.0,13802
3960,24.1,6.4,13803
3961,27.2,12.3,13804
3962,-666666666.0,-222222222.0,13806
3963,30.0,6.6,13807
3964,22.5,15.5,13808
3965,18.2,4.0,13809
3966,31.8,9.9,13810
3967,28.5,6.9,13811
3968,20.4,3.4,13812
3969,-666666666.0,-222222222.0,13813
3970,-666666666.0,-222222222.0,13814
3971,25.9,3.0,13815
3972,29.5,3.1,13820
3973,29.4,22.4,13825
3974,-666666666.0,-222222222.0,13826
3975,31.1,3.8,13827
3976,33.8,3.7,13830
3977,-666666666.0,-222222222.0,13832
3978,26.0,10.9,13833
3979,-666666666.0,-222222222.0,13834
3980,27.5,14.6,13835
3981,25.9,5.1,13838
3982,51.0,-333333333.0,13839
3983,44.9,1.5,13841
3984,-666666666.0,-222222222.0,13842
3985,16.8,2.5,13843
3986,51.0,-333333333.0,13844
3987,-666666666.0,-222222222.0,13846
3988,-666666666.0,-222222222.0,13847
3989,23.5,1.7,13849
3990,41.7,11.8,13850
3991,26.3,6.9,13856
3992,-666666666.0,-222222222.0,13859
3993,-666666666.0,-222222222.0,13860
3994,-666666666.0,-222222222.0,13861
3995,28.2,5.4,13862
3996,-666666666.0,-222222222.0,13863
3997,14.9,13.4,13864
3998,16.3,12.9,13865
3999,32.2,3.2,13901
4000,-666666666.0,-222222222.0,13902
4001,25.5,4.4,13903
4002,31.7,8.1,13904
4003,31.3,3.7,13905
4004,30.1,4.7,14001
4005,26.2,2.7,14004
4006,13.6,2.8,14005
4007,26.1,5.5,14006
4008,23.0,2.8,14008
4009,24.4,3.4,14009
4010,27.3,4.4,14011
4011,31.4,12.0,14012
4012,20.5,3.6,14013
4013,27.7,4.8,14020
4014,41.4,31.2,14024
4015,18.0,35.4,14025
4016,36.3,44.6,14026
4017,-666666666.0,-222222222.0,14027
4018,42.8,51.9,14028
4019,-666666666.0,-222222222.0,14029
4020,26.1,9.4,14030
4021,23.3,3.7,14031
4022,23.3,3.0,14032
4023,27.3,42.1,14033
4024,14.5,15.0,14034
4025,-666666666.0,-222222222.0,14035
4026,18.5,5.5,14036
4027,-666666666.0,-222222222.0,14037
4028,-666666666.0,-222222222.0,14039
4029,-666666666.0,-222222222.0,14040
4030,17.7,19.5,14041
4031,27.9,4.5,14042
4032,27.7,7.2,14043
4033,23.3,6.4,14047
4034,28.0,5.1,14048
4035,30.9,7.2,14051
4036,24.1,5.3,14052
4037,30.1,16.0,14054
4038,41.1,26.9,14055
4039,-666666666.0,-222222222.0,14056
4040,21.8,5.0,14057
4041,23.8,24.1,14058
4042,20.0,16.2,14059
4043,-666666666.0,-222222222.0,14060
4044,-666666666.0,-222222222.0,14061
4045,42.8,18.2,14062
4046,44.1,12.0,14063
4047,18.1,1.6,14065
4048,18.0,4.4,14066
4049,12.9,1.1,14067
4050,38.0,10.6,14068
4051,-666666666.0,-222222222.0,14069
4052,34.9,9.3,14070
4053,27.3,5.6,14072
4054,27.9,1.6,14075
4055,32.0,3.8,14080
4056,19.4,46.4,14081
4057,-666666666.0,-222222222.0,14082
4058,-666666666.0,-222222222.0,14083
4059,14.9,28.6,14085
4060,28.7,4.2,14086
4061,48.0,45.8,14091
4062,29.1,5.5,14092
4063,26.8,1.8,14094
4064,26.0,25.3,14098
4065,23.7,8.8,14101
4066,-666666666.0,-222222222.0,14102
4067,22.4,3.0,14103
4068,13.8,5.7,14105
4069,23.4,30.3,14108
4070,-666666666.0,-222222222.0,14109
4071,25.4,4.5,14111
4072,-666666666.0,-222222222.0,14112
4073,-666666666.0,-222222222.0,14113
4074,30.8,2.0,14120
4075,31.5,6.3,14125
4076,-666666666.0,-222222222.0,14126
4077,27.8,3.6,14127
4078,38.3,48.6,14129
4079,-666666666.0,-222222222.0,14130
4080,33.2,6.4,14131
4081,25.3,9.2,14132
4082,-666666666.0,-222222222.0,14134
4083,-666666666.0,-222222222.0,14135
4084,25.0,8.6,14136
4085,28.2,10.8,14138
4086,23.0,11.5,14139
4087,32.6,2.1,14141
4088,12.7,7.5,14143
4089,34.8,24.1,14145
4090,32.2,2.0,14150
4091,-666666666.0,-222222222.0,14166
4092,14.6,7.4,14167
4093,-666666666.0,-222222222.0,14168
4094,-666666666.0,-222222222.0,14169
4095,36.6,29.7,14170
4096,14.4,18.1,14171
4097,34.3,27.2,14172
4098,-666666666.0,-222222222.0,14173
4099,25.0,11.2,14174
4100,33.3,2.9,14201
4101,21.0,3.8,14202
4102,28.9,2.4,14203
4103,31.1,6.5,14204
4104,31.6,2.0,14206
4105,31.1,3.3,14207
4106,37.3,7.4,14208
4107,32.6,4.7,14209
4108,28.7,4.6,14210
4109,34.2,4.6,14211
4110,39.0,10.9,14212
4111,31.0,2.2,14213
4112,32.7,7.5,14214
4113,37.1,5.1,14215
4114,28.7,2.2,14216
4115,28.3,3.0,14217
4116,30.3,4.0,14218
4117,27.4,3.8,14219
4118,27.3,3.8,14220
4119,34.7,4.3,14221
4120,25.3,4.4,14222
4121,28.1,6.8,14223
4122,29.4,2.8,14224
4123,31.5,2.9,14225
4124,26.2,3.1,14226
4125,27.9,2.2,14227
4126,32.8,3.3,14228
4127,-666666666.0,-222222222.0,14260
4128,-666666666.0,-222222222.0,14261
4129,37.7,5.1,14301
4130,-666666666.0,-222222222.0,14302
4131,27.1,4.3,14303
4132,29.2,3.8,14304
4133,42.7,9.6,14305
4134,28.2,5.7,14411
4135,-666666666.0,-222222222.0,14413
4136,27.0,12.2,14414
4137,-666666666.0,-222222222.0,14415
4138,34.3,9.6,14416
4139,17.3,1.4,14418
4140,26.6,2.5,14420
4141,51.0,-333333333.0,14422
4142,22.4,3.8,14423
4143,29.5,1.8,14424
4144,31.0,5.3,14425
4145,22.6,3.5,14427
4146,33.2,3.6,14428
4147,29.7,2.9,14432
4148,32.3,11.2,14433
4149,21.2,7.3,14435
4150,41.7,9.7,14437
4151,20.4,6.6,14441
4152,24.1,2.9,14445
4153,29.5,4.3,14450
4154,-666666666.0,-222222222.0,14453
4155,36.4,4.6,14454
4156,24.3,4.2,14456
4157,35.8,23.1,14462
4158,-666666666.0,-222222222.0,14463
4159,51.0,-333333333.0,14464
4160,27.5,15.0,14466
4161,29.7,8.4,14467
4162,33.2,10.8,14468
4163,19.3,5.0,14469
4164,26.4,4.6,14470
4165,30.2,17.1,14471
4166,25.8,3.6,14472
4167,-666666666.0,-222222222.0,14475
4168,25.8,20.0,14476
4169,27.7,1.7,14477
4170,-666666666.0,-222222222.0,14478
4171,-666666666.0,-222222222.0,14479
4172,33.0,30.3,14480
4173,23.0,5.0,14481
4174,23.9,5.4,14482
4175,40.0,24.6,14485
4176,-666666666.0,-222222222.0,14486
4177,34.1,5.1,14487
4178,22.4,6.5,14489
4179,39.4,18.7,14502
4180,20.0,6.1,14504
4181,29.0,6.6,14505
4182,51.0,-333333333.0,14506
4183,22.9,3.8,14507
4184,27.2,13.0,14510
4185,-666666666.0,-222222222.0,14511
4186,25.3,9.1,14512
4187,28.8,5.1,14513
4188,32.2,3.4,14514
4189,-666666666.0,-222222222.0,14515
4190,29.4,4.3,14516
4191,25.9,19.1,14517
4192,28.7,10.6,14519
4193,49.8,19.7,14521
4194,24.9,4.1,14522
4195,30.7,13.2,14525
4196,30.1,4.5,14526
4197,21.9,5.1,14527
4198,-666666666.0,-222222222.0,14529
4199,27.9,4.9,14530
4200,28.7,9.2,14532
4201,46.8,44.8,14533
4202,31.7,10.5,14534
4203,31.2,15.7,14536
4204,-666666666.0,-222222222.0,14537
4205,-666666666.0,-222222222.0,14539
4206,51.0,-333333333.0,14541
4207,-666666666.0,-222222222.0,14542
4208,17.2,4.7,14543
4209,36.1,27.8,14544
4210,-666666666.0,-222222222.0,14545
4211,25.1,9.0,14546
4212,19.4,9.9,14548
4213,-666666666.0,-222222222.0,14549
4214,30.5,21.8,14550
4215,31.2,12.0,14551
4216,22.8,10.9,14555
4217,-666666666.0,-222222222.0,14556
4218,-666666666.0,-222222222.0,14557
4219,27.0,4.8,14559
4220,24.2,32.2,14560
4221,37.5,13.9,14561
4222,29.3,7.0,14564
4223,17.9,5.2,14568
4224,24.2,7.6,14569
4225,-666666666.0,-222222222.0,14571
4226,29.3,2.9,14572
4227,31.7,2.0,14580
4228,-666666666.0,-222222222.0,14585
4229,43.4,15.8,14586
4230,-666666666.0,-222222222.0,14588
4231,24.6,8.0,14589
4232,33.2,16.2,14590
4233,35.4,17.0,14591
4234,-666666666.0,-222222222.0,14592
4235,28.1,2.1,14604
4236,32.4,4.0,14605
4237,33.1,2.3,14606
4238,26.5,2.3,14607
4239,31.9,3.9,14608
4240,34.2,3.3,14609
4241,28.7,4.1,14610
4242,51.0,-333333333.0,14611
4243,31.8,3.7,14612
4244,41.7,6.6,14613
4245,27.1,1.5,14614
4246,33.8,8.6,14615
4247,30.6,3.5,14616
4248,37.6,10.2,14617
4249,28.1,3.8,14618
4250,28.2,2.8,14619
4251,29.6,2.0,14620
4252,34.6,3.0,14621
4253,31.8,9.6,14622
4254,29.5,3.0,14623
4255,27.2,1.2,14624
4256,25.0,5.8,14625
4257,31.0,3.6,14626
4258,-666666666.0,-222222222.0,14627
4259,-666666666.0,-222222222.0,14642
4260,30.7,1.9,14701
4261,19.6,8.4,14706
4262,-666666666.0,-222222222.0,14707
4263,-666666666.0,-222222222.0,14708
4264,18.1,2.4,14709
4265,15.6,16.8,14710
4266,27.4,2.6,14711
4267,19.7,21.6,14712
4268,19.5,3.2,14714
4269,23.4,3.7,14715
4270,24.8,4.9,14716
4271,23.7,40.4,14717
4272,44.2,24.0,14718
4273,22.3,10.3,14719
4274,30.5,19.1,14720
4275,23.9,27.1,14721
4276,-666666666.0,-222222222.0,14722
4277,30.6,9.8,14723
4278,27.1,9.2,14724
4279,20.8,8.2,14726
4280,30.1,5.5,14727
4281,-666666666.0,-222222222.0,14728
4282,27.5,14.6,14729
4283,34.7,9.5,14731
4284,-666666666.0,-222222222.0,14732
4285,22.2,9.9,14733
4286,21.6,2.3,14735
4287,-666666666.0,-222222222.0,14736
4288,25.4,4.5,14737
4289,27.0,34.0,14738
4290,21.4,4.7,14739
4291,43.3,17.1,14740
4292,51.0,-333333333.0,14741
4293,-666666666.0,-222222222.0,14742
4294,16.4,4.6,14743
4295,19.0,6.0,14744
4296,19.1,7.9,14747
4297,20.8,11.2,14748
4298,33.8,6.6,14750
4299,-666666666.0,-222222222.0,14752
4300,22.8,3.5,14753
4301,51.0,-333333333.0,14754
4302,28.4,7.7,14755
4303,-666666666.0,-222222222.0,14756
4304,29.0,6.7,14757
4305,30.9,2.7,14760
4306,22.7,8.9,14767
4307,51.0,-333333333.0,14769
4308,21.1,6.0,14770
4309,21.8,5.9,14772
4310,37.5,5.7,14774
4311,21.8,2.1,14775
4312,-666666666.0,-222222222.0,14777
4313,-666666666.0,-222222222.0,14778
4314,28.4,2.4,14779
4315,24.5,9.7,14781
4316,28.0,9.2,14782
4317,-666666666.0,-222222222.0,14783
4318,19.3,4.3,14784
4319,-666666666.0,-222222222.0,14785
4320,18.4,6.4,14787
4321,-666666666.0,-222222222.0,14788
4322,24.5,11.0,14801
4323,41.5,25.0,14802
4324,51.0,-333333333.0,14803
4325,28.1,4.7,14804
4326,31.4,9.7,14805
4327,17.5,2.8,14806
4328,27.1,3.7,14807
4329,-666666666.0,-222222222.0,14808
4330,26.8,2.8,14809
4331,28.9,2.1,14810
4332,30.5,5.8,14812
4333,24.8,16.9,14813
4334,39.4,40.9,14814
4335,51.0,-333333333.0,14815
4336,-666666666.0,-222222222.0,14816
4337,29.4,4.0,14817
4338,32.2,8.0,14818
4339,51.0,-333333333.0,14819
4340,23.2,7.6,14820
4341,51.0,-333333333.0,14821
4342,18.8,40.4,14822
4343,33.4,6.9,14823
4344,24.3,13.5,14824
4345,25.2,25.1,14825
4346,22.4,5.4,14826
4347,-666666666.0,-222222222.0,14827
4348,26.7,3.2,14830
4349,17.8,1.3,14836
4350,28.8,3.4,14837
4351,27.2,3.4,14838
4352,15.7,4.9,14839
4353,26.2,6.5,14840
4354,-666666666.0,-222222222.0,14841
4355,33.4,51.7,14842
4356,26.8,2.0,14843
4357,29.3,2.5,14845
4358,37.5,16.9,14846
4359,24.0,2.2,14847
4360,36.8,3.3,14850
4361,-666666666.0,-222222222.0,14853
4362,-666666666.0,-222222222.0,14854
4363,22.0,33.6,14855
4364,-666666666.0,-222222222.0,14856
4365,45.0,20.6,14858
4366,51.0,-333333333.0,14859
4367,13.0,1.1,14860
4368,46.8,21.5,14861
4369,32.5,76.0,14864
4370,29.5,6.0,14865
4371,33.3,10.3,14867
4372,35.7,10.5,14869
4373,30.9,6.1,14870
4374,25.1,6.3,14871
4375,19.6,6.1,14872
4376,27.0,14.8,14873
4377,30.8,14.8,14874
4378,28.3,23.6,14877
4379,-666666666.0,-222222222.0,14878
4380,25.8,6.7,14879
4381,35.0,40.1,14880
4382,-666666666.0,-222222222.0,14881
4383,26.6,8.9,14882
4384,40.5,28.5,14883
4385,32.5,25.2,14884
4386,14.4,3.5,14885
4387,24.2,5.9,14886
4388,27.1,8.2,14889
4389,26.7,3.7,14891
4390,37.4,4.6,14892
4391,-666666666.0,-222222222.0,14893
4392,36.3,14.0,14894
4393,33.9,5.6,14895
4394,15.8,6.6,14897
4395,21.0,5.5,14898
4396,34.3,7.2,14901
4397,25.5,3.9,14903
4398,38.3,9.3,14904
4399,27.6,6.5,14905
4400,28.3,2.9,15001
4401,30.9,7.9,15003
4402,-666666666.0,-222222222.0,15004
4403,19.8,3.5,15005
4404,-666666666.0,-222222222.0,15006
4405,-666666666.0,-222222222.0,15007
4406,25.5,2.9,15009
4407,27.8,4.0,15010
4408,26.0,4.0,15012
4409,19.4,6.1,15014
4410,-666666666.0,-222222222.0,15015
4411,27.1,3.6,15017
4412,-666666666.0,-222222222.0,15018
4413,32.3,5.1,15019
4414,-666666666.0,-222222222.0,15020
4415,26.4,5.1,15021
4416,24.5,8.0,15022
4417,25.9,3.8,15024
4418,41.1,8.8,15025
4419,12.2,14.6,15026
4420,26.4,5.8,15027
4421,-666666666.0,-222222222.0,15028
4422,24.5,16.6,15030
4423,46.6,10.8,15031
4424,32.8,6.5,15033
4425,21.3,6.8,15034
4426,25.8,4.6,15035
4427,22.3,3.0,15037
4428,-666666666.0,-222222222.0,15038
4429,31.5,3.4,15042
4430,51.0,-333333333.0,15043
4431,26.8,6.2,15044
4432,27.6,6.9,15045
4433,36.1,13.8,15046
4434,-666666666.0,-222222222.0,15047
4435,27.7,2.6,15049
4436,51.0,-333333333.0,15050
4437,21.3,8.1,15051
4438,28.4,32.6,15052
4439,-666666666.0,-222222222.0,15053
4440,-666666666.0,-222222222.0,15054
4441,17.9,17.1,15055
4442,26.6,2.8,15056
4443,21.9,6.2,15057
4444,22.3,4.9,15059
4445,25.3,18.2,15060
4446,26.1,3.0,15061
4447,29.9,9.0,15062
4448,20.2,8.8,15063
4449,51.0,-333333333.0,15064
4450,30.4,4.5,15065
4451,27.0,1.9,15066
4452,24.6,5.2,15067
4453,27.3,1.3,15068
4454,28.7,2.3,15071
4455,-666666666.0,-222222222.0,15072
4456,28.1,7.3,15074
4457,-666666666.0,-222222222.0,15075
4458,18.8,11.4,15076
4459,14.0,2.7,15077
4460,-666666666.0,-222222222.0,15078
4461,19.2,18.4,15081
4462,-666666666.0,-222222222.0,15082
4463,29.4,48.7,15083
4464,25.6,3.0,15084
4465,49.1,28.2,15085
4466,21.5,15.6,15086
4467,-666666666.0,-222222222.0,15087
4468,23.4,7.5,15088
4469,23.3,3.8,15089
4470,25.2,4.3,15090
4471,26.1,4.5,15101
4472,24.6,4.1,15102
4473,29.0,6.2,15104
4474,23.4,2.1,15106
4475,26.0,2.2,15108
4476,24.7,9.5,15110
4477,26.4,5.5,15112
4478,25.1,7.8,15116
4479,28.3,2.1,15120
4480,28.7,4.0,15122
4481,-666666666.0,-222222222.0,15123
4482,21.3,6.9,15126
4483,28.4,6.0,15129
4484,31.9,14.1,15131
4485,37.0,5.6,15132
4486,17.8,4.0,15133
4487,31.4,24.3,15135
4488,28.8,2.9,15136
4489,34.6,5.1,15137
4490,26.5,3.6,15139
4491,28.4,8.0,15140
4492,29.3,6.8,15142
4493,30.3,4.2,15143
4494,25.0,8.0,15144
4495,22.9,5.5,15145
4496,29.0,4.8,15146
4497,31.3,5.7,15147
4498,28.8,6.8,15148
4499,24.3,2.0,15201
4500,27.2,2.0,15202
4501,30.9,3.4,15203
4502,27.4,4.5,15204
4503,29.9,2.8,15205
4504,28.5,2.7,15206
4505,31.3,6.3,15207
4506,29.6,2.1,15208
4507,26.0,4.2,15209
4508,30.9,6.4,15210
4509,25.4,1.8,15211
4510,29.7,2.2,15212
4511,49.1,4.5,15213
4512,26.9,3.3,15214
4513,25.0,4.6,15215
4514,25.9,2.2,15216
4515,28.9,1.9,15217
4516,29.5,3.8,15218
4517,32.0,3.5,15219
4518,23.5,3.4,15220
4519,29.4,2.2,15221
4520,22.8,1.5,15222
4521,28.8,3.6,15223
4522,25.5,2.7,15224
4523,21.4,2.6,15225
4524,29.8,4.6,15226
4525,30.8,3.4,15227
4526,24.1,3.1,15228
4527,25.6,4.2,15229
4528,32.5,2.8,15232
4529,23.5,2.5,15233
4530,24.8,3.3,15234
4531,31.8,5.2,15235
4532,27.5,7.5,15236
4533,29.2,2.6,15237
4534,24.8,6.5,15238
4535,23.2,3.2,15239
4536,30.6,8.6,15241
4537,32.2,7.5,15243
4538,-666666666.0,-222222222.0,15260
4539,-666666666.0,-222222222.0,15275
4540,-666666666.0,-222222222.0,15282
4541,-666666666.0,-222222222.0,15290
4542,24.4,1.9,15301
4543,27.6,1.1,15310
4544,9.0,-333333333.0,15311
4545,27.3,5.0,15312
4546,36.7,2.7,15313
4547,28.4,5.0,15314
4548,14.6,16.4,15315
4549,-666666666.0,-222222222.0,15316
4550,26.0,3.3,15317
4551,28.2,7.2,15320
4552,15.6,4.2,15321
4553,11.7,6.6,15322
4554,20.1,3.7,15323
4555,32.5,12.7,15324
4556,-666666666.0,-222222222.0,15325
4557,42.3,17.7,15327
4558,16.5,3.8,15329
4559,24.2,7.6,15330
4560,22.7,3.0,15331
4561,33.1,11.1,15332
4562,27.3,21.8,15333
4563,-666666666.0,-222222222.0,15334
4564,30.0,7.9,15337
4565,24.7,30.4,15338
4566,28.6,39.9,15340
4567,9.0,-333333333.0,15341
4568,31.3,8.5,15342
4569,28.6,24.1,15344
4570,26.4,7.9,15345
4571,-666666666.0,-222222222.0,15346
4572,40.0,58.5,15347
4573,-666666666.0,-222222222.0,15348
4574,21.2,2.5,15349
4575,28.9,63.2,15350
4576,51.0,-333333333.0,15351
4577,13.8,4.4,15352
4578,-666666666.0,-222222222.0,15353
4579,16.1,15.8,15357
4580,12.7,55.9,15358
4581,24.3,15.5,15359
4582,24.5,17.7,15360
4583,-666666666.0,-222222222.0,15361
4584,31.9,8.8,15362
4585,-666666666.0,-222222222.0,15363
4586,17.4,1.5,15364
4587,-666666666.0,-222222222.0,15365
4588,-666666666.0,-222222222.0,15366
4589,23.4,13.7,15367
4590,19.6,52.7,15368
4591,26.9,2.3,15370
4592,13.4,8.2,15376
4593,14.2,32.7,15377
4594,-666666666.0,-222222222.0,15378
4595,-666666666.0,-222222222.0,15379
4596,20.5,19.2,15380
4597,27.2,4.3,15401
4598,-666666666.0,-222222222.0,15410
4599,51.0,-333333333.0,15411
4600,-666666666.0,-222222222.0,15412
4601,24.3,67.2,15413
4602,-666666666.0,-222222222.0,15416
4603,28.7,1.9,15417
4604,29.9,5.4,15419
4605,-666666666.0,-222222222.0,15420
4606,-666666666.0,-222222222.0,15421
4607,9.0,-333333333.0,15422
4608,26.4,7.4,15423
4609,30.5,4.3,15424
4610,27.6,3.0,15425
4611,31.3,32.1,15427
4612,19.5,33.2,15428
4613,-666666666.0,-222222222.0,15429
4614,-666666666.0,-222222222.0,15430
4615,27.2,3.1,15431
4616,18.2,9.4,15432
4617,-666666666.0,-222222222.0,15433
4618,16.8,2.8,15434
4619,-666666666.0,-222222222.0,15435
4620,35.2,21.1,15436
4621,14.8,3.5,15437
4622,19.2,12.0,15438
4623,-666666666.0,-222222222.0,15440
4624,19.3,29.6,15442
4625,-666666666.0,-222222222.0,15443
4626,34.4,58.2,15444
4627,51.0,-333333333.0,15445
4628,-666666666.0,-222222222.0,15446
4629,-666666666.0,-222222222.0,15447
4630,-666666666.0,-222222222.0,15448
4631,-666666666.0,-222222222.0,15449
4632,-666666666.0,-222222222.0,15450
4633,17.8,6.0,15451
4634,-666666666.0,-222222222.0,15454
4635,-666666666.0,-222222222.0,15455
4636,29.2,19.8,15456
4637,23.0,1.7,15458
4638,27.4,2.2,15459
4639,-666666666.0,-222222222.0,15460
4640,37.6,17.9,15461
4641,-666666666.0,-222222222.0,15462
4642,-666666666.0,-222222222.0,15463
4643,51.0,-333333333.0,15464
4644,-666666666.0,-222222222.0,15465
4645,34.0,3.7,15466
4646,-666666666.0,-222222222.0,15467
4647,35.9,45.9,15468
4648,20.4,16.2,15469
4649,-666666666.0,-222222222.0,15470
4650,-666666666.0,-222222222.0,15472
4651,37.8,8.7,15473
4652,24.6,20.3,15474
4653,49.2,50.2,15475
4654,-666666666.0,-222222222.0,15476
4655,20.5,3.1,15477
4656,25.7,7.2,15478
4657,18.6,3.1,15479
4658,-666666666.0,-222222222.0,15480
4659,20.0,11.2,15482
4660,21.4,13.1,15483
4661,-666666666.0,-222222222.0,15484
4662,23.2,3.2,15486
4663,-666666666.0,-222222222.0,15488
4664,-666666666.0,-222222222.0,15489
4665,-666666666.0,-222222222.0,15490
4666,-666666666.0,-222222222.0,15492
4667,28.3,5.1,15501
4668,-666666666.0,-222222222.0,15502
4669,-666666666.0,-222222222.0,15510
4670,-666666666.0,-222222222.0,15520
4671,26.9,8.2,15521
4672,31.5,2.9,15522
4673,22.4,6.5,15530
4674,27.7,5.0,15531
4675,-666666666.0,-222222222.0,15532
4676,22.5,11.1,15533
4677,48.5,25.1,15534
4678,26.3,8.8,15535
4679,20.3,21.2,15536
4680,33.9,7.2,15537
4681,9.0,-333333333.0,15538
4682,-666666666.0,-222222222.0,15539
4683,9.0,-333333333.0,15540
4684,22.4,7.3,15541
4685,25.0,46.1,15542
4686,-666666666.0,-222222222.0,15544
4687,25.6,2.0,15545
4688,-666666666.0,-222222222.0,15546
4689,51.0,-333333333.0,15547
4690,16.8,7.6,15550
4691,19.5,4.6,15551
4692,22.9,5.0,15552
4693,37.6,18.0,15554
4694,-666666666.0,-222222222.0,15555
4695,21.9,4.0,15557
4696,25.3,16.4,15558
4697,23.9,27.0,15559
4698,27.5,19.4,15560
4699,-666666666.0,-222222222.0,15561
4700,-666666666.0,-222222222.0,15562
4701,23.2,9.5,15563
4702,28.1,30.8,15564
4703,-666666666.0,-222222222.0,15565
4704,28.8,1.4,15601
4705,27.1,31.7,15610
4706,-666666666.0,-222222222.0,15611
4707,-666666666.0,-222222222.0,15612
4708,27.8,3.7,15613
4709,-666666666.0,-222222222.0,15615
4710,-666666666.0,-222222222.0,15616
4711,12.7,0.6,15617
4712,26.6,6.9,15618
4713,-666666666.0,-222222222.0,15619
4714,18.8,3.0,15620
4715,32.6,28.3,15622
4716,-666666666.0,-222222222.0,15623
4717,-666666666.0,-222222222.0,15624
4718,-666666666.0,-222222222.0,15625
4719,36.5,12.1,15626
4720,29.3,2.8,15627
4721,-666666666.0,-222222222.0,15628
4722,28.2,4.8,15629
4723,36.3,13.1,15631
4724,28.1,3.8,15632
4725,-666666666.0,-222222222.0,15633
4726,-666666666.0,-222222222.0,15634
4727,-666666666.0,-222222222.0,15635
4728,34.1,50.8,15636
4729,19.4,27.5,15637
4730,-666666666.0,-222222222.0,15638
4731,26.6,2.3,15639
4732,-666666666.0,-222222222.0,15640
4733,35.8,17.6,15641
4734,23.7,1.8,15642
4735,28.4,2.2,15644
4736,-666666666.0,-222222222.0,15646
4737,-666666666.0,-222222222.0,15647
4738,29.2,4.2,15650
4739,-666666666.0,-222222222.0,15655
4740,26.2,4.3,15656
4741,28.7,9.6,15658
4742,-666666666.0,-222222222.0,15660
4743,18.5,2.0,15661
4744,-666666666.0,-222222222.0,15662
4745,-666666666.0,-222222222.0,15663
4746,-666666666.0,-222222222.0,15665
4747,25.4,2.5,15666
4748,19.1,3.6,15668
4749,32.3,13.6,15670
4750,43.7,40.5,15671
4751,26.7,1.9,15672
4752,20.0,19.2,15673
4753,-666666666.0,-222222222.0,15674
4754,21.6,2.9,15675
4755,-666666666.0,-222222222.0,15676
4756,-666666666.0,-222222222.0,15677
4757,-666666666.0,-222222222.0,15678
4758,16.4,8.7,15679
4759,-666666666.0,-222222222.0,15680
4760,26.9,3.8,15681
4761,-666666666.0,-222222222.0,15682
4762,22.7,4.8,15683
4763,-666666666.0,-222222222.0,15684
4764,28.2,10.9,15686
4765,-666666666.0,-222222222.0,15687
4766,-666666666.0,-222222222.0,15688
4767,-666666666.0,-222222222.0,15689
4768,24.9,8.7,15690
4769,-666666666.0,-222222222.0,15691
4770,-666666666.0,-222222222.0,15692
4771,-666666666.0,-222222222.0,15693
4772,-666666666.0,-222222222.0,15695
4773,18.8,20.2,15696
4774,17.4,4.5,15697
4775,15.4,11.7,15698
4776,33.0,3.5,15701
4777,-666666666.0,-222222222.0,15705
4778,-666666666.0,-222222222.0,15710
4779,29.2,18.3,15711
4780,-666666666.0,-222222222.0,15712
4781,-666666666.0,-222222222.0,15713
4782,21.4,11.3,15714
4783,18.8,2.9,15715
4784,28.8,6.8,15716
4785,26.8,4.2,15717
4786,37.5,31.3,15720
4787,-666666666.0,-222222222.0,15721
4788,23.5,4.2,15722
4789,-666666666.0,-222222222.0,15723
4790,30.2,24.2,15724
4791,21.3,10.3,15725
4792,-666666666.0,-222222222.0,15727
4793,22.8,5.9,15728
4794,-666666666.0,-222222222.0,15729
4795,-666666666.0,-222222222.0,15730
4796,-666666666.0,-222222222.0,15731
4797,18.7,4.8,15732
4798,-666666666.0,-222222222.0,15733
4799,-666666666.0,-222222222.0,15734
4800,26.5,19.9,15736
4801,-666666666.0,-222222222.0,15737
4802,-666666666.0,-222222222.0,15738
4803,16.8,9.0,15739
4804,18.3,6.4,15741
4805,24.5,3.8,15742
4806,-666666666.0,-222222222.0,15744
4807,-666666666.0,-222222222.0,15745
4808,-666666666.0,-222222222.0,15746
4809,20.4,8.8,15747
4810,26.0,6.1,15748
4811,-666666666.0,-222222222.0,15750
4812,-666666666.0,-222222222.0,15752
4813,20.0,13.3,15753
4814,-666666666.0,-222222222.0,15754
4815,31.5,22.9,15756
4816,19.2,12.1,15757
4817,25.5,6.8,15759
4818,-666666666.0,-222222222.0,15760
4819,-666666666.0,-222222222.0,15761
4820,40.7,53.2,15762
4821,-666666666.0,-222222222.0,15763
4822,-666666666.0,-222222222.0,15764
4823,25.4,13.6,15765
4824,28.6,3.7,15767
4825,-666666666.0,-222222222.0,15770
4826,9.0,-333333333.0,15771
4827,18.8,4.0,15772
4828,-666666666.0,-222222222.0,15773
4829,19.1,19.9,15774
4830,-666666666.0,-222222222.0,15775
4831,-666666666.0,-222222222.0,15776
4832,-666666666.0,-222222222.0,15777
4833,-666666666.0,-222222222.0,15778
4834,-666666666.0,-222222222.0,15779
4835,-666666666.0,-222222222.0,15780
4836,-666666666.0,-222222222.0,15781
4837,-666666666.0,-222222222.0,15783
4838,-666666666.0,-222222222.0,15784
4839,27.5,6.2,15801
4840,-666666666.0,-222222222.0,15821
4841,26.4,4.1,15823
4842,25.4,3.2,15824
4843,29.5,9.9,15825
4844,-666666666.0,-222222222.0,15827
4845,-666666666.0,-222222222.0,15828
4846,26.8,5.0,15829
4847,-666666666.0,-222222222.0,15831
4848,22.5,12.0,15832
4849,27.8,2.9,15834
4850,29.2,13.3,15840
4851,-666666666.0,-222222222.0,15841
4852,27.2,7.4,15845
4853,30.2,11.5,15846
4854,-666666666.0,-222222222.0,15847
4855,23.6,12.5,15848
4856,31.8,19.5,15849
4857,28.4,5.3,15851
4858,24.1,10.2,15853
4859,21.4,14.8,15856
4860,29.1,7.2,15857
4861,11.4,3.0,15860
4862,-666666666.0,-222222222.0,15861
4863,-666666666.0,-222222222.0,15863
4864,15.4,6.8,15864
4865,29.9,5.0,15865
4866,16.9,4.3,15866
4867,20.4,3.7,15868
4868,32.9,5.2,15870
4869,28.6,3.1,15901
4870,27.2,1.9,15902
4871,29.7,6.8,15904
4872,27.8,3.5,15905
4873,27.5,2.9,15906
4874,25.2,6.5,15909
4875,17.5,9.7,15920
4876,-666666666.0,-222222222.0,15921
4877,-666666666.0,-222222222.0,15922
4878,13.8,45.0,15923
4879,19.4,39.1,15924
4880,31.7,3.5,15925
4881,27.6,2.0,15926
4882,-666666666.0,-222222222.0,15927
4883,24.8,27.9,15928
4884,-666666666.0,-222222222.0,15929
4885,-666666666.0,-222222222.0,15930
4886,26.8,5.9,15931
4887,-666666666.0,-222222222.0,15934
4888,20.1,14.5,15935
4889,21.8,6.2,15936
4890,-666666666.0,-222222222.0,15937
4891,25.8,24.1,15938
4892,17.0,11.0,15940
4893,13.5,11.7,15942
4894,22.5,3.1,15943
4895,32.7,9.7,15944
4896,-666666666.0,-222222222.0,15945
4897,29.4,16.4,15946
4898,-666666666.0,-222222222.0,15948
4899,23.3,8.5,15949
4900,51.0,-333333333.0,15951
4901,35.5,3.6,15952
4902,-666666666.0,-222222222.0,15953
4903,26.9,4.3,15954
4904,22.4,1.4,15955
4905,45.0,23.5,15956
4906,-666666666.0,-222222222.0,15957
4907,25.2,14.5,15958
4908,21.6,3.1,15960
4909,51.0,-333333333.0,15961
4910,18.8,13.0,15962
4911,26.8,6.9,15963
4912,28.4,2.0,16001
4913,24.1,12.0,16002
4914,26.4,2.9,16020
4915,21.3,8.9,16022
4916,34.3,9.9,16023
4917,38.0,23.1,16024
4918,26.9,4.3,16025
4919,23.6,64.0,16027
4920,27.8,3.6,16028
4921,19.7,25.1,16029
4922,14.3,9.8,16030
4923,22.3,2.4,16033
4924,22.1,19.2,16034
4925,-666666666.0,-222222222.0,16035
4926,25.0,21.8,16036
4927,21.7,2.4,16037
4928,22.8,2.6,16038
4929,29.7,16.5,16040
4930,46.3,33.5,16041
4931,18.6,36.6,16045
4932,28.9,5.2,16046
4933,13.3,19.2,16048
4934,27.3,4.9,16049
4935,18.5,11.0,16050
4936,14.3,10.5,16051
4937,18.5,7.4,16052
4938,22.3,10.4,16053
4939,21.7,9.1,16054
4940,20.4,4.6,16055
4941,23.2,4.1,16056
4942,25.0,3.4,16057
4943,43.4,7.1,16059
4944,21.8,4.2,16061
4945,28.2,8.9,16063
4946,26.3,2.0,16066
4947,32.1,1.7,16101
4948,30.2,5.2,16102
4949,31.8,5.6,16105
4950,-666666666.0,-222222222.0,16110
4951,35.6,15.2,16111
4952,50.0,32.0,16112
4953,13.8,12.5,16113
4954,25.3,35.4,16114
4955,26.0,34.7,16115
4956,17.5,22.6,16116
4957,19.7,5.1,16117
4958,17.4,3.9,16120
4959,33.1,14.7,16121
4960,24.2,11.7,16123
4961,38.9,28.4,16124
4962,29.5,3.9,16125
4963,24.9,3.8,16127
4964,20.0,5.3,16130
4965,42.5,28.8,16131
4966,24.5,11.3,16132
4967,19.1,8.2,16133
4968,30.4,6.3,16134
4969,29.3,2.9,16136
4970,24.8,3.5,16137
4971,-666666666.0,-222222222.0,16140
4972,32.0,6.8,16141
4973,26.0,9.2,16142
4974,39.1,42.4,16143
4975,21.7,5.0,16145
4976,29.3,3.5,16146
4977,27.8,4.5,16148
4978,29.3,5.6,16150
4979,-666666666.0,-222222222.0,16151
4980,23.3,4.9,16153
4981,27.5,27.2,16154
4982,23.8,71.3,16155
4983,17.5,3.3,16156
4984,38.0,16.5,16157
4985,27.4,10.1,16159
4986,19.0,15.7,16160
4987,30.8,15.5,16161
4988,-666666666.0,-222222222.0,16172
4989,27.5,3.0,16201
4990,20.8,21.5,16210
4991,-666666666.0,-222222222.0,16211
4992,10.0,4.1,16212
4993,16.7,2.7,16213
4994,33.5,11.9,16214
4995,-666666666.0,-222222222.0,16217
4996,12.6,1.2,16218
4997,-666666666.0,-222222222.0,16220
4998,18.4,16.4,16222
4999,-666666666.0,-222222222.0,16223
5000,30.4,17.2,16224
5001,22.5,3.6,16226
5002,23.3,60.6,16228
5003,21.4,2.8,16229
5004,34.6,23.0,16230
5005,22.8,2.1,16232
5006,9.0,-333333333.0,16233
5007,14.3,12.4,16235
5008,-666666666.0,-222222222.0,16236
5009,24.4,12.7,16238
5010,24.5,2.7,16239
5011,19.9,29.2,16240
5012,27.1,4.7,16242
5013,32.9,54.8,16244
5014,33.4,26.9,16245
5015,13.8,46.3,16246
5016,25.9,4.8,16248
5017,15.1,3.8,16249
5018,-666666666.0,-222222222.0,16250
5019,-666666666.0,-222222222.0,16253
5020,21.6,3.2,16254
5021,27.3,3.1,16255
5022,9.0,-333333333.0,16256
5023,41.0,40.3,16258
5024,20.8,3.1,16259
5025,-666666666.0,-222222222.0,16260
5026,32.5,14.9,16262
5027,-666666666.0,-222222222.0,16263
5028,34.4,6.2,16301
5029,18.8,7.8,16311
5030,-666666666.0,-222222222.0,16312
5031,23.1,2.9,16313
5032,26.8,3.1,16314
5033,22.8,9.4,16316
5034,51.0,-333333333.0,16317
5035,20.0,10.8,16319
5036,-666666666.0,-222222222.0,16321
5037,-666666666.0,-222222222.0,16322
5038,27.0,3.9,16323
5039,-666666666.0,-222222222.0,16326
5040,33.1,10.5,16327
5041,26.7,9.8,16328
5042,-666666666.0,-222222222.0,16329
5043,-666666666.0,-222222222.0,16331
5044,-666666666.0,-222222222.0,16332
5045,-666666666.0,-222222222.0,16333
5046,42.3,5.0,16334
5047,27.6,2.3,16335
5048,22.7,11.6,16340
5049,17.9,9.5,16341
5050,34.8,9.5,16342
5051,-666666666.0,-222222222.0,16343
5052,32.1,6.2,16344
5053,26.3,14.4,16345
5054,23.7,10.2,16346
5055,27.1,9.2,16347
5056,23.7,3.7,16350
5057,26.6,1.5,16351
5058,31.9,16.8,16352
5059,26.3,5.6,16353
5060,32.1,1.8,16354
5061,18.8,20.2,16360
5062,-666666666.0,-222222222.0,16361
5063,13.5,2.9,16362
5064,35.8,5.0,16364
5065,23.0,1.6,16365
5066,-666666666.0,-222222222.0,16370
5067,27.1,4.3,16371
5068,30.9,4.0,16372
5069,27.9,6.8,16373
5070,27.0,3.9,16374
5071,25.8,4.6,16401
5072,-666666666.0,-222222222.0,16402
5073,27.0,2.3,16403
5074,31.7,10.4,16404
5075,-666666666.0,-222222222.0,16405
5076,25.6,12.1,16406
5077,22.5,6.3,16407
5078,28.6,2.4,16410
5079,17.5,11.5,16411
5080,36.3,6.8,16412
5081,22.0,4.4,16415
5082,-666666666.0,-222222222.0,16416
5083,21.8,10.4,16417
5084,26.3,21.0,16420
5085,21.9,5.6,16421
5086,-666666666.0,-222222222.0,16422
5087,26.8,3.3,16423
5088,26.2,4.7,16424
5089,24.9,4.9,16426
5090,23.6,7.3,16427
5091,18.6,3.4,16428
5092,-666666666.0,-222222222.0,16430
5093,16.3,5.5,16433
5094,27.5,16.7,16434
5095,23.8,6.3,16435
5096,-666666666.0,-222222222.0,16436
5097,26.8,3.3,16438
5098,14.1,3.6,16440
5099,25.7,4.8,16441
5100,19.9,16.0,16442
5101,24.6,43.8,16443
5102,-666666666.0,-222222222.0,16444
5103,-666666666.0,-222222222.0,16475
5104,29.1,3.3,16501
5105,34.4,5.9,16502
5106,36.6,4.3,16503
5107,33.1,3.7,16504
5108,32.4,15.2,16505
5109,28.4,3.3,16506
5110,39.8,6.3,16507
5111,24.8,3.6,16508
5112,28.1,3.8,16509
5113,28.9,4.9,16510
5114,30.1,8.5,16511
5115,-666666666.0,-222222222.0,16546
5116,-666666666.0,-222222222.0,16550
5117,-666666666.0,-222222222.0,16563
5118,29.6,1.8,16601
5119,30.2,2.3,16602
5120,27.9,11.9,16611
5121,20.8,21.1,16613
5122,51.0,-333333333.0,16616
5123,31.7,4.5,16617
5124,-666666666.0,-222222222.0,16619
5125,27.8,2.8,16620
5126,25.0,14.9,16621
5127,-666666666.0,-222222222.0,16622
5128,22.5,1.6,16623
5129,-666666666.0,-222222222.0,16624
5130,28.4,20.4,16625
5131,23.8,7.4,16627
5132,26.6,2.7,16630
5133,-666666666.0,-222222222.0,16631
5134,24.4,72.3,16633
5135,37.5,23.5,16634
5136,26.4,5.9,16635
5137,30.6,18.9,16636
5138,31.0,4.2,16637
5139,-666666666.0,-222222222.0,16638
5140,38.1,4.7,16639
5141,-666666666.0,-222222222.0,16640
5142,23.7,3.8,16641
5143,-666666666.0,-222222222.0,16645
5144,36.5,26.3,16646
5145,12.8,4.1,16647
5146,27.8,4.4,16648
5147,23.5,42.1,16650
5148,27.6,4.5,16651
5149,25.1,3.7,16652
5150,-666666666.0,-222222222.0,16654
5151,15.6,4.6,16655
5152,30.8,26.9,16656
5153,51.0,-333333333.0,16657
5154,14.0,6.8,16659
5155,51.0,-333333333.0,16661
5156,26.3,5.6,16662
5157,21.5,3.6,16664
5158,51.0,-333333333.0,16665
5159,21.0,4.7,16666
5160,21.4,10.5,16667
5161,31.5,7.0,16668
5162,20.4,7.3,16669
5163,-666666666.0,-222222222.0,16670
5164,16.5,4.7,16671
5165,9.0,-333333333.0,16672
5166,29.4,5.2,16673
5167,31.3,41.1,16674
5168,-666666666.0,-222222222.0,16675
5169,-666666666.0,-222222222.0,16677
5170,30.9,5.5,16678
5171,20.0,6.3,16679
5172,16.7,5.6,16680
5173,-666666666.0,-222222222.0,16682
5174,22.5,41.6,16683
5175,-666666666.0,-222222222.0,16684
5176,-666666666.0,-222222222.0,16685
5177,23.8,4.2,16686
5178,-666666666.0,-222222222.0,16689
5179,-666666666.0,-222222222.0,16691
5180,17.5,43.4,16692
5181,27.0,4.4,16693
5182,-666666666.0,-222222222.0,16694
5183,29.3,10.4,16695
5184,-666666666.0,-222222222.0,16699
5185,24.3,5.7,16701
5186,30.9,5.6,16720
5187,-666666666.0,-222222222.0,16724
5188,-666666666.0,-222222222.0,16725
5189,-666666666.0,-222222222.0,16726
5190,-666666666.0,-222222222.0,16727
5191,35.0,25.1,16729
5192,-666666666.0,-222222222.0,16730
5193,20.2,11.9,16731
5194,-666666666.0,-222222222.0,16732
5195,-666666666.0,-222222222.0,16733
5196,23.5,22.9,16734
5197,28.3,1.7,16735
5198,23.8,4.6,16738
5199,28.5,5.3,16740
5200,32.8,3.2,16743
5201,-666666666.0,-222222222.0,16744
5202,-666666666.0,-222222222.0,16745
5203,43.6,43.1,16746
5204,21.4,4.4,16748
5205,27.5,3.2,16749
5206,31.5,6.9,16750
5207,38.9,4.2,16801
5208,-666666666.0,-222222222.0,16802
5209,40.2,5.6,16803
5210,18.7,7.0,16820
5211,-666666666.0,-222222222.0,16821
5212,26.9,4.0,16822
5213,29.2,3.5,16823
5214,-666666666.0,-222222222.0,16825
5215,24.3,2.9,16826
5216,37.2,8.9,16827
5217,34.4,6.7,16828
5218,19.2,7.1,16829
5219,22.3,3.3,16830
5220,-666666666.0,-222222222.0,16832
5221,23.4,6.9,16833
5222,-666666666.0,-222222222.0,16834
5223,38.0,24.2,16835
5224,27.1,1.9,16836
5225,-666666666.0,-222222222.0,16837
5226,36.4,34.0,16838
5227,-666666666.0,-222222222.0,16839
5228,-666666666.0,-222222222.0,16840
5229,36.2,6.0,16841
5230,-666666666.0,-222222222.0,16843
5231,39.2,28.5,16844
5232,38.3,10.5,16845
5233,-666666666.0,-222222222.0,16847
5234,-666666666.0,-222222222.0,16848
5235,-666666666.0,-222222222.0,16849
5236,27.3,6.7,16851
5237,32.5,7.0,16852
5238,31.9,40.6,16853
5239,15.5,9.9,16854
5240,-666666666.0,-222222222.0,16855
5241,-666666666.0,-222222222.0,16856
5242,23.0,30.7,16858
5243,-666666666.0,-222222222.0,16859
5244,-666666666.0,-222222222.0,16860
5245,-666666666.0,-222222222.0,16861
5246,35.4,23.1,16863
5247,-666666666.0,-222222222.0,16864
5248,23.1,28.8,16865
5249,27.7,3.1,16866
5250,24.9,4.0,16868
5251,24.6,7.2,16870
5252,16.7,1.9,16871
5253,14.9,8.7,16872
5254,28.9,12.5,16874
5255,22.7,5.7,16875
5256,18.3,12.7,16876
5257,18.6,16.2,16877
5258,51.0,-333333333.0,16878
5259,-666666666.0,-222222222.0,16879
5260,13.6,1.7,16881
5261,-666666666.0,-222222222.0,16882
5262,29.2,6.6,16901
5263,17.5,20.2,16910
5264,-666666666.0,-222222222.0,16911
5265,27.2,8.7,16912
5266,22.3,5.4,16914
5267,24.2,3.7,16915
5268,21.7,4.3,16917
5269,27.8,20.1,16920
5270,26.8,3.0,16921
5271,28.6,8.4,16922
5272,32.6,1.7,16923
5273,24.2,4.3,16925
5274,13.5,2.9,16926
5275,35.4,21.9,16927
5276,19.2,8.9,16928
5277,25.8,5.1,16929
5278,23.0,4.3,16930
5279,-666666666.0,-222222222.0,16932
5280,33.0,5.1,16933
5281,23.8,44.9,16935
5282,31.6,13.3,16936
5283,-666666666.0,-222222222.0,16937
5284,25.5,11.8,16938
5285,31.8,1.8,16939
5286,-666666666.0,-222222222.0,16940
5287,-666666666.0,-222222222.0,16941
5288,13.5,2.6,16942
5289,11.0,4.0,16943
5290,29.6,13.1,16946
5291,26.3,4.4,16947
5292,41.0,11.9,16948
5293,28.3,5.1,16950
5294,18.3,27.8,17002
5295,27.2,7.0,17003
5296,21.8,9.2,17004
5297,-666666666.0,-222222222.0,17005
5298,22.7,3.8,17006
5299,25.8,4.9,17007
5300,24.6,8.1,17009
5301,-666666666.0,-222222222.0,17010
5302,27.1,1.9,17011
5303,31.7,2.8,17013
5304,-666666666.0,-222222222.0,17014
5305,23.9,2.8,17015
5306,37.9,10.0,17016
5307,23.6,6.5,17017
5308,41.9,16.9,17018
5309,24.5,2.7,17019
5310,31.8,7.0,17020
5311,19.3,3.3,17021
5312,33.4,8.8,17022
5313,20.1,7.8,17023
5314,18.6,3.5,17024
5315,21.7,2.8,17025
5316,33.1,15.7,17026
5317,-666666666.0,-222222222.0,17027
5318,18.3,30.4,17028
5319,-666666666.0,-222222222.0,17029
5320,51.0,-333333333.0,17030
5321,19.0,3.8,17032
5322,27.4,2.5,17033
5323,30.1,12.7,17034
5324,18.3,12.3,17035
5325,24.7,3.9,17036
5326,12.0,4.8,17037
5327,36.8,11.6,17038
5328,-666666666.0,-222222222.0,17039
5329,27.5,20.5,17040
5330,-666666666.0,-222222222.0,17041
5331,27.9,1.9,17042
5332,32.8,7.4,17043
5333,25.2,3.4,17044
5334,22.9,3.7,17045
5335,28.1,2.5,17046
5336,24.0,5.5,17047
5337,21.5,9.8,17048
5338,18.2,4.7,17049
5339,24.2,2.7,17050
5340,27.8,5.8,17051
5341,15.0,7.1,17052
5342,29.5,13.4,17053
5343,13.1,2.0,17054
5344,25.7,1.6,17055
5345,-666666666.0,-222222222.0,17056
5346,29.8,3.2,17057
5347,25.6,6.4,17058
5348,22.3,2.5,17059
5349,19.5,8.1,17060
5350,28.6,5.6,17061
5351,24.8,10.4,17062
5352,25.1,26.9,17063
5353,40.4,23.2,17064
5354,26.7,4.3,17065
5355,26.1,3.8,17066
5356,40.9,17.6,17067
5357,25.1,6.8,17068
5358,27.5,16.0,17069
5359,29.5,6.2,17070
5360,28.6,38.1,17071
5361,20.3,3.5,17073
5362,26.4,2.8,17074
5363,9.0,-333333333.0,17075
5364,-666666666.0,-222222222.0,17076
5365,-666666666.0,-222222222.0,17077
5366,30.4,5.2,17078
5367,18.5,3.7,17080
5368,-666666666.0,-222222222.0,17081
5369,16.9,5.8,17082
5370,20.9,12.1,17084
5371,22.9,13.0,17086
5372,22.0,3.1,17087
5373,28.3,4.0,17088
5374,37.3,19.0,17090
5375,-666666666.0,-222222222.0,17093
5376,24.9,4.1,17094
5377,18.0,2.3,17097
5378,21.5,3.7,17098
5379,27.4,9.8,17099
5380,26.3,5.8,17101
5381,27.3,1.5,17102
5382,39.6,9.8,17103
5383,30.1,5.0,17104
5384,29.7,3.2,17109
5385,30.1,2.5,17110
5386,28.3,2.4,17111
5387,24.6,2.8,17112
5388,25.9,4.6,17113
5389,-666666666.0,-222222222.0,17120
5390,27.8,1.6,17201
5391,24.5,4.2,17202
5392,-666666666.0,-222222222.0,17210
5393,15.4,5.8,17211
5394,27.5,8.3,17212
5395,28.8,22.0,17213
5396,31.1,15.3,17214
5397,-666666666.0,-222222222.0,17215
5398,-666666666.0,-222222222.0,17217
5399,-666666666.0,-222222222.0,17219
5400,-666666666.0,-222222222.0,17220
5401,28.3,23.3,17221
5402,25.6,7.6,17222
5403,23.8,25.9,17223
5404,18.3,6.2,17224
5405,21.7,2.6,17225
5406,33.0,14.4,17228
5407,19.3,22.0,17229
5408,-666666666.0,-222222222.0,17232
5409,18.9,2.4,17233
5410,-666666666.0,-222222222.0,17235
5411,31.5,7.9,17236
5412,19.5,5.7,17237
5413,21.0,16.0,17238
5414,-666666666.0,-222222222.0,17239
5415,19.1,3.8,17240
5416,24.9,3.0,17241
5417,41.8,19.0,17243
5418,25.0,30.0,17244
5419,-666666666.0,-222222222.0,17246
5420,41.9,15.0,17247
5421,14.8,91.8,17249
5422,-666666666.0,-222222222.0,17250
5423,-666666666.0,-222222222.0,17251
5424,29.6,5.6,17252
5425,42.8,21.0,17253
5426,-666666666.0,-222222222.0,17254
5427,-666666666.0,-222222222.0,17255
5428,25.0,2.7,17257
5429,24.3,58.0,17260
5430,-666666666.0,-222222222.0,17261
5431,10.6,16.5,17262
5432,-666666666.0,-222222222.0,17263
5433,29.1,2.4,17264
5434,27.0,18.5,17265
5435,21.9,3.6,17266
5436,24.7,4.0,17267
5437,27.9,3.7,17268
5438,9.0,-333333333.0,17271
5439,25.7,5.6,17301
5440,12.9,1.1,17302
5441,32.0,21.0,17303
5442,21.1,3.0,17304
5443,51.0,-333333333.0,17306
5444,29.7,6.2,17307
5445,-666666666.0,-222222222.0,17309
5446,20.6,12.4,17311
5447,30.7,4.1,17313
5448,20.7,3.3,17314
5449,28.6,8.7,17315
5450,24.3,7.4,17316
5451,27.5,20.7,17317
5452,-666666666.0,-222222222.0,17318
5453,28.4,17.4,17319
5454,33.7,7.6,17320
5455,17.4,2.5,17321
5456,28.3,4.2,17322
5457,51.0,-333333333.0,17323
5458,25.9,12.2,17324
5459,26.9,2.6,17325
5460,30.4,5.8,17327
5461,-666666666.0,-222222222.0,17329
5462,29.1,2.2,17331
5463,22.3,2.7,17339
5464,27.0,2.8,17340
5465,24.6,32.6,17342
5466,-666666666.0,-222222222.0,17343
5467,30.1,4.3,17344
5468,23.3,5.0,17345
5469,31.1,16.8,17347
5470,26.0,13.4,17349
5471,27.3,3.5,17350
5472,17.1,32.1,17352
5473,20.5,5.1,17353
5474,28.2,2.9,17355
5475,31.0,5.9,17356
5476,23.8,14.0,17360
5477,30.9,6.6,17361
5478,22.8,2.8,17362
5479,42.4,5.2,17363
5480,30.7,4.6,17364
5481,40.6,19.5,17365
5482,30.2,5.7,17366
5483,20.0,2.7,17368
5484,20.3,4.7,17370
5485,-666666666.0,-222222222.0,17371
5486,25.9,6.1,17372
5487,35.6,3.7,17401
5488,32.2,3.7,17402
5489,31.9,3.2,17403
5490,24.2,2.2,17404
5491,26.6,3.8,17406
5492,26.5,6.0,17407
5493,29.3,3.8,17408
5494,27.0,5.7,17501
5495,18.7,23.2,17502
5496,-666666666.0,-222222222.0,17504
5497,19.6,20.3,17505
5498,-666666666.0,-222222222.0,17506
5499,-666666666.0,-222222222.0,17507
5500,-666666666.0,-222222222.0,17508
5501,20.0,6.8,17509
5502,33.5,6.6,17512
5503,23.4,4.8,17516
5504,21.7,3.3,17517
5505,14.6,7.9,17518
5506,19.2,6.1,17519
5507,20.4,9.5,17520
5508,26.8,2.2,17522
5509,30.8,12.0,17527
5510,17.8,5.3,17529
5511,11.8,6.1,17532
5512,-666666666.0,-222222222.0,17534
5513,17.3,1.2,17535
5514,31.1,6.0,17536
5515,36.6,14.1,17538
5516,30.7,8.0,17540
5517,30.3,2.6,17543
5518,28.3,3.8,17545
5519,31.3,6.6,17547
5520,-666666666.0,-222222222.0,17550
5521,37.3,7.2,17551
5522,23.3,4.4,17552
5523,22.8,2.6,17554
5524,23.0,4.0,17555
5525,28.8,6.9,17557
5526,30.7,7.3,17560
5527,17.0,5.6,17562
5528,18.9,17.0,17563
5529,31.2,15.0,17565
5530,30.6,4.5,17566
5531,-666666666.0,-222222222.0,17568
5532,21.0,4.5,17569
5533,-666666666.0,-222222222.0,17570
5534,26.3,18.0,17572
5535,-666666666.0,-222222222.0,17576
5536,25.0,10.3,17578
5537,27.7,11.4,17579
5538,13.1,9.5,17581
5539,47.0,29.1,17582
5540,36.2,2.8,17584
5541,27.2,1.9,17601
5542,29.7,2.1,17602
5543,29.5,1.8,17603
5544,51.0,-333333333.0,17606
5545,30.9,2.1,17701
5546,25.9,5.7,17702
5547,26.3,8.5,17720
5548,31.0,8.0,17721
5549,-666666666.0,-222222222.0,17723
5550,25.0,3.0,17724
5551,-666666666.0,-222222222.0,17727
5552,47.2,23.2,17728
5553,9.0,-333333333.0,17729
5554,-666666666.0,-222222222.0,17730
5555,-666666666.0,-222222222.0,17731
5556,26.9,1.6,17737
5557,-666666666.0,-222222222.0,17739
5558,22.9,8.7,17740
5559,-666666666.0,-222222222.0,17742
5560,20.7,8.9,17744
5561,27.6,2.9,17745
5562,20.6,11.7,17747
5563,-666666666.0,-222222222.0,17748
5564,25.8,6.4,17749
5565,-666666666.0,-222222222.0,17750
5566,27.1,5.1,17751
5567,25.3,3.5,17752
5568,27.7,3.1,17754
5569,26.9,2.8,17756
5570,13.6,8.9,17758
5571,32.5,19.9,17760
5572,17.5,12.6,17762
5573,51.0,-333333333.0,17763
5574,29.2,3.7,17764
5575,-666666666.0,-222222222.0,17765
5576,23.1,6.0,17768
5577,-666666666.0,-222222222.0,17769
5578,18.7,9.0,17771
5579,24.1,7.7,17772
5580,18.5,14.6,17774
5581,-666666666.0,-222222222.0,17776
5582,21.6,4.8,17777
5583,-666666666.0,-222222222.0,17778
5584,-666666666.0,-222222222.0,17779
5585,26.7,3.0,17801
5586,21.6,4.7,17810
5587,33.8,12.0,17812
5588,23.5,4.0,17813
5589,33.6,9.3,17814
5590,25.8,2.4,17815
5591,24.5,3.4,17820
5592,25.9,2.7,17821
5593,-666666666.0,-222222222.0,17822
5594,15.0,8.9,17823
5595,30.3,17.3,17824
5596,21.5,8.9,17827
5597,17.5,2.7,17829
5598,21.9,10.1,17830
5599,51.0,-333333333.0,17832
5600,51.0,-333333333.0,17834
5601,-666666666.0,-222222222.0,17835
5602,30.0,19.7,17836
5603,29.1,4.9,17837
5604,-666666666.0,-222222222.0,17840
5605,30.8,4.8,17841
5606,25.0,2.9,17842
5607,23.9,6.0,17844
5608,25.4,3.4,17845
5609,35.9,18.3,17846
5610,26.7,5.1,17847
5611,17.7,2.3,17850
5612,19.7,6.4,17851
5613,22.7,6.2,17853
5614,37.7,7.3,17855
5615,24.6,28.4,17856
5616,30.9,8.1,17857
5617,-666666666.0,-222222222.0,17858
5618,20.0,5.3,17859
5619,21.7,8.2,17860
5620,-666666666.0,-222222222.0,17861
5621,-666666666.0,-222222222.0,17862
5622,20.8,3.1,17864
5623,-666666666.0,-222222222.0,17865
5624,27.3,7.1,17866
5625,17.2,2.4,17867
5626,51.0,-333333333.0,17868
5627,28.7,7.4,17870
5628,30.4,4.6,17872
5629,26.5,3.0,17876
5630,25.0,16.2,17878
5631,41.7,25.8,17880
5632,22.4,1.6,17881
5633,22.3,25.3,17884
5634,-666666666.0,-222222222.0,17885
5635,33.8,3.4,17886
5636,-666666666.0,-222222222.0,17887
5637,18.1,11.6,17888
5638,19.0,14.3,17889
5639,31.6,2.1,17901
5640,-666666666.0,-222222222.0,17920
5641,30.9,5.4,17921
5642,24.2,22.7,17922
5643,-666666666.0,-222222222.0,17923
5644,20.7,8.0,17925
5645,23.8,3.8,17929
5646,48.8,13.4,17930
5647,28.9,9.0,17931
5648,-666666666.0,-222222222.0,17933
5649,-666666666.0,-222222222.0,17934
5650,36.3,13.1,17935
5651,13.8,11.1,17936
5652,14.9,8.6,17938
5653,22.5,9.4,17941
5654,-666666666.0,-222222222.0,17943
5655,-666666666.0,-222222222.0,17944
5656,-666666666.0,-222222222.0,17945
5657,-666666666.0,-222222222.0,17946
5658,25.8,18.5,17948
5659,-666666666.0,-222222222.0,17949
5660,-666666666.0,-222222222.0,17951
5661,-666666666.0,-222222222.0,17952
5662,32.9,4.8,17953
5663,23.2,6.0,17954
5664,-666666666.0,-222222222.0,17957
5665,31.4,4.4,17959
5666,23.2,9.7,17960
5667,24.2,5.2,17961
5668,25.1,6.2,17963
5669,12.5,7.2,17964
5670,27.3,4.4,17965
5671,25.9,6.2,17967
5672,-666666666.0,-222222222.0,17968
5673,26.4,13.7,17970
5674,20.0,3.6,17972
5675,-666666666.0,-222222222.0,17974
5676,30.0,16.0,17976
5677,20.8,12.1,17978
5678,-666666666.0,-222222222.0,17979
5679,24.0,3.1,17980
5680,31.2,8.1,17981
5681,19.2,10.6,17982
5682,51.0,-333333333.0,17983
5683,23.5,20.4,17985
5684,29.9,6.6,18011
5685,-666666666.0,-222222222.0,18012
5686,28.7,5.8,18013
5687,34.5,9.4,18014
5688,35.1,2.9,18015
5689,29.5,2.6,18017
5690,29.5,1.6,18018
5691,24.4,6.7,18020
5692,21.7,17.9,18030
5693,30.5,4.2,18031
5694,37.0,3.0,18032
5695,25.2,5.0,18034
5696,-666666666.0,-222222222.0,18035
5697,30.1,12.4,18036
5698,41.5,33.7,18037
5699,13.9,24.5,18038
5700,27.3,4.8,18040
5701,26.1,2.6,18041
5702,29.2,2.3,18042
5703,31.6,6.7,18045
5704,-666666666.0,-222222222.0,18046
5705,32.1,9.4,18049
5706,23.7,2.4,18051
5707,31.2,4.0,18052
5708,19.1,6.5,18053
5709,36.3,13.9,18054
5710,27.7,9.2,18055
5711,17.7,1.2,18056
5712,27.5,25.1,18058
5713,-666666666.0,-222222222.0,18059
5714,25.5,4.5,18062
5715,34.7,49.5,18063
5716,29.1,4.2,18064
5717,-666666666.0,-222222222.0,18065
5718,19.7,3.7,18066
5719,27.4,5.0,18067
5720,15.8,12.1,18069
5721,-666666666.0,-222222222.0,18070
5722,27.8,7.8,18071
5723,32.3,10.6,18072
5724,24.5,4.4,18073
5725,22.5,14.1,18074
5726,29.9,4.0,18076
5727,23.4,1.8,18077
5728,29.1,5.9,18078
5729,-666666666.0,-222222222.0,18079
5730,26.1,5.9,18080
5731,-666666666.0,-222222222.0,18081
5732,22.9,18.0,18083
5733,19.5,7.0,18085
5734,-666666666.0,-222222222.0,18086
5735,28.1,15.0,18087
5736,24.8,19.5,18088
5737,27.3,5.0,18091
5738,30.5,15.0,18092
5739,35.4,4.3,18101
5740,39.2,3.9,18102
5741,33.4,2.9,18103
5742,29.4,2.8,18104
5743,29.7,4.8,18106
5744,32.1,4.6,18109
5745,-666666666.0,-222222222.0,18195
5746,33.7,2.9,18201
5747,32.7,7.0,18202
5748,23.9,3.8,18210
5749,-666666666.0,-222222222.0,18211
5750,-666666666.0,-222222222.0,18212
5751,51.0,-333333333.0,18214
5752,37.7,12.0,18216
5753,24.9,7.7,18218
5754,20.7,12.2,18219
5755,24.5,4.0,18220
5756,-666666666.0,-222222222.0,18221
5757,14.8,6.3,18222
5758,-666666666.0,-222222222.0,18223
5759,19.5,7.9,18224
5760,-666666666.0,-222222222.0,18225
5761,48.0,24.7,18229
5762,-666666666.0,-222222222.0,18230
5763,51.0,-333333333.0,18231
5764,24.3,3.2,18232
5765,-666666666.0,-222222222.0,18234
5766,30.1,5.8,18235
5767,28.6,2.8,18237
5768,-666666666.0,-222222222.0,18239
5769,28.8,4.7,18240
5770,11.1,5.0,18241
5771,-666666666.0,-222222222.0,18242
5772,18.6,18.3,18244
5773,-666666666.0,-222222222.0,18245
5774,-666666666.0,-222222222.0,18246
5775,-666666666.0,-222222222.0,18248
5776,24.4,9.1,18249
5777,18.6,3.1,18250
5778,24.1,2.4,18252
5779,19.0,3.4,18254
5780,23.6,4.9,18255
5781,-666666666.0,-222222222.0,18256
5782,31.4,3.0,18301
5783,39.6,16.0,18302
5784,38.1,42.5,18321
5785,13.0,19.1,18322
5786,-666666666.0,-222222222.0,18323
5787,51.0,-333333333.0,18324
5788,13.2,1.9,18325
5789,27.6,9.6,18326
5790,31.1,14.1,18327
5791,23.0,3.8,18328
5792,51.0,-333333333.0,18330
5793,51.0,-333333333.0,18331
5794,51.0,-333333333.0,18332
5795,-666666666.0,-222222222.0,18333
5796,33.1,2.0,18334
5797,-666666666.0,-222222222.0,18335
5798,30.5,5.1,18336
5799,27.9,8.3,18337
5800,-666666666.0,-222222222.0,18340
5801,19.7,27.0,18342
5802,16.7,9.1,18343
5803,39.2,22.0,18344
5804,45.0,49.0,18346
5805,14.4,24.9,18347
5806,-666666666.0,-222222222.0,18349
5807,-666666666.0,-222222222.0,18350
5808,32.5,19.0,18351
5809,18.9,5.5,18353
5810,-666666666.0,-222222222.0,18354
5811,51.0,-333333333.0,18355
5812,-666666666.0,-222222222.0,18356
5813,-666666666.0,-222222222.0,18357
5814,37.5,4.9,18360
5815,9.0,-333333333.0,18370
5816,-666666666.0,-222222222.0,18371
5817,19.4,5.3,18372
5818,36.3,8.6,18403
5819,51.0,-333333333.0,18405
5820,30.9,2.1,18407
5821,21.7,2.7,18411
5822,-666666666.0,-222222222.0,18413
5823,18.7,2.6,18414
5824,-666666666.0,-222222222.0,18415
5825,22.3,3.1,18417
5826,27.2,5.0,18419
5827,-666666666.0,-222222222.0,18420
5828,25.6,5.5,18421
5829,34.8,16.5,18424
5830,17.1,0.8,18425
5831,36.0,27.3,18426
5832,30.5,8.4,18428
5833,-666666666.0,-222222222.0,18430
5834,29.0,6.0,18431
5835,26.9,2.7,18433
5836,35.9,4.7,18434
5837,-666666666.0,-222222222.0,18435
5838,28.9,26.4,18436
5839,-666666666.0,-222222222.0,18437
5840,-666666666.0,-222222222.0,18438
5841,12.5,68.0,18439
5842,-666666666.0,-222222222.0,18440
5843,-666666666.0,-222222222.0,18441
5844,-666666666.0,-222222222.0,18443
5845,41.8,8.6,18444
5846,24.7,29.3,18445
5847,35.7,9.0,18446
5848,24.1,4.7,18447
5849,-666666666.0,-222222222.0,18451
5850,27.8,6.0,18452
5851,40.0,47.7,18453
5852,-666666666.0,-222222222.0,18454
5853,-666666666.0,-222222222.0,18455
5854,23.3,4.0,18456
5855,-666666666.0,-222222222.0,18457
5856,32.0,8.7,18458
5857,22.5,19.1,18460
5858,51.0,-333333333.0,18461
5859,30.8,20.8,18462
5860,-666666666.0,-222222222.0,18463
5861,27.5,41.6,18464
5862,25.0,11.4,18465
5863,44.1,14.1,18466
5864,-666666666.0,-222222222.0,18469
5865,23.2,7.2,18470
5866,-666666666.0,-222222222.0,18471
5867,25.8,5.8,18472
5868,14.6,14.3,18473
5869,33.5,6.3,18503
5870,34.1,8.8,18504
5871,30.2,4.9,18505
5872,29.2,12.7,18507
5873,31.0,4.0,18508
5874,33.1,2.7,18509
5875,27.2,3.0,18510
5876,26.2,4.2,18512
5877,24.0,7.8,18517
5878,25.4,5.7,18518
5879,30.6,8.5,18519
5880,-666666666.0,-222222222.0,18602
5881,28.9,3.5,18603
5882,29.3,10.0,18610
5883,24.0,6.7,18612
5884,27.0,8.1,18614
5885,35.9,5.1,18615
5886,25.6,9.6,18616
5887,41.2,20.5,18617
5888,25.0,2.7,18618
5889,51.0,-333333333.0,18619
5890,24.5,5.8,18621
5891,-666666666.0,-222222222.0,18622
5892,24.0,8.8,18623
5893,-666666666.0,-222222222.0,18624
5894,-666666666.0,-222222222.0,18625
5895,26.4,2.6,18626
5896,-666666666.0,-222222222.0,18627
5897,-666666666.0,-222222222.0,18628
5898,20.2,6.9,18629
5899,19.5,6.0,18630
5900,28.3,45.9,18631
5901,11.9,2.3,18632
5902,28.8,3.2,18634
5903,20.3,3.5,18635
5904,46.7,19.0,18636
5905,28.3,3.1,18640
5906,22.3,2.5,18641
5907,29.8,11.0,18642
5908,25.8,4.1,18643
5909,24.9,3.4,18644
5910,32.5,3.4,18651
5911,26.7,3.0,18655
5912,24.2,43.9,18656
5913,22.0,4.2,18657
5914,30.9,6.6,18660
5915,36.0,33.1,18661
5916,31.4,4.7,18701
5917,30.2,2.9,18702
5918,27.9,1.3,18704
5919,25.0,4.0,18705
5920,24.4,6.4,18706
5921,23.0,2.1,18707
5922,41.6,20.5,18708
5923,25.8,4.4,18709
5924,26.6,5.5,18801
5925,23.3,2.5,18810
5926,42.5,48.3,18812
5927,19.4,14.5,18814
5928,-666666666.0,-222222222.0,18816
5929,-666666666.0,-222222222.0,18817
5930,29.8,5.2,18818
5931,-666666666.0,-222222222.0,18820
5932,26.3,1.9,18821
5933,25.8,9.4,18822
5934,-666666666.0,-222222222.0,18823
5935,24.6,10.0,18824
5936,-666666666.0,-222222222.0,18825
5937,40.9,15.5,18826
5938,22.0,1.5,18828
5939,18.5,4.7,18829
5940,13.9,14.9,18830
5941,17.1,18.5,18831
5942,36.3,21.3,18832
5943,19.3,2.9,18833
5944,28.4,9.4,18834
5945,22.5,5.2,18837
5946,24.7,3.9,18840
5947,-666666666.0,-222222222.0,18842
5948,-666666666.0,-222222222.0,18843
5949,21.9,12.9,18844
5950,33.0,11.5,18845
5951,30.7,17.6,18846
5952,24.5,5.7,18847
5953,30.7,5.6,18848
5954,16.7,6.3,18850
5955,20.4,9.8,18851
5956,23.2,3.3,18853
5957,26.6,12.0,18854
5958,31.6,4.5,18901
5959,28.4,3.1,18902
5960,-666666666.0,-222222222.0,18912
5961,-666666666.0,-222222222.0,18913
5962,29.0,8.2,18914
5963,19.3,15.7,18915
5964,30.9,9.9,18917
5965,-666666666.0,-222222222.0,18920
5966,-666666666.0,-222222222.0,18921
5967,37.5,0.8,18923
5968,26.3,12.2,18925
5969,-666666666.0,-222222222.0,18927
5970,28.6,19.1,18929
5971,35.6,22.0,18930
5972,-666666666.0,-222222222.0,18932
5973,-666666666.0,-222222222.0,18933
5974,-666666666.0,-222222222.0,18935
5975,-666666666.0,-222222222.0,18936
5976,33.4,9.0,18938
5977,27.8,3.4,18940
5978,28.0,5.2,18942
5979,24.9,4.0,18944
5980,-666666666.0,-222222222.0,18946
5981,20.8,3.7,18947
5982,-666666666.0,-222222222.0,18950
5983,25.2,4.3,18951
5984,18.4,31.4,18954
5985,36.8,15.3,18955
5986,28.7,6.2,18960
5987,-666666666.0,-222222222.0,18962
5988,32.9,8.6,18964
5989,27.7,4.8,18966
5990,27.1,5.0,18969
5991,29.1,7.2,18970
5992,23.6,3.4,18972
5993,30.5,3.3,18974
5994,28.1,2.8,18976
5995,20.7,3.8,18977
5996,23.1,1.1,18980
5997,32.6,3.7,19001
5998,30.6,5.0,19002
5999,27.8,2.2,19003
6000,28.8,5.1,19004
6001,29.5,4.3,19006
6002,29.9,3.0,19007
6003,24.2,4.2,19008
6004,27.3,25.5,19009
6005,32.0,4.9,19010
6006,29.2,6.9,19012
6007,36.4,3.7,19013
6008,31.3,6.2,19014
6009,29.1,5.4,19015
6010,-666666666.0,-222222222.0,19017
6011,29.3,3.6,19018
6012,29.2,2.0,19020
6013,32.6,11.0,19021
6014,34.6,6.0,19022
6015,34.1,7.7,19023
6016,42.1,9.5,19025
6017,28.7,2.8,19026
6018,31.4,5.9,19027
6019,37.0,12.1,19029
6020,34.8,11.9,19030
6021,37.5,11.4,19031
6022,31.4,5.5,19032
6023,30.2,4.3,19033
6024,32.0,3.2,19034
6025,40.0,38.0,19035
6026,33.0,9.3,19036
6027,32.4,6.1,19038
6028,26.7,4.2,19040
6029,51.0,-333333333.0,19041
6030,36.2,22.8,19043
6031,28.2,1.9,19044
6032,29.1,4.8,19046
6033,33.3,2.3,19047
6034,36.9,6.9,19050
6035,-666666666.0,-222222222.0,19052
6036,28.1,2.5,19053
6037,31.8,3.7,19054
6038,28.1,4.5,19055
6039,33.1,2.4,19056
6040,31.9,3.5,19057
6041,-666666666.0,-222222222.0,19060
6042,27.6,3.8,19061
6043,30.2,3.7,19063
6044,27.3,2.0,19064
6045,23.2,21.1,19066
6046,23.1,2.8,19067
6047,29.1,6.1,19070
6048,29.9,4.4,19072
6049,34.5,8.1,19073
6050,38.3,17.4,19074
6051,24.0,4.5,19075
6052,39.7,30.6,19076
6053,29.2,3.1,19078
6054,31.3,10.9,19079
6055,26.4,12.4,19081
6056,33.3,3.1,19082
6057,31.2,5.8,19083
6058,-666666666.0,-222222222.0,19085
6059,51.0,-333333333.0,19086
6060,27.3,4.1,19087
6061,27.8,3.7,19090
6062,32.1,6.7,19094
6063,34.0,11.2,19095
6064,30.1,8.3,19096
6065,24.1,2.9,19102
6066,26.7,2.0,19103
6067,35.5,2.9,19104
6068,24.6,3.0,19106
6069,30.2,2.4,19107
6070,-666666666.0,-222222222.0,19108
6071,-666666666.0,-222222222.0,19109
6072,30.7,3.7,19111
6073,-666666666.0,-222222222.0,19112
6074,-666666666.0,-222222222.0,19113
6075,28.1,3.6,19114
6076,35.1,4.9,19115
6077,31.7,3.7,19116
6078,34.0,6.9,19118
6079,26.4,1.5,19119
6080,36.7,5.0,19120
6081,34.6,4.9,19121
6082,31.9,4.3,19122
6083,25.7,2.2,19123
6084,37.7,3.6,19124
6085,25.0,3.0,19125
6086,31.9,4.7,19126
6087,26.1,2.5,19127
6088,26.1,2.1,19128
6089,26.2,2.1,19129
6090,23.8,1.7,19130
6091,37.8,3.7,19131
6092,42.8,7.4,19132
6093,32.2,7.0,19133
6094,35.2,6.1,19134
6095,43.2,9.2,19135
6096,30.0,4.2,19136
6097,51.0,-333333333.0,19137
6098,29.9,13.0,19138
6099,36.9,4.5,19139
6100,39.2,5.5,19140
6101,34.3,4.5,19141
6102,46.0,5.8,19142
6103,46.3,5.3,19143
6104,31.9,2.3,19144
6105,32.5,4.1,19145
6106,26.0,2.1,19146
6107,25.5,1.9,19147
6108,27.9,1.9,19148
6109,30.3,3.6,19149
6110,37.6,10.9,19150
6111,30.9,6.3,19151
6112,31.0,6.6,19152
6113,31.9,6.8,19153
6114,28.2,6.3,19154
6115,33.7,14.4,19301
6116,27.7,8.7,19310
6117,33.1,10.0,19311
6118,31.9,5.6,19312
6119,-666666666.0,-222222222.0,19316
6120,32.3,4.5,19317
6121,-666666666.0,-222222222.0,19319
6122,33.3,3.7,19320
6123,23.7,7.5,19330
6124,24.5,3.5,19333
6125,29.0,5.6,19335
6126,27.0,3.0,19341
6127,42.0,16.5,19342
6128,27.4,4.3,19343
6129,30.0,8.6,19344
6130,-666666666.0,-222222222.0,19345
6131,30.7,5.1,19348
6132,31.2,19.0,19350
6133,26.1,7.2,19352
6134,26.1,2.2,19355
6135,17.3,1.2,19358
6136,26.6,10.0,19362
6137,43.7,3.5,19363
6138,36.8,9.3,19365
6139,-666666666.0,-222222222.0,19367
6140,-666666666.0,-222222222.0,19369
6141,28.8,12.2,19372
6142,-666666666.0,-222222222.0,19373
6143,51.0,-333333333.0,19374
6144,-666666666.0,-222222222.0,19375
6145,30.4,3.4,19380
6146,30.5,3.6,19382
6147,-666666666.0,-222222222.0,19383
6148,31.5,8.7,19390
6149,32.9,3.2,19401
6150,28.1,4.9,19403
6151,30.0,6.0,19405
6152,25.3,2.0,19406
6153,29.5,4.2,19422
6154,27.0,8.4,19425
6155,32.3,5.6,19426
6156,21.9,1.3,19428
6157,-666666666.0,-222222222.0,19435
6158,45.7,25.3,19436
6159,-666666666.0,-222222222.0,19437
6160,34.1,11.6,19438
6161,32.3,4.1,19440
6162,-666666666.0,-222222222.0,19442
6163,31.5,9.5,19444
6164,31.6,1.7,19446
6165,26.4,17.2,19453
6166,27.5,3.4,19454
6167,-666666666.0,-222222222.0,19456
6168,-666666666.0,-222222222.0,19457
6169,27.1,2.0,19460
6170,30.1,5.2,19462
6171,34.0,3.9,19464
6172,26.3,5.0,19465
6173,29.0,3.8,19468
6174,-666666666.0,-222222222.0,19472
6175,31.5,6.4,19473
6176,-666666666.0,-222222222.0,19474
6177,26.9,5.2,19475
6178,-666666666.0,-222222222.0,19477
6179,-666666666.0,-222222222.0,19490
6180,48.3,36.2,19492
6181,25.7,11.7,19501
6182,27.5,20.6,19503
6183,27.4,5.7,19504
6184,13.8,6.3,19505
6185,24.6,7.5,19506
6186,16.2,3.2,19507
6187,33.5,4.0,19508
6188,51.0,-333333333.0,19510
6189,-666666666.0,-222222222.0,19511
6190,31.3,3.7,19512
6191,32.5,65.1,19516
6192,23.5,2.8,19518
6193,26.7,3.9,19520
6194,20.5,4.0,19522
6195,-666666666.0,-222222222.0,19523
6196,23.1,4.2,19525
6197,27.7,6.0,19526
6198,51.0,-333333333.0,19529
6199,33.2,4.7,19530
6200,25.0,2.9,19533
6201,51.0,-333333333.0,19534
6202,-666666666.0,-222222222.0,19535
6203,29.3,17.2,19536
6204,-666666666.0,-222222222.0,19538
6205,23.8,5.6,19539
6206,26.3,3.0,19540
6207,28.1,7.9,19541
6208,19.9,15.6,19543
6209,-666666666.0,-222222222.0,19544
6210,-666666666.0,-222222222.0,19545
6211,22.6,3.7,19547
6212,20.0,20.9,19549
6213,33.0,24.6,19550
6214,19.9,7.2,19551
6215,11.1,5.9,19554
6216,20.7,2.9,19555
6217,22.5,41.9,19559
6218,30.5,10.8,19560
6219,29.7,15.9,19562
6220,-666666666.0,-222222222.0,19564
6221,34.5,12.4,19565
6222,19.8,3.4,19567
6223,34.8,3.5,19601
6224,38.5,3.7,19602
6225,35.1,7.0,19604
6226,29.4,7.7,19605
6227,31.1,2.5,19606
6228,27.3,2.1,19607
6229,30.6,6.5,19608
6230,35.9,4.5,19609
6231,27.2,4.2,19610
6232,32.2,3.8,19611
6233,29.5,5.4,19701
6234,25.9,2.6,19702
6235,27.3,2.9,19703
6236,23.2,10.8,19706
6237,19.7,11.8,19707
6238,24.2,2.8,19709
6239,-666666666.0,-222222222.0,19710
6240,32.1,3.2,19711
6241,28.6,2.8,19713
6242,-666666666.0,-222222222.0,19716
6243,-666666666.0,-222222222.0,19717
6244,33.1,2.2,19720
6245,25.3,31.4,19730
6246,-666666666.0,-222222222.0,19731
6247,-666666666.0,-222222222.0,19732
6248,-666666666.0,-222222222.0,19733
6249,22.3,6.3,19734
6250,-666666666.0,-222222222.0,19735
6251,-666666666.0,-222222222.0,19736
6252,29.0,1.4,19801
6253,33.6,2.8,19802
6254,25.3,3.0,19803
6255,25.0,2.8,19804
6256,32.3,5.2,19805
6257,28.4,6.2,19806
6258,23.0,5.7,19807
6259,26.0,2.5,19808
6260,32.1,4.6,19809
6261,33.8,5.6,19810
6262,31.6,4.3,19901
6263,-666666666.0,-222222222.0,19902
6264,33.1,2.8,19904
6265,17.9,19.8,19930
6266,-666666666.0,-222222222.0,19931
6267,30.2,13.9,19933
6268,35.9,9.3,19934
6269,41.3,10.6,19936
6270,29.3,16.0,19938
6271,26.5,10.8,19939
6272,26.9,5.9,19940
6273,34.2,16.7,19941
6274,36.5,3.7,19943
6275,13.2,1.5,19944
6276,19.1,9.2,19945
6277,50.0,37.8,19946
6278,36.6,3.9,19947
6279,32.0,9.0,19950
6280,19.5,51.3,19951
6281,25.5,4.8,19952
6282,41.6,16.4,19953
6283,30.2,6.1,19954
6284,24.2,28.9,19955
6285,30.7,4.4,19956
6286,31.1,7.2,19958
6287,28.0,17.7,19960
6288,33.8,20.9,19962
6289,30.0,5.6,19963
6290,15.6,3.2,19964
6291,30.3,2.8,19966
6292,17.9,17.7,19967
6293,34.3,7.7,19968
6294,43.6,19.8,19970
6295,34.0,15.4,19971
6296,32.5,7.2,19973
6297,26.3,6.5,19975
6298,29.0,2.4,19977
6299,30.3,38.7,19979
6300,51.0,-333333333.0,19980
6301,27.4,1.4,20001
6302,26.8,1.4,20002
6303,25.1,1.4,20003
6304,23.1,6.8,20004
6305,27.5,2.4,20005
6306,51.0,-333333333.0,20006
6307,28.0,3.2,20007
6308,27.6,1.9,20008
6309,24.0,0.9,20009
6310,26.9,1.5,20010
6311,29.1,2.9,20011
6312,33.5,4.7,20012
6313,29.5,2.9,20015
6314,30.4,3.1,20016
6315,31.0,2.6,20017
6316,31.3,4.0,20018
6317,35.0,2.8,20019
6318,34.0,3.7,20020
6319,28.8,2.8,20024
6320,33.1,2.0,20032
6321,30.8,4.4,20036
6322,32.7,3.4,20037
6323,-666666666.0,-222222222.0,20045
6324,-666666666.0,-222222222.0,20052
6325,-666666666.0,-222222222.0,20057
6326,-666666666.0,-222222222.0,20059
6327,-666666666.0,-222222222.0,20064
6328,21.4,4.2,20105
6329,51.0,-333333333.0,20106
6330,32.4,2.8,20109
6331,31.6,2.5,20110
6332,25.5,3.4,20111
6333,28.3,3.4,20112
6334,22.8,3.9,20115
6335,25.1,4.7,20117
6336,22.6,34.7,20119
6337,29.7,2.9,20120
6338,30.6,2.7,20121
6339,29.9,18.8,20124
6340,-666666666.0,-222222222.0,20129
6341,-666666666.0,-222222222.0,20130
6342,27.0,2.6,20132
6343,25.6,8.5,20135
6344,24.3,9.6,20136
6345,-666666666.0,-222222222.0,20137
6346,33.3,11.7,20141
6347,-666666666.0,-222222222.0,20143
6348,12.6,4.4,20144
6349,27.7,2.0,20147
6350,25.7,3.0,20148
6351,30.1,5.1,20151
6352,26.5,3.2,20152
6353,31.3,4.8,20155
6354,26.7,13.5,20158
6355,28.9,3.1,20164
6356,31.2,3.4,20165
6357,26.7,2.1,20166
6358,23.4,6.9,20169
6359,25.1,2.2,20170
6360,27.0,1.5,20171
6361,31.6,5.1,20175
6362,28.6,3.8,20176
6363,30.3,14.9,20180
6364,35.8,24.8,20181
6365,51.0,-333333333.0,20184
6366,30.7,4.1,20186
6367,18.3,2.4,20187
6368,24.2,2.4,20190
6369,26.9,1.7,20191
6370,23.7,1.4,20194
6371,-666666666.0,-222222222.0,20197
6372,28.8,12.2,20198
6373,-666666666.0,-222222222.0,20204
6374,-666666666.0,-222222222.0,20220
6375,-666666666.0,-222222222.0,20230
6376,-666666666.0,-222222222.0,20240
6377,-666666666.0,-222222222.0,20245
6378,-666666666.0,-222222222.0,20250
6379,-666666666.0,-222222222.0,20260
6380,-666666666.0,-222222222.0,20317
6381,-666666666.0,-222222222.0,20319
6382,-666666666.0,-222222222.0,20373
6383,-666666666.0,-222222222.0,20388
6384,-666666666.0,-222222222.0,20390
6385,-666666666.0,-222222222.0,20408
6386,-666666666.0,-222222222.0,20415
6387,-666666666.0,-222222222.0,20418
6388,-666666666.0,-222222222.0,20422
6389,-666666666.0,-222222222.0,20427
6390,-666666666.0,-222222222.0,20431
6391,-666666666.0,-222222222.0,20510
6392,-666666666.0,-222222222.0,20515
6393,-666666666.0,-222222222.0,20520
6394,-666666666.0,-222222222.0,20530
6395,-666666666.0,-222222222.0,20535
6396,-666666666.0,-222222222.0,20540
6397,-666666666.0,-222222222.0,20542
6398,-666666666.0,-222222222.0,20551
6399,-666666666.0,-222222222.0,20560
6400,-666666666.0,-222222222.0,20565
6401,-666666666.0,-222222222.0,20566
6402,-666666666.0,-222222222.0,20591
6403,27.7,1.5,20601
6404,29.9,4.6,20602
6405,29.0,4.8,20603
6406,-666666666.0,-222222222.0,20606
6407,13.3,2.5,20607
6408,51.0,-333333333.0,20608
6409,-666666666.0,-222222222.0,20609
6410,-666666666.0,-222222222.0,20611
6411,-666666666.0,-222222222.0,20612
6412,26.4,5.6,20613
6413,-666666666.0,-222222222.0,20615
6414,51.0,-333333333.0,20616
6415,-666666666.0,-222222222.0,20617
6416,23.1,67.0,20618
6417,27.8,3.5,20619
6418,-666666666.0,-222222222.0,20620
6419,-666666666.0,-222222222.0,20621
6420,18.8,8.5,20622
6421,-666666666.0,-222222222.0,20623
6422,23.4,7.3,20624
6423,-666666666.0,-222222222.0,20625
6424,-666666666.0,-222222222.0,20626
6425,-666666666.0,-222222222.0,20628
6426,-666666666.0,-222222222.0,20629
6427,-666666666.0,-222222222.0,20630
6428,-666666666.0,-222222222.0,20632
6429,21.4,6.2,20634
6430,29.5,12.3,20636
6431,44.7,34.3,20637
6432,19.7,17.5,20639
6433,34.7,16.5,20640
6434,-666666666.0,-222222222.0,20645
6435,24.7,4.0,20646
6436,25.0,4.6,20650
6437,32.1,6.3,20653
6438,-666666666.0,-222222222.0,20656
6439,21.6,2.4,20657
6440,19.3,27.5,20658
6441,24.0,2.6,20659
6442,-666666666.0,-222222222.0,20660
6443,-666666666.0,-222222222.0,20661
6444,14.3,50.2,20662
6445,39.1,19.1,20664
6446,-666666666.0,-222222222.0,20667
6447,38.2,3.9,20670
6448,51.0,-333333333.0,20674
6449,-666666666.0,-222222222.0,20675
6450,18.5,34.9,20676
6451,-666666666.0,-222222222.0,20677
6452,31.2,7.0,20678
6453,51.0,-333333333.0,20680
6454,-666666666.0,-222222222.0,20684
6455,28.4,5.2,20685
6456,-666666666.0,-222222222.0,20686
6457,-666666666.0,-222222222.0,20687
6458,49.7,13.6,20688
6459,-666666666.0,-222222222.0,20689
6460,14.2,4.5,20690
6461,-666666666.0,-222222222.0,20692
6462,-666666666.0,-222222222.0,20693
6463,43.9,21.8,20695
6464,33.5,6.7,20701
6465,29.2,3.2,20705
6466,28.5,1.8,20706
6467,27.3,3.8,20707
6468,35.1,4.3,20708
6469,37.3,6.3,20710
6470,24.3,4.5,20711
6471,28.3,3.3,20712
6472,42.6,4.0,20714
6473,35.2,14.5,20715
6474,36.7,7.4,20716
6475,27.6,2.8,20720
6476,28.9,4.1,20721
6477,32.0,5.5,20722
6478,24.7,2.6,20723
6479,32.8,4.5,20724
6480,33.0,18.8,20732
6481,14.5,4.7,20733
6482,31.3,4.9,20735
6483,23.5,12.7,20736
6484,30.5,4.2,20737
6485,41.8,4.8,20740
6486,-666666666.0,-222222222.0,20742
6487,34.8,3.8,20743
6488,29.2,2.6,20744
6489,33.9,2.7,20745
6490,29.1,2.9,20746
6491,32.9,2.6,20747
6492,33.7,3.5,20748
6493,51.0,-333333333.0,20751
6494,26.7,3.8,20754
6495,29.6,2.5,20755
6496,-666666666.0,-222222222.0,20758
6497,48.9,25.1,20759
6498,33.6,7.9,20762
6499,33.3,28.1,20763
6500,51.0,-333333333.0,20764
6501,-666666666.0,-222222222.0,20765
6502,49.2,27.0,20769
6503,31.9,3.2,20770
6504,-666666666.0,-222222222.0,20771
6505,23.7,6.8,20772
6506,28.5,1.9,20774
6507,-666666666.0,-222222222.0,20776
6508,15.6,2.9,20777
6509,-666666666.0,-222222222.0,20778
6510,20.9,11.2,20779
6511,32.5,8.4,20781
6512,30.6,2.5,20782
6513,31.7,3.1,20783
6514,31.5,3.2,20784
6515,32.7,2.3,20785
6516,28.4,3.0,20794
6517,-666666666.0,-222222222.0,20812
6518,28.4,1.3,20814
6519,30.0,3.5,20815
6520,39.6,17.8,20816
6521,28.1,2.2,20817
6522,-666666666.0,-222222222.0,20818
6523,26.7,12.1,20832
6524,49.6,22.6,20833
6525,51.0,-333333333.0,20837
6526,-666666666.0,-222222222.0,20838
6527,-666666666.0,-222222222.0,20839
6528,32.0,4.9,20841
6529,23.1,10.9,20842
6530,30.2,2.1,20850
6531,30.6,5.3,20851
6532,27.6,1.6,20852
6533,27.8,3.3,20853
6534,25.6,8.2,20854
6535,24.9,4.0,20855
6536,24.2,20.0,20860
6537,-666666666.0,-222222222.0,20861
6538,-666666666.0,-222222222.0,20862
6539,28.7,6.3,20866
6540,-666666666.0,-222222222.0,20868
6541,31.9,5.3,20871
6542,37.7,10.6,20872
6543,30.6,3.0,20874
6544,28.2,4.4,20876
6545,34.9,3.6,20877
6546,27.9,1.3,20878
6547,30.0,3.0,20879
6548,-666666666.0,-222222222.0,20880
6549,47.9,15.9,20882
6550,40.2,8.9,20886
6551,-666666666.0,-222222222.0,20889
6552,-666666666.0,-222222222.0,20892
6553,-666666666.0,-222222222.0,20894
6554,35.3,7.9,20895
6555,22.5,12.3,20896
6556,35.5,24.3,20899
6557,30.4,3.9,20901
6558,29.0,2.5,20902
6559,35.4,5.2,20903
6560,37.7,4.3,20904
6561,34.4,18.9,20905
6562,34.9,4.6,20906
6563,29.3,1.7,20910
6564,34.7,3.3,20912
6565,30.4,2.9,21001
6566,19.8,2.7,21005
6567,24.8,2.6,21009
6568,36.2,9.9,21010
6569,29.0,4.9,21012
6570,44.2,2.9,21013
6571,30.8,2.5,21014
6572,29.7,3.4,21015
6573,23.3,3.7,21017
6574,-666666666.0,-222222222.0,21023
6575,51.0,-333333333.0,21028
6576,24.2,12.9,21029
6577,30.4,4.5,21030
6578,-666666666.0,-222222222.0,21031
6579,19.0,6.7,21032
6580,37.3,1.6,21034
6581,22.0,5.1,21035
6582,-666666666.0,-222222222.0,21036
6583,33.0,9.1,21037
6584,36.8,11.1,21040
6585,35.5,7.8,21042
6586,27.2,2.2,21043
6587,28.6,1.8,21044
6588,29.6,3.8,21045
6589,26.3,2.8,21046
6590,34.7,63.0,21047
6591,51.0,-333333333.0,21048
6592,30.0,8.6,21050
6593,-666666666.0,-222222222.0,21051
6594,-666666666.0,-222222222.0,21052
6595,35.6,16.5,21053
6596,30.5,25.5,21054
6597,-666666666.0,-222222222.0,21056
6598,40.5,12.0,21057
6599,30.2,4.1,21060
6600,28.6,2.1,21061
6601,-666666666.0,-222222222.0,21071
6602,25.5,7.5,21074
6603,32.9,6.0,21075
6604,24.9,2.9,21076
6605,-666666666.0,-222222222.0,21077
6606,29.8,2.3,21078
6607,-666666666.0,-222222222.0,21082
6608,18.5,19.6,21084
6609,22.9,7.8,21085
6610,51.0,-333333333.0,21087
6611,23.2,4.6,21090
6612,29.3,5.6,21093
6613,43.7,20.7,21102
6614,51.0,-333333333.0,21104
6615,-666666666.0,-222222222.0,21105
6616,28.8,3.4,21108
6617,32.7,11.9,21111
6618,32.3,5.5,21113
6619,26.7,2.6,21114
6620,30.2,2.9,21117
6621,17.5,2.4,21120
6622,30.5,5.1,21122
6623,26.4,3.7,21128
6624,-666666666.0,-222222222.0,21130
6625,-666666666.0,-222222222.0,21131
6626,-666666666.0,-222222222.0,21132
6627,38.8,4.4,21133
6628,39.6,8.7,21136
6629,-666666666.0,-222222222.0,21140
6630,29.6,2.5,21144
6631,25.9,5.9,21146
6632,26.5,2.8,21152
6633,-666666666.0,-222222222.0,21153
6634,29.3,13.3,21154
6635,18.2,11.5,21155
6636,-666666666.0,-222222222.0,21156
6637,32.1,3.6,21157
6638,27.5,4.8,21158
6639,46.0,12.9,21160
6640,25.4,30.0,21161
6641,17.3,0.9,21162
6642,38.0,4.6,21163
6643,30.3,2.0,21201
6644,33.1,2.4,21202
6645,32.6,2.7,21204
6646,32.2,5.2,21205
6647,32.2,3.9,21206
6648,33.8,2.3,21207
6649,32.5,7.3,21208
6650,32.3,3.5,21209
6651,26.0,6.1,21210
6652,27.4,2.0,21211
6653,27.9,2.3,21212
6654,39.3,6.0,21213
6655,27.8,3.4,21214
6656,38.9,5.2,21215
6657,41.6,8.2,21216
6658,32.3,2.3,21217
6659,33.3,2.5,21218
6660,28.6,5.7,21219
6661,42.0,5.6,21220
6662,33.8,2.6,21221
6663,36.7,4.3,21222
6664,34.1,5.0,21223
6665,28.6,2.2,21224
6666,30.0,5.9,21225
6667,27.8,10.8,21226
6668,27.9,4.0,21227
6669,33.0,5.9,21228
6670,35.6,3.3,21229
6671,30.5,1.7,21230
6672,27.0,2.5,21231
6673,-666666666.0,-222222222.0,21233
6674,32.2,3.7,21234
6675,31.9,3.6,21236
6676,27.1,3.4,21237
6677,31.8,2.9,21239
6678,-666666666.0,-222222222.0,21240
6679,28.9,2.2,21244
6680,-666666666.0,-222222222.0,21250
6681,-666666666.0,-222222222.0,21251
6682,-666666666.0,-222222222.0,21252
6683,-666666666.0,-222222222.0,21285
6684,33.3,4.5,21286
6685,-666666666.0,-222222222.0,21287
6686,28.5,2.3,21401
6687,37.6,28.2,21402
6688,29.9,2.4,21403
6689,-666666666.0,-222222222.0,21405
6690,26.9,3.1,21409
6691,28.2,3.8,21502
6692,28.4,3.6,21520
6693,51.0,-333333333.0,21521
6694,-666666666.0,-222222222.0,21523
6695,12.8,1.4,21524
6696,51.0,-333333333.0,21529
6697,22.5,17.0,21530
6698,28.8,7.6,21531
6699,26.6,2.2,21532
6700,25.3,4.7,21536
6701,22.1,1.6,21538
6702,45.0,28.4,21539
6703,-666666666.0,-222222222.0,21540
6704,28.9,3.8,21541
6705,-666666666.0,-222222222.0,21542
6706,32.5,3.6,21543
6707,23.9,15.6,21545
6708,23.9,3.1,21550
6709,51.0,-333333333.0,21555
6710,-666666666.0,-222222222.0,21557
6711,-666666666.0,-222222222.0,21560
6712,-666666666.0,-222222222.0,21561
6713,24.3,5.9,21562
6714,29.4,3.6,21601
6715,36.2,8.0,21607
6716,23.3,3.3,21610
6717,-666666666.0,-222222222.0,21612
6718,35.1,3.3,21613
6719,34.9,8.1,21617
6720,33.1,6.7,21619
6721,34.7,4.0,21620
6722,16.9,2.6,21622
6723,18.9,8.0,21623
6724,-666666666.0,-222222222.0,21624
6725,45.0,42.2,21625
6726,-666666666.0,-222222222.0,21626
6727,-666666666.0,-222222222.0,21627
6728,-666666666.0,-222222222.0,21628
6729,31.3,2.4,21629
6730,36.7,2.7,21631
6731,32.5,6.9,21632
6732,-666666666.0,-222222222.0,21634
6733,30.5,12.0,21635
6734,51.0,-333333333.0,21636
6735,32.1,19.2,21638
6736,30.6,3.4,21639
6737,23.8,27.9,21640
6738,51.0,-333333333.0,21641
6739,46.3,36.9,21643
6740,-666666666.0,-222222222.0,21644
6741,51.0,-333333333.0,21645
6742,-666666666.0,-222222222.0,21647
6743,-666666666.0,-222222222.0,21648
6744,51.0,-333333333.0,21649
6745,-666666666.0,-222222222.0,21650
6746,25.2,6.4,21651
6747,-666666666.0,-222222222.0,21652
6748,-666666666.0,-222222222.0,21653
6749,47.5,21.5,21654
6750,32.2,8.6,21655
6751,26.1,18.1,21657
6752,19.4,6.5,21658
6753,9.0,-333333333.0,21659
6754,29.3,4.5,21660
6755,23.8,11.8,21661
6756,33.0,6.0,21662
6757,29.3,7.7,21663
6758,19.8,9.1,21664
6759,-666666666.0,-222222222.0,21665
6760,36.6,15.6,21666
6761,-666666666.0,-222222222.0,21667
6762,35.9,9.0,21668
6763,-666666666.0,-222222222.0,21669
6764,-666666666.0,-222222222.0,21671
6765,-666666666.0,-222222222.0,21672
6766,37.7,13.6,21673
6767,-666666666.0,-222222222.0,21675
6768,-666666666.0,-222222222.0,21676
6769,-666666666.0,-222222222.0,21677
6770,51.0,-333333333.0,21678
6771,-666666666.0,-222222222.0,21679
6772,27.4,1.8,21701
6773,33.1,2.4,21702
6774,32.9,3.8,21703
6775,25.0,2.8,21704
6776,-666666666.0,-222222222.0,21705
6777,44.5,11.4,21710
6778,-666666666.0,-222222222.0,21711
6779,22.6,18.6,21713
6780,-666666666.0,-222222222.0,21714
6781,-666666666.0,-222222222.0,21715
6782,24.5,3.8,21716
6783,-666666666.0,-222222222.0,21717
6784,18.8,23.4,21718
6785,51.0,-333333333.0,21719
6786,18.7,5.2,21722
6787,-666666666.0,-222222222.0,21723
6788,29.6,7.8,21727
6789,-666666666.0,-222222222.0,21733
6790,24.9,4.3,21734
6791,-666666666.0,-222222222.0,21737
6792,-666666666.0,-222222222.0,21738
6793,29.8,2.0,21740
6794,26.3,2.3,21742
6795,-666666666.0,-222222222.0,21746
6796,42.1,19.0,21750
6797,29.1,6.8,21754
6798,19.2,2.8,21755
6799,25.0,29.3,21756
6800,20.2,4.5,21757
6801,30.4,18.5,21758
6802,-666666666.0,-222222222.0,21762
6803,9.0,-333333333.0,21766
6804,32.5,38.3,21767
6805,18.9,3.8,21769
6806,-666666666.0,-222222222.0,21770
6807,29.1,6.1,21771
6808,17.2,3.9,21773
6809,27.9,6.7,21774
6810,29.5,19.2,21776
6811,-666666666.0,-222222222.0,21777
6812,-666666666.0,-222222222.0,21778
6813,38.5,29.7,21779
6814,22.0,1.4,21780
6815,-666666666.0,-222222222.0,21781
6816,31.5,11.1,21782
6817,25.7,2.5,21783
6818,25.7,3.6,21784
6819,36.9,16.6,21787
6820,28.1,7.4,21788
6821,-666666666.0,-222222222.0,21790
6822,32.1,17.8,21791
6823,28.4,12.0,21793
6824,-666666666.0,-222222222.0,21794
6825,30.2,4.9,21795
6826,41.8,34.4,21797
6827,30.4,3.3,21798
6828,31.3,2.6,21801
6829,29.6,3.4,21804
6830,-666666666.0,-222222222.0,21810
6831,37.5,6.0,21811
6832,-666666666.0,-222222222.0,21813
6833,-666666666.0,-222222222.0,21814
6834,27.2,4.8,21817
6835,51.0,-333333333.0,21821
6836,17.9,2.2,21822
6837,-666666666.0,-222222222.0,21824
6838,49.4,21.9,21826
6839,-666666666.0,-222222222.0,21829
6840,35.9,16.1,21830
6841,-666666666.0,-222222222.0,21835
6842,33.0,6.7,21837
6843,21.9,10.5,21838
6844,-666666666.0,-222222222.0,21840
6845,51.0,-333333333.0,21841
6846,32.5,2.6,21842
6847,19.8,14.1,21849
6848,30.4,18.5,21850
6849,29.9,9.1,21851
6850,33.4,12.8,21853
6851,-666666666.0,-222222222.0,21856
6852,17.9,1.8,21861
6853,-666666666.0,-222222222.0,21862
6854,32.7,7.3,21863
6855,-666666666.0,-222222222.0,21864
6856,-666666666.0,-222222222.0,21865
6857,-666666666.0,-222222222.0,21866
6858,-666666666.0,-222222222.0,21867
6859,19.4,2.5,21869
6860,33.7,16.7,21871
6861,-666666666.0,-222222222.0,21872
6862,33.6,17.7,21874
6863,27.4,4.0,21875
6864,-666666666.0,-222222222.0,21890
6865,26.6,3.7,21901
6866,-666666666.0,-222222222.0,21902
6867,26.5,2.6,21903
6868,30.7,11.5,21904
6869,28.1,8.9,21911
6870,20.8,14.6,21912
6871,37.3,15.9,21913
6872,44.7,26.1,21914
6873,24.7,14.8,21915
6874,-666666666.0,-222222222.0,21917
6875,22.3,18.5,21918
6876,22.3,5.1,21919
6877,21.5,17.6,21920
6878,33.2,2.1,21921
6879,-666666666.0,-222222222.0,21930
6880,33.1,3.1,22003
6881,27.9,4.3,22015
6882,30.2,7.0,22025
6883,36.1,6.7,22026
6884,-666666666.0,-222222222.0,22027
6885,30.3,2.8,22030
6886,26.9,2.2,22031
6887,29.7,10.1,22032
6888,27.3,2.0,22033
6889,-666666666.0,-222222222.0,22035
6890,21.0,10.2,22039
6891,35.1,5.8,22041
6892,28.0,2.0,22042
6893,24.7,2.5,22043
6894,27.3,3.0,22044
6895,29.0,2.7,22046
6896,37.8,1.7,22060
6897,19.6,4.1,22066
6898,28.8,4.0,22079
6899,33.5,6.5,22101
6900,24.6,2.0,22102
6901,24.4,5.6,22124
6902,22.2,2.5,22125
6903,35.2,3.4,22134
6904,41.7,7.3,22150
6905,42.1,22.4,22151
6906,28.3,2.5,22152
6907,22.3,1.9,22153
6908,32.1,3.6,22172
6909,25.9,2.1,22180
6910,23.1,4.4,22181
6911,26.2,2.3,22182
6912,30.3,2.4,22191
6913,28.5,2.8,22192
6914,32.1,3.0,22193
6915,25.2,0.8,22201
6916,26.1,1.2,22202
6917,27.0,1.4,22203
6918,27.2,1.3,22204
6919,26.4,8.8,22205
6920,24.8,1.9,22206
6921,30.4,3.3,22207
6922,27.7,1.5,22209
6923,22.1,3.5,22211
6924,39.1,35.7,22213
6925,-666666666.0,-222222222.0,22214
6926,24.2,1.9,22301
6927,25.0,2.0,22302
6928,28.9,1.7,22303
6929,31.4,1.8,22304
6930,28.3,1.1,22305
6931,28.7,1.5,22306
6932,28.7,11.8,22307
6933,24.6,7.2,22308
6934,36.2,3.2,22309
6935,25.4,2.3,22310
6936,30.9,2.9,22311
6937,30.0,3.3,22312
6938,25.8,1.4,22314
6939,26.9,5.6,22315
6940,29.5,2.2,22401
6941,25.1,3.6,22405
6942,32.4,2.1,22406
6943,30.8,3.4,22407
6944,31.2,3.0,22408
6945,23.8,8.3,22427
6946,19.7,85.7,22432
6947,-666666666.0,-222222222.0,22433
6948,41.3,35.6,22435
6949,-666666666.0,-222222222.0,22436
6950,-666666666.0,-222222222.0,22437
6951,-666666666.0,-222222222.0,22438
6952,20.8,9.4,22443
6953,26.0,4.8,22448
6954,38.9,10.8,22454
6955,14.1,20.5,22460
6956,43.1,5.4,22469
6957,-666666666.0,-222222222.0,22472
6958,23.6,14.6,22473
6959,-666666666.0,-222222222.0,22476
6960,27.7,3.3,22480
6961,24.3,8.3,22482
6962,28.4,7.3,22485
6963,51.0,-333333333.0,22488
6964,32.7,5.4,22503
6965,-666666666.0,-222222222.0,22504
6966,34.0,15.5,22508
6967,-666666666.0,-222222222.0,22509
6968,-666666666.0,-222222222.0,22511
6969,28.2,9.1,22514
6970,28.3,3.7,22520
6971,-666666666.0,-222222222.0,22529
6972,51.0,-333333333.0,22534
6973,37.5,32.6,22535
6974,-666666666.0,-222222222.0,22538
6975,16.8,8.7,22539
6976,26.4,4.0,22542
6977,36.4,4.5,22546
6978,-666666666.0,-222222222.0,22548
6979,29.5,9.3,22551
6980,35.4,8.9,22553
6981,27.5,2.2,22554
6982,27.7,2.1,22556
6983,27.1,12.1,22560
6984,29.4,22.1,22567
6985,24.3,4.2,22572
6986,-666666666.0,-222222222.0,22576
6987,18.4,1.5,22578
6988,23.0,15.8,22580
6989,31.7,1.7,22601
6990,25.9,3.0,22602
6991,39.1,11.8,22603
6992,20.1,18.0,22610
6993,51.0,-333333333.0,22611
6994,33.8,29.0,22620
6995,18.5,2.8,22623
6996,32.5,21.7,22624
6997,26.3,10.8,22625
6998,31.3,15.0,22627
6999,28.3,1.9,22630
7000,32.1,1.4,22637
7001,-666666666.0,-222222222.0,22639
7002,18.0,10.4,22640
7003,-666666666.0,-222222222.0,22641
7004,18.4,3.6,22642
7005,-666666666.0,-222222222.0,22643
7006,-666666666.0,-222222222.0,22644
7007,30.5,8.3,22645
7008,-666666666.0,-222222222.0,22646
7009,-666666666.0,-222222222.0,22650
7010,22.4,2.7,22652
7011,-666666666.0,-222222222.0,22654
7012,25.3,3.3,22655
7013,27.9,4.2,22656
7014,30.8,3.0,22657
7015,17.5,15.8,22660
7016,51.0,-333333333.0,22663
7017,25.5,2.8,22664
7018,27.0,3.2,22701
7019,51.0,-333333333.0,22709
7020,-666666666.0,-222222222.0,22711
7021,27.1,11.4,22712
7022,-666666666.0,-222222222.0,22713
7023,-666666666.0,-222222222.0,22714
7024,-666666666.0,-222222222.0,22715
7025,-666666666.0,-222222222.0,22716
7026,30.9,11.3,22718
7027,-666666666.0,-222222222.0,22719
7028,-666666666.0,-222222222.0,22720
7029,-666666666.0,-222222222.0,22722
7030,-666666666.0,-222222222.0,22723
7031,16.8,32.6,22724
7032,-666666666.0,-222222222.0,22725
7033,-666666666.0,-222222222.0,22726
7034,25.7,4.5,22727
7035,9.0,-333333333.0,22728
7036,-666666666.0,-222222222.0,22729
7037,-666666666.0,-222222222.0,22730
7038,-666666666.0,-222222222.0,22731
7039,-666666666.0,-222222222.0,22732
7040,29.5,52.9,22733
7041,23.6,10.9,22734
7042,40.6,32.2,22735
7043,-666666666.0,-222222222.0,22736
7044,28.1,59.1,22737
7045,-666666666.0,-222222222.0,22738
7046,26.5,29.1,22740
7047,-666666666.0,-222222222.0,22741
7048,21.3,10.8,22742
7049,-666666666.0,-222222222.0,22743
7050,-666666666.0,-222222222.0,22746
7051,26.0,11.3,22747
7052,-666666666.0,-222222222.0,22749
7053,31.7,3.4,22801
7054,25.4,2.0,22802
7055,-666666666.0,-222222222.0,22807
7056,-666666666.0,-222222222.0,22810
7057,-666666666.0,-222222222.0,22811
7058,31.5,4.3,22812
7059,25.7,4.1,22815
7060,-666666666.0,-222222222.0,22820
7061,27.2,3.4,22821
7062,21.9,3.8,22824
7063,22.1,6.7,22827
7064,40.3,40.9,22830
7065,-666666666.0,-222222222.0,22831
7066,24.5,46.2,22832
7067,18.8,22.7,22834
7068,32.8,12.5,22835
7069,34.6,16.7,22840
7070,26.7,10.8,22841
7071,26.7,4.1,22842
7072,23.2,8.4,22843
7073,26.8,2.4,22844
7074,-666666666.0,-222222222.0,22845
7075,35.7,13.5,22846
7076,51.0,-333333333.0,22847
7077,20.4,4.9,22849
7078,19.8,6.3,22850
7079,24.0,2.6,22851
7080,26.8,3.2,22853
7081,32.6,2.8,22901
7082,27.7,1.8,22902
7083,34.8,2.7,22903
7084,9.0,-333333333.0,22904
7085,-666666666.0,-222222222.0,22908
7086,29.4,3.1,22911
7087,22.1,15.2,22920
7088,11.7,30.5,22922
7089,21.0,10.7,22923
7090,13.1,7.6,22931
7091,25.7,16.0,22932
7092,-666666666.0,-222222222.0,22935
7093,35.4,8.6,22936
7094,27.9,20.3,22937
7095,13.3,33.5,22938
7096,41.2,22.1,22939
7097,-666666666.0,-222222222.0,22940
7098,31.8,3.4,22942
7099,20.7,14.2,22943
7100,-666666666.0,-222222222.0,22946
7101,42.8,29.2,22947
7102,-666666666.0,-222222222.0,22948
7103,27.7,1.0,22949
7104,19.3,12.9,22952
7105,-666666666.0,-222222222.0,22957
7106,33.8,20.6,22958
7107,24.0,10.7,22959
7108,21.8,2.1,22960
7109,20.4,11.1,22963
7110,-666666666.0,-222222222.0,22964
7111,13.9,12.5,22967
7112,23.6,14.1,22968
7113,32.5,12.4,22969
7114,17.9,17.3,22971
7115,-666666666.0,-222222222.0,22972
7116,25.4,4.7,22973
7117,21.4,14.8,22974
7118,-666666666.0,-222222222.0,22976
7119,29.3,2.2,22980
7120,-666666666.0,-222222222.0,22989
7121,24.0,7.8,23002
7122,9.0,-333333333.0,23004
7123,26.6,3.0,23005
7124,51.0,-333333333.0,23009
7125,-666666666.0,-222222222.0,23011
7126,10.2,4.5,23015
7127,-666666666.0,-222222222.0,23021
7128,-666666666.0,-222222222.0,23022
7129,-666666666.0,-222222222.0,23023
7130,42.4,6.9,23024
7131,-666666666.0,-222222222.0,23025
7132,-666666666.0,-222222222.0,23027
7133,28.1,12.6,23030
7134,-666666666.0,-222222222.0,23032
7135,17.6,8.6,23035
7136,42.1,15.9,23038
7137,-666666666.0,-222222222.0,23039
7138,22.6,0.8,23040
7139,51.0,-333333333.0,23043
7140,-666666666.0,-222222222.0,23045
7141,31.4,6.2,23047
7142,-666666666.0,-222222222.0,23050
7143,-666666666.0,-222222222.0,23055
7144,-666666666.0,-222222222.0,23056
7145,25.5,3.0,23059
7146,29.4,4.2,23060
7147,23.7,2.7,23061
7148,29.0,19.5,23062
7149,26.1,7.4,23063
7150,49.1,25.1,23065
7151,-666666666.0,-222222222.0,23066
7152,-666666666.0,-222222222.0,23068
7153,27.5,0.6,23069
7154,-666666666.0,-222222222.0,23070
7155,17.5,10.9,23071
7156,26.1,4.3,23072
7157,32.3,5.8,23075
7158,34.8,23.8,23076
7159,-666666666.0,-222222222.0,23079
7160,-666666666.0,-222222222.0,23081
7161,14.9,37.4,23083
7162,51.0,-333333333.0,23084
7163,44.2,36.7,23085
7164,51.0,-333333333.0,23086
7165,34.7,50.4,23089
7166,-666666666.0,-222222222.0,23091
7167,-666666666.0,-222222222.0,23092
7168,32.2,7.7,23093
7169,51.0,-333333333.0,23102
7170,21.4,16.3,23103
7171,-666666666.0,-222222222.0,23106
7172,-666666666.0,-222222222.0,23108
7173,27.9,30.9,23109
7174,30.6,29.3,23110
7175,29.6,4.0,23111
7176,31.5,3.4,23112
7177,28.7,1.9,23113
7178,31.2,3.7,23114
7179,24.4,6.1,23116
7180,19.8,7.7,23117
7181,-666666666.0,-222222222.0,23119
7182,24.9,19.0,23120
7183,28.0,7.8,23123
7184,27.0,33.9,23124
7185,-666666666.0,-222222222.0,23126
7186,-666666666.0,-222222222.0,23128
7187,-666666666.0,-222222222.0,23129
7188,-666666666.0,-222222222.0,23130
7189,-666666666.0,-222222222.0,23138
7190,29.5,8.8,23139
7191,26.2,21.1,23140
7192,20.7,3.5,23141
7193,14.9,4.1,23146
7194,-666666666.0,-222222222.0,23147
7195,24.0,3.2,23148
7196,24.4,18.2,23149
7197,29.4,9.8,23150
7198,-666666666.0,-222222222.0,23153
7199,49.4,22.5,23156
7200,-666666666.0,-222222222.0,23160
7201,-666666666.0,-222222222.0,23161
7202,-666666666.0,-222222222.0,23163
7203,21.2,11.7,23168
7204,9.0,-333333333.0,23169
7205,-666666666.0,-222222222.0,23173
7206,33.7,3.7,23175
7207,-666666666.0,-222222222.0,23176
7208,41.3,34.8,23177
7209,32.3,1.4,23180
7210,31.1,4.8,23181
7211,34.2,5.3,23185
7212,35.9,3.6,23188
7213,36.8,10.4,23192
7214,35.5,6.5,23219
7215,31.0,1.8,23220
7216,26.7,1.7,23221
7217,32.1,3.1,23222
7218,34.0,2.1,23223
7219,32.2,3.1,23224
7220,30.7,2.4,23225
7221,25.6,3.2,23226
7222,35.8,6.4,23227
7223,31.1,2.9,23228
7224,29.9,2.9,23229
7225,27.1,2.3,23230
7226,35.4,4.4,23231
7227,27.5,3.8,23233
7228,33.2,3.9,23234
7229,26.4,2.9,23235
7230,28.7,8.6,23236
7231,33.9,7.5,23237
7232,29.5,3.3,23238
7233,-666666666.0,-222222222.0,23250
7234,51.0,-333333333.0,23284
7235,32.3,2.3,23294
7236,-666666666.0,-222222222.0,23298
7237,31.5,3.1,23301
7238,-666666666.0,-222222222.0,23302
7239,-666666666.0,-222222222.0,23303
7240,-666666666.0,-222222222.0,23304
7241,28.8,22.3,23306
7242,13.7,12.2,23307
7243,51.0,-333333333.0,23308
7244,31.8,9.1,23310
7245,30.4,3.2,23314
7246,33.4,7.6,23315
7247,-666666666.0,-222222222.0,23316
7248,34.0,3.0,23320
7249,34.0,6.6,23321
7250,29.7,4.1,23322
7251,33.5,5.1,23323
7252,33.6,6.6,23324
7253,36.7,6.2,23325
7254,22.7,3.1,23336
7255,-666666666.0,-222222222.0,23337
7256,16.3,13.0,23347
7257,25.2,3.1,23350
7258,-666666666.0,-222222222.0,23354
7259,-666666666.0,-222222222.0,23356
7260,33.3,54.4,23357
7261,-666666666.0,-222222222.0,23358
7262,21.8,2.4,23359
7263,-666666666.0,-222222222.0,23389
7264,-666666666.0,-222222222.0,23395
7265,-666666666.0,-222222222.0,23398
7266,51.0,-333333333.0,23401
7267,-666666666.0,-222222222.0,23405
7268,-666666666.0,-222222222.0,23407
7269,-666666666.0,-222222222.0,23408
7270,-666666666.0,-222222222.0,23409
7271,29.9,36.9,23410
7272,22.5,14.5,23413
7273,-666666666.0,-222222222.0,23414
7274,29.4,24.2,23415
7275,-666666666.0,-222222222.0,23416
7276,28.4,6.0,23417
7277,17.7,1.6,23418
7278,18.8,19.6,23420
7279,23.3,3.2,23421
7280,-666666666.0,-222222222.0,23422
7281,-666666666.0,-222222222.0,23423
7282,-666666666.0,-222222222.0,23426
7283,-666666666.0,-222222222.0,23427
7284,29.7,8.0,23430
7285,19.9,50.6,23432
7286,51.0,-333333333.0,23433
7287,33.4,3.3,23434
7288,34.4,3.1,23435
7289,-666666666.0,-222222222.0,23436
7290,28.6,5.0,23437
7291,27.3,6.4,23438
7292,-666666666.0,-222222222.0,23440
7293,-666666666.0,-222222222.0,23441
7294,-666666666.0,-222222222.0,23442
7295,31.5,2.1,23451
7296,33.9,2.5,23452
7297,27.2,2.5,23453
7298,30.0,2.5,23454
7299,31.2,1.6,23455
7300,30.9,4.2,23456
7301,21.6,4.9,23457
7302,-666666666.0,-222222222.0,23459
7303,-666666666.0,-222222222.0,23460
7304,-666666666.0,-222222222.0,23461
7305,37.1,2.0,23462
7306,31.3,1.6,23464
7307,26.4,10.6,23480
7308,-666666666.0,-222222222.0,23486
7309,21.8,2.9,23487
7310,-666666666.0,-222222222.0,23488
7311,31.9,3.1,23502
7312,31.8,1.6,23503
7313,34.0,2.4,23504
7314,34.4,3.0,23505
7315,24.9,2.6,23507
7316,33.0,2.6,23508
7317,31.7,8.1,23509
7318,28.8,2.3,23510
7319,41.4,15.0,23511
7320,33.5,2.9,23513
7321,32.2,4.7,23517
7322,31.2,2.0,23518
7323,35.9,8.5,23523
7324,-666666666.0,-222222222.0,23551
7325,31.6,3.6,23601
7326,30.3,2.2,23602
7327,30.3,7.4,23603
7328,32.2,2.7,23604
7329,34.5,4.4,23605
7330,29.3,1.5,23606
7331,34.4,4.4,23607
7332,28.8,1.8,23608
7333,35.0,17.2,23651
7334,42.3,6.4,23661
7335,36.7,6.6,23662
7336,34.4,4.7,23663
7337,37.6,10.8,23664
7338,28.8,3.0,23665
7339,31.2,2.2,23666
7340,-666666666.0,-222222222.0,23667
7341,-666666666.0,-222222222.0,23668
7342,37.0,2.8,23669
7343,-666666666.0,-222222222.0,23681
7344,51.0,-333333333.0,23690
7345,-666666666.0,-222222222.0,23691
7346,28.2,2.9,23692
7347,30.2,2.9,23693
7348,45.8,41.0,23696
7349,36.6,4.5,23701
7350,36.4,5.5,23702
7351,32.5,3.5,23703
7352,36.1,5.3,23704
7353,36.5,4.0,23707
7354,-666666666.0,-222222222.0,23708
7355,-666666666.0,-222222222.0,23709
7356,30.5,3.7,23801
7357,29.9,3.5,23803
7358,31.6,2.5,23805
7359,17.9,7.2,23821
7360,30.5,8.3,23824
7361,35.8,26.2,23827
7362,-666666666.0,-222222222.0,23828
7363,22.0,4.7,23829
7364,-666666666.0,-222222222.0,23830
7365,30.4,3.2,23831
7366,28.5,4.8,23832
7367,29.2,23.3,23833
7368,31.4,2.1,23834
7369,29.1,5.6,23836
7370,26.8,5.2,23837
7371,41.6,29.3,23838
7372,51.0,-333333333.0,23839
7373,13.3,15.2,23840
7374,16.9,4.5,23841
7375,17.7,1.4,23842
7376,-666666666.0,-222222222.0,23843
7377,-666666666.0,-222222222.0,23844
7378,-666666666.0,-222222222.0,23845
7379,-666666666.0,-222222222.0,23846
7380,29.3,4.8,23847
7381,-666666666.0,-222222222.0,23850
7382,29.3,5.7,23851
7383,14.5,24.6,23856
7384,-666666666.0,-222222222.0,23857
7385,31.3,3.6,23860
7386,24.2,13.2,23866
7387,29.7,12.5,23867
7388,33.2,2.9,23868
7389,-666666666.0,-222222222.0,23870
7390,26.7,23.6,23872
7391,51.0,-333333333.0,23874
7392,29.8,6.8,23875
7393,-666666666.0,-222222222.0,23876
7394,-666666666.0,-222222222.0,23878
7395,51.0,-333333333.0,23879
7396,33.8,6.2,23881
7397,28.2,5.1,23882
7398,29.8,4.2,23883
7399,-666666666.0,-222222222.0,23884
7400,39.8,43.0,23885
7401,-666666666.0,-222222222.0,23887
7402,20.8,3.8,23888
7403,-666666666.0,-222222222.0,23889
7404,30.5,11.7,23890
7405,-666666666.0,-222222222.0,23891
7406,-666666666.0,-222222222.0,23893
7407,-666666666.0,-222222222.0,23894
7408,39.8,51.5,23897
7409,30.4,43.4,23898
7410,27.8,5.9,23899
7411,33.8,4.5,23901
7412,-666666666.0,-222222222.0,23909
7413,41.9,48.1,23915
7414,17.6,6.3,23917
7415,14.5,3.4,23919
7416,19.1,6.8,23920
7417,31.8,45.6,23921
7418,41.6,38.7,23922
7419,51.0,-333333333.0,23923
7420,24.0,9.8,23924
7421,29.2,7.7,23927
7422,24.7,5.6,23930
7423,-666666666.0,-222222222.0,23934
7424,24.1,10.4,23936
7425,23.6,3.3,23937
7426,-666666666.0,-222222222.0,23938
7427,18.4,9.8,23942
7428,-666666666.0,-222222222.0,23943
7429,28.3,9.9,23944
7430,37.3,7.1,23947
7431,51.0,-333333333.0,23950
7432,-666666666.0,-222222222.0,23952
7433,18.7,22.0,23954
7434,-666666666.0,-222222222.0,23955
7435,25.9,7.2,23958
7436,17.5,35.5,23959
7437,19.8,42.6,23960
7438,33.5,14.1,23962
7439,-666666666.0,-222222222.0,23963
7440,12.9,21.6,23964
7441,20.1,12.1,23966
7442,-666666666.0,-222222222.0,23967
7443,19.0,68.3,23968
7444,20.0,7.2,23970
7445,19.4,4.4,23974
7446,-666666666.0,-222222222.0,23976
7447,25.0,3.2,24011
7448,34.9,6.1,24012
7449,26.8,8.9,24013
7450,27.9,3.3,24014
7451,26.0,4.0,24015
7452,26.5,2.3,24016
7453,29.8,2.3,24017
7454,26.1,3.2,24018
7455,25.7,2.8,24019
7456,-666666666.0,-222222222.0,24020
7457,-666666666.0,-222222222.0,24022
7458,18.9,36.9,24053
7459,23.6,14.0,24054
7460,36.9,8.3,24055
7461,-666666666.0,-222222222.0,24058
7462,-666666666.0,-222222222.0,24059
7463,36.9,4.6,24060
7464,-666666666.0,-222222222.0,24061
7465,24.3,22.4,24064
7466,24.1,18.7,24065
7467,27.6,3.4,24066
7468,41.9,16.3,24067
7469,22.9,3.3,24069
7470,-666666666.0,-222222222.0,24070
7471,27.0,10.7,24072
7472,26.8,1.9,24073
7473,-666666666.0,-222222222.0,24076
7474,22.2,1.3,24077
7475,26.9,8.4,24078
7476,9.0,-333333333.0,24079
7477,-666666666.0,-222222222.0,24082
7478,30.6,10.3,24083
7479,24.8,3.4,24084
7480,25.3,12.4,24085
7481,-666666666.0,-222222222.0,24086
7482,32.7,8.1,24087
7483,24.3,14.5,24088
7484,19.3,4.8,24089
7485,25.8,6.2,24090
7486,29.9,8.8,24091
7487,16.2,10.4,24092
7488,-666666666.0,-222222222.0,24093
7489,25.4,20.6,24095
7490,22.4,11.2,24101
7491,14.8,14.4,24102
7492,47.0,29.4,24104
7493,-666666666.0,-222222222.0,24105
7494,26.3,5.1,24112
7495,29.7,15.5,24120
7496,29.5,10.1,24121
7497,14.1,21.1,24122
7498,14.6,7.0,24124
7499,16.7,32.3,24127
7500,20.7,10.8,24128
7501,-666666666.0,-222222222.0,24129
7502,-666666666.0,-222222222.0,24131
7503,-666666666.0,-222222222.0,24132
7504,28.9,56.9,24133
7505,20.6,9.3,24134
7506,24.0,3.5,24136
7507,19.5,6.2,24137
7508,29.1,59.9,24138
7509,-666666666.0,-222222222.0,24139
7510,32.9,3.8,24141
7511,-666666666.0,-222222222.0,24142
7512,22.5,17.9,24147
7513,21.0,3.4,24148
7514,14.1,7.0,24149
7515,-666666666.0,-222222222.0,24150
7516,20.6,3.4,24151
7517,30.9,2.4,24153
7518,51.0,-333333333.0,24161
7519,34.1,31.5,24162
7520,27.7,18.5,24165
7521,-666666666.0,-222222222.0,24167
7522,-666666666.0,-222222222.0,24168
7523,26.9,5.9,24171
7524,51.0,-333333333.0,24174
7525,19.6,7.9,24175
7526,-666666666.0,-222222222.0,24176
7527,24.0,3.8,24179
7528,17.2,24.4,24184
7529,-666666666.0,-222222222.0,24185
7530,27.4,2.9,24201
7531,22.8,8.4,24202
7532,23.4,2.6,24210
7533,26.3,6.0,24211
7534,28.7,23.2,24216
7535,-666666666.0,-222222222.0,24217
7536,21.5,10.5,24219
7537,-666666666.0,-222222222.0,24220
7538,-666666666.0,-222222222.0,24221
7539,31.5,24.1,24224
7540,28.7,5.0,24225
7541,37.7,12.2,24226
7542,25.8,9.0,24228
7543,19.0,11.8,24230
7544,31.1,9.2,24236
7545,51.0,-333333333.0,24237
7546,-666666666.0,-222222222.0,24239
7547,-666666666.0,-222222222.0,24243
7548,28.5,23.9,24244
7549,33.1,25.7,24245
7550,-666666666.0,-222222222.0,24246
7551,34.7,25.8,24248
7552,-666666666.0,-222222222.0,24250
7553,32.4,8.3,24251
7554,26.1,11.3,24256
7555,-666666666.0,-222222222.0,24258
7556,27.1,11.9,24260
7557,29.4,10.4,24263
7558,-666666666.0,-222222222.0,24265
7559,21.7,4.6,24266
7560,-666666666.0,-222222222.0,24269
7561,-666666666.0,-222222222.0,24270
7562,23.1,11.8,24271
7563,-666666666.0,-222222222.0,24272
7564,26.6,4.6,24273
7565,37.5,12.5,24277
7566,28.2,4.7,24279
7567,-666666666.0,-222222222.0,24280
7568,49.8,19.1,24281
7569,-666666666.0,-222222222.0,24282
7570,23.5,8.8,24283
7571,23.5,7.6,24290
7572,28.6,14.6,24292
7573,23.4,6.8,24293
7574,28.2,5.7,24301
7575,26.2,30.5,24311
7576,38.0,18.3,24312
7577,-666666666.0,-222222222.0,24313
7578,-666666666.0,-222222222.0,24314
7579,18.1,1.5,24315
7580,-666666666.0,-222222222.0,24316
7581,15.3,9.8,24317
7582,-666666666.0,-222222222.0,24318
7583,30.6,5.4,24319
7584,-666666666.0,-222222222.0,24322
7585,-666666666.0,-222222222.0,24323
7586,12.3,2.3,24324
7587,-666666666.0,-222222222.0,24325
7588,-666666666.0,-222222222.0,24326
7589,-666666666.0,-222222222.0,24327
7590,10.2,11.0,24328
7591,19.3,6.8,24330
7592,32.1,6.1,24333
7593,21.9,11.6,24340
7594,20.5,8.1,24343
7595,16.9,3.4,24347
7596,30.9,14.5,24348
7597,-666666666.0,-222222222.0,24350
7598,43.3,17.3,24351
7599,14.6,12.3,24352
7600,28.4,2.9,24354
7601,22.8,65.4,24360
7602,20.2,7.5,24361
7603,44.5,14.9,24363
7604,-666666666.0,-222222222.0,24366
7605,24.4,31.3,24368
7606,25.7,11.2,24370
7607,-666666666.0,-222222222.0,24374
7608,16.5,3.7,24375
7609,-666666666.0,-222222222.0,24377
7610,-666666666.0,-222222222.0,24378
7611,21.2,3.0,24380
7612,43.3,20.8,24381
7613,29.3,3.3,24382
7614,28.9,3.0,24401
7615,-666666666.0,-222222222.0,24411
7616,-666666666.0,-222222222.0,24412
7617,-666666666.0,-222222222.0,24413
7618,-666666666.0,-222222222.0,24415
7619,31.7,6.6,24416
7620,16.9,2.2,24421
7621,31.6,5.2,24422
7622,25.9,3.7,24426
7623,32.3,5.5,24430
7624,-666666666.0,-222222222.0,24431
7625,-666666666.0,-222222222.0,24432
7626,-666666666.0,-222222222.0,24433
7627,-666666666.0,-222222222.0,24435
7628,-666666666.0,-222222222.0,24437
7629,42.7,20.6,24439
7630,37.9,18.3,24440
7631,24.5,8.6,24441
7632,-666666666.0,-222222222.0,24442
7633,26.3,4.2,24445
7634,38.5,9.7,24448
7635,28.3,3.3,24450
7636,-666666666.0,-222222222.0,24457
7637,-666666666.0,-222222222.0,24458
7638,-666666666.0,-222222222.0,24459
7639,21.8,1.7,24460
7640,-666666666.0,-222222222.0,24464
7641,32.0,26.0,24465
7642,14.5,27.2,24467
7643,-666666666.0,-222222222.0,24469
7644,28.5,66.7,24471
7645,35.9,16.1,24472
7646,-666666666.0,-222222222.0,24473
7647,-666666666.0,-222222222.0,24474
7648,-666666666.0,-222222222.0,24476
7649,22.1,4.4,24477
7650,42.6,15.4,24479
7651,18.9,3.2,24482
7652,-666666666.0,-222222222.0,24483
7653,26.9,11.3,24484
7654,-666666666.0,-222222222.0,24485
7655,23.8,4.8,24486
7656,-666666666.0,-222222222.0,24487
7657,33.5,4.3,24501
7658,28.3,1.6,24502
7659,31.6,6.0,24503
7660,29.9,5.5,24504
7661,-666666666.0,-222222222.0,24515
7662,19.9,16.6,24517
7663,44.2,47.6,24520
7664,28.4,5.2,24521
7665,23.7,3.1,24522
7666,25.7,4.7,24523
7667,16.5,8.4,24526
7668,19.2,4.2,24527
7669,27.9,7.1,24528
7670,21.5,3.4,24529
7671,-666666666.0,-222222222.0,24530
7672,42.4,9.9,24531
7673,24.8,37.0,24534
7674,-666666666.0,-222222222.0,24536
7675,20.5,6.7,24538
7676,-666666666.0,-222222222.0,24539
7677,28.5,2.5,24540
7678,26.5,2.7,24541
7679,24.8,11.0,24549
7680,14.8,13.5,24550
7681,28.4,5.0,24551
7682,33.9,34.5,24553
7683,32.2,1.8,24554
7684,20.4,9.2,24555
7685,22.3,9.1,24556
7686,28.3,4.4,24557
7687,30.4,10.0,24558
7688,-666666666.0,-222222222.0,24562
7689,24.4,11.1,24563
7690,9.0,-333333333.0,24565
7691,-666666666.0,-222222222.0,24566
7692,-666666666.0,-222222222.0,24569
7693,-666666666.0,-222222222.0,24570
7694,14.8,81.8,24571
7695,27.6,3.9,24572
7696,17.7,4.1,24574
7697,51.0,-333333333.0,24577
7698,42.7,32.9,24578
7699,27.5,0.5,24579
7700,12.9,0.8,24580
7701,-666666666.0,-222222222.0,24581
7702,36.0,24.0,24586
7703,21.9,15.1,24588
7704,18.3,4.4,24589
7705,28.4,11.6,24590
7706,28.8,5.0,24592
7707,9.0,-333333333.0,24593
7708,51.0,-333333333.0,24594
7709,15.1,14.8,24595
7710,-666666666.0,-222222222.0,24597
7711,30.8,8.4,24598
7712,-666666666.0,-222222222.0,24599
7713,-666666666.0,-222222222.0,24601
7714,-666666666.0,-222222222.0,24602
7715,-666666666.0,-222222222.0,24603
7716,-666666666.0,-222222222.0,24604
7717,28.9,3.9,24605
7718,-666666666.0,-222222222.0,24606
7719,-666666666.0,-222222222.0,24607
7720,25.2,5.3,24609
7721,-666666666.0,-222222222.0,24612
7722,-666666666.0,-222222222.0,24613
7723,51.0,-333333333.0,24614
7724,-666666666.0,-222222222.0,24620
7725,-666666666.0,-222222222.0,24622
7726,25.6,16.8,24630
7727,14.7,56.5,24631
7728,-666666666.0,-222222222.0,24634
7729,13.0,1.1,24635
7730,27.9,10.0,24637
7731,18.3,26.6,24639
7732,32.4,7.9,24641
7733,-666666666.0,-222222222.0,24646
7734,33.5,9.1,24649
7735,28.0,5.2,24651
7736,51.0,-333333333.0,24656
7737,-666666666.0,-222222222.0,24657
7738,27.3,3.5,24701
7739,38.5,31.1,24712
7740,-666666666.0,-222222222.0,24714
7741,-666666666.0,-222222222.0,24715
7742,-666666666.0,-222222222.0,24716
7743,-666666666.0,-222222222.0,24719
7744,-666666666.0,-222222222.0,24724
7745,-666666666.0,-222222222.0,24726
7746,-666666666.0,-222222222.0,24729
7747,26.1,21.6,24731
7748,-666666666.0,-222222222.0,24733
7749,-666666666.0,-222222222.0,24736
7750,22.8,6.9,24737
7751,-666666666.0,-222222222.0,24738
7752,31.2,4.2,24739
7753,33.4,3.9,24740
7754,23.5,35.0,24747
7755,39.3,14.5,24801
7756,-666666666.0,-222222222.0,24808
7757,-666666666.0,-222222222.0,24811
7758,-666666666.0,-222222222.0,24813
7759,-666666666.0,-222222222.0,24815
7760,-666666666.0,-222222222.0,24816
7761,51.0,-333333333.0,24817
7762,-666666666.0,-222222222.0,24818
7763,-666666666.0,-222222222.0,24822
7764,-666666666.0,-222222222.0,24823
7765,-666666666.0,-222222222.0,24826
7766,-666666666.0,-222222222.0,24827
7767,-666666666.0,-222222222.0,24828
7768,-666666666.0,-222222222.0,24830
7769,-666666666.0,-222222222.0,24831
7770,-666666666.0,-222222222.0,24834
7771,-666666666.0,-222222222.0,24836
7772,-666666666.0,-222222222.0,24839
7773,-666666666.0,-222222222.0,24843
7774,-666666666.0,-222222222.0,24844
7775,-666666666.0,-222222222.0,24845
7776,-666666666.0,-222222222.0,24846
7777,-666666666.0,-222222222.0,24847
7778,-666666666.0,-222222222.0,24848
7779,-666666666.0,-222222222.0,24849
7780,-666666666.0,-222222222.0,24850
7781,-666666666.0,-222222222.0,24851
7782,51.0,-333333333.0,24853
7783,-666666666.0,-222222222.0,24854
7784,-666666666.0,-222222222.0,24855
7785,-666666666.0,-222222222.0,24857
7786,-666666666.0,-222222222.0,24860
7787,-666666666.0,-222222222.0,24861
7788,23.0,40.7,24862
7789,-666666666.0,-222222222.0,24866
7790,-666666666.0,-222222222.0,24867
7791,43.8,8.5,24868
7792,-666666666.0,-222222222.0,24869
7793,34.9,31.9,24870
7794,-666666666.0,-222222222.0,24871
7795,-666666666.0,-222222222.0,24872
7796,-666666666.0,-222222222.0,24873
7797,24.7,9.1,24874
7798,-666666666.0,-222222222.0,24878
7799,-666666666.0,-222222222.0,24879
7800,-666666666.0,-222222222.0,24880
7801,-666666666.0,-222222222.0,24881
7802,-666666666.0,-222222222.0,24882
7803,-666666666.0,-222222222.0,24884
7804,-666666666.0,-222222222.0,24887
7805,-666666666.0,-222222222.0,24888
7806,25.5,11.5,24892
7807,-666666666.0,-222222222.0,24894
7808,-666666666.0,-222222222.0,24895
7809,-666666666.0,-222222222.0,24898
7810,34.7,13.0,24901
7811,40.2,19.5,24910
7812,11.7,1.8,24915
7813,-666666666.0,-222222222.0,24916
7814,9.0,-333333333.0,24918
7815,-666666666.0,-222222222.0,24920
7816,-666666666.0,-222222222.0,24924
7817,-666666666.0,-222222222.0,24925
7818,-666666666.0,-222222222.0,24927
7819,27.9,8.1,24931
7820,-666666666.0,-222222222.0,24934
7821,-666666666.0,-222222222.0,24935
7822,-666666666.0,-222222222.0,24938
7823,13.8,29.5,24941
7824,-666666666.0,-222222222.0,24943
7825,-666666666.0,-222222222.0,24944
7826,-666666666.0,-222222222.0,24945
7827,-666666666.0,-222222222.0,24946
7828,-666666666.0,-222222222.0,24951
7829,51.0,-333333333.0,24954
7830,-666666666.0,-222222222.0,24957
7831,-666666666.0,-222222222.0,24962
7832,41.6,16.9,24963
7833,9.0,-333333333.0,24966
7834,31.5,4.4,24970
7835,-666666666.0,-222222222.0,24974
7836,42.8,45.0,24976
7837,-666666666.0,-222222222.0,24977
7838,-666666666.0,-222222222.0,24981
7839,26.6,13.3,24983
7840,-666666666.0,-222222222.0,24984
7841,-666666666.0,-222222222.0,24985
7842,25.8,8.5,24986
7843,-666666666.0,-222222222.0,24991
7844,-666666666.0,-222222222.0,24993
7845,-666666666.0,-222222222.0,25002
7846,13.9,3.3,25003
7847,-666666666.0,-222222222.0,25005
7848,-666666666.0,-222222222.0,25007
7849,-666666666.0,-222222222.0,25008
7850,-666666666.0,-222222222.0,25009
7851,29.8,4.3,25011
7852,20.9,2.2,25015
7853,-666666666.0,-222222222.0,25019
7854,-666666666.0,-222222222.0,25021
7855,-666666666.0,-222222222.0,25022
7856,-666666666.0,-222222222.0,25024
7857,-666666666.0,-222222222.0,25025
7858,-666666666.0,-222222222.0,25028
7859,-666666666.0,-222222222.0,25030
7860,28.3,26.1,25031
7861,22.6,1.9,25033
7862,26.7,16.2,25035
7863,-666666666.0,-222222222.0,25036
7864,24.7,4.1,25039
7865,-666666666.0,-222222222.0,25040
7866,51.0,-333333333.0,25043
7867,-666666666.0,-222222222.0,25044
7868,51.0,-333333333.0,25045
7869,-666666666.0,-222222222.0,25047
7870,28.7,12.1,25048
7871,-666666666.0,-222222222.0,25049
7872,-666666666.0,-222222222.0,25051
7873,37.5,10.4,25053
7874,-666666666.0,-222222222.0,25054
7875,-666666666.0,-222222222.0,25057
7876,-666666666.0,-222222222.0,25059
7877,-666666666.0,-222222222.0,25060
7878,-666666666.0,-222222222.0,25061
7879,-666666666.0,-222222222.0,25062
7880,-666666666.0,-222222222.0,25063
7881,27.6,3.7,25064
7882,51.0,-333333333.0,25067
7883,26.4,14.6,25070
7884,29.6,8.3,25071
7885,-666666666.0,-222222222.0,25075
7886,-666666666.0,-222222222.0,25076
7887,-666666666.0,-222222222.0,25081
7888,-666666666.0,-222222222.0,25082
7889,-666666666.0,-222222222.0,25083
7890,-666666666.0,-222222222.0,25085
7891,19.1,41.6,25086
7892,-666666666.0,-222222222.0,25088
7893,-666666666.0,-222222222.0,25090
7894,-666666666.0,-222222222.0,25093
7895,-666666666.0,-222222222.0,25102
7896,-666666666.0,-222222222.0,25103
7897,51.0,-333333333.0,25106
7898,29.8,29.0,25107
7899,-666666666.0,-222222222.0,25108
7900,-666666666.0,-222222222.0,25109
7901,-666666666.0,-222222222.0,25110
7902,-666666666.0,-222222222.0,25111
7903,-666666666.0,-222222222.0,25112
7904,-666666666.0,-222222222.0,25113
7905,-666666666.0,-222222222.0,25114
7906,-666666666.0,-222222222.0,25115
7907,-666666666.0,-222222222.0,25118
7908,-666666666.0,-222222222.0,25119
7909,-666666666.0,-222222222.0,25121
7910,24.0,13.1,25123
7911,-666666666.0,-222222222.0,25124
7912,-666666666.0,-222222222.0,25125
7913,-666666666.0,-222222222.0,25126
7914,23.5,14.1,25130
7915,-666666666.0,-222222222.0,25132
7916,-666666666.0,-222222222.0,25133
7917,-666666666.0,-222222222.0,25134
7918,36.9,4.4,25136
7919,-666666666.0,-222222222.0,25139
7920,-666666666.0,-222222222.0,25140
7921,-666666666.0,-222222222.0,25141
7922,-666666666.0,-222222222.0,25142
7923,28.5,6.5,25143
7924,-666666666.0,-222222222.0,25148
7925,-666666666.0,-222222222.0,25149
7926,-666666666.0,-222222222.0,25152
7927,-666666666.0,-222222222.0,25154
7928,-666666666.0,-222222222.0,25156
7929,51.0,-333333333.0,25159
7930,-666666666.0,-222222222.0,25160
7931,-666666666.0,-222222222.0,25161
7932,23.2,3.3,25162
7933,-666666666.0,-222222222.0,25164
7934,-666666666.0,-222222222.0,25165
7935,-666666666.0,-222222222.0,25168
7936,48.5,58.9,25169
7937,-666666666.0,-222222222.0,25173
7938,-666666666.0,-222222222.0,25174
7939,33.4,4.1,25177
7940,-666666666.0,-222222222.0,25180
7941,25.9,12.2,25181
7942,-666666666.0,-222222222.0,25183
7943,-666666666.0,-222222222.0,25185
7944,49.7,24.0,25186
7945,-666666666.0,-222222222.0,25187
7946,9.0,-333333333.0,25193
7947,-666666666.0,-222222222.0,25201
7948,-666666666.0,-222222222.0,25202
7949,-666666666.0,-222222222.0,25203
7950,-666666666.0,-222222222.0,25204
7951,-666666666.0,-222222222.0,25205
7952,-666666666.0,-222222222.0,25206
7953,-666666666.0,-222222222.0,25208
7954,22.1,10.7,25209
7955,-666666666.0,-222222222.0,25211
7956,27.2,14.1,25213
7957,-666666666.0,-222222222.0,25214
7958,-666666666.0,-222222222.0,25231
7959,-666666666.0,-222222222.0,25234
7960,-666666666.0,-222222222.0,25235
7961,36.6,12.8,25239
7962,17.7,10.4,25241
7963,-666666666.0,-222222222.0,25243
7964,-666666666.0,-222222222.0,25244
7965,-666666666.0,-222222222.0,25245
7966,-666666666.0,-222222222.0,25247
7967,17.3,0.7,25248
7968,-666666666.0,-222222222.0,25251
7969,-666666666.0,-222222222.0,25252
7970,-666666666.0,-222222222.0,25253
7971,23.6,37.4,25259
7972,23.1,6.7,25260
7973,-666666666.0,-222222222.0,25261
7974,-666666666.0,-222222222.0,25262
7975,-666666666.0,-222222222.0,25264
7976,51.0,-333333333.0,25265
7977,-666666666.0,-222222222.0,25266
7978,9.0,-333333333.0,25267
7979,-666666666.0,-222222222.0,25268
7980,27.3,0.5,25270
7981,34.5,13.8,25271
7982,-666666666.0,-222222222.0,25275
7983,38.5,4.9,25276
7984,33.9,5.8,25285
7985,-666666666.0,-222222222.0,25286
7986,-666666666.0,-222222222.0,25287
7987,28.6,5.3,25301
7988,33.6,4.3,25302
7989,34.2,9.2,25303
7990,27.0,3.4,25304
7991,-666666666.0,-222222222.0,25305
7992,22.3,4.1,25306
7993,28.1,6.2,25309
7994,21.0,3.7,25311
7995,26.8,7.3,25312
7996,28.2,5.0,25313
7997,20.5,6.3,25314
7998,29.9,7.4,25315
7999,46.0,14.3,25320
8000,30.7,8.9,25387
8001,32.8,3.0,25401
8002,28.9,10.6,25403
8003,30.4,2.6,25404
8004,23.2,10.3,25405
8005,27.7,2.4,25411
8006,35.7,12.6,25413
8007,24.9,2.4,25414
8008,19.9,6.1,25419
8009,26.9,29.5,25420
8010,-666666666.0,-222222222.0,25421
8011,-666666666.0,-222222222.0,25422
8012,30.2,4.9,25425
8013,23.0,4.7,25427
8014,21.7,7.7,25428
8015,26.7,12.7,25430
8016,-666666666.0,-222222222.0,25431
8017,-666666666.0,-222222222.0,25432
8018,17.3,1.3,25434
8019,-666666666.0,-222222222.0,25437
8020,30.0,4.7,25438
8021,51.0,-333333333.0,25442
8022,24.2,7.8,25443
8023,-666666666.0,-222222222.0,25444
8024,-666666666.0,-222222222.0,25446
8025,-666666666.0,-222222222.0,25501
8026,-666666666.0,-222222222.0,25502
8027,-666666666.0,-222222222.0,25503
8028,28.2,8.9,25504
8029,-666666666.0,-222222222.0,25505
8030,35.7,13.0,25506
8031,33.0,6.4,25507
8032,23.5,6.4,25508
8033,19.8,4.5,25510
8034,-666666666.0,-222222222.0,25511
8035,51.0,-333333333.0,25512
8036,21.1,6.2,25514
8037,-666666666.0,-222222222.0,25515
8038,51.0,-333333333.0,25517
8039,-666666666.0,-222222222.0,25520
8040,-666666666.0,-222222222.0,25521
8041,20.9,4.1,25523
8042,-666666666.0,-222222222.0,25524
8043,22.7,2.4,25526
8044,27.0,10.1,25529
8045,23.7,6.0,25530
8046,-666666666.0,-222222222.0,25534
8047,-666666666.0,-222222222.0,25535
8048,51.0,-333333333.0,25537
8049,-666666666.0,-222222222.0,25540
8050,30.2,10.4,25541
8051,-666666666.0,-222222222.0,25544
8052,20.7,7.7,25545
8053,-666666666.0,-222222222.0,25547
8054,19.8,11.6,25550
8055,9.0,-333333333.0,25555
8056,-666666666.0,-222222222.0,25557
8057,-666666666.0,-222222222.0,25559
8058,33.0,14.2,25560
8059,-666666666.0,-222222222.0,25564
8060,-666666666.0,-222222222.0,25565
8061,-666666666.0,-222222222.0,25567
8062,40.7,23.0,25570
8063,17.5,2.6,25571
8064,-666666666.0,-222222222.0,25573
8065,25.3,12.0,25601
8066,43.1,21.3,25606
8067,41.5,7.1,25607
8068,-666666666.0,-222222222.0,25608
8069,-666666666.0,-222222222.0,25611
8070,-666666666.0,-222222222.0,25612
8071,-666666666.0,-222222222.0,25617
8072,15.0,10.2,25621
8073,-666666666.0,-222222222.0,25624
8074,-666666666.0,-222222222.0,25625
8075,-666666666.0,-222222222.0,25628
8076,-666666666.0,-222222222.0,25630
8077,-666666666.0,-222222222.0,25632
8078,-666666666.0,-222222222.0,25634
8079,22.3,5.0,25635
8080,43.8,38.3,25637
8081,-666666666.0,-222222222.0,25638
8082,-666666666.0,-222222222.0,25639
8083,-666666666.0,-222222222.0,25644
8084,32.7,36.2,25646
8085,-666666666.0,-222222222.0,25647
8086,50.0,27.2,25649
8087,-666666666.0,-222222222.0,25650
8088,-666666666.0,-222222222.0,25651
8089,-666666666.0,-222222222.0,25652
8090,-666666666.0,-222222222.0,25653
8091,-666666666.0,-222222222.0,25654
8092,30.6,9.4,25661
8093,-666666666.0,-222222222.0,25666
8094,51.0,-333333333.0,25667
8095,-666666666.0,-222222222.0,25669
8096,19.8,72.4,25670
8097,9.0,-333333333.0,25671
8098,-666666666.0,-222222222.0,25672
8099,11.9,46.7,25674
8100,-666666666.0,-222222222.0,25676
8101,21.1,16.3,25678
8102,-666666666.0,-222222222.0,25685
8103,-666666666.0,-222222222.0,25688
8104,-666666666.0,-222222222.0,25690
8105,34.4,27.4,25692
8106,11.8,9.0,25696
8107,-666666666.0,-222222222.0,25699
8108,34.4,3.2,25701
8109,35.5,4.6,25702
8110,51.0,-333333333.0,25703
8111,28.9,6.9,25704
8112,28.9,4.5,25705
8113,-666666666.0,-222222222.0,25755
8114,31.6,4.8,25801
8115,-666666666.0,-222222222.0,25810
8116,-666666666.0,-222222222.0,25811
8117,45.4,26.6,25812
8118,37.6,42.4,25813
8119,-666666666.0,-222222222.0,25817
8120,-666666666.0,-222222222.0,25818
8121,-666666666.0,-222222222.0,25820
8122,-666666666.0,-222222222.0,25823
8123,21.5,11.9,25825
8124,-666666666.0,-222222222.0,25826
8125,-666666666.0,-222222222.0,25827
8126,-666666666.0,-222222222.0,25831
8127,36.7,6.3,25832
8128,-666666666.0,-222222222.0,25836
8129,-666666666.0,-222222222.0,25837
8130,-666666666.0,-222222222.0,25839
8131,31.7,3.8,25840
8132,-666666666.0,-222222222.0,25841
8133,26.8,6.4,25843
8134,-666666666.0,-222222222.0,25844
8135,-666666666.0,-222222222.0,25845
8136,-666666666.0,-222222222.0,25846
8137,-666666666.0,-222222222.0,25848
8138,-666666666.0,-222222222.0,25849
8139,-666666666.0,-222222222.0,25851
8140,-666666666.0,-222222222.0,25853
8141,-666666666.0,-222222222.0,25854
8142,-666666666.0,-222222222.0,25855
8143,-666666666.0,-222222222.0,25857
8144,-666666666.0,-222222222.0,25862
8145,-666666666.0,-222222222.0,25864
8146,32.5,11.1,25865
8147,-666666666.0,-222222222.0,25866
8148,-666666666.0,-222222222.0,25868
8149,-666666666.0,-222222222.0,25870
8150,47.8,20.6,25871
8151,-666666666.0,-222222222.0,25873
8152,-666666666.0,-222222222.0,25875
8153,-666666666.0,-222222222.0,25876
8154,-666666666.0,-222222222.0,25878
8155,-666666666.0,-222222222.0,25879
8156,30.7,6.6,25880
8157,51.0,-333333333.0,25882
8158,32.8,7.1,25901
8159,-666666666.0,-222222222.0,25902
8160,-666666666.0,-222222222.0,25904
8161,-666666666.0,-222222222.0,25907
8162,-666666666.0,-222222222.0,25908
8163,-666666666.0,-222222222.0,25909
8164,-666666666.0,-222222222.0,25911
8165,-666666666.0,-222222222.0,25913
8166,-666666666.0,-222222222.0,25915
8167,-666666666.0,-222222222.0,25916
8168,-666666666.0,-222222222.0,25917
8169,28.4,35.0,25918
8170,-666666666.0,-222222222.0,25920
8171,32.5,18.1,25921
8172,-666666666.0,-222222222.0,25922
8173,-666666666.0,-222222222.0,25928
8174,-666666666.0,-222222222.0,25932
8175,-666666666.0,-222222222.0,25936
8176,-666666666.0,-222222222.0,25938
8177,-666666666.0,-222222222.0,25942
8178,-666666666.0,-222222222.0,25943
8179,41.4,16.3,25951
8180,-666666666.0,-222222222.0,25958
8181,35.8,19.4,25962
8182,-666666666.0,-222222222.0,25966
8183,-666666666.0,-222222222.0,25969
8184,-666666666.0,-222222222.0,25971
8185,-666666666.0,-222222222.0,25972
8186,37.5,1.3,25976
8187,-666666666.0,-222222222.0,25977
8188,-666666666.0,-222222222.0,25978
8189,-666666666.0,-222222222.0,25979
8190,18.3,4.0,25981
8191,51.0,-333333333.0,25984
8192,-666666666.0,-222222222.0,25985
8193,-666666666.0,-222222222.0,25986
8194,-666666666.0,-222222222.0,25989
8195,33.5,2.7,26003
8196,20.5,10.9,26030
8197,26.7,2.6,26031
8198,23.8,29.8,26032
8199,37.5,13.2,26033
8200,27.2,9.5,26034
8201,-666666666.0,-222222222.0,26035
8202,-666666666.0,-222222222.0,26036
8203,19.3,2.7,26037
8204,25.9,5.1,26038
8205,51.0,-333333333.0,26039
8206,33.8,15.4,26040
8207,35.5,14.3,26041
8208,41.1,17.0,26047
8209,19.9,38.8,26050
8210,30.3,23.4,26055
8211,-666666666.0,-222222222.0,26056
8212,-666666666.0,-222222222.0,26058
8213,23.0,9.0,26059
8214,51.0,-333333333.0,26060
8215,29.0,5.5,26062
8216,22.5,7.8,26070
8217,23.3,5.1,26074
8218,51.0,-333333333.0,26075
8219,31.3,2.3,26101
8220,27.9,2.8,26104
8221,31.6,6.3,26105
8222,12.3,5.8,26133
8223,32.3,10.7,26134
8224,-666666666.0,-222222222.0,26136
8225,-666666666.0,-222222222.0,26137
8226,-666666666.0,-222222222.0,26138
8227,38.1,22.3,26141
8228,17.7,20.0,26142
8229,31.6,2.9,26143
8230,40.0,54.2,26146
8231,21.4,5.9,26147
8232,-666666666.0,-222222222.0,26148
8233,28.3,16.5,26149
8234,24.7,8.5,26150
8235,-666666666.0,-222222222.0,26151
8236,-666666666.0,-222222222.0,26152
8237,25.2,4.8,26155
8238,19.4,9.2,26159
8239,-666666666.0,-222222222.0,26160
8240,-666666666.0,-222222222.0,26161
8241,-666666666.0,-222222222.0,26162
8242,38.0,24.2,26164
8243,-666666666.0,-222222222.0,26167
8244,-666666666.0,-222222222.0,26169
8245,26.8,4.4,26170
8246,31.3,7.6,26175
8247,-666666666.0,-222222222.0,26178
8248,17.4,1.3,26180
8249,21.9,13.0,26181
8250,12.9,15.4,26184
8251,32.6,7.5,26187
8252,29.3,3.8,26201
8253,-666666666.0,-222222222.0,26202
8254,-666666666.0,-222222222.0,26203
8255,26.9,1.8,26205
8256,36.5,10.8,26206
8257,17.5,52.0,26208
8258,-666666666.0,-222222222.0,26209
8259,-666666666.0,-222222222.0,26210
8260,-666666666.0,-222222222.0,26215
8261,-666666666.0,-222222222.0,26217
8262,13.6,4.7,26218
8263,-666666666.0,-222222222.0,26222
8264,-666666666.0,-222222222.0,26224
8265,-666666666.0,-222222222.0,26228
8266,-666666666.0,-222222222.0,26230
8267,-666666666.0,-222222222.0,26234
8268,-666666666.0,-222222222.0,26236
8269,-666666666.0,-222222222.0,26237
8270,-666666666.0,-222222222.0,26238
8271,29.5,3.4,26241
8272,27.7,5.4,26250
8273,24.5,8.3,26253
8274,-666666666.0,-222222222.0,26254
8275,-666666666.0,-222222222.0,26257
8276,-666666666.0,-222222222.0,26259
8277,37.4,8.8,26260
8278,51.0,-333333333.0,26261
8279,-666666666.0,-222222222.0,26263
8280,9.0,-333333333.0,26264
8281,-666666666.0,-222222222.0,26266
8282,-666666666.0,-222222222.0,26267
8283,-666666666.0,-222222222.0,26268
8284,14.2,9.4,26269
8285,23.1,3.4,26270
8286,18.3,7.5,26271
8287,51.0,-333333333.0,26273
8288,41.3,43.3,26275
8289,-666666666.0,-222222222.0,26276
8290,-666666666.0,-222222222.0,26278
8291,27.8,2.1,26280
8292,-666666666.0,-222222222.0,26282
8293,12.2,29.9,26283
8294,-666666666.0,-222222222.0,26285
8295,31.6,12.8,26287
8296,51.0,-333333333.0,26288
8297,-666666666.0,-222222222.0,26289
8298,-666666666.0,-222222222.0,26291
8299,17.7,1.0,26292
8300,-666666666.0,-222222222.0,26293
8301,-666666666.0,-222222222.0,26294
8302,-666666666.0,-222222222.0,26296
8303,-666666666.0,-222222222.0,26298
8304,31.3,2.1,26301
8305,-666666666.0,-222222222.0,26320
8306,-666666666.0,-222222222.0,26321
8307,51.0,-333333333.0,26323
8308,51.0,-333333333.0,26325
8309,-666666666.0,-222222222.0,26327
8310,27.0,3.1,26330
8311,19.1,4.9,26335
8312,32.5,59.1,26337
8313,-666666666.0,-222222222.0,26338
8314,-666666666.0,-222222222.0,26339
8315,-666666666.0,-222222222.0,26342
8316,-666666666.0,-222222222.0,26343
8317,22.5,16.4,26346
8318,39.6,12.5,26347
8319,-666666666.0,-222222222.0,26348
8320,-666666666.0,-222222222.0,26349
8321,23.8,4.4,26351
8322,28.4,4.4,26354
8323,-666666666.0,-222222222.0,26361
8324,35.6,11.2,26362
8325,-666666666.0,-222222222.0,26366
8326,-666666666.0,-222222222.0,26369
8327,-666666666.0,-222222222.0,26372
8328,9.0,-333333333.0,26374
8329,-666666666.0,-222222222.0,26376
8330,-666666666.0,-222222222.0,26377
8331,17.0,8.1,26378
8332,-666666666.0,-222222222.0,26384
8333,14.1,21.8,26385
8334,51.0,-333333333.0,26386
8335,-666666666.0,-222222222.0,26404
8336,-666666666.0,-222222222.0,26405
8337,-666666666.0,-222222222.0,26408
8338,51.0,-333333333.0,26410
8339,26.2,5.7,26411
8340,-666666666.0,-222222222.0,26412
8341,23.5,16.8,26415
8342,23.3,4.6,26416
8343,26.5,16.0,26419
8344,-666666666.0,-222222222.0,26421
8345,-666666666.0,-222222222.0,26422
8346,-666666666.0,-222222222.0,26424
8347,23.2,6.6,26425
8348,25.1,3.9,26426
8349,21.4,8.7,26430
8350,32.8,7.9,26431
8351,-666666666.0,-222222222.0,26435
8352,-666666666.0,-222222222.0,26436
8353,51.0,-333333333.0,26437
8354,-666666666.0,-222222222.0,26438
8355,-666666666.0,-222222222.0,26440
8356,-666666666.0,-222222222.0,26443
8357,27.7,3.7,26444
8358,13.0,9.9,26447
8359,-666666666.0,-222222222.0,26448
8360,51.0,-333333333.0,26451
8361,27.6,7.0,26452
8362,29.0,12.3,26456
8363,-666666666.0,-222222222.0,26463
8364,27.2,2.3,26501
8365,34.6,3.4,26505
8366,-666666666.0,-222222222.0,26506
8367,34.2,7.3,26508
8368,35.8,35.5,26519
8369,-666666666.0,-222222222.0,26520
8370,-666666666.0,-222222222.0,26521
8371,-666666666.0,-222222222.0,26524
8372,31.5,9.4,26525
8373,40.8,9.2,26534
8374,19.7,9.8,26537
8375,51.0,-333333333.0,26541
8376,31.2,8.1,26542
8377,-666666666.0,-222222222.0,26543
8378,-666666666.0,-222222222.0,26544
8379,-666666666.0,-222222222.0,26546
8380,51.0,-333333333.0,26547
8381,25.6,2.9,26554
8382,40.0,34.8,26559
8383,-666666666.0,-222222222.0,26560
8384,-666666666.0,-222222222.0,26562
8385,-666666666.0,-222222222.0,26563
8386,-666666666.0,-222222222.0,26568
8387,18.3,6.9,26570
8388,18.8,18.1,26571
8389,-666666666.0,-222222222.0,26572
8390,-666666666.0,-222222222.0,26574
8391,32.1,5.9,26575
8392,-666666666.0,-222222222.0,26576
8393,-666666666.0,-222222222.0,26581
8394,30.3,5.3,26582
8395,-666666666.0,-222222222.0,26585
8396,-666666666.0,-222222222.0,26586
8397,-666666666.0,-222222222.0,26587
8398,30.6,12.1,26588
8399,-666666666.0,-222222222.0,26590
8400,18.2,19.5,26591
8401,21.7,8.5,26601
8402,51.0,-333333333.0,26610
8403,-666666666.0,-222222222.0,26611
8404,-666666666.0,-222222222.0,26615
8405,-666666666.0,-222222222.0,26617
8406,-666666666.0,-222222222.0,26619
8407,40.6,49.7,26621
8408,-666666666.0,-222222222.0,26623
8409,27.5,10.2,26624
8410,-666666666.0,-222222222.0,26627
8411,-666666666.0,-222222222.0,26629
8412,-666666666.0,-222222222.0,26631
8413,-666666666.0,-222222222.0,26636
8414,-666666666.0,-222222222.0,26638
8415,27.7,3.2,26651
8416,-666666666.0,-222222222.0,26656
8417,-666666666.0,-222222222.0,26660
8418,-666666666.0,-222222222.0,26662
8419,-666666666.0,-222222222.0,26667
8420,-666666666.0,-222222222.0,26671
8421,-666666666.0,-222222222.0,26676
8422,-666666666.0,-222222222.0,26678
8423,19.6,6.8,26679
8424,-666666666.0,-222222222.0,26680
8425,-666666666.0,-222222222.0,26681
8426,-666666666.0,-222222222.0,26684
8427,-666666666.0,-222222222.0,26690
8428,-666666666.0,-222222222.0,26691
8429,12.4,9.0,26704
8430,-666666666.0,-222222222.0,26705
8431,32.5,10.4,26707
8432,-666666666.0,-222222222.0,26710
8433,25.5,3.3,26711
8434,-666666666.0,-222222222.0,26714
8435,30.2,37.1,26716
8436,-666666666.0,-222222222.0,26717
8437,51.0,-333333333.0,26719
8438,-666666666.0,-222222222.0,26720
8439,14.7,69.4,26722
8440,31.2,7.6,26726
8441,-666666666.0,-222222222.0,26731
8442,-666666666.0,-222222222.0,26739
8443,-666666666.0,-222222222.0,26743
8444,17.8,4.5,26750
8445,24.2,4.8,26753
8446,-666666666.0,-222222222.0,26755
8447,21.8,10.2,26757
8448,-666666666.0,-222222222.0,26761
8449,-666666666.0,-222222222.0,26763
8450,33.1,2.7,26764
8451,-666666666.0,-222222222.0,26767
8452,16.5,5.3,26801
8453,28.1,32.8,26802
8454,23.6,14.2,26804
8455,19.6,8.0,26807
8456,49.6,31.5,26808
8457,-666666666.0,-222222222.0,26810
8458,51.0,-333333333.0,26812
8459,-666666666.0,-222222222.0,26814
8460,23.3,2.9,26815
8461,-666666666.0,-222222222.0,26817
8462,18.5,7.4,26818
8463,-666666666.0,-222222222.0,26823
8464,-666666666.0,-222222222.0,26833
8465,22.5,3.1,26836
8466,-666666666.0,-222222222.0,26838
8467,23.7,8.6,26845
8468,33.1,13.2,26847
8469,21.5,8.7,26851
8470,-666666666.0,-222222222.0,26852
8471,-666666666.0,-222222222.0,26855
8472,-666666666.0,-222222222.0,26865
8473,24.4,14.1,26866
8474,-666666666.0,-222222222.0,26884
8475,41.4,35.6,26886
8476,21.5,3.3,27006
8477,31.2,12.3,27007
8478,-666666666.0,-222222222.0,27009
8479,31.0,5.5,27011
8480,29.4,3.1,27012
8481,25.8,5.1,27013
8482,33.1,4.6,27014
8483,9.0,-333333333.0,27016
8484,24.0,9.0,27017
8485,32.7,8.4,27018
8486,29.1,21.0,27019
8487,27.0,6.6,27020
8488,35.8,3.8,27021
8489,18.0,4.9,27022
8490,23.1,3.2,27023
8491,19.0,11.0,27024
8492,20.6,3.8,27025
8493,30.1,3.8,27027
8494,31.7,9.1,27028
8495,28.3,2.5,27030
8496,18.8,1.7,27040
8497,19.4,8.2,27041
8498,-666666666.0,-222222222.0,27042
8499,29.1,16.0,27043
8500,26.1,6.9,27045
8501,38.9,9.8,27046
8502,23.8,20.1,27047
8503,25.4,3.1,27048
8504,28.9,7.2,27050
8505,26.5,10.4,27051
8506,28.5,3.2,27052
8507,9.0,-333333333.0,27053
8508,16.2,10.3,27054
8509,24.0,5.8,27055
8510,29.5,1.7,27101
8511,30.3,2.3,27103
8512,26.7,2.6,27104
8513,35.9,4.1,27105
8514,34.5,4.2,27106
8515,30.0,3.7,27107
8516,-666666666.0,-222222222.0,27109
8517,-666666666.0,-222222222.0,27110
8518,27.1,2.4,27127
8519,-666666666.0,-222222222.0,27201
8520,-666666666.0,-222222222.0,27202
8521,29.3,3.0,27203
8522,24.3,3.3,27205
8523,13.3,21.9,27207
8524,21.3,44.1,27208
8525,25.9,16.7,27209
8526,24.0,24.6,27212
8527,-666666666.0,-222222222.0,27213
8528,28.1,4.0,27214
8529,27.1,2.3,27215
8530,29.3,2.5,27217
8531,37.2,8.7,27229
8532,42.8,7.7,27231
8533,-666666666.0,-222222222.0,27233
8534,39.6,26.3,27235
8535,19.6,4.7,27239
8536,29.4,37.8,27242
8537,24.6,10.9,27243
8538,26.8,17.5,27244
8539,-666666666.0,-222222222.0,27247
8540,31.3,7.3,27248
8541,33.0,10.5,27249
8542,19.6,26.0,27252
8543,27.4,2.6,27253
8544,-666666666.0,-222222222.0,27256
8545,25.9,4.9,27258
8546,-666666666.0,-222222222.0,27259
8547,26.3,4.0,27260
8548,28.8,5.0,27262
8549,26.2,3.4,27263
8550,29.1,3.4,27265
8551,-666666666.0,-222222222.0,27268
8552,30.2,7.7,27278
8553,32.8,9.2,27281
8554,26.2,3.8,27282
8555,13.9,10.0,27283
8556,27.9,1.8,27284
8557,31.2,5.0,27288
8558,18.5,45.8,27291
8559,26.6,2.9,27292
8560,29.4,3.5,27295
8561,24.0,6.6,27298
8562,20.6,8.6,27299
8563,37.9,11.4,27301
8564,32.6,6.9,27302
8565,13.8,4.3,27305
8566,27.2,2.0,27306
8567,19.4,36.7,27310
8568,30.4,11.5,27311
8569,32.0,7.5,27312
8570,47.7,25.3,27313
8571,-666666666.0,-222222222.0,27314
8572,25.7,9.5,27315
8573,31.4,12.0,27316
8574,26.3,4.3,27317
8575,32.6,3.6,27320
8576,24.9,8.0,27325
8577,22.3,3.6,27326
8578,27.5,2.5,27330
8579,25.1,4.1,27332
8580,-666666666.0,-222222222.0,27340
8581,27.3,6.7,27341
8582,-666666666.0,-222222222.0,27342
8583,23.6,25.5,27343
8584,29.9,6.9,27344
8585,19.1,15.0,27349
8586,19.2,11.1,27350
8587,-666666666.0,-222222222.0,27351
8588,47.2,14.3,27355
8589,19.8,26.8,27356
8590,31.8,1.3,27357
8591,18.6,14.1,27358
8592,25.7,2.3,27360
8593,24.4,5.4,27370
8594,22.2,4.7,27371
8595,-666666666.0,-222222222.0,27374
8596,36.0,8.2,27376
8597,31.7,13.7,27377
8598,32.8,4.7,27379
8599,31.5,2.2,27401
8600,31.9,8.0,27403
8601,35.4,2.3,27405
8602,30.5,2.4,27406
8603,31.8,2.6,27407
8604,32.9,1.9,27408
8605,29.6,3.4,27409
8606,34.9,3.2,27410
8607,-666666666.0,-222222222.0,27411
8608,-666666666.0,-222222222.0,27412
8609,26.4,2.9,27455
8610,29.1,9.2,27501
8611,28.4,3.1,27502
8612,28.9,15.1,27503
8613,32.4,9.2,27504
8614,22.3,11.4,27505
8615,-666666666.0,-222222222.0,27506
8616,-666666666.0,-222222222.0,27507
8617,27.5,25.9,27508
8618,28.3,7.7,27509
8619,33.1,3.5,27510
8620,32.0,2.7,27511
8621,24.3,3.1,27513
8622,36.9,4.0,27514
8623,36.5,2.2,27516
8624,30.3,3.5,27517
8625,29.0,3.6,27518
8626,21.7,1.9,27519
8627,28.8,3.8,27520
8628,29.1,3.9,27521
8629,25.8,6.8,27522
8630,24.5,3.8,27523
8631,19.3,4.7,27524
8632,37.2,10.0,27525
8633,27.2,2.3,27526
8634,28.0,4.5,27527
8635,31.6,3.6,27529
8636,27.4,2.9,27530
8637,-666666666.0,-222222222.0,27531
8638,-666666666.0,-222222222.0,27533
8639,29.5,2.6,27534
8640,33.2,3.8,27536
8641,34.1,6.3,27537
8642,27.2,4.6,27539
8643,29.8,4.0,27540
8644,29.6,31.0,27541
8645,36.1,12.5,27542
8646,29.6,23.6,27544
8647,26.9,4.4,27545
8648,29.6,5.0,27546
8649,29.0,3.5,27549
8650,24.4,59.1,27551
8651,32.8,13.2,27553
8652,38.6,22.5,27555
8653,-666666666.0,-222222222.0,27556
8654,22.2,2.8,27557
8655,12.7,3.7,27559
8656,22.4,1.1,27560
8657,-666666666.0,-222222222.0,27562
8658,28.5,16.1,27563
8659,27.7,5.1,27565
8660,44.1,23.7,27568
8661,21.9,3.1,27569
8662,-666666666.0,-222222222.0,27570
8663,31.5,25.9,27571
8664,13.7,7.8,27572
8665,36.8,7.5,27573
8666,51.0,-333333333.0,27574
8667,31.1,3.4,27576
8668,35.7,7.3,27577
8669,31.3,2.7,27581
8670,22.5,23.7,27582
8671,51.0,-333333333.0,27583
8672,-666666666.0,-222222222.0,27584
8673,27.0,5.5,27587
8674,32.4,4.6,27589
8675,31.6,2.9,27591
8676,24.2,7.5,27592
8677,-666666666.0,-222222222.0,27593
8678,-666666666.0,-222222222.0,27594
8679,28.1,6.5,27596
8680,36.1,2.9,27597
8681,-666666666.0,-222222222.0,27599
8682,30.2,2.9,27601
8683,28.5,2.1,27603
8684,32.6,2.6,27604
8685,31.9,8.1,27605
8686,32.7,2.9,27606
8687,31.1,1.8,27607
8688,22.9,2.7,27608
8689,30.8,2.7,27609
8690,33.1,2.5,27610
8691,30.7,1.7,27612
8692,27.9,2.4,27613
8693,33.6,7.1,27614
8694,27.5,3.3,27615
8695,34.3,2.7,27616
8696,26.1,3.9,27617
8697,-666666666.0,-222222222.0,27695
8698,-666666666.0,-222222222.0,27697
8699,26.2,1.7,27701
8700,30.7,1.9,27703
8701,29.6,2.5,27704
8702,30.9,2.6,27705
8703,29.7,1.7,27707
8704,-666666666.0,-222222222.0,27708
8705,-666666666.0,-222222222.0,27709
8706,35.3,17.2,27712
8707,29.7,2.3,27713
8708,28.5,2.8,27801
8709,30.4,5.3,27803
8710,23.5,2.5,27804
8711,19.8,10.2,27805
8712,30.3,15.4,27806
8713,24.2,7.6,27807
8714,17.7,1.4,27808
8715,25.4,25.1,27809
8716,29.3,12.1,27810
8717,38.8,12.5,27812
8718,25.3,8.1,27813
8719,17.4,9.7,27814
8720,-666666666.0,-222222222.0,27815
8721,39.3,34.0,27816
8722,23.8,5.4,27817
8723,-666666666.0,-222222222.0,27818
8724,37.3,1.7,27819
8725,27.2,5.1,27820
8726,-666666666.0,-222222222.0,27821
8727,23.5,8.2,27822
8728,34.3,10.8,27823
8729,31.5,52.7,27824
8730,22.3,8.3,27825
8731,-666666666.0,-222222222.0,27826
8732,-666666666.0,-222222222.0,27827
8733,33.6,28.0,27828
8734,51.0,-333333333.0,27829
8735,28.3,6.4,27830
8736,51.0,-333333333.0,27831
8737,39.0,29.2,27832
8738,28.3,2.0,27834
8739,22.1,6.6,27837
8740,47.7,19.3,27839
8741,-666666666.0,-222222222.0,27840
8742,-666666666.0,-222222222.0,27841
8743,9.0,-333333333.0,27842
8744,22.9,1.4,27843
8745,30.8,10.1,27844
8746,25.4,21.7,27845
8747,19.3,21.1,27846
8748,19.6,13.5,27847
8749,48.0,16.1,27849
8750,23.6,11.5,27850
8751,15.7,10.4,27851
8752,41.6,35.3,27852
8753,-666666666.0,-222222222.0,27853
8754,42.3,16.2,27855
8755,24.5,3.8,27856
8756,29.4,41.9,27857
8757,33.3,3.1,27858
8758,20.4,14.3,27860
8759,-666666666.0,-222222222.0,27861
8760,10.4,4.5,27862
8761,32.9,6.7,27863
8762,21.3,3.0,27864
8763,28.4,38.9,27865
8764,-666666666.0,-222222222.0,27866
8765,29.0,12.7,27869
8766,27.5,3.2,27870
8767,30.6,7.8,27871
8768,44.3,14.2,27872
8769,37.1,5.5,27873
8770,51.0,-333333333.0,27874
8771,-666666666.0,-222222222.0,27875
8772,32.9,1.1,27876
8773,-666666666.0,-222222222.0,27877
8774,36.9,15.6,27878
8775,23.3,19.1,27879
8776,51.0,-333333333.0,27880
8777,-666666666.0,-222222222.0,27881
8778,25.3,5.9,27882
8779,51.0,-333333333.0,27883
8780,18.1,14.1,27884
8781,32.9,17.3,27885
8782,32.7,5.1,27886
8783,22.4,2.3,27888
8784,32.0,4.3,27889
8785,31.5,20.4,27890
8786,22.8,2.3,27891
8787,24.6,3.7,27892
8788,30.3,3.3,27893
8789,23.1,4.0,27896
8790,19.2,13.1,27897
8791,30.1,4.3,27909
8792,38.4,4.1,27910
8793,-666666666.0,-222222222.0,27915
8794,-666666666.0,-222222222.0,27916
8795,33.9,31.7,27917
8796,9.0,-333333333.0,27919
8797,38.4,34.4,27920
8798,22.1,6.3,27921
8799,51.0,-333333333.0,27922
8800,32.1,1.1,27923
8801,36.7,7.9,27924
8802,31.3,14.5,27925
8803,-666666666.0,-222222222.0,27926
8804,18.9,3.9,27927
8805,24.3,26.1,27928
8806,16.5,16.7,27929
8807,32.6,4.7,27932
8808,21.0,12.4,27935
8809,-666666666.0,-222222222.0,27936
8810,51.0,-333333333.0,27937
8811,13.5,5.2,27938
8812,30.9,15.1,27939
8813,-666666666.0,-222222222.0,27941
8814,51.0,-333333333.0,27942
8815,-666666666.0,-222222222.0,27943
8816,30.2,10.0,27944
8817,28.7,11.1,27946
8818,-666666666.0,-222222222.0,27947
8819,31.9,5.8,27948
8820,23.5,11.9,27949
8821,43.0,26.9,27950
8822,18.2,8.6,27953
8823,25.1,11.7,27954
8824,-666666666.0,-222222222.0,27956
8825,51.0,-333333333.0,27957
8826,21.9,18.1,27958
8827,36.9,10.0,27959
8828,45.0,38.7,27960
8829,28.3,15.4,27962
8830,-666666666.0,-222222222.0,27964
8831,-666666666.0,-222222222.0,27965
8832,20.8,5.8,27966
8833,-666666666.0,-222222222.0,27967
8834,-666666666.0,-222222222.0,27968
8835,-666666666.0,-222222222.0,27969
8836,34.8,35.2,27970
8837,-666666666.0,-222222222.0,27972
8838,36.9,16.3,27973
8839,-666666666.0,-222222222.0,27974
8840,-666666666.0,-222222222.0,27976
8841,-666666666.0,-222222222.0,27978
8842,-666666666.0,-222222222.0,27979
8843,22.8,4.3,27980
8844,13.9,7.2,27981
8845,-666666666.0,-222222222.0,27982
8846,23.6,3.6,27983
8847,28.7,41.5,27985
8848,26.8,4.1,27986
8849,32.7,4.9,28001
8850,-666666666.0,-222222222.0,28006
8851,14.0,31.3,28007
8852,23.3,8.3,28009
8853,29.8,2.6,28012
8854,27.6,7.3,28016
8855,-666666666.0,-222222222.0,28017
8856,23.1,56.8,28018
8857,-666666666.0,-222222222.0,28019
8858,27.0,7.1,28020
8859,21.9,5.2,28021
8860,36.3,8.9,28023
8861,-666666666.0,-222222222.0,28024
8862,30.5,4.3,28025
8863,30.7,2.2,28027
8864,29.6,3.1,28031
8865,29.2,14.1,28032
8866,14.3,49.4,28033
8867,28.0,3.1,28034
8868,27.4,4.8,28036
8869,28.2,7.1,28037
8870,-666666666.0,-222222222.0,28039
8871,21.2,2.9,28040
8872,-666666666.0,-222222222.0,28041
8873,51.0,-333333333.0,28042
8874,30.3,5.3,28043
8875,32.7,2.2,28052
8876,30.5,2.3,28054
8877,29.4,5.1,28056
8878,13.5,2.5,28071
8879,51.0,-333333333.0,28072
8880,31.3,6.1,28073
8881,-666666666.0,-222222222.0,28074
8882,25.8,7.4,28075
8883,-666666666.0,-222222222.0,28076
8884,26.1,4.4,28077
8885,27.6,2.5,28078
8886,31.6,3.3,28079
8887,42.0,9.7,28080
8888,29.9,8.7,28081
8889,29.6,3.3,28083
8890,37.0,4.8,28086
8891,18.3,3.5,28088
8892,-666666666.0,-222222222.0,28089
8893,19.3,5.9,28090
8894,16.7,3.7,28091
8895,27.2,2.2,28092
8896,35.3,8.9,28097
8897,28.3,6.8,28098
8898,18.3,5.7,28101
8899,-666666666.0,-222222222.0,28102
8900,23.4,3.1,28103
8901,28.8,9.4,28104
8902,28.8,2.9,28105
8903,26.3,5.0,28107
8904,-666666666.0,-222222222.0,28108
8905,33.8,13.4,28109
8906,25.4,2.8,28110
8907,26.9,4.8,28112
8908,21.6,13.0,28114
8909,26.6,3.4,28115
8910,26.2,3.3,28117
8911,37.7,11.1,28119
8912,31.2,6.3,28120
8913,23.2,3.9,28124
8914,28.2,1.9,28125
8915,18.6,3.5,28127
8916,19.9,5.6,28128
8917,29.3,4.1,28129
8918,10.7,4.5,28133
8919,34.2,6.1,28134
8920,22.3,7.5,28135
8921,-666666666.0,-222222222.0,28136
8922,25.0,12.6,28137
8923,28.2,13.4,28138
8924,32.4,4.5,28139
8925,30.4,4.8,28144
8926,26.2,3.4,28146
8927,31.4,3.1,28147
8928,27.7,3.5,28150
8929,30.1,8.7,28152
8930,36.8,13.0,28159
8931,24.9,4.0,28160
8932,19.8,8.4,28163
8933,22.4,4.4,28164
8934,17.4,5.9,28166
8935,-666666666.0,-222222222.0,28167
8936,23.9,4.2,28168
8937,-666666666.0,-222222222.0,28169
8938,27.9,2.8,28170
8939,23.3,1.8,28173
8940,40.7,13.4,28174
8941,26.1,1.9,28202
8942,24.9,1.2,28203
8943,26.1,2.3,28204
8944,29.3,1.3,28205
8945,29.7,2.1,28206
8946,23.3,7.2,28207
8947,32.1,3.6,28208
8948,25.1,2.4,28209
8949,29.7,2.9,28210
8950,27.6,2.7,28211
8951,36.1,2.3,28212
8952,40.3,4.1,28213
8953,26.9,4.6,28214
8954,32.7,2.1,28215
8955,33.0,3.3,28216
8956,30.1,2.4,28217
8957,-666666666.0,-222222222.0,28223
8958,32.1,3.8,28226
8959,29.6,3.3,28227
8960,-666666666.0,-222222222.0,28244
8961,29.1,1.5,28262
8962,32.6,2.1,28269
8963,32.1,5.4,28270
8964,29.3,2.8,28273
8965,-666666666.0,-222222222.0,28274
8966,24.9,2.0,28277
8967,28.6,2.6,28278
8968,-666666666.0,-222222222.0,28280
8969,-666666666.0,-222222222.0,28282
8970,33.5,3.2,28301
8971,30.3,1.5,28303
8972,32.1,2.2,28304
8973,27.0,4.6,28305
8974,32.9,3.8,28306
8975,37.2,3.7,28307
8976,-666666666.0,-222222222.0,28308
8977,-666666666.0,-222222222.0,28310
8978,30.5,2.6,28311
8979,31.5,8.3,28312
8980,29.3,1.4,28314
8981,26.9,3.1,28315
8982,51.0,-333333333.0,28318
8983,20.9,5.6,28320
8984,23.1,14.7,28323
8985,9.0,-333333333.0,28325
8986,31.6,4.2,28326
8987,25.8,2.9,28327
8988,27.9,3.3,28328
8989,-666666666.0,-222222222.0,28330
8990,-666666666.0,-222222222.0,28331
8991,30.4,29.0,28332
8992,27.2,6.3,28333
8993,25.5,2.7,28334
8994,30.7,6.9,28337
8995,26.0,4.2,28338
8996,31.9,10.4,28339
8997,28.5,3.9,28340
8998,26.1,12.4,28341
8999,-666666666.0,-222222222.0,28342
9000,32.8,1.7,28343
9001,36.5,13.5,28344
9002,29.4,4.1,28345
9003,51.0,-333333333.0,28347
9004,28.9,1.9,28348
9005,27.9,4.9,28349
9006,-666666666.0,-222222222.0,28350
9007,21.6,10.4,28351
9008,32.3,3.0,28352
9009,-666666666.0,-222222222.0,28355
9010,19.3,15.4,28356
9011,25.4,10.4,28357
9012,29.4,2.3,28358
9013,-666666666.0,-222222222.0,28359
9014,26.9,2.5,28360
9015,-666666666.0,-222222222.0,28362
9016,-666666666.0,-222222222.0,28363
9017,32.8,3.7,28364
9018,31.7,7.1,28365
9019,33.8,11.8,28366
9020,-666666666.0,-222222222.0,28367
9021,-666666666.0,-222222222.0,28368
9022,31.8,19.7,28369
9023,24.9,2.7,28371
9024,28.5,2.8,28372
9025,26.5,9.4,28373
9026,33.0,4.5,28374
9027,16.3,62.0,28375
9028,30.6,2.9,28376
9029,28.8,7.8,28377
9030,-666666666.0,-222222222.0,28378
9031,32.7,5.3,28379
9032,24.3,23.7,28382
9033,36.7,12.0,28383
9034,29.8,5.2,28384
9035,19.3,7.3,28385
9036,40.7,19.1,28386
9037,31.8,4.5,28387
9038,30.0,2.2,28390
9039,22.6,8.0,28391
9040,51.0,-333333333.0,28392
9041,35.1,40.9,28393
9042,28.3,12.4,28394
9043,18.5,3.0,28395
9044,27.9,5.3,28396
9045,26.0,2.9,28398
9046,24.9,37.7,28399
9047,33.4,2.9,28401
9048,37.6,4.6,28403
9049,33.6,4.9,28405
9050,27.0,5.2,28409
9051,30.3,2.6,28411
9052,31.8,4.4,28412
9053,26.8,7.3,28420
9054,36.4,21.0,28421
9055,47.9,19.1,28422
9056,16.7,8.4,28423
9057,23.8,10.9,28424
9058,30.7,7.3,28425
9059,25.1,13.1,28428
9060,25.6,4.3,28429
9061,23.4,12.6,28430
9062,22.1,3.2,28431
9063,37.7,57.2,28432
9064,37.5,12.4,28433
9065,51.0,-333333333.0,28434
9066,44.5,21.7,28435
9067,21.3,3.0,28436
9068,35.6,50.3,28438
9069,38.5,18.0,28439
9070,51.0,-333333333.0,28441
9071,51.0,-333333333.0,28442
9072,31.3,12.6,28443
9073,23.5,3.5,28444
9074,30.0,6.2,28445
9075,-666666666.0,-222222222.0,28447
9076,-666666666.0,-222222222.0,28448
9077,32.3,4.0,28449
9078,27.3,4.4,28450
9079,36.4,4.9,28451
9080,35.3,36.1,28452
9081,27.5,10.6,28453
9082,36.8,42.7,28454
9083,47.3,45.8,28455
9084,35.6,21.0,28456
9085,20.6,5.7,28457
9086,29.4,3.8,28458
9087,25.0,8.3,28460
9088,27.2,1.5,28461
9089,41.4,20.7,28462
9090,32.1,2.0,28463
9091,25.9,26.2,28464
9092,48.8,14.4,28465
9093,30.2,10.8,28466
9094,27.3,2.9,28467
9095,29.6,13.6,28468
9096,19.9,13.4,28469
9097,27.9,20.6,28470
9098,35.2,9.8,28472
9099,29.4,26.6,28478
9100,31.9,10.2,28479
9101,20.0,20.3,28480
9102,29.4,2.4,28501
9103,28.4,4.0,28504
9104,22.5,10.7,28508
9105,-666666666.0,-222222222.0,28509
9106,22.3,2.2,28510
9107,-666666666.0,-222222222.0,28511
9108,36.2,8.0,28512
9109,33.6,12.0,28513
9110,40.9,18.8,28515
9111,35.3,5.8,28516
9112,27.9,1.6,28518
9113,51.0,-333333333.0,28519
9114,-666666666.0,-222222222.0,28520
9115,-666666666.0,-222222222.0,28521
9116,34.7,12.7,28523
9117,-666666666.0,-222222222.0,28524
9118,34.8,5.2,28525
9119,39.6,33.1,28526
9120,22.6,3.3,28527
9121,-666666666.0,-222222222.0,28528
9122,19.2,16.8,28529
9123,26.7,5.6,28530
9124,26.7,3.2,28531
9125,29.5,3.9,28532
9126,-666666666.0,-222222222.0,28533
9127,-666666666.0,-222222222.0,28537
9128,23.1,1.6,28538
9129,42.5,13.1,28539
9130,28.4,2.9,28540
9131,14.0,10.1,28542
9132,33.9,6.5,28543
9133,28.1,4.9,28544
9134,32.7,2.3,28546
9135,28.4,4.1,28547
9136,29.7,5.1,28551
9137,-666666666.0,-222222222.0,28552
9138,-666666666.0,-222222222.0,28553
9139,-666666666.0,-222222222.0,28554
9140,23.4,4.7,28555
9141,-666666666.0,-222222222.0,28556
9142,35.8,5.1,28557
9143,29.5,4.1,28560
9144,27.9,2.3,28562
9145,36.3,3.1,28570
9146,37.9,16.2,28571
9147,23.3,19.3,28572
9148,24.4,11.7,28573
9149,31.0,4.1,28574
9150,-666666666.0,-222222222.0,28575
9151,22.9,43.6,28577
9152,9.0,-333333333.0,28578
9153,-666666666.0,-222222222.0,28579
9154,27.9,6.6,28580
9155,-666666666.0,-222222222.0,28581
9156,24.1,18.2,28582
9157,28.8,15.1,28584
9158,19.3,24.1,28585
9159,19.6,4.6,28586
9160,-666666666.0,-222222222.0,28587
9161,-666666666.0,-222222222.0,28589
9162,30.9,5.5,28590
9163,28.0,5.3,28594
9164,27.7,2.9,28601
9165,22.8,1.8,28602
9166,28.3,2.8,28604
9167,28.8,14.0,28605
9168,-666666666.0,-222222222.0,28606
9169,51.0,-333333333.0,28607
9170,26.4,4.1,28609
9171,19.4,9.4,28610
9172,-666666666.0,-222222222.0,28611
9173,23.1,1.7,28612
9174,29.1,3.2,28613
9175,29.7,4.8,28615
9176,-666666666.0,-222222222.0,28616
9177,13.6,8.3,28617
9178,26.5,36.5,28618
9179,45.0,32.1,28619
9180,29.7,6.8,28621
9181,27.1,18.6,28622
9182,27.8,49.4,28623
9183,16.7,3.5,28624
9184,28.0,3.8,28625
9185,14.0,41.5,28626
9186,22.6,0.9,28627
9187,-666666666.0,-222222222.0,28628
9188,-666666666.0,-222222222.0,28629
9189,26.3,4.1,28630
9190,-666666666.0,-222222222.0,28631
9191,18.7,1.2,28634
9192,51.0,-333333333.0,28635
9193,23.4,9.8,28636
9194,22.6,7.2,28637
9195,30.2,6.4,28638
9196,30.1,5.5,28640
9197,-666666666.0,-222222222.0,28641
9198,31.4,3.0,28642
9199,39.1,23.7,28643
9200,51.0,-333333333.0,28644
9201,24.7,2.4,28645
9202,-666666666.0,-222222222.0,28646
9203,19.1,9.2,28649
9204,25.9,2.6,28650
9205,27.2,15.6,28651
9206,-666666666.0,-222222222.0,28652
9207,-666666666.0,-222222222.0,28653
9208,15.0,7.9,28654
9209,26.2,2.2,28655
9210,28.0,7.6,28657
9211,23.9,3.6,28658
9212,26.7,4.5,28659
9213,15.0,14.0,28660
9214,-666666666.0,-222222222.0,28662
9215,18.9,12.4,28663
9216,-666666666.0,-222222222.0,28664
9217,19.6,39.8,28665
9218,-666666666.0,-222222222.0,28666
9219,48.6,31.6,28667
9220,-666666666.0,-222222222.0,28668
9221,30.8,11.1,28669
9222,29.0,7.8,28670
9223,22.2,12.1,28671
9224,-666666666.0,-222222222.0,28672
9225,25.0,14.1,28673
9226,28.5,2.6,28675
9227,25.9,11.9,28676
9228,29.1,3.9,28677
9229,19.7,16.2,28678
9230,18.1,17.3,28679
9231,24.8,4.5,28681
9232,25.8,19.8,28682
9233,18.0,1.5,28683
9234,31.9,32.2,28684
9235,35.8,24.1,28685
9236,17.7,8.0,28689
9237,25.4,6.0,28690
9238,27.2,13.1,28692
9239,25.6,18.0,28693
9240,25.1,3.3,28694
9241,33.4,8.4,28697
9242,43.9,29.7,28698
9243,35.9,32.4,28701
9244,51.0,-333333333.0,28702
9245,28.9,3.0,28704
9246,28.0,2.8,28705
9247,51.0,-333333333.0,28707
9248,-666666666.0,-222222222.0,28708
9249,16.7,5.8,28709
9250,-666666666.0,-222222222.0,28710
9251,37.9,17.9,28711
9252,29.3,3.9,28712
9253,26.2,8.3,28713
9254,26.1,6.4,28714
9255,27.5,2.0,28715
9256,31.5,5.8,28716
9257,30.4,2.9,28717
9258,-666666666.0,-222222222.0,28718
9259,24.1,8.1,28719
9260,14.2,55.0,28720
9261,37.8,19.4,28721
9262,33.3,11.8,28722
9263,29.5,4.2,28723
9264,27.5,16.8,28725
9265,25.8,4.0,28726
9266,30.0,20.0,28729
9267,36.4,39.0,28730
9268,24.2,6.6,28731
9269,25.7,9.6,28732
9270,-666666666.0,-222222222.0,28733
9271,23.5,2.6,28734
9272,-666666666.0,-222222222.0,28735
9273,42.4,42.2,28736
9274,30.3,5.7,28739
9275,51.0,-333333333.0,28740
9276,19.3,25.8,28741
9277,42.6,29.5,28742
9278,25.7,7.5,28743
9279,-666666666.0,-222222222.0,28745
9280,32.0,30.1,28746
9281,9.0,-333333333.0,28747
9282,30.5,8.8,28748
9283,-666666666.0,-222222222.0,28749
9284,19.3,4.8,28751
9285,24.8,2.8,28752
9286,24.0,6.6,28753
9287,27.0,3.6,28754
9288,-666666666.0,-222222222.0,28755
9289,32.9,5.6,28756
9290,-666666666.0,-222222222.0,28757
9291,-666666666.0,-222222222.0,28758
9292,19.4,3.5,28759
9293,31.7,4.2,28761
9294,23.6,5.3,28762
9295,30.4,13.4,28763
9296,33.9,40.9,28766
9297,36.5,27.8,28768
9298,-666666666.0,-222222222.0,28770
9299,23.9,7.2,28771
9300,20.4,4.1,28772
9301,26.4,5.4,28773
9302,29.5,64.7,28774
9303,-666666666.0,-222222222.0,28775
9304,21.0,6.5,28777
9305,32.8,2.3,28778
9306,23.5,3.5,28779
9307,11.9,2.3,28781
9308,27.8,8.7,28782
9309,20.5,42.1,28783
9310,27.6,9.6,28785
9311,31.1,5.8,28786
9312,30.9,6.5,28787
9313,26.3,9.0,28788
9314,25.2,5.2,28789
9315,19.2,61.4,28790
9316,26.1,4.2,28791
9317,31.4,3.1,28792
9318,30.4,1.8,28801
9319,34.1,3.3,28803
9320,31.6,2.5,28804
9321,30.0,5.0,28805
9322,33.9,3.4,28806
9323,28.2,4.8,28901
9324,-666666666.0,-222222222.0,28902
9325,21.4,20.6,28904
9326,33.7,28.9,28905
9327,23.6,5.3,28906
9328,-666666666.0,-222222222.0,28909
9329,31.2,10.0,29001
9330,30.2,19.0,29003
9331,29.3,12.4,29006
9332,45.0,22.3,29009
9333,30.2,5.4,29010
9334,-666666666.0,-222222222.0,29014
9335,51.0,-333333333.0,29015
9336,32.7,11.7,29016
9337,25.4,16.1,29018
9338,36.8,6.0,29020
9339,25.8,49.0,29030
9340,29.2,23.1,29031
9341,32.4,42.1,29032
9342,29.2,2.1,29033
9343,29.2,13.0,29036
9344,-666666666.0,-222222222.0,29037
9345,22.3,2.9,29038
9346,18.4,14.1,29039
9347,33.1,7.3,29040
9348,33.3,6.1,29042
9349,37.4,3.0,29044
9350,25.4,9.7,29045
9351,-666666666.0,-222222222.0,29046
9352,22.2,7.2,29047
9353,51.0,-333333333.0,29048
9354,10.0,13.5,29051
9355,-666666666.0,-222222222.0,29052
9356,31.4,2.8,29053
9357,22.1,21.3,29054
9358,40.5,34.6,29055
9359,23.6,3.3,29056
9360,21.0,14.2,29058
9361,42.7,9.9,29059
9362,22.0,3.3,29061
9363,-666666666.0,-222222222.0,29062
9364,30.0,15.0,29063
9365,-666666666.0,-222222222.0,29065
9366,26.9,3.9,29067
9367,29.3,12.3,29069
9368,26.1,9.8,29070
9369,25.9,2.6,29072
9370,30.9,4.2,29073
9371,-666666666.0,-222222222.0,29074
9372,51.0,-333333333.0,29075
9373,20.7,3.2,29078
9374,-666666666.0,-222222222.0,29079
9375,51.0,-333333333.0,29080
9376,39.6,31.9,29081
9377,32.5,1.3,29082
9378,22.3,4.0,29101
9379,34.4,4.0,29102
9380,18.7,29.0,29104
9381,22.8,7.0,29105
9382,25.4,8.7,29107
9383,25.3,4.5,29108
9384,34.6,53.8,29111
9385,40.7,8.3,29112
9386,22.4,2.8,29113
9387,20.3,15.0,29114
9388,41.5,7.7,29115
9389,-666666666.0,-222222222.0,29117
9390,27.6,2.7,29118
9391,-666666666.0,-222222222.0,29122
9392,30.2,16.6,29123
9393,24.4,18.0,29125
9394,22.0,12.8,29126
9395,30.9,4.8,29127
9396,32.1,46.5,29128
9397,22.0,24.5,29129
9398,19.4,32.9,29130
9399,27.1,14.0,29133
9400,51.0,-333333333.0,29135
9401,27.5,0.4,29137
9402,32.5,6.9,29138
9403,44.1,11.3,29142
9404,-666666666.0,-222222222.0,29145
9405,51.0,-333333333.0,29146
9406,23.1,1.6,29148
9407,31.4,1.5,29150
9408,26.1,11.4,29152
9409,27.7,7.3,29153
9410,27.4,4.3,29154
9411,19.8,5.4,29160
9412,31.1,4.2,29161
9413,35.4,10.1,29162
9414,16.6,6.3,29163
9415,51.0,-333333333.0,29164
9416,51.0,-333333333.0,29166
9417,34.3,14.1,29168
9418,29.9,2.6,29169
9419,26.0,5.2,29170
9420,29.1,3.8,29172
9421,-666666666.0,-222222222.0,29175
9422,-666666666.0,-222222222.0,29177
9423,39.2,14.7,29178
9424,33.7,3.7,29180
9425,48.2,8.9,29201
9426,32.5,1.9,29203
9427,34.9,4.5,29204
9428,32.0,2.2,29205
9429,30.5,6.9,29206
9430,-666666666.0,-222222222.0,29207
9431,-666666666.0,-222222222.0,29208
9432,31.6,3.7,29209
9433,34.5,3.0,29210
9434,28.7,4.0,29212
9435,35.4,3.1,29223
9436,-666666666.0,-222222222.0,29225
9437,42.8,4.6,29229
9438,32.1,2.7,29301
9439,30.6,4.9,29302
9440,29.5,2.5,29303
9441,34.3,4.3,29306
9442,31.9,3.2,29307
9443,29.8,5.4,29316
9444,42.4,38.8,29320
9445,23.4,9.2,29321
9446,29.8,10.3,29322
9447,22.8,5.2,29323
9448,-666666666.0,-222222222.0,29324
9449,30.1,6.3,29325
9450,42.7,36.0,29329
9451,41.0,17.8,29330
9452,-666666666.0,-222222222.0,29331
9453,17.8,13.0,29332
9454,27.4,31.5,29333
9455,24.6,5.4,29334
9456,51.0,-333333333.0,29335
9457,-666666666.0,-222222222.0,29338
9458,28.2,3.2,29340
9459,26.7,3.9,29341
9460,-666666666.0,-222222222.0,29346
9461,26.4,4.0,29349
9462,15.1,12.2,29351
9463,24.0,16.2,29353
9464,17.8,8.5,29355
9465,34.7,6.3,29356
9466,31.9,5.2,29360
9467,29.5,14.7,29364
9468,43.7,10.0,29365
9469,-666666666.0,-222222222.0,29368
9470,37.6,11.7,29369
9471,-666666666.0,-222222222.0,29370
9472,24.8,5.6,29372
9473,17.2,18.6,29373
9474,18.1,53.6,29374
9475,-666666666.0,-222222222.0,29375
9476,25.8,5.6,29376
9477,34.9,26.1,29377
9478,24.2,10.9,29378
9479,31.9,4.6,29379
9480,15.9,43.2,29384
9481,30.3,5.1,29385
9482,26.6,4.1,29388
9483,40.3,10.6,29401
9484,36.0,2.9,29403
9485,38.0,3.8,29404
9486,32.3,2.8,29405
9487,34.3,2.7,29406
9488,28.7,2.2,29407
9489,-666666666.0,-222222222.0,29409
9490,36.8,7.7,29410
9491,34.9,3.2,29412
9492,27.8,2.0,29414
9493,26.7,2.7,29418
9494,36.0,4.0,29420
9495,-666666666.0,-222222222.0,29424
9496,-666666666.0,-222222222.0,29425
9497,-666666666.0,-222222222.0,29426
9498,19.6,22.6,29429
9499,31.8,25.4,29431
9500,32.9,13.7,29432
9501,-666666666.0,-222222222.0,29434
9502,24.7,27.5,29435
9503,28.6,28.8,29436
9504,30.8,31.1,29437
9505,37.9,18.8,29438
9506,34.3,12.2,29439
9507,32.6,3.6,29440
9508,28.1,2.2,29445
9509,14.6,34.3,29446
9510,41.4,19.2,29448
9511,38.7,22.1,29449
9512,51.0,-333333333.0,29450
9513,20.4,9.0,29451
9514,-666666666.0,-222222222.0,29452
9515,-666666666.0,-222222222.0,29453
9516,33.3,7.9,29455
9517,29.3,4.1,29456
9518,47.0,27.9,29458
9519,32.5,5.4,29461
9520,31.8,4.3,29464
9521,43.5,5.9,29466
9522,-666666666.0,-222222222.0,29468
9523,-666666666.0,-222222222.0,29469
9524,36.4,8.0,29470
9525,51.0,-333333333.0,29471
9526,26.3,14.8,29472
9527,45.5,2.8,29474
9528,36.9,51.6,29475
9529,30.2,10.7,29477
9530,23.8,6.0,29479
9531,13.7,18.1,29481
9532,34.9,12.7,29482
9533,33.5,4.5,29483
9534,30.9,3.2,29485
9535,29.9,3.5,29486
9536,43.9,2.8,29487
9537,33.2,4.4,29488
9538,33.9,5.5,29492
9539,-666666666.0,-222222222.0,29493
9540,28.6,2.2,29501
9541,26.9,4.3,29505
9542,36.3,5.3,29506
9543,33.2,3.4,29510
9544,27.2,21.4,29511
9545,30.3,5.3,29512
9546,15.1,3.9,29516
9547,17.8,0.7,29518
9548,-666666666.0,-222222222.0,29519
9549,40.4,9.6,29520
9550,35.8,6.7,29525
9551,25.7,4.1,29526
9552,30.7,4.3,29527
9553,41.9,34.3,29530
9554,33.5,5.2,29532
9555,30.4,7.3,29536
9556,19.1,49.2,29540
9557,31.6,17.3,29541
9558,-666666666.0,-222222222.0,29543
9559,20.5,6.3,29544
9560,41.8,12.7,29545
9561,51.0,-333333333.0,29546
9562,14.0,3.0,29547
9563,37.6,5.9,29550
9564,44.1,25.5,29554
9565,46.0,14.7,29555
9566,29.3,6.1,29556
9567,32.4,13.7,29560
9568,22.0,3.5,29563
9569,32.7,10.5,29564
9570,28.6,11.4,29565
9571,31.4,7.5,29566
9572,43.6,18.5,29567
9573,37.9,2.2,29568
9574,31.0,5.4,29569
9575,33.1,10.4,29570
9576,24.3,7.5,29571
9577,29.0,5.3,29572
9578,32.5,4.2,29574
9579,26.0,4.9,29575
9580,35.4,3.4,29576
9581,37.2,3.3,29577
9582,28.9,2.2,29579
9583,-666666666.0,-222222222.0,29580
9584,13.5,3.5,29581
9585,33.8,4.0,29582
9586,47.4,24.2,29583
9587,45.6,30.8,29584
9588,28.8,3.4,29585
9589,30.0,3.2,29588
9590,-666666666.0,-222222222.0,29589
9591,51.0,-333333333.0,29590
9592,29.2,9.2,29591
9593,19.2,4.0,29592
9594,51.0,-333333333.0,29593
9595,-666666666.0,-222222222.0,29594
9596,51.0,-333333333.0,29596
9597,29.6,2.0,29601
9598,31.4,2.8,29605
9599,28.0,1.9,29607
9600,35.5,4.9,29609
9601,37.2,1.4,29611
9602,-666666666.0,-222222222.0,29613
9603,-666666666.0,-222222222.0,29614
9604,31.3,2.0,29615
9605,33.1,2.7,29617
9606,19.4,7.6,29620
9607,27.0,2.6,29621
9608,37.0,3.9,29624
9609,32.4,2.9,29625
9610,25.2,12.5,29626
9611,23.5,7.2,29627
9612,31.0,13.0,29628
9613,28.6,3.3,29630
9614,51.0,-333333333.0,29631
9615,-666666666.0,-222222222.0,29634
9616,-666666666.0,-222222222.0,29635
9617,17.7,17.8,29638
9618,24.4,17.2,29639
9619,32.1,3.6,29640
9620,38.9,11.5,29642
9621,-666666666.0,-222222222.0,29643
9622,30.0,5.2,29644
9623,21.8,9.1,29645
9624,32.9,4.0,29646
9625,28.9,1.5,29649
9626,25.7,2.9,29650
9627,24.8,4.0,29651
9628,37.9,35.4,29653
9629,27.1,6.9,29654
9630,26.5,16.6,29655
9631,31.7,3.6,29657
9632,-666666666.0,-222222222.0,29658
9633,40.8,31.2,29659
9634,23.6,4.3,29661
9635,23.9,6.2,29662
9636,24.4,80.8,29664
9637,-666666666.0,-222222222.0,29665
9638,25.1,11.1,29666
9639,-666666666.0,-222222222.0,29667
9640,20.2,8.5,29669
9641,28.3,3.4,29670
9642,31.2,4.7,29671
9643,23.4,4.4,29672
9644,31.5,2.2,29673
9645,33.2,20.9,29676
9646,31.0,2.4,29678
9647,29.5,3.5,29680
9648,26.3,4.6,29681
9649,18.4,9.5,29682
9650,-666666666.0,-222222222.0,29683
9651,24.6,3.8,29684
9652,-666666666.0,-222222222.0,29685
9653,-666666666.0,-222222222.0,29686
9654,27.5,3.1,29687
9655,51.0,-333333333.0,29689
9656,35.8,7.7,29690
9657,24.1,6.9,29691
9658,24.5,13.1,29692
9659,33.0,6.5,29693
9660,23.8,12.4,29696
9661,22.4,1.8,29697
9662,30.7,4.5,29702
9663,19.7,24.2,29704
9664,26.9,4.1,29706
9665,30.3,6.8,29707
9666,25.0,4.7,29708
9667,31.7,6.6,29709
9668,31.6,3.8,29710
9669,-666666666.0,-222222222.0,29712
9670,31.7,16.9,29714
9671,32.7,3.4,29715
9672,25.4,20.0,29717
9673,30.3,21.2,29718
9674,35.5,4.1,29720
9675,-666666666.0,-222222222.0,29724
9676,18.9,12.1,29726
9677,17.5,9.2,29727
9678,27.5,4.9,29728
9679,12.4,4.5,29729
9680,29.8,2.3,29730
9681,33.6,3.2,29732
9682,-666666666.0,-222222222.0,29733
9683,30.1,4.0,29741
9684,40.7,34.6,29742
9685,19.6,14.7,29743
9686,24.2,6.4,29745
9687,30.6,6.8,29801
9688,29.6,7.0,29803
9689,23.8,11.7,29805
9690,15.9,4.1,29809
9691,31.1,9.1,29810
9692,29.7,5.4,29812
9693,18.7,6.3,29816
9694,32.7,8.5,29817
9695,22.5,11.2,29819
9696,-666666666.0,-222222222.0,29821
9697,34.0,23.3,29824
9698,51.0,-333333333.0,29826
9699,23.5,2.4,29827
9700,27.5,41.5,29828
9701,31.7,10.3,29829
9702,22.6,1.3,29831
9703,29.7,7.8,29832
9704,38.0,21.8,29834
9705,31.1,8.4,29835
9706,-666666666.0,-222222222.0,29836
9707,-666666666.0,-222222222.0,29838
9708,-666666666.0,-222222222.0,29840
9709,27.6,4.0,29841
9710,18.2,1.5,29842
9711,35.8,12.4,29843
9712,19.4,34.2,29844
9713,20.0,45.3,29845
9714,51.0,-333333333.0,29847
9715,51.0,-333333333.0,29848
9716,32.8,4.4,29849
9717,31.8,4.7,29851
9718,27.5,1.9,29853
9719,24.7,28.5,29856
9720,21.9,2.4,29860
9721,-666666666.0,-222222222.0,29899
9722,34.0,3.8,29902
9723,-666666666.0,-222222222.0,29904
9724,-666666666.0,-222222222.0,29905
9725,31.4,7.3,29906
9726,33.8,9.9,29907
9727,30.9,5.3,29909
9728,33.1,5.4,29910
9729,37.4,18.2,29911
9730,-666666666.0,-222222222.0,29912
9731,-666666666.0,-222222222.0,29915
9732,-666666666.0,-222222222.0,29916
9733,32.7,13.5,29918
9734,26.7,17.2,29920
9735,9.0,-333333333.0,29921
9736,-666666666.0,-222222222.0,29922
9737,-666666666.0,-222222222.0,29923
9738,31.3,4.8,29924
9739,29.7,3.3,29926
9740,20.0,5.9,29927
9741,33.4,7.7,29928
9742,-666666666.0,-222222222.0,29929
9743,-666666666.0,-222222222.0,29932
9744,-666666666.0,-222222222.0,29934
9745,27.0,8.1,29935
9746,32.8,5.3,29936
9747,-666666666.0,-222222222.0,29939
9748,-666666666.0,-222222222.0,29940
9749,-666666666.0,-222222222.0,29941
9750,-666666666.0,-222222222.0,29943
9751,36.7,6.6,29944
9752,18.4,6.9,29945
9753,36.1,7.8,30002
9754,24.4,2.3,30004
9755,22.4,3.1,30005
9756,33.9,5.2,30008
9757,36.9,14.0,30009
9758,26.4,2.7,30011
9759,30.2,5.9,30012
9760,36.7,5.5,30013
9761,39.7,5.4,30014
9762,29.8,5.9,30016
9763,29.0,6.1,30017
9764,-666666666.0,-222222222.0,30018
9765,31.8,4.0,30019
9766,35.4,3.5,30021
9767,30.5,3.6,30022
9768,29.4,4.4,30024
9769,19.6,11.2,30025
9770,23.6,3.3,30028
9771,29.4,2.4,30030
9772,35.0,2.7,30032
9773,33.0,2.8,30033
9774,39.1,6.9,30034
9775,47.8,9.6,30035
9776,31.3,3.4,30038
9777,36.7,7.0,30039
9778,31.0,3.9,30040
9779,27.9,3.0,30041
9780,37.3,3.5,30043
9781,35.0,3.3,30044
9782,40.5,7.9,30045
9783,35.9,3.3,30046
9784,39.4,7.0,30047
9785,31.6,2.5,30052
9786,31.7,8.3,30054
9787,51.0,-333333333.0,30055
9788,19.1,10.2,30056
9789,48.8,8.1,30058
9790,31.0,4.7,30060
9791,27.8,3.0,30062
9792,34.9,3.8,30064
9793,29.1,3.5,30066
9794,33.0,2.2,30067
9795,31.3,4.9,30068
9796,-666666666.0,-222222222.0,30070
9797,39.0,2.9,30071
9798,28.5,21.3,30072
9799,30.4,5.7,30075
9800,32.1,2.2,30076
9801,32.7,6.4,30078
9802,51.0,-333333333.0,30079
9803,28.5,2.8,30080
9804,29.1,3.1,30082
9805,39.6,3.0,30083
9806,39.2,3.6,30084
9807,39.1,11.0,30087
9808,32.9,2.8,30088
9809,-666666666.0,-222222222.0,30090
9810,38.2,5.0,30092
9811,44.9,4.3,30093
9812,25.9,8.2,30094
9813,35.8,3.3,30096
9814,31.1,4.5,30097
9815,29.5,2.5,30101
9816,32.7,4.2,30102
9817,26.9,4.8,30103
9818,22.7,4.2,30104
9819,26.4,4.9,30105
9820,34.1,5.1,30106
9821,19.1,12.8,30107
9822,24.9,8.0,30108
9823,23.6,4.5,30110
9824,-666666666.0,-222222222.0,30111
9825,40.4,26.4,30113
9826,34.9,4.1,30114
9827,39.3,6.2,30115
9828,27.7,3.1,30116
9829,34.7,4.1,30117
9830,-666666666.0,-222222222.0,30118
9831,26.6,4.4,30120
9832,26.3,5.0,30121
9833,29.1,2.5,30122
9834,31.2,4.1,30124
9835,35.8,4.7,30125
9836,33.5,4.6,30126
9837,26.9,6.0,30127
9838,29.7,2.9,30132
9839,32.3,2.2,30134
9840,27.5,3.4,30135
9841,49.0,24.2,30137
9842,18.2,1.5,30139
9843,29.7,5.4,30141
9844,32.2,5.0,30143
9845,35.3,4.5,30144
9846,23.7,4.3,30145
9847,28.9,6.3,30147
9848,-666666666.0,-222222222.0,30148
9849,-666666666.0,-222222222.0,30149
9850,29.8,5.3,30152
9851,29.5,5.3,30153
9852,25.9,5.0,30157
9853,30.0,4.1,30161
9854,27.9,3.7,30165
9855,31.4,2.0,30168
9856,14.7,6.4,30170
9857,33.3,10.7,30171
9858,51.0,-333333333.0,30173
9859,26.9,19.7,30175
9860,27.5,3.4,30176
9861,-666666666.0,-222222222.0,30177
9862,44.0,2.5,30178
9863,34.1,24.7,30179
9864,27.3,4.2,30180
9865,28.7,20.9,30182
9866,37.5,21.3,30183
9867,18.9,6.7,30184
9868,24.2,8.2,30185
9869,17.9,10.7,30187
9870,33.5,2.2,30188
9871,29.9,3.9,30189
9872,24.6,3.8,30204
9873,27.9,3.9,30205
9874,18.8,32.8,30206
9875,27.9,2.6,30213
9876,34.5,7.4,30214
9877,36.1,2.6,30215
9878,47.4,32.8,30216
9879,28.4,12.5,30217
9880,51.0,-333333333.0,30218
9881,26.2,8.7,30220
9882,28.8,5.7,30222
9883,32.6,3.5,30223
9884,33.2,9.4,30224
9885,33.4,3.3,30228
9886,-666666666.0,-222222222.0,30229
9887,28.9,3.3,30230
9888,23.2,2.9,30233
9889,51.0,-333333333.0,30234
9890,32.8,4.1,30236
9891,42.2,9.7,30238
9892,32.5,3.4,30240
9893,35.0,3.8,30241
9894,31.0,4.3,30248
9895,-666666666.0,-222222222.0,30250
9896,26.8,17.3,30251
9897,36.0,3.9,30252
9898,36.0,2.5,30253
9899,22.0,2.3,30256
9900,30.1,13.5,30257
9901,51.0,-333333333.0,30258
9902,21.7,13.3,30259
9903,43.3,8.9,30260
9904,33.7,3.5,30263
9905,34.6,3.7,30265
9906,21.4,3.1,30268
9907,34.7,8.5,30269
9908,-666666666.0,-222222222.0,30272
9909,31.8,16.0,30273
9910,40.0,8.6,30274
9911,-666666666.0,-222222222.0,30275
9912,25.1,9.5,30276
9913,23.1,2.7,30277
9914,32.2,2.0,30281
9915,-666666666.0,-222222222.0,30284
9916,-666666666.0,-222222222.0,30285
9917,30.7,8.9,30286
9918,38.9,9.6,30288
9919,-666666666.0,-222222222.0,30289
9920,20.3,22.5,30290
9921,40.2,10.3,30291
9922,31.6,8.5,30292
9923,18.0,10.0,30293
9924,36.6,7.1,30294
9925,19.5,4.8,30295
9926,46.1,5.8,30296
9927,33.3,2.7,30297
9928,51.0,-333333333.0,30303
9929,26.3,1.9,30305
9930,26.3,2.3,30306
9931,29.3,3.6,30307
9932,29.8,3.4,30308
9933,28.2,2.1,30309
9934,34.8,4.0,30310
9935,35.1,5.2,30311
9936,28.3,1.6,30312
9937,33.5,4.1,30313
9938,34.8,3.2,30314
9939,37.7,7.7,30315
9940,31.2,3.4,30316
9941,31.4,2.9,30317
9942,30.2,2.2,30318
9943,26.8,2.0,30319
9944,-666666666.0,-222222222.0,30322
9945,33.9,5.1,30324
9946,34.5,9.4,30326
9947,30.1,7.3,30327
9948,27.2,2.5,30328
9949,34.9,2.8,30329
9950,38.2,5.3,30331
9951,-666666666.0,-222222222.0,30332
9952,-666666666.0,-222222222.0,30334
9953,28.8,37.1,30336
9954,32.7,5.0,30337
9955,28.4,3.2,30338
9956,24.6,1.5,30339
9957,37.2,5.8,30340
9958,31.8,2.7,30341
9959,27.2,2.5,30342
9960,33.6,3.5,30344
9961,33.7,5.1,30345
9962,29.5,8.9,30346
9963,36.3,3.0,30349
9964,29.7,2.1,30350
9965,30.7,4.4,30354
9966,36.9,8.7,30360
9967,32.0,9.2,30363
9968,22.5,4.7,30401
9969,23.3,1.2,30410
9970,41.2,24.1,30411
9971,-666666666.0,-222222222.0,30412
9972,51.0,-333333333.0,30413
9973,-666666666.0,-222222222.0,30414
9974,51.0,-333333333.0,30415
9975,26.9,4.9,30417
9976,31.9,44.6,30420
9977,12.7,1.4,30421
9978,-666666666.0,-222222222.0,30423
9979,51.0,-333333333.0,30425
9980,-666666666.0,-222222222.0,30426
9981,24.8,11.4,30427
9982,27.0,1.5,30428
9983,-666666666.0,-222222222.0,30429
9984,21.5,4.1,30434
9985,26.5,6.7,30436
9986,26.2,2.5,30439
9987,30.5,9.1,30441
9988,22.0,2.4,30442
9989,33.0,11.0,30445
9990,26.3,13.4,30446
9991,-666666666.0,-222222222.0,30448
9992,-666666666.0,-222222222.0,30449
9993,22.1,13.5,30450
9994,-666666666.0,-222222222.0,30451
9995,14.9,5.2,30452
9996,30.6,4.7,30453
9997,-666666666.0,-222222222.0,30454
9998,51.0,-333333333.0,30455
9999,22.5,3.9,30456
10000,25.4,5.8,30457
10001,29.2,1.4,30458
10002,-666666666.0,-222222222.0,30460
10003,25.0,4.5,30461
10004,40.6,60.7,30464
10005,24.2,2.6,30467
10006,11.5,4.4,30470
10007,21.9,4.7,30471
10008,15.8,27.7,30473
10009,25.0,6.3,30474
10010,14.5,11.5,30477
10011,32.9,3.3,30501
10012,31.6,4.1,30504
10013,33.2,3.8,30506
10014,32.0,3.7,30507
10015,27.6,8.9,30510
10016,23.6,49.4,30511
10017,24.1,2.6,30512
10018,27.9,5.6,30513
10019,15.0,36.9,30516
10020,25.3,3.3,30517
10021,34.9,3.8,30518
10022,33.1,5.2,30519
10023,20.0,5.7,30520
10024,17.6,10.5,30521
10025,-666666666.0,-222222222.0,30522
10026,21.9,5.6,30523
10027,24.2,9.4,30525
10028,26.1,11.4,30527
10029,27.1,3.8,30528
10030,27.3,7.0,30529
10031,17.2,4.5,30530
10032,37.2,4.4,30531
10033,35.4,9.2,30533
10034,30.5,4.0,30534
10035,26.5,5.8,30535
10036,17.0,11.1,30536
10037,51.0,-333333333.0,30537
10038,18.4,9.5,30538
10039,-666666666.0,-222222222.0,30539
10040,27.2,5.4,30540
10041,-666666666.0,-222222222.0,30541
10042,27.6,2.5,30542
10043,23.6,18.9,30543
10044,22.6,1.2,30545
10045,27.8,7.3,30546
10046,14.4,9.8,30547
10047,51.0,-333333333.0,30548
10048,25.4,4.6,30549
10049,22.7,1.5,30552
10050,25.9,6.0,30553
10051,20.2,7.4,30554
10052,27.0,3.4,30555
10053,15.0,8.8,30557
10054,27.5,21.5,30558
10055,36.0,27.4,30559
10056,23.1,9.3,30560
10057,29.4,11.3,30562
10058,12.8,5.6,30563
10059,13.7,7.1,30564
10060,25.1,9.3,30565
10061,33.5,4.2,30566
10062,51.0,-333333333.0,30567
10063,19.5,3.7,30568
10064,41.5,27.9,30571
10065,-666666666.0,-222222222.0,30572
10066,32.4,8.7,30573
10067,51.0,-333333333.0,30575
10068,31.8,47.7,30576
10069,28.0,3.2,30577
10070,-666666666.0,-222222222.0,30581
10071,51.0,-333333333.0,30582
10072,-666666666.0,-222222222.0,30597
10073,-666666666.0,-222222222.0,30598
10074,40.9,6.6,30601
10075,-666666666.0,-222222222.0,30602
10076,37.0,1.8,30605
10077,33.1,2.5,30606
10078,24.9,5.7,30607
10079,-666666666.0,-222222222.0,30609
10080,14.2,51.9,30619
10081,30.1,5.3,30620
10082,22.3,9.9,30621
10083,18.8,8.7,30622
10084,-666666666.0,-222222222.0,30623
10085,29.8,24.4,30624
10086,14.2,8.7,30625
10087,20.4,11.5,30627
10088,26.2,28.0,30628
10089,28.4,29.4,30629
10090,32.8,11.8,30630
10091,18.0,13.2,30631
10092,22.3,5.3,30633
10093,40.3,56.3,30634
10094,25.0,4.9,30635
10095,-666666666.0,-222222222.0,30639
10096,17.2,1.6,30641
10097,24.5,3.7,30642
10098,29.2,7.3,30643
10099,40.9,13.3,30646
10100,32.0,5.9,30648
10101,32.8,18.9,30650
10102,31.5,7.9,30655
10103,26.2,5.9,30656
10104,9.0,-333333333.0,30660
10105,25.3,8.2,30662
10106,17.4,6.2,30663
10107,-666666666.0,-222222222.0,30664
10108,-666666666.0,-222222222.0,30665
10109,23.6,13.1,30666
10110,-666666666.0,-222222222.0,30667
10111,16.3,11.8,30668
10112,14.8,5.9,30669
10113,25.4,17.8,30673
10114,23.8,2.8,30677
10115,23.5,2.5,30678
10116,26.7,2.5,30680
10117,30.0,22.8,30683
10118,28.6,2.4,30701
10119,25.7,3.7,30705
10120,28.7,2.6,30707
10121,-666666666.0,-222222222.0,30708
10122,22.9,4.0,30710
10123,22.6,6.8,30711
10124,27.7,3.1,30720
10125,26.6,4.5,30721
10126,-666666666.0,-222222222.0,30724
10127,36.8,27.4,30725
10128,-666666666.0,-222222222.0,30726
10129,27.0,2.5,30728
10130,17.2,6.8,30730
10131,26.1,9.6,30731
10132,20.8,21.9,30733
10133,21.6,2.2,30734
10134,24.0,5.9,30735
10135,29.4,6.4,30736
10136,28.6,13.9,30738
10137,42.9,34.2,30739
10138,25.8,13.6,30740
10139,28.8,3.8,30741
10140,24.7,5.4,30742
10141,25.4,44.1,30746
10142,33.6,5.2,30747
10143,15.7,6.7,30750
10144,-666666666.0,-222222222.0,30751
10145,23.7,2.3,30752
10146,27.5,2.8,30753
10147,24.5,6.8,30755
10148,-666666666.0,-222222222.0,30756
10149,18.1,3.3,30757
10150,27.5,19.1,30802
10151,51.0,-333333333.0,30803
10152,28.8,10.4,30805
10153,-666666666.0,-222222222.0,30807
10154,51.0,-333333333.0,30808
10155,31.5,4.6,30809
10156,18.4,1.5,30810
10157,-666666666.0,-222222222.0,30812
10158,28.3,4.4,30813
10159,41.2,16.5,30814
10160,31.6,2.9,30815
10161,51.0,-333333333.0,30816
10162,32.2,8.2,30817
10163,-666666666.0,-222222222.0,30818
10164,10.1,3.2,30820
10165,33.5,34.1,30821
10166,-666666666.0,-222222222.0,30822
10167,15.2,5.8,30823
10168,32.1,5.5,30824
10169,30.0,15.5,30828
10170,27.4,4.5,30830
10171,27.6,4.1,30833
10172,43.1,5.2,30901
10173,35.4,5.3,30904
10174,28.8,4.4,30905
10175,38.8,4.3,30906
10176,27.5,3.2,30907
10177,28.5,2.4,30909
10178,-666666666.0,-222222222.0,30912
10179,19.2,14.9,31001
10180,22.4,4.0,31002
10181,-666666666.0,-222222222.0,31003
10182,-666666666.0,-222222222.0,31004
10183,22.3,4.9,31005
10184,28.2,5.6,31006
10185,13.3,1.3,31007
10186,22.1,2.9,31008
10187,26.8,4.3,31009
10188,34.3,47.6,31011
10189,22.1,23.6,31012
10190,35.9,13.8,31014
10191,30.9,9.0,31015
10192,32.7,0.8,31016
10193,23.7,11.0,31017
10194,23.8,21.6,31018
10195,39.9,21.2,31019
10196,28.4,5.1,31020
10197,29.1,4.6,31021
10198,23.0,10.0,31022
10199,26.1,3.8,31023
10200,36.3,6.8,31024
10201,-666666666.0,-222222222.0,31025
10202,32.0,5.0,31027
10203,32.0,10.9,31028
10204,23.1,4.4,31029
10205,27.2,6.2,31030
10206,37.4,19.0,31031
10207,29.7,17.7,31032
10208,28.0,10.9,31033
10209,-666666666.0,-222222222.0,31034
10210,31.9,24.1,31035
10211,36.5,5.5,31036
10212,9.0,-333333333.0,31037
10213,-666666666.0,-222222222.0,31038
10214,-666666666.0,-222222222.0,31039
10215,32.1,1.6,31041
10216,26.9,3.3,31042
10217,34.6,21.7,31044
10218,-666666666.0,-222222222.0,31045
10219,-666666666.0,-222222222.0,31046
10220,19.7,4.1,31047
10221,19.2,19.2,31049
10222,29.0,63.2,31050
10223,24.2,66.0,31051
10224,19.2,5.4,31052
10225,29.6,47.5,31054
10226,41.1,18.0,31055
10227,28.1,2.9,31057
10228,37.2,1.0,31058
10229,24.4,33.1,31060
10230,32.0,2.2,31061
10231,-666666666.0,-222222222.0,31062
10232,24.5,11.9,31063
10233,26.4,7.6,31064
10234,51.0,-333333333.0,31065
10235,-666666666.0,-222222222.0,31066
10236,-666666666.0,-222222222.0,31067
10237,46.6,24.2,31068
10238,33.5,5.9,31069
10239,32.5,50.1,31070
10240,22.5,20.5,31071
10241,24.2,17.7,31072
10242,21.2,5.0,31075
10243,33.3,7.2,31076
10244,21.6,8.1,31077
10245,28.5,15.9,31078
10246,36.0,11.2,31079
10247,-666666666.0,-222222222.0,31081
10248,32.4,10.1,31082
10249,-666666666.0,-222222222.0,31083
10250,-666666666.0,-222222222.0,31084
10251,51.0,-333333333.0,31085
10252,51.0,-333333333.0,31087
10253,28.3,2.9,31088
10254,34.8,4.9,31089
10255,9.0,-333333333.0,31090
10256,26.8,7.2,31091
10257,18.3,2.6,31092
10258,36.7,4.9,31093
10259,-666666666.0,-222222222.0,31094
10260,42.4,9.6,31096
10261,26.8,10.2,31097
10262,23.3,2.4,31098
10263,37.7,6.8,31201
10264,36.6,4.2,31204
10265,35.9,3.9,31206
10266,-666666666.0,-222222222.0,31207
10267,35.3,3.5,31210
10268,37.6,6.6,31211
10269,-666666666.0,-222222222.0,31213
10270,31.5,6.9,31216
10271,28.5,3.6,31217
10272,24.6,8.1,31220
10273,25.5,4.4,31301
10274,24.5,8.0,31302
10275,28.7,12.1,31303
10276,41.3,5.5,31305
10277,-666666666.0,-222222222.0,31307
10278,35.8,26.6,31308
10279,47.5,32.8,31309
10280,23.8,5.6,31312
10281,29.6,2.3,31313
10282,-666666666.0,-222222222.0,31314
10283,31.7,4.0,31315
10284,29.6,4.1,31316
10285,-666666666.0,-222222222.0,31318
10286,24.0,5.4,31320
10287,22.1,8.8,31321
10288,31.1,2.5,31322
10289,39.4,14.3,31323
10290,32.5,4.9,31324
10291,25.0,3.7,31326
10292,-666666666.0,-222222222.0,31327
10293,29.7,60.3,31328
10294,23.0,1.5,31329
10295,37.8,19.7,31331
10296,51.0,-333333333.0,31333
10297,38.8,4.3,31401
10298,32.9,2.8,31404
10299,33.9,3.7,31405
10300,30.8,3.2,31406
10301,29.9,5.7,31407
10302,34.9,9.1,31408
10303,-666666666.0,-222222222.0,31409
10304,29.7,4.6,31410
10305,51.0,-333333333.0,31411
10306,33.4,8.7,31415
10307,31.7,3.4,31419
10308,-666666666.0,-222222222.0,31421
10309,34.3,3.5,31501
10310,22.3,4.4,31503
10311,25.5,6.4,31510
10312,26.0,29.3,31512
10313,28.6,3.9,31513
10314,30.3,6.2,31516
10315,-666666666.0,-222222222.0,31518
10316,25.6,9.8,31519
10317,33.3,8.2,31520
10318,30.6,6.3,31522
10319,22.7,1.5,31523
10320,-666666666.0,-222222222.0,31524
10321,26.5,4.1,31525
10322,-666666666.0,-222222222.0,31527
10323,51.0,-333333333.0,31532
10324,26.9,4.5,31533
10325,35.9,8.0,31535
10326,26.4,7.6,31537
10327,27.3,3.4,31539
10328,15.0,12.3,31542
10329,15.9,11.4,31543
10330,51.0,-333333333.0,31544
10331,29.2,5.6,31545
10332,19.5,12.8,31546
10333,-666666666.0,-222222222.0,31547
10334,32.6,5.2,31548
10335,14.1,9.4,31549
10336,-666666666.0,-222222222.0,31550
10337,10.1,4.5,31551
10338,-666666666.0,-222222222.0,31552
10339,22.9,5.5,31553
10340,21.3,3.1,31554
10341,16.2,7.6,31555
10342,-666666666.0,-222222222.0,31556
10343,28.2,4.7,31557
10344,27.9,7.2,31558
10345,25.9,16.1,31560
10346,-666666666.0,-222222222.0,31561
10347,-666666666.0,-222222222.0,31562
10348,51.0,-333333333.0,31563
10349,-666666666.0,-222222222.0,31564
10350,23.9,28.2,31565
10351,32.0,17.4,31566
10352,-666666666.0,-222222222.0,31567
10353,-666666666.0,-222222222.0,31568
10354,24.0,6.9,31569
10355,-666666666.0,-222222222.0,31599
10356,36.7,4.2,31601
10357,33.2,2.8,31602
10358,25.4,2.7,31605
10359,29.0,4.6,31606
10360,40.4,12.1,31620
10361,25.5,4.4,31622
10362,-666666666.0,-222222222.0,31623
10363,20.3,8.1,31624
10364,-666666666.0,-222222222.0,31625
10365,29.4,7.6,31626
10366,33.3,14.0,31627
10367,-666666666.0,-222222222.0,31629
10368,51.0,-333333333.0,31630
10369,-666666666.0,-222222222.0,31631
10370,30.5,5.2,31632
10371,23.9,8.7,31634
10372,31.2,4.6,31635
10373,33.7,10.4,31636
10374,20.4,4.9,31637
10375,42.5,42.0,31638
10376,31.3,4.5,31639
10377,35.6,35.7,31641
10378,33.3,4.9,31642
10379,41.3,7.4,31643
10380,20.5,11.8,31645
10381,24.2,10.4,31647
10382,32.0,21.0,31648
10383,33.6,16.3,31649
10384,22.8,1.6,31650
10385,-666666666.0,-222222222.0,31698
10386,-666666666.0,-222222222.0,31699
10387,32.8,3.9,31701
10388,-666666666.0,-222222222.0,31704
10389,35.8,5.6,31705
10390,28.3,3.1,31707
10391,28.8,3.3,31709
10392,12.5,2.4,31711
10393,35.8,18.7,31712
10394,23.4,4.0,31714
10395,19.0,9.8,31716
10396,31.9,3.7,31719
10397,20.0,43.9,31720
10398,26.0,3.0,31721
10399,21.4,9.4,31722
10400,-666666666.0,-222222222.0,31727
10401,32.6,6.5,31730
10402,51.0,-333333333.0,31733
10403,17.5,36.8,31735
10404,23.2,9.0,31738
10405,32.5,48.6,31743
10406,20.4,8.3,31744
10407,19.8,54.5,31747
10408,29.0,20.8,31749
10409,24.5,3.4,31750
10410,-666666666.0,-222222222.0,31753
10411,-666666666.0,-222222222.0,31756
10412,32.1,4.9,31757
10413,26.2,4.3,31763
10414,49.2,44.4,31764
10415,44.7,5.1,31765
10416,28.1,2.1,31768
10417,23.1,3.6,31771
10418,-666666666.0,-222222222.0,31772
10419,25.3,3.7,31773
10420,19.6,5.2,31774
10421,22.2,5.9,31775
10422,24.8,24.7,31778
10423,25.4,12.0,31779
10424,51.0,-333333333.0,31780
10425,51.0,-333333333.0,31781
10426,35.8,31.4,31783
10427,50.0,68.1,31784
10428,28.1,21.3,31787
10429,32.7,10.0,31788
10430,23.0,4.2,31789
10431,31.3,8.5,31790
10432,30.0,4.8,31791
10433,30.5,4.5,31792
10434,26.3,4.0,31793
10435,28.6,3.1,31794
10436,28.4,13.0,31795
10437,33.8,45.3,31796
10438,-666666666.0,-222222222.0,31798
10439,16.5,17.3,31801
10440,26.2,5.3,31803
10441,51.0,-333333333.0,31804
10442,31.9,5.8,31805
10443,32.2,7.8,31806
10444,-666666666.0,-222222222.0,31807
10445,16.4,14.5,31808
10446,-666666666.0,-222222222.0,31810
10447,45.5,15.7,31811
10448,31.5,27.4,31812
10449,-666666666.0,-222222222.0,31814
10450,22.9,11.6,31815
10451,31.2,2.8,31816
10452,31.5,15.4,31820
10453,-666666666.0,-222222222.0,31821
10454,23.2,6.4,31822
10455,51.0,-333333333.0,31823
10456,16.3,30.2,31824
10457,32.2,3.4,31825
10458,51.0,-333333333.0,31826
10459,51.0,-333333333.0,31827
10460,-666666666.0,-222222222.0,31829
10461,23.6,3.3,31830
10462,22.6,20.8,31831
10463,-666666666.0,-222222222.0,31832
10464,13.1,1.2,31833
10465,23.2,3.2,31836
10466,29.2,5.2,31901
10467,34.3,4.8,31903
10468,29.5,4.0,31904
10469,26.0,2.1,31905
10470,26.2,2.6,31906
10471,31.7,1.8,31907
10472,30.1,2.8,31909
10473,30.7,4.5,32003
10474,19.4,8.1,32008
10475,16.9,16.9,32009
10476,34.4,10.2,32011
10477,-666666666.0,-222222222.0,32013
10478,41.1,18.3,32024
10479,30.7,3.9,32025
10480,-666666666.0,-222222222.0,32026
10481,46.6,28.0,32033
10482,36.5,10.3,32034
10483,11.5,11.5,32038
10484,25.6,38.5,32040
10485,26.2,3.7,32043
10486,37.0,1.9,32044
10487,26.8,5.2,32046
10488,28.1,3.6,32052
10489,51.0,-333333333.0,32053
10490,31.4,7.9,32054
10491,26.5,5.1,32055
10492,35.4,34.9,32058
10493,14.8,88.8,32059
10494,15.6,4.2,32060
10495,-666666666.0,-222222222.0,32061
10496,-666666666.0,-222222222.0,32062
10497,24.8,12.5,32063
10498,29.6,13.5,32064
10499,33.8,5.1,32065
10500,19.5,17.6,32066
10501,27.4,3.4,32068
10502,11.2,2.9,32071
10503,-666666666.0,-222222222.0,32072
10504,31.9,2.8,32073
10505,49.0,10.1,32079
10506,29.5,2.9,32080
10507,36.8,21.3,32081
10508,38.2,4.2,32082
10509,26.7,15.1,32083
10510,35.5,4.8,32084
10511,33.4,3.0,32086
10512,-666666666.0,-222222222.0,32087
10513,31.2,3.2,32091
10514,40.6,6.0,32092
10515,42.6,40.6,32094
10516,36.8,14.3,32095
10517,45.9,17.4,32096
10518,27.8,4.5,32097
10519,18.3,5.0,32102
10520,36.2,4.5,32110
10521,30.3,7.8,32112
10522,19.4,7.4,32113
10523,36.2,2.7,32114
10524,33.8,3.2,32117
10525,33.7,2.9,32118
10526,32.6,3.5,32119
10527,26.6,20.7,32124
10528,36.9,4.3,32127
10529,35.4,16.7,32128
10530,30.6,2.8,32129
10531,18.7,3.5,32130
10532,34.5,6.5,32131
10533,39.8,15.6,32132
10534,-666666666.0,-222222222.0,32133
10535,25.5,5.8,32134
10536,43.7,12.4,32136
10537,37.6,5.9,32137
10538,-666666666.0,-222222222.0,32139
10539,21.3,6.3,32140
10540,42.2,10.5,32141
10541,48.5,18.2,32145
10542,-666666666.0,-222222222.0,32147
10543,40.9,17.2,32148
10544,-666666666.0,-222222222.0,32157
10545,39.4,7.5,32159
10546,51.0,-333333333.0,32162
10547,51.0,-333333333.0,32163
10548,36.0,6.7,32164
10549,36.2,5.9,32168
10550,30.2,5.1,32169
10551,34.0,3.9,32174
10552,41.1,7.8,32176
10553,33.7,3.4,32177
10554,47.1,17.6,32179
10555,41.6,11.6,32180
10556,27.9,37.2,32181
10557,-666666666.0,-222222222.0,32182
10558,-666666666.0,-222222222.0,32187
10559,23.1,7.5,32189
10560,-666666666.0,-222222222.0,32190
10561,-666666666.0,-222222222.0,32192
10562,30.0,38.2,32193
10563,32.5,9.4,32195
10564,30.8,3.6,32202
10565,-666666666.0,-222222222.0,32203
10566,29.8,2.9,32204
10567,30.5,2.5,32205
10568,32.9,3.3,32206
10569,29.2,2.1,32207
10570,36.4,3.5,32208
10571,38.6,4.3,32209
10572,35.3,2.6,32210
10573,39.9,4.8,32211
10574,46.9,21.5,32212
10575,-666666666.0,-222222222.0,32214
10576,36.0,5.4,32216
10577,30.9,3.3,32217
10578,33.5,3.2,32218
10579,22.5,5.8,32219
10580,26.4,22.8,32220
10581,30.8,5.6,32221
10582,31.4,5.2,32222
10583,28.3,3.4,32223
10584,37.3,3.1,32224
10585,32.1,3.4,32225
10586,44.3,12.9,32226
10587,29.5,3.1,32227
10588,-666666666.0,-222222222.0,32228
10589,34.9,3.9,32233
10590,28.6,6.0,32234
10591,32.7,2.6,32244
10592,29.9,2.4,32246
10593,28.3,3.5,32250
10594,36.3,6.2,32254
10595,30.6,1.4,32256
10596,35.3,4.3,32257
10597,28.1,9.0,32258
10598,32.2,3.0,32259
10599,29.5,11.0,32266
10600,40.5,10.4,32277
10601,33.5,2.4,32301
10602,33.5,3.1,32303
10603,44.9,4.0,32304
10604,31.5,2.6,32305
10605,-666666666.0,-222222222.0,32306
10606,-666666666.0,-222222222.0,32307
10607,29.8,2.8,32308
10608,30.0,5.4,32309
10609,46.9,9.3,32310
10610,31.6,3.0,32311
10611,33.7,3.4,32312
10612,-666666666.0,-222222222.0,32313
10613,22.9,2.2,32317
10614,40.5,19.2,32320
10615,24.3,10.1,32321
10616,27.1,2.8,32322
10617,-666666666.0,-222222222.0,32323
10618,23.3,13.0,32324
10619,29.7,8.6,32327
10620,43.3,44.2,32328
10621,28.1,39.6,32330
10622,41.4,33.2,32331
10623,36.5,10.7,32332
10624,37.8,18.0,32333
10625,19.3,45.7,32334
10626,32.5,1.7,32336
10627,-666666666.0,-222222222.0,32337
10628,40.1,15.3,32340
10629,38.4,21.1,32343
10630,24.7,6.2,32344
10631,44.9,10.3,32346
10632,33.4,5.1,32347
10633,24.8,13.7,32348
10634,-666666666.0,-222222222.0,32350
10635,32.2,7.3,32351
10636,24.4,4.7,32352
10637,-666666666.0,-222222222.0,32355
10638,-666666666.0,-222222222.0,32356
10639,23.7,22.6,32358
10640,32.1,15.3,32359
10641,-666666666.0,-222222222.0,32360
10642,9.0,-333333333.0,32361
10643,-666666666.0,-222222222.0,32399
10644,37.4,2.9,32401
10645,24.5,14.5,32403
10646,32.6,3.1,32404
10647,32.5,1.7,32405
10648,33.8,5.8,32407
10649,32.4,5.1,32408
10650,38.4,8.0,32409
10651,32.8,3.4,32410
10652,33.9,3.0,32413
10653,35.7,14.3,32420
10654,35.5,22.5,32421
10655,-666666666.0,-222222222.0,32423
10656,33.5,7.4,32424
10657,29.1,5.2,32425
10658,51.0,-333333333.0,32426
10659,9.0,-333333333.0,32427
10660,32.1,2.3,32428
10661,-666666666.0,-222222222.0,32430
10662,39.4,8.7,32431
10663,-666666666.0,-222222222.0,32432
10664,31.8,2.7,32433
10665,39.9,18.6,32435
10666,28.3,14.4,32437
10667,28.0,11.3,32438
10668,25.9,5.9,32439
10669,26.8,4.9,32440
10670,37.6,2.9,32442
10671,24.2,15.3,32443
10672,33.2,2.1,32444
10673,24.8,26.3,32445
10674,29.1,6.6,32446
10675,31.1,8.9,32448
10676,-666666666.0,-222222222.0,32449
10677,36.2,16.7,32455
10678,43.8,7.4,32456
10679,35.2,7.9,32459
10680,30.7,6.0,32460
10681,28.3,4.1,32461
10682,33.6,17.1,32462
10683,-666666666.0,-222222222.0,32463
10684,21.6,17.7,32464
10685,22.7,4.9,32465
10686,38.8,20.7,32466
10687,36.5,10.1,32501
10688,31.4,6.8,32502
10689,31.3,5.3,32503
10690,31.0,3.2,32504
10691,36.3,3.7,32505
10692,32.1,4.2,32506
10693,34.5,3.5,32507
10694,29.7,6.1,32508
10695,-666666666.0,-222222222.0,32509
10696,-666666666.0,-222222222.0,32511
10697,-666666666.0,-222222222.0,32512
10698,32.7,3.5,32514
10699,37.5,5.1,32526
10700,-666666666.0,-222222222.0,32530
10701,23.9,16.5,32531
10702,31.5,3.3,32533
10703,32.3,5.7,32534
10704,28.8,5.4,32535
10705,31.3,3.0,32536
10706,32.7,2.2,32539
10707,32.1,5.0,32541
10708,29.1,3.8,32542
10709,45.6,5.0,32544
10710,32.7,1.4,32547
10711,32.3,2.8,32548
10712,34.3,12.2,32550
10713,44.7,3.2,32561
10714,28.3,3.5,32563
10715,34.6,56.2,32564
10716,18.8,3.6,32565
10717,26.2,3.6,32566
10718,9.0,-333333333.0,32567
10719,38.1,18.2,32568
10720,29.5,2.0,32569
10721,26.0,1.7,32570
10722,29.3,2.4,32571
10723,40.5,23.6,32577
10724,28.9,2.2,32578
10725,32.9,2.4,32579
10726,28.4,6.0,32580
10727,24.1,2.9,32583
10728,48.1,7.2,32601
10729,51.0,-333333333.0,32603
10730,29.8,4.2,32605
10731,30.6,3.5,32606
10732,44.4,2.4,32607
10733,37.2,2.5,32608
10734,34.3,8.7,32609
10735,-666666666.0,-222222222.0,32610
10736,-666666666.0,-222222222.0,32612
10737,28.0,1.6,32615
10738,-666666666.0,-222222222.0,32616
10739,13.8,20.2,32617
10740,51.0,-333333333.0,32618
10741,15.8,5.8,32619
10742,17.2,4.4,32621
10743,18.6,7.6,32622
10744,51.0,-333333333.0,32625
10745,27.5,12.0,32626
10746,27.8,17.0,32628
10747,-666666666.0,-222222222.0,32631
10748,-666666666.0,-222222222.0,32634
10749,-666666666.0,-222222222.0,32639
10750,19.4,20.1,32640
10751,37.7,6.4,32641
10752,42.4,19.2,32643
10753,-666666666.0,-222222222.0,32648
10754,28.6,7.3,32653
10755,25.3,5.1,32656
10756,-666666666.0,-222222222.0,32658
10757,10.8,20.2,32664
10758,31.4,6.6,32666
10759,21.9,9.5,32667
10760,14.0,10.4,32668
10761,23.3,16.5,32669
10762,31.5,26.3,32680
10763,-666666666.0,-222222222.0,32681
10764,-666666666.0,-222222222.0,32683
10765,51.0,-333333333.0,32686
10766,-666666666.0,-222222222.0,32692
10767,31.0,6.3,32693
10768,32.5,40.2,32694
10769,47.6,18.8,32696
10770,39.0,45.1,32697
10771,36.5,6.2,32701
10772,51.0,-333333333.0,32702
10773,36.3,4.0,32703
10774,33.5,2.6,32707
10775,30.6,2.1,32708
10776,-666666666.0,-222222222.0,32709
10777,34.1,14.2,32712
10778,33.7,5.3,32713
10779,34.5,3.2,32714
10780,39.0,4.4,32720
10781,-666666666.0,-222222222.0,32723
10782,33.3,5.2,32724
10783,33.6,5.5,32725
10784,30.6,2.8,32726
10785,43.4,8.4,32730
10786,-666666666.0,-222222222.0,32732
10787,51.0,-333333333.0,32735
10788,19.1,8.1,32736
10789,30.3,3.3,32738
10790,20.9,6.7,32744
10791,30.5,3.7,32746
10792,39.6,9.1,32750
10793,33.0,2.8,32751
10794,35.3,12.7,32754
10795,38.5,3.5,32757
10796,28.9,3.5,32759
10797,39.8,10.3,32763
10798,35.5,18.5,32764
10799,35.8,2.8,32765
10800,29.8,10.8,32766
10801,51.0,-333333333.0,32767
10802,-666666666.0,-222222222.0,32768
10803,37.7,2.9,32771
10804,34.2,3.7,32773
10805,-666666666.0,-222222222.0,32775
10806,35.6,25.4,32776
10807,32.0,3.0,32778
10808,36.1,5.9,32779
10809,32.9,2.8,32780
10810,30.3,6.8,32784
10811,31.7,5.4,32789
10812,37.2,3.1,32792
10813,42.3,14.1,32796
10814,33.9,54.7,32798
10815,30.3,1.8,32801
10816,26.6,1.8,32803
10817,25.9,4.5,32804
10818,39.4,5.2,32805
10819,34.0,3.4,32806
10820,34.4,2.1,32807
10821,42.5,2.9,32808
10822,36.4,3.9,32809
10823,34.3,4.4,32810
10824,33.9,3.2,32811
10825,36.5,4.5,32812
10826,25.0,3.9,32814
10827,-666666666.0,-222222222.0,32816
10828,41.0,4.7,32817
10829,34.6,3.3,32818
10830,31.0,4.2,32819
10831,26.1,5.8,32820
10832,35.0,3.2,32821
10833,39.8,2.9,32822
10834,33.7,4.6,32824
10835,34.9,3.8,32825
10836,33.3,7.0,32826
10837,30.2,8.3,32827
10838,31.5,3.5,32828
10839,32.8,8.7,32829
10840,-666666666.0,-222222222.0,32830
10841,-666666666.0,-222222222.0,32831
10842,36.4,6.0,32832
10843,33.5,7.2,32833
10844,34.2,3.3,32835
10845,32.8,2.6,32836
10846,33.0,2.7,32837
10847,40.3,3.4,32839
10848,-666666666.0,-222222222.0,32899
10849,35.8,4.8,32901
10850,42.8,6.6,32903
10851,28.8,3.9,32904
10852,45.3,4.4,32905
10853,31.7,8.8,32907
10854,12.0,4.3,32908
10855,32.7,8.0,32909
10856,27.1,4.4,32920
10857,38.0,6.1,32922
10858,40.2,9.9,32925
10859,39.3,10.9,32926
10860,28.2,4.4,32927
10861,31.8,3.2,32931
10862,28.7,2.9,32934
10863,33.6,4.2,32935
10864,32.5,2.9,32937
10865,28.1,1.9,32940
10866,37.2,37.9,32948
10867,-666666666.0,-222222222.0,32949
10868,-666666666.0,-222222222.0,32950
10869,32.8,3.7,32951
10870,32.9,5.5,32952
10871,34.0,6.6,32953
10872,32.1,3.9,32955
10873,39.2,8.6,32958
10874,-666666666.0,-222222222.0,32959
10875,32.3,3.2,32960
10876,26.4,3.1,32962
10877,39.1,15.0,32963
10878,39.5,5.4,32966
10879,39.2,5.9,32967
10880,29.6,6.3,32968
10881,-666666666.0,-222222222.0,32970
10882,47.9,16.1,32976
10883,43.8,23.2,33001
10884,44.6,9.5,33004
10885,38.8,4.2,33009
10886,37.2,2.8,33010
10887,35.2,2.3,33012
10888,39.1,6.1,33013
10889,33.4,2.8,33014
10890,39.3,4.0,33015
10891,38.4,4.3,33016
10892,39.2,4.6,33018
10893,40.2,10.6,33019
10894,38.0,1.5,33020
10895,42.0,4.4,33021
10896,-666666666.0,-222222222.0,33022
10897,40.7,4.9,33023
10898,36.9,4.0,33024
10899,37.7,2.7,33025
10900,36.4,3.6,33026
10901,43.7,2.6,33027
10902,40.0,9.7,33028
10903,28.0,7.2,33029
10904,49.3,7.4,33030
10905,14.9,32.1,33031
10906,44.7,4.7,33032
10907,39.8,4.2,33033
10908,37.1,5.7,33034
10909,35.5,5.5,33035
10910,27.1,11.0,33036
10911,32.8,7.3,33037
10912,-666666666.0,-222222222.0,33039
10913,37.9,2.3,33040
10914,34.8,6.4,33042
10915,44.0,33.8,33043
10916,33.1,3.3,33050
10917,37.3,21.9,33051
10918,42.1,4.3,33054
10919,40.4,8.2,33055
10920,37.1,3.4,33056
10921,46.4,5.5,33060
10922,34.0,4.7,33062
10923,40.2,5.1,33063
10924,38.6,4.0,33064
10925,37.1,3.0,33065
10926,36.7,10.4,33066
10927,40.4,6.4,33067
10928,46.1,6.6,33068
10929,33.2,3.8,33069
10930,48.8,13.6,33070
10931,33.6,3.7,33071
10932,31.5,2.8,33073
10933,36.4,11.8,33076
10934,-666666666.0,-222222222.0,33101
10935,-666666666.0,-222222222.0,33109
10936,36.2,13.3,33122
10937,35.8,2.2,33125
10938,38.8,2.7,33126
10939,40.4,4.3,33127
10940,35.8,2.7,33128
10941,34.8,4.7,33129
10942,37.5,3.3,33130
10943,29.2,3.5,33131
10944,33.5,4.0,33132
10945,35.6,3.2,33133
10946,34.6,2.7,33134
10947,42.1,4.4,33135
10948,36.9,4.5,33136
10949,35.0,3.5,33137
10950,36.8,3.3,33138
10951,35.8,3.1,33139
10952,34.3,6.3,33140
10953,36.5,4.1,33141
10954,40.6,4.0,33142
10955,34.6,2.1,33143
10956,43.8,5.5,33144
10957,38.2,5.9,33145
10958,33.6,4.7,33146
10959,39.7,5.2,33147
10960,38.2,10.5,33149
10961,34.9,3.7,33150
10962,43.0,6.0,33154
10963,38.9,3.6,33155
10964,36.1,5.1,33156
10965,36.1,3.3,33157
10966,42.7,14.8,33158
10967,42.7,5.0,33160
10968,40.5,2.8,33161
10969,41.5,4.6,33162
10970,39.6,4.9,33165
10971,41.9,5.3,33166
10972,34.9,5.0,33167
10973,38.0,13.5,33168
10974,39.2,5.6,33169
10975,31.0,4.0,33170
10976,36.6,2.2,33172
10977,38.1,8.0,33173
10978,35.8,3.9,33174
10979,40.3,6.2,33175
10980,34.2,2.9,33176
10981,36.7,3.1,33177
10982,43.0,2.3,33178
10983,41.5,5.2,33179
10984,40.0,4.6,33180
10985,43.8,4.4,33181
10986,51.0,-333333333.0,33182
10987,44.7,3.8,33183
10988,51.0,-333333333.0,33184
10989,34.3,9.3,33185
10990,39.7,3.1,33186
10991,44.3,23.4,33187
10992,44.6,7.8,33189
10993,41.4,6.7,33190
10994,39.4,5.6,33193
10995,30.5,17.3,33194
10996,43.9,3.7,33196
10997,27.3,2.0,33301
10998,35.0,3.9,33304
10999,34.0,7.7,33305
11000,37.3,21.4,33306
11001,34.9,3.1,33308
11002,35.6,3.4,33309
11003,43.5,3.2,33311
11004,37.1,4.4,33312
11005,48.9,4.7,33313
11006,39.3,3.7,33314
11007,33.7,6.0,33315
11008,32.6,6.6,33316
11009,39.7,8.9,33317
11010,42.3,6.3,33319
11011,41.2,3.4,33321
11012,35.9,3.9,33322
11013,30.4,3.9,33323
11014,36.3,2.8,33324
11015,43.2,11.7,33325
11016,33.4,2.3,33326
11017,40.9,13.1,33327
11018,38.5,8.0,33328
11019,51.0,-333333333.0,33330
11020,41.6,8.2,33331
11021,36.6,14.3,33332
11022,38.4,3.2,33334
11023,37.9,1.8,33351
11024,-666666666.0,-222222222.0,33388
11025,34.7,2.9,33401
11026,34.6,8.1,33403
11027,40.5,7.2,33404
11028,29.8,5.2,33405
11029,33.4,3.0,33406
11030,38.7,4.5,33407
11031,35.9,6.5,33408
11032,32.8,4.0,33409
11033,36.5,4.4,33410
11034,35.5,5.4,33411
11035,23.9,15.8,33412
11036,31.6,7.1,33413
11037,35.2,3.8,33414
11038,36.0,5.2,33415
11039,41.1,4.4,33417
11040,35.1,7.2,33418
11041,39.2,4.8,33426
11042,43.0,4.2,33428
11043,29.9,3.5,33430
11044,44.3,3.8,33431
11045,36.4,6.0,33432
11046,47.8,9.8,33433
11047,38.1,8.2,33434
11048,36.1,4.6,33435
11049,38.1,4.6,33436
11050,36.2,6.2,33437
11051,14.4,59.6,33438
11052,38.8,8.3,33440
11053,37.6,7.9,33441
11054,51.0,-333333333.0,33442
11055,32.9,4.1,33444
11056,37.8,4.0,33445
11057,39.8,5.1,33446
11058,34.5,51.6,33449
11059,33.2,5.6,33455
11060,35.2,3.5,33458
11061,37.0,3.3,33460
11062,37.4,2.7,33461
11063,45.0,5.1,33462
11064,37.3,1.9,33463
11065,34.3,4.0,33467
11066,39.4,21.8,33469
11067,23.2,2.9,33470
11068,24.4,15.0,33471
11069,39.2,14.1,33472
11070,-666666666.0,-222222222.0,33473
11071,51.0,-333333333.0,33476
11072,47.3,21.0,33477
11073,30.2,29.4,33478
11074,24.0,9.0,33480
11075,33.7,6.2,33483
11076,38.6,7.0,33484
11077,37.1,4.3,33486
11078,36.7,7.2,33487
11079,51.0,-333333333.0,33493
11080,37.4,5.8,33496
11081,36.3,20.9,33498
11082,-666666666.0,-222222222.0,33503
11083,34.5,4.5,33510
11084,34.4,2.7,33511
11085,29.6,15.1,33513
11086,30.4,12.8,33514
11087,51.0,-333333333.0,33521
11088,19.7,3.0,33523
11089,31.7,9.7,33525
11090,34.1,16.9,33527
11091,-666666666.0,-222222222.0,33530
11092,37.9,2.5,33534
11093,34.9,3.9,33538
11094,43.8,24.5,33540
11095,38.1,17.8,33541
11096,30.0,2.9,33542
11097,30.0,4.4,33543
11098,30.8,4.0,33544
11099,29.1,2.1,33545
11100,28.6,6.9,33547
11101,27.9,9.2,33548
11102,36.0,3.7,33549
11103,-666666666.0,-222222222.0,33550
11104,29.4,5.0,33556
11105,28.3,3.5,33558
11106,33.7,4.8,33559
11107,30.8,5.1,33563
11108,35.7,7.8,33565
11109,30.8,3.2,33566
11110,32.9,13.0,33567
11111,36.5,11.1,33569
11112,32.6,4.1,33570
11113,32.0,3.7,33572
11114,51.0,-333333333.0,33573
11115,-666666666.0,-222222222.0,33574
11116,25.2,22.4,33576
11117,35.4,3.9,33578
11118,26.5,4.1,33579
11119,32.1,4.6,33584
11120,-666666666.0,-222222222.0,33585
11121,30.4,2.7,33592
11122,33.6,4.7,33594
11123,32.1,7.1,33596
11124,27.1,7.9,33597
11125,28.5,2.9,33598
11126,29.0,1.4,33602
11127,30.8,2.6,33603
11128,41.7,3.9,33604
11129,35.3,4.1,33605
11130,29.3,2.4,33606
11131,32.8,3.0,33607
11132,29.8,2.5,33609
11133,34.4,2.6,33610
11134,31.3,2.4,33611
11135,39.7,3.3,33612
11136,42.4,4.5,33613
11137,37.2,2.3,33614
11138,31.0,2.8,33615
11139,30.3,3.2,33616
11140,36.7,4.0,33617
11141,32.5,4.0,33618
11142,32.4,2.7,33619
11143,-666666666.0,-222222222.0,33620
11144,31.3,4.5,33621
11145,38.6,4.5,33624
11146,35.1,6.9,33625
11147,28.6,2.4,33626
11148,28.4,1.9,33629
11149,38.9,7.2,33634
11150,28.8,2.7,33635
11151,30.0,5.2,33637
11152,33.2,2.7,33647
11153,38.1,3.8,33701
11154,32.7,2.1,33702
11155,36.1,4.9,33703
11156,35.3,7.8,33704
11157,31.1,2.8,33705
11158,30.6,4.6,33706
11159,44.4,4.4,33707
11160,39.5,14.3,33708
11161,32.6,6.0,33709
11162,32.3,2.5,33710
11163,43.3,11.9,33711
11164,41.9,7.0,33712
11165,31.1,2.8,33713
11166,33.4,5.1,33714
11167,36.7,3.5,33715
11168,30.0,2.2,33716
11169,-666666666.0,-222222222.0,33744
11170,40.3,4.8,33755
11171,40.3,5.0,33756
11172,38.3,5.8,33759
11173,37.9,6.2,33760
11174,32.6,7.4,33761
11175,27.0,10.4,33762
11176,34.2,6.7,33763
11177,37.6,5.1,33764
11178,32.5,3.1,33765
11179,46.5,22.6,33767
11180,36.9,4.8,33770
11181,32.2,3.5,33771
11182,36.5,4.7,33772
11183,30.5,4.2,33773
11184,32.7,3.3,33774
11185,35.1,10.3,33776
11186,42.2,7.1,33777
11187,32.8,5.3,33778
11188,34.4,5.0,33781
11189,35.3,3.3,33782
11190,30.6,16.1,33785
11191,17.5,3.7,33786
11192,29.6,2.4,33801
11193,28.7,2.4,33803
11194,30.0,3.1,33805
11195,32.6,5.2,33809
11196,29.5,2.5,33810
11197,28.4,2.0,33811
11198,25.8,6.0,33812
11199,30.2,4.4,33813
11200,34.4,7.8,33815
11201,32.7,5.8,33823
11202,33.6,2.6,33825
11203,34.8,18.8,33827
11204,25.9,2.8,33830
11205,21.7,9.7,33834
11206,-666666666.0,-222222222.0,33835
11207,27.9,5.1,33837
11208,51.0,-333333333.0,33838
11209,31.2,3.8,33839
11210,-666666666.0,-222222222.0,33840
11211,34.3,10.1,33841
11212,31.1,10.1,33843
11213,32.0,2.3,33844
11214,17.3,5.8,33847
11215,-666666666.0,-222222222.0,33848
11216,-666666666.0,-222222222.0,33849
11217,46.1,9.0,33850
11218,51.0,-333333333.0,33851
11219,28.8,5.8,33852
11220,39.6,8.7,33853
11221,34.6,18.1,33854
11222,-666666666.0,-222222222.0,33855
11223,22.6,8.0,33856
11224,-666666666.0,-222222222.0,33857
11225,-666666666.0,-222222222.0,33858
11226,32.2,5.3,33859
11227,29.9,6.0,33860
11228,-666666666.0,-222222222.0,33865
11229,-666666666.0,-222222222.0,33867
11230,29.0,7.8,33868
11231,33.5,1.6,33870
11232,30.4,7.6,33872
11233,32.7,11.2,33873
11234,19.8,5.9,33875
11235,51.0,-333333333.0,33876
11236,-666666666.0,-222222222.0,33877
11237,32.6,3.1,33880
11238,35.9,3.4,33881
11239,34.2,4.4,33884
11240,28.5,25.9,33890
11241,36.7,2.3,33896
11242,43.2,3.8,33897
11243,27.1,10.2,33898
11244,39.1,4.1,33901
11245,28.5,4.9,33903
11246,37.2,3.6,33904
11247,32.5,3.3,33905
11248,36.0,3.8,33907
11249,39.0,6.0,33908
11250,39.4,12.1,33909
11251,29.7,5.9,33912
11252,29.2,8.6,33913
11253,35.1,4.0,33914
11254,35.9,4.1,33916
11255,43.1,3.9,33917
11256,28.1,3.6,33919
11257,41.9,29.8,33920
11258,-666666666.0,-222222222.0,33921
11259,31.8,9.2,33922
11260,-666666666.0,-222222222.0,33924
11261,34.7,4.3,33928
11262,-666666666.0,-222222222.0,33930
11263,33.9,12.7,33931
11264,34.6,14.0,33935
11265,35.6,8.6,33936
11266,-666666666.0,-222222222.0,33944
11267,43.9,3.4,33946
11268,32.5,9.9,33947
11269,48.1,10.6,33948
11270,34.7,5.1,33950
11271,34.8,3.7,33952
11272,32.0,4.3,33953
11273,29.9,8.8,33954
11274,51.0,-333333333.0,33955
11275,29.8,56.8,33956
11276,22.8,2.5,33957
11277,43.6,43.4,33960
11278,51.0,-333333333.0,33965
11279,30.7,3.5,33966
11280,28.4,2.6,33967
11281,38.4,5.4,33971
11282,32.5,8.6,33972
11283,37.6,3.7,33973
11284,30.5,5.5,33974
11285,34.3,12.3,33976
11286,43.2,13.0,33980
11287,28.1,4.7,33981
11288,40.9,14.2,33982
11289,32.3,6.3,33983
11290,39.0,3.7,33990
11291,38.2,5.8,33991
11292,29.3,6.5,33993
11293,-666666666.0,-222222222.0,34101
11294,37.0,9.0,34102
11295,46.4,13.0,34103
11296,38.5,4.5,34104
11297,38.7,6.9,34105
11298,32.2,4.0,34108
11299,42.5,7.1,34109
11300,42.9,6.6,34110
11301,34.5,5.0,34112
11302,36.3,5.0,34113
11303,41.2,7.8,34114
11304,38.8,3.5,34116
11305,19.4,17.0,34117
11306,41.5,5.3,34119
11307,37.1,11.1,34120
11308,42.1,17.6,34134
11309,33.0,4.0,34135
11310,-666666666.0,-222222222.0,34137
11311,-666666666.0,-222222222.0,34138
11312,35.2,13.3,34139
11313,-666666666.0,-222222222.0,34140
11314,-666666666.0,-222222222.0,34141
11315,28.6,2.5,34142
11316,49.2,15.5,34145
11317,20.5,4.2,34201
11318,34.1,3.8,34202
11319,34.7,4.8,34203
11320,38.6,5.9,34205
11321,35.2,4.7,34207
11322,35.7,3.8,34208
11323,38.0,7.2,34209
11324,34.8,5.1,34210
11325,37.2,15.5,34211
11326,35.1,11.7,34212
11327,-666666666.0,-222222222.0,34215
11328,-666666666.0,-222222222.0,34216
11329,46.2,9.8,34217
11330,23.7,3.1,34219
11331,35.9,6.4,34221
11332,37.8,2.9,34222
11333,32.3,2.9,34223
11334,36.6,16.9,34224
11335,38.1,32.5,34228
11336,38.7,13.3,34229
11337,39.0,5.0,34231
11338,36.8,4.3,34232
11339,39.6,9.4,34233
11340,38.3,5.5,34234
11341,30.9,8.4,34235
11342,32.5,3.0,34236
11343,33.8,3.1,34237
11344,32.5,5.9,34238
11345,39.4,5.4,34239
11346,29.1,12.2,34240
11347,25.2,5.1,34241
11348,43.9,15.7,34242
11349,36.5,5.4,34243
11350,-666666666.0,-222222222.0,34250
11351,31.7,34.0,34251
11352,28.5,4.4,34266
11353,-666666666.0,-222222222.0,34267
11354,-666666666.0,-222222222.0,34268
11355,29.3,3.8,34269
11356,32.3,6.5,34275
11357,40.6,7.4,34285
11358,32.3,4.9,34286
11359,38.9,10.5,34287
11360,37.2,2.8,34288
11361,34.1,4.9,34289
11362,24.1,5.5,34291
11363,38.5,8.1,34292
11364,32.6,4.0,34293
11365,28.4,6.8,34420
11366,34.0,7.5,34428
11367,28.9,4.5,34429
11368,27.1,3.9,34431
11369,31.8,6.2,34432
11370,51.0,-333333333.0,34433
11371,31.5,18.3,34434
11372,42.3,27.4,34436
11373,33.2,6.6,34442
11374,-666666666.0,-222222222.0,34445
11375,29.0,11.3,34446
11376,24.6,11.0,34448
11377,35.4,13.2,34449
11378,43.9,7.8,34450
11379,23.7,6.4,34452
11380,24.1,14.6,34453
11381,35.3,13.3,34461
11382,35.1,9.0,34465
11383,31.4,5.4,34470
11384,39.8,4.9,34471
11385,31.9,4.0,34472
11386,24.5,5.0,34473
11387,30.8,2.8,34474
11388,45.4,7.2,34475
11389,29.3,5.0,34476
11390,51.0,-333333333.0,34479
11391,22.9,2.2,34480
11392,32.1,8.9,34481
11393,26.3,12.0,34482
11394,42.8,9.8,34484
11395,-666666666.0,-222222222.0,34487
11396,42.9,23.9,34488
11397,25.7,8.6,34491
11398,36.0,7.0,34498
11399,31.9,4.4,34601
11400,30.8,6.7,34602
11401,35.7,30.1,34604
11402,33.5,3.5,34606
11403,31.7,3.3,34607
11404,33.6,3.1,34608
11405,29.5,3.2,34609
11406,17.0,12.5,34610
11407,38.4,12.1,34613
11408,28.9,52.1,34614
11409,26.6,14.2,34637
11410,27.8,5.2,34638
11411,30.9,4.0,34639
11412,34.6,5.7,34652
11413,34.0,3.6,34653
11414,26.2,3.2,34654
11415,37.7,4.4,34655
11416,-666666666.0,-222222222.0,34661
11417,34.2,5.0,34667
11418,38.8,8.1,34668
11419,33.1,3.1,34669
11420,37.5,5.0,34677
11421,-666666666.0,-222222222.0,34679
11422,-666666666.0,-222222222.0,34681
11423,40.1,6.3,34683
11424,42.2,10.2,34684
11425,36.1,4.7,34685
11426,28.4,16.5,34688
11427,32.6,6.9,34689
11428,34.7,7.2,34690
11429,37.9,7.9,34691
11430,22.8,8.1,34695
11431,36.0,4.2,34698
11432,36.3,11.4,34705
11433,36.7,3.5,34711
11434,29.7,4.7,34714
11435,29.4,4.5,34715
11436,-666666666.0,-222222222.0,34729
11437,47.9,11.0,34731
11438,51.0,-333333333.0,34734
11439,26.4,8.5,34736
11440,40.3,25.1,34737
11441,-666666666.0,-222222222.0,34739
11442,41.7,3.9,34741
11443,39.3,8.8,34743
11444,37.9,3.6,34744
11445,39.7,4.9,34746
11446,36.2,2.6,34747
11447,41.0,5.1,34748
11448,33.7,12.4,34753
11449,25.5,18.3,34756
11450,42.7,10.3,34758
11451,38.6,6.8,34759
11452,-666666666.0,-222222222.0,34760
11453,34.0,3.5,34761
11454,-666666666.0,-222222222.0,34762
11455,37.5,5.0,34769
11456,30.1,5.1,34771
11457,32.7,5.6,34772
11458,23.0,11.3,34773
11459,33.2,16.7,34785
11460,32.0,6.9,34786
11461,35.2,2.7,34787
11462,36.4,4.4,34788
11463,-666666666.0,-222222222.0,34797
11464,-666666666.0,-222222222.0,34945
11465,32.2,8.6,34946
11466,36.9,3.2,34947
11467,38.7,14.4,34949
11468,51.0,-333333333.0,34950
11469,28.9,5.3,34951
11470,43.8,3.9,34952
11471,31.7,5.0,34953
11472,21.6,3.1,34956
11473,38.4,7.6,34957
11474,29.9,10.3,34972
11475,30.9,7.3,34974
11476,32.6,3.1,34981
11477,40.7,4.9,34982
11478,34.8,5.2,34983
11479,34.5,13.2,34984
11480,30.4,4.5,34986
11481,41.8,10.1,34987
11482,29.9,5.1,34990
11483,39.6,9.1,34994
11484,39.1,9.1,34996
11485,38.2,6.6,34997
11486,28.3,2.3,35004
11487,32.5,17.2,35005
11488,29.7,67.7,35006
11489,29.9,6.6,35007
11490,27.7,3.5,35010
11491,-666666666.0,-222222222.0,35013
11492,23.0,1.3,35014
11493,30.5,3.3,35016
11494,23.3,31.2,35019
11495,32.2,5.2,35020
11496,32.9,3.2,35022
11497,30.4,4.4,35023
11498,19.8,13.1,35031
11499,51.0,-333333333.0,35032
11500,28.7,18.7,35033
11501,51.0,-333333333.0,35034
11502,-666666666.0,-222222222.0,35035
11503,-666666666.0,-222222222.0,35036
11504,27.9,4.0,35040
11505,30.5,3.7,35042
11506,18.0,1.4,35043
11507,23.7,19.1,35044
11508,23.0,3.7,35045
11509,16.4,4.7,35046
11510,19.0,17.4,35049
11511,28.4,5.5,35051
11512,-666666666.0,-222222222.0,35052
11513,22.5,29.1,35053
11514,30.1,16.5,35054
11515,24.8,3.9,35055
11516,19.6,7.0,35057
11517,27.4,12.0,35058
11518,-666666666.0,-222222222.0,35060
11519,47.5,29.9,35061
11520,19.7,7.0,35062
11521,19.2,16.1,35063
11522,51.0,-333333333.0,35064
11523,28.0,10.4,35068
11524,-666666666.0,-222222222.0,35070
11525,29.8,3.4,35071
11526,35.6,8.4,35072
11527,21.3,10.1,35073
11528,-666666666.0,-222222222.0,35074
11529,29.0,3.5,35077
11530,18.4,2.9,35078
11531,26.5,7.6,35079
11532,29.4,12.3,35080
11533,-666666666.0,-222222222.0,35082
11534,25.8,10.6,35083
11535,20.8,9.9,35085
11536,51.0,-333333333.0,35087
11537,35.7,20.2,35089
11538,31.9,16.8,35091
11539,26.3,3.5,35094
11540,18.2,8.3,35096
11541,47.5,23.3,35097
11542,11.2,10.1,35098
11543,25.1,4.9,35111
11544,-666666666.0,-222222222.0,35112
11545,31.4,10.1,35114
11546,24.0,4.5,35115
11547,27.1,9.2,35116
11548,34.4,12.3,35117
11549,28.2,10.2,35118
11550,-666666666.0,-222222222.0,35119
11551,27.5,13.2,35120
11552,28.3,4.4,35121
11553,29.7,6.8,35124
11554,29.2,4.3,35125
11555,24.9,3.7,35126
11556,27.4,4.5,35127
11557,28.6,12.0,35128
11558,36.9,23.2,35130
11559,35.8,7.5,35131
11560,-666666666.0,-222222222.0,35133
11561,27.3,12.6,35135
11562,27.3,9.7,35136
11563,18.8,5.9,35143
11564,17.4,9.0,35146
11565,17.2,18.8,35147
11566,26.9,3.1,35148
11567,-666666666.0,-222222222.0,35149
11568,25.9,3.1,35150
11569,13.0,1.6,35151
11570,30.6,5.7,35160
11571,15.7,8.9,35171
11572,51.0,-333333333.0,35172
11573,21.0,5.2,35173
11574,21.8,12.1,35175
11575,20.8,13.4,35176
11576,51.0,-333333333.0,35178
11577,26.2,3.4,35179
11578,31.3,5.3,35180
11579,-666666666.0,-222222222.0,35181
11580,-666666666.0,-222222222.0,35183
11581,22.5,16.2,35184
11582,-666666666.0,-222222222.0,35185
11583,19.1,4.1,35186
11584,38.9,38.1,35188
11585,31.7,6.2,35203
11586,30.0,3.7,35204
11587,31.1,2.3,35205
11588,36.9,6.6,35206
11589,38.3,11.3,35207
11590,30.7,8.5,35208
11591,33.0,2.4,35209
11592,26.5,3.5,35210
11593,36.4,5.1,35211
11594,34.4,6.1,35212
11595,28.2,4.9,35213
11596,32.1,3.8,35214
11597,32.5,2.3,35215
11598,31.9,3.9,35216
11599,30.2,2.9,35217
11600,40.5,13.7,35218
11601,36.0,5.3,35221
11602,32.7,7.0,35222
11603,25.7,3.2,35223
11604,32.8,10.6,35224
11605,29.6,4.2,35226
11606,36.6,5.8,35228
11607,-666666666.0,-222222222.0,35229
11608,32.9,3.3,35233
11609,44.7,6.2,35234
11610,34.2,4.1,35235
11611,31.2,3.9,35242
11612,28.0,2.4,35243
11613,28.6,2.3,35244
11614,-666666666.0,-222222222.0,35249
11615,-666666666.0,-222222222.0,35254
11616,43.2,4.5,35401
11617,32.6,4.7,35404
11618,26.5,2.5,35405
11619,28.9,4.5,35406
11620,-666666666.0,-222222222.0,35441
11621,26.1,5.0,35442
11622,22.9,8.7,35443
11623,31.8,7.2,35444
11624,51.0,-333333333.0,35446
11625,24.3,9.9,35447
11626,25.5,24.9,35452
11627,27.8,7.0,35453
11628,21.2,12.0,35456
11629,-666666666.0,-222222222.0,35457
11630,-666666666.0,-222222222.0,35458
11631,23.1,8.7,35459
11632,-666666666.0,-222222222.0,35460
11633,34.2,49.4,35461
11634,30.4,10.7,35462
11635,-666666666.0,-222222222.0,35463
11636,43.2,31.0,35464
11637,34.8,22.8,35466
11638,-666666666.0,-222222222.0,35469
11639,34.6,13.6,35470
11640,27.7,6.6,35473
11641,23.8,4.0,35474
11642,20.4,10.4,35475
11643,23.3,5.1,35476
11644,-666666666.0,-222222222.0,35477
11645,-666666666.0,-222222222.0,35480
11646,24.2,9.1,35481
11647,-666666666.0,-222222222.0,35487
11648,22.9,3.4,35490
11649,-666666666.0,-222222222.0,35491
11650,24.5,5.7,35501
11651,26.3,4.4,35503
11652,25.7,12.8,35504
11653,22.3,1.9,35540
11654,34.6,11.3,35541
11655,-666666666.0,-222222222.0,35542
11656,27.5,2.7,35543
11657,22.9,1.5,35544
11658,-666666666.0,-222222222.0,35545
11659,23.1,6.8,35546
11660,32.2,14.5,35548
11661,43.3,22.6,35549
11662,28.7,13.9,35550
11663,25.4,13.1,35552
11664,21.3,7.9,35553
11665,-666666666.0,-222222222.0,35554
11666,22.2,2.7,35555
11667,-666666666.0,-222222222.0,35559
11668,33.8,5.0,35563
11669,25.9,5.7,35564
11670,26.6,2.5,35565
11671,27.7,6.3,35570
11672,20.0,17.2,35571
11673,-666666666.0,-222222222.0,35572
11674,-666666666.0,-222222222.0,35573
11675,35.6,8.9,35574
11676,24.5,23.1,35575
11677,17.3,9.7,35576
11678,-666666666.0,-222222222.0,35577
11679,25.3,16.6,35578
11680,24.0,16.9,35579
11681,29.2,13.2,35580
11682,20.8,9.4,35581
11683,23.7,3.5,35582
11684,28.8,74.7,35584
11685,27.7,35.8,35585
11686,34.7,12.2,35586
11687,-666666666.0,-222222222.0,35587
11688,32.9,12.2,35592
11689,37.5,11.6,35593
11690,24.5,3.2,35594
11691,29.9,2.7,35601
11692,26.1,2.4,35603
11693,27.5,28.8,35610
11694,25.3,3.9,35611
11695,19.1,9.2,35613
11696,30.9,5.8,35614
11697,-666666666.0,-222222222.0,35615
11698,40.6,26.3,35616
11699,28.2,4.7,35618
11700,25.0,8.5,35619
11701,20.1,10.9,35620
11702,20.9,12.2,35621
11703,25.6,12.0,35622
11704,26.3,1.9,35630
11705,-666666666.0,-222222222.0,35632
11706,24.8,9.1,35633
11707,22.9,7.3,35634
11708,29.3,4.2,35640
11709,19.1,4.1,35643
11710,21.1,1.8,35645
11711,24.7,37.8,35646
11712,43.5,32.4,35647
11713,29.5,19.2,35648
11714,-666666666.0,-222222222.0,35649
11715,28.3,12.6,35650
11716,14.5,28.8,35651
11717,18.4,4.0,35652
11718,23.9,14.5,35653
11719,22.9,8.4,35654
11720,34.0,8.0,35660
11721,25.0,5.4,35661
11722,30.9,9.1,35670
11723,11.6,3.1,35671
11724,29.3,5.2,35672
11725,17.9,3.4,35673
11726,24.7,4.5,35674
11727,42.3,36.7,35677
11728,31.0,3.5,35739
11729,26.7,6.3,35740
11730,17.6,5.3,35741
11731,15.7,4.2,35744
11732,-666666666.0,-222222222.0,35745
11733,-666666666.0,-222222222.0,35746
11734,18.5,3.4,35747
11735,32.7,11.8,35748
11736,23.6,4.4,35749
11737,25.6,3.8,35750
11738,-666666666.0,-222222222.0,35751
11739,28.4,7.8,35752
11740,28.4,23.6,35754
11741,51.0,-333333333.0,35755
11742,21.9,3.3,35756
11743,24.9,3.4,35757
11744,25.5,1.7,35758
11745,34.7,10.4,35759
11746,35.3,11.2,35760
11747,35.9,15.2,35761
11748,27.3,2.4,35763
11749,-666666666.0,-222222222.0,35764
11750,27.5,3.8,35765
11751,-666666666.0,-222222222.0,35766
11752,28.3,9.5,35768
11753,31.0,8.0,35769
11754,30.7,11.9,35771
11755,30.2,9.8,35772
11756,25.1,5.3,35773
11757,-666666666.0,-222222222.0,35774
11758,-666666666.0,-222222222.0,35775
11759,24.2,16.3,35776
11760,24.0,1.3,35801
11761,26.3,4.6,35802
11762,29.6,6.5,35803
11763,36.5,3.4,35805
11764,25.4,2.4,35806
11765,15.8,2.6,35808
11766,33.0,3.8,35810
11767,29.1,3.8,35811
11768,30.8,4.7,35816
11769,25.1,5.2,35824
11770,-666666666.0,-222222222.0,35896
11771,30.5,5.1,35901
11772,30.3,3.6,35903
11773,26.0,4.0,35904
11774,22.9,13.9,35905
11775,42.6,14.2,35906
11776,35.3,25.6,35907
11777,32.1,2.5,35950
11778,29.9,4.3,35951
11779,26.1,2.8,35952
11780,24.7,4.8,35953
11781,24.3,6.0,35954
11782,24.7,10.9,35956
11783,26.9,2.6,35957
11784,42.7,34.9,35958
11785,24.7,3.9,35959
11786,27.1,3.0,35960
11787,22.1,7.0,35961
11788,24.8,22.0,35962
11789,38.3,8.0,35963
11790,28.8,10.6,35966
11791,28.3,5.7,35967
11792,22.5,14.7,35968
11793,25.8,5.7,35971
11794,-666666666.0,-222222222.0,35972
11795,51.0,-333333333.0,35973
11796,29.9,4.2,35974
11797,-666666666.0,-222222222.0,35975
11798,26.0,2.1,35976
11799,25.0,6.4,35978
11800,-666666666.0,-222222222.0,35979
11801,24.6,17.7,35980
11802,30.9,12.1,35981
11803,20.5,5.5,35983
11804,25.8,45.7,35984
11805,35.2,7.8,35986
11806,36.5,6.7,35987
11807,30.6,7.9,35988
11808,29.1,8.1,35989
11809,-666666666.0,-222222222.0,35990
11810,20.0,14.7,36003
11811,27.8,3.9,36005
11812,51.0,-333333333.0,36006
11813,-666666666.0,-222222222.0,36008
11814,24.0,6.8,36009
11815,31.3,5.5,36010
11816,-666666666.0,-222222222.0,36013
11817,28.6,3.3,36016
11818,29.2,11.7,36017
11819,25.4,5.5,36020
11820,28.9,16.2,36022
11821,27.3,12.1,36024
11822,45.3,15.2,36025
11823,-666666666.0,-222222222.0,36026
11824,24.4,2.9,36027
11825,29.0,32.2,36028
11826,-666666666.0,-222222222.0,36029
11827,-666666666.0,-222222222.0,36030
11828,-666666666.0,-222222222.0,36031
11829,31.3,5.3,36032
11830,31.6,3.9,36033
11831,25.0,29.6,36034
11832,27.6,1.9,36035
11833,42.5,46.0,36036
11834,28.1,3.0,36037
11835,-666666666.0,-222222222.0,36038
11836,-666666666.0,-222222222.0,36039
11837,28.2,4.3,36040
11838,28.1,1.4,36041
11839,48.8,32.3,36042
11840,18.3,10.0,36043
11841,-666666666.0,-222222222.0,36046
11842,-666666666.0,-222222222.0,36047
11843,21.1,19.8,36048
11844,23.4,7.0,36049
11845,-666666666.0,-222222222.0,36051
11846,-666666666.0,-222222222.0,36052
11847,12.9,14.4,36053
11848,25.3,4.3,36054
11849,-666666666.0,-222222222.0,36057
11850,32.4,13.8,36064
11851,25.2,3.0,36066
11852,24.8,3.0,36067
11853,31.9,47.5,36069
11854,9.0,-333333333.0,36071
11855,-666666666.0,-222222222.0,36075
11856,18.0,3.1,36078
11857,30.1,6.5,36079
11858,46.8,15.6,36080
11859,38.8,10.6,36081
11860,-666666666.0,-222222222.0,36082
11861,34.4,7.0,36083
11862,24.1,11.6,36088
11863,44.3,30.2,36089
11864,51.0,-333333333.0,36091
11865,29.5,6.9,36092
11866,50.0,52.3,36093
11867,-666666666.0,-222222222.0,36101
11868,29.0,2.4,36104
11869,47.9,24.4,36105
11870,31.4,6.0,36106
11871,41.3,8.7,36107
11872,39.1,7.9,36108
11873,34.9,6.7,36109
11874,37.7,4.6,36110
11875,31.9,5.1,36111
11876,23.8,20.2,36112
11877,22.3,1.0,36113
11878,-666666666.0,-222222222.0,36114
11879,25.1,5.1,36115
11880,33.0,4.7,36116
11881,28.7,2.5,36117
11882,-666666666.0,-222222222.0,36130
11883,31.7,3.9,36201
11884,24.5,5.3,36203
11885,41.4,18.9,36205
11886,20.8,3.9,36206
11887,31.1,3.9,36207
11888,26.9,5.7,36250
11889,25.7,4.9,36251
11890,-666666666.0,-222222222.0,36255
11891,13.9,3.1,36256
11892,-666666666.0,-222222222.0,36258
11893,22.9,13.9,36260
11894,19.4,18.7,36262
11895,-666666666.0,-222222222.0,36263
11896,31.8,5.2,36264
11897,28.1,2.0,36265
11898,34.2,14.8,36266
11899,-666666666.0,-222222222.0,36267
11900,14.6,102.2,36268
11901,29.3,16.6,36269
11902,13.0,3.3,36271
11903,31.6,9.2,36272
11904,15.0,26.9,36273
11905,26.2,6.5,36274
11906,24.8,12.8,36276
11907,32.4,36.7,36277
11908,24.6,6.7,36278
11909,24.9,58.4,36279
11910,39.8,11.9,36280
11911,28.8,1.2,36301
11912,28.8,1.7,36303
11913,24.4,3.0,36305
11914,34.7,8.2,36310
11915,19.3,40.2,36311
11916,31.6,10.3,36312
11917,-666666666.0,-222222222.0,36313
11918,-666666666.0,-222222222.0,36314
11919,51.0,-333333333.0,36316
11920,-666666666.0,-222222222.0,36317
11921,22.7,1.8,36318
11922,23.2,5.6,36319
11923,27.2,6.5,36320
11924,26.1,5.7,36321
11925,27.1,3.0,36322
11926,23.2,2.7,36323
11927,25.9,2.6,36330
11928,29.9,17.4,36340
11929,27.1,23.8,36343
11930,26.2,3.3,36344
11931,26.0,3.0,36345
11932,22.7,1.3,36346
11933,25.1,2.7,36350
11934,20.7,4.6,36351
11935,24.3,6.4,36352
11936,25.0,12.0,36353
11937,31.2,4.1,36360
11938,20.6,2.2,36362
11939,21.9,31.7,36370
11940,31.5,19.4,36371
11941,-666666666.0,-222222222.0,36373
11942,20.9,13.4,36374
11943,28.0,3.2,36375
11944,24.7,11.8,36376
11945,29.0,6.0,36401
11946,32.7,4.2,36420
11947,21.9,14.8,36421
11948,-666666666.0,-222222222.0,36425
11949,32.3,6.3,36426
11950,43.2,24.0,36432
11951,-666666666.0,-222222222.0,36435
11952,-666666666.0,-222222222.0,36436
11953,12.5,12.0,36439
11954,25.5,3.4,36441
11955,24.1,7.9,36442
11956,-666666666.0,-222222222.0,36444
11957,42.0,42.8,36445
11958,-666666666.0,-222222222.0,36446
11959,22.5,14.6,36451
11960,23.7,3.9,36453
11961,-666666666.0,-222222222.0,36454
11962,51.0,-333333333.0,36455
11963,20.0,9.6,36456
11964,30.3,5.3,36460
11965,29.7,4.5,36467
11966,-666666666.0,-222222222.0,36470
11967,26.3,28.3,36471
11968,-666666666.0,-222222222.0,36473
11969,32.3,3.7,36474
11970,41.3,32.8,36475
11971,-666666666.0,-222222222.0,36476
11972,26.0,2.8,36477
11973,-666666666.0,-222222222.0,36480
11974,-666666666.0,-222222222.0,36481
11975,-666666666.0,-222222222.0,36482
11976,-666666666.0,-222222222.0,36483
11977,25.8,4.0,36502
11978,-666666666.0,-222222222.0,36503
11979,9.0,-333333333.0,36505
11980,31.4,3.8,36507
11981,33.7,12.5,36509
11982,-666666666.0,-222222222.0,36511
11983,-666666666.0,-222222222.0,36512
11984,-666666666.0,-222222222.0,36513
11985,14.6,18.1,36518
11986,13.9,7.8,36521
11987,24.7,15.0,36522
11988,29.0,35.0,36523
11989,41.1,40.5,36524
11990,23.3,38.9,36525
11991,24.7,3.2,36526
11992,26.6,6.0,36527
11993,-666666666.0,-222222222.0,36528
11994,-666666666.0,-222222222.0,36529
11995,24.7,8.5,36530
11996,34.5,6.3,36532
11997,35.2,4.0,36535
11998,-666666666.0,-222222222.0,36538
11999,-666666666.0,-222222222.0,36539
12000,-666666666.0,-222222222.0,36540
12001,40.4,37.7,36541
12002,29.2,4.1,36542
12003,-666666666.0,-222222222.0,36543
12004,44.2,21.8,36544
12005,34.0,6.4,36545
12006,-666666666.0,-222222222.0,36547
12007,-666666666.0,-222222222.0,36548
12008,25.0,6.5,36549
12009,-666666666.0,-222222222.0,36550
12010,23.7,3.1,36551
12011,14.2,21.6,36553
12012,41.6,38.6,36555
12013,-666666666.0,-222222222.0,36556
12014,37.6,19.7,36558
12015,-666666666.0,-222222222.0,36559
12016,20.6,5.8,36560
12017,24.2,3.7,36561
12018,-666666666.0,-222222222.0,36562
12019,-666666666.0,-222222222.0,36564
12020,28.0,14.1,36567
12021,-666666666.0,-222222222.0,36568
12022,-666666666.0,-222222222.0,36569
12023,33.6,3.5,36571
12024,19.1,20.0,36572
12025,20.9,4.7,36574
12026,23.9,5.0,36575
12027,32.8,24.1,36576
12028,-666666666.0,-222222222.0,36578
12029,-666666666.0,-222222222.0,36579
12030,45.0,52.5,36580
12031,-666666666.0,-222222222.0,36581
12032,27.8,5.1,36582
12033,-666666666.0,-222222222.0,36583
12034,-666666666.0,-222222222.0,36584
12035,-666666666.0,-222222222.0,36585
12036,45.7,26.5,36587
12037,28.2,2.9,36602
12038,33.0,2.6,36603
12039,32.3,7.0,36604
12040,41.1,5.3,36605
12041,32.5,4.6,36606
12042,32.7,19.0,36607
12043,31.9,2.5,36608
12044,30.3,3.6,36609
12045,36.2,10.3,36610
12046,33.6,3.8,36611
12047,29.3,7.8,36612
12048,31.9,3.2,36613
12049,-666666666.0,-222222222.0,36615
12050,37.0,3.4,36617
12051,41.3,10.5,36618
12052,34.7,7.5,36619
12053,-666666666.0,-222222222.0,36652
12054,-666666666.0,-222222222.0,36663
12055,-666666666.0,-222222222.0,36688
12056,31.1,4.5,36693
12057,32.3,2.5,36695
12058,41.9,3.5,36701
12059,31.5,8.1,36703
12060,-666666666.0,-222222222.0,36720
12061,-666666666.0,-222222222.0,36722
12062,-666666666.0,-222222222.0,36723
12063,51.0,-333333333.0,36726
12064,-666666666.0,-222222222.0,36727
12065,16.6,10.6,36728
12066,34.5,6.4,36732
12067,51.0,-333333333.0,36736
12068,36.3,19.8,36738
12069,29.0,58.4,36740
12070,-666666666.0,-222222222.0,36741
12071,15.5,11.0,36742
12072,36.0,9.6,36744
12073,23.6,10.3,36748
12074,-666666666.0,-222222222.0,36749
12075,33.3,12.6,36750
12076,-666666666.0,-222222222.0,36751
12077,-666666666.0,-222222222.0,36752
12078,-666666666.0,-222222222.0,36753
12079,-666666666.0,-222222222.0,36754
12080,36.4,15.6,36756
12081,51.0,-333333333.0,36758
12082,15.6,6.1,36759
12083,51.0,-333333333.0,36761
12084,-666666666.0,-222222222.0,36763
12085,-666666666.0,-222222222.0,36764
12086,-666666666.0,-222222222.0,36765
12087,-666666666.0,-222222222.0,36766
12088,51.0,-333333333.0,36767
12089,18.3,16.8,36768
12090,23.6,3.4,36769
12091,51.0,-333333333.0,36773
12092,-666666666.0,-222222222.0,36775
12093,-666666666.0,-222222222.0,36776
12094,22.5,2.6,36782
12095,19.6,16.9,36783
12096,42.1,16.9,36784
12097,51.0,-333333333.0,36785
12098,27.1,8.9,36786
12099,-666666666.0,-222222222.0,36790
12100,-666666666.0,-222222222.0,36792
12101,-666666666.0,-222222222.0,36793
12102,32.8,4.1,36801
12103,29.2,6.4,36804
12104,34.6,4.2,36830
12105,51.0,-333333333.0,36832
12106,-666666666.0,-222222222.0,36849
12107,32.1,6.5,36850
12108,-666666666.0,-222222222.0,36851
12109,25.2,17.8,36852
12110,18.8,3.9,36853
12111,29.7,4.0,36854
12112,33.0,1.4,36855
12113,27.5,5.9,36856
12114,51.0,-333333333.0,36858
12115,14.9,20.3,36860
12116,31.3,19.1,36861
12117,34.6,19.0,36862
12118,28.3,8.3,36863
12119,-666666666.0,-222222222.0,36865
12120,21.6,7.4,36866
12121,36.7,6.7,36867
12122,30.9,3.7,36869
12123,33.0,8.9,36870
12124,37.2,14.4,36871
12125,21.3,4.5,36874
12126,17.9,1.9,36875
12127,25.1,4.0,36877
12128,16.1,7.2,36879
12129,-666666666.0,-222222222.0,36901
12130,25.4,7.4,36904
12131,33.8,31.0,36907
12132,26.6,14.8,36908
12133,-666666666.0,-222222222.0,36910
12134,51.0,-333333333.0,36912
12135,-666666666.0,-222222222.0,36913
12136,-666666666.0,-222222222.0,36915
12137,17.2,1.2,36916
12138,9.0,-333333333.0,36919
12139,-666666666.0,-222222222.0,36921
12140,-666666666.0,-222222222.0,36922
12141,39.7,7.8,36925
12142,48.6,36.9,37010
12143,38.6,31.6,37012
12144,31.2,1.8,37013
12145,-666666666.0,-222222222.0,37014
12146,29.0,6.2,37015
12147,23.2,7.8,37016
12148,17.8,7.4,37018
12149,-666666666.0,-222222222.0,37019
12150,34.2,24.6,37020
12151,17.2,2.5,37022
12152,19.2,4.6,37023
12153,27.0,17.5,37025
12154,29.4,60.7,37026
12155,30.2,3.0,37027
12156,9.0,-333333333.0,37028
12157,27.6,11.4,37029
12158,24.1,5.4,37030
12159,39.6,51.8,37031
12160,23.4,9.2,37032
12161,22.6,3.2,37033
12162,29.8,7.2,37034
12163,51.0,-333333333.0,37035
12164,28.9,5.7,37036
12165,31.7,17.1,37037
12166,30.1,3.1,37040
12167,28.5,1.8,37042
12168,26.7,2.4,37043
12169,19.7,32.6,37046
12170,35.0,21.2,37047
12171,51.0,-333333333.0,37048
12172,29.0,24.3,37049
12173,22.3,6.3,37050
12174,15.6,3.7,37051
12175,-666666666.0,-222222222.0,37052
12176,22.8,2.4,37055
12177,19.2,11.2,37057
12178,29.8,9.4,37058
12179,27.4,1.4,37059
12180,24.8,15.0,37060
12181,20.9,3.5,37061
12182,36.3,11.4,37062
12183,31.1,2.7,37064
12184,31.2,2.3,37066
12185,27.6,3.1,37067
12186,27.6,6.9,37069
12187,30.9,2.8,37072
12188,26.6,10.6,37073
12189,27.6,6.9,37074
12190,28.6,1.8,37075
12191,33.0,3.1,37076
12192,34.1,9.9,37078
12193,14.7,4.1,37079
12194,25.1,7.3,37080
12195,19.9,7.1,37082
12196,24.0,5.1,37083
12197,12.8,27.2,37085
12198,31.7,3.7,37086
12199,29.1,2.5,37087
12200,27.0,2.3,37090
12201,26.5,2.5,37091
12202,26.3,17.8,37095
12203,18.3,20.2,37096
12204,24.5,10.2,37097
12205,27.4,13.1,37098
12206,21.0,8.9,37101
12207,28.6,3.6,37110
12208,33.9,1.5,37115
12209,-666666666.0,-222222222.0,37118
12210,31.1,2.2,37122
12211,26.1,5.5,37127
12212,30.8,1.7,37128
12213,30.0,2.2,37129
12214,32.9,2.3,37130
12215,-666666666.0,-222222222.0,37132
12216,24.8,33.1,37134
12217,31.2,15.5,37135
12218,31.9,20.2,37137
12219,32.4,3.2,37138
12220,-666666666.0,-222222222.0,37140
12221,26.9,34.9,37141
12222,17.1,6.5,37142
12223,27.2,11.4,37143
12224,51.0,-333333333.0,37144
12225,25.0,22.3,37145
12226,17.9,20.1,37146
12227,31.0,4.2,37148
12228,-666666666.0,-222222222.0,37149
12229,34.1,21.4,37150
12230,-666666666.0,-222222222.0,37151
12231,23.3,13.9,37153
12232,28.4,4.4,37160
12233,-666666666.0,-222222222.0,37165
12234,34.2,7.5,37166
12235,29.8,3.3,37167
12236,51.0,-333333333.0,37171
12237,27.5,3.9,37172
12238,26.3,3.2,37174
12239,-666666666.0,-222222222.0,37175
12240,20.9,26.3,37178
12241,29.6,5.9,37179
12242,17.4,12.7,37180
12243,13.4,11.4,37181
12244,19.7,18.7,37183
12245,25.1,13.7,37184
12246,29.3,11.9,37185
12247,22.6,4.8,37186
12248,22.3,13.3,37187
12249,31.2,3.7,37188
12250,32.3,12.4,37189
12251,25.8,4.5,37190
12252,16.4,6.1,37191
12253,27.6,11.5,37201
12254,35.5,3.5,37203
12255,27.5,2.3,37204
12256,33.9,6.3,37205
12257,28.3,2.2,37206
12258,33.9,3.2,37207
12259,29.9,2.8,37208
12260,31.6,2.3,37209
12261,29.6,3.1,37210
12262,32.3,2.2,37211
12263,28.5,2.4,37212
12264,-666666666.0,-222222222.0,37213
12265,29.6,1.9,37214
12266,31.7,8.1,37215
12267,31.2,6.0,37216
12268,30.6,2.6,37217
12269,32.5,14.2,37218
12270,32.8,4.7,37219
12271,17.7,5.6,37220
12272,33.3,2.1,37221
12273,36.2,12.7,37228
12274,-666666666.0,-222222222.0,37232
12275,-666666666.0,-222222222.0,37238
12276,50.0,25.9,37301
12277,19.3,14.6,37302
12278,24.8,3.4,37303
12279,-666666666.0,-222222222.0,37305
12280,51.0,-333333333.0,37306
12281,27.6,3.9,37307
12282,14.4,14.8,37308
12283,37.4,25.7,37309
12284,16.8,7.2,37310
12285,29.7,2.4,37311
12286,26.3,4.2,37312
12287,13.4,8.2,37313
12288,-666666666.0,-222222222.0,37315
12289,-666666666.0,-222222222.0,37316
12290,51.0,-333333333.0,37317
12291,27.9,6.8,37318
12292,24.4,2.2,37321
12293,21.4,5.1,37322
12294,27.6,1.9,37323
12295,32.2,8.9,37324
12296,-666666666.0,-222222222.0,37325
12297,51.0,-333333333.0,37326
12298,37.3,10.1,37327
12299,-666666666.0,-222222222.0,37328
12300,27.4,2.8,37329
12301,34.0,14.9,37330
12302,35.4,6.0,37331
12303,29.5,36.4,37332
12304,-666666666.0,-222222222.0,37333
12305,23.1,6.6,37334
12306,36.4,20.6,37335
12307,20.6,11.7,37336
12308,-666666666.0,-222222222.0,37337
12309,24.9,14.6,37338
12310,-666666666.0,-222222222.0,37339
12311,51.0,-333333333.0,37340
12312,30.6,6.8,37341
12313,32.2,2.2,37342
12314,29.1,4.7,37343
12315,14.0,1.7,37345
12316,25.0,11.4,37347
12317,-666666666.0,-222222222.0,37348
12318,20.9,11.5,37350
12319,25.4,23.5,37351
12320,26.6,7.3,37352
12321,29.3,31.2,37353
12322,26.4,3.5,37354
12323,25.1,2.4,37355
12324,24.8,3.5,37356
12325,22.6,4.2,37357
12326,18.4,10.7,37359
12327,20.5,8.8,37360
12328,18.1,3.9,37361
12329,30.4,17.4,37362
12330,29.3,6.7,37363
12331,9.0,-333333333.0,37365
12332,-666666666.0,-222222222.0,37366
12333,23.9,7.5,37367
12334,-666666666.0,-222222222.0,37369
12335,30.7,17.3,37370
12336,27.2,6.5,37373
12337,44.3,58.4,37374
12338,24.3,15.6,37375
12339,-666666666.0,-222222222.0,37376
12340,24.7,7.2,37377
12341,23.6,3.8,37379
12342,28.3,7.3,37380
12343,41.0,19.7,37381
12344,-666666666.0,-222222222.0,37383
12345,40.0,11.1,37385
12346,32.5,10.1,37387
12347,25.6,4.7,37388
12348,13.1,18.3,37391
12349,-666666666.0,-222222222.0,37394
12350,-666666666.0,-222222222.0,37396
12351,24.8,5.9,37397
12352,25.4,3.5,37398
12353,29.5,3.8,37402
12354,22.2,6.5,37403
12355,28.7,3.6,37404
12356,24.7,2.1,37405
12357,32.5,4.0,37406
12358,30.7,4.7,37407
12359,27.5,2.6,37408
12360,31.1,8.8,37409
12361,32.0,9.8,37410
12362,31.0,4.6,37411
12363,26.3,2.4,37412
12364,30.0,3.7,37415
12365,26.1,2.9,37416
12366,31.7,13.2,37419
12367,27.6,1.6,37421
12368,-666666666.0,-222222222.0,37450
12369,29.2,1.8,37601
12370,31.9,2.8,37604
12371,-666666666.0,-222222222.0,37614
12372,21.2,4.6,37615
12373,27.5,6.8,37616
12374,29.1,5.6,37617
12375,21.8,6.3,37618
12376,26.8,2.4,37620
12377,25.1,19.3,37640
12378,17.9,8.6,37641
12379,31.3,5.3,37642
12380,25.7,1.7,37643
12381,26.4,34.4,37645
12382,29.0,2.5,37650
12383,30.3,7.4,37656
12384,-666666666.0,-222222222.0,37657
12385,27.5,18.7,37658
12386,28.2,4.4,37659
12387,27.6,2.2,37660
12388,22.2,3.2,37663
12389,30.3,3.8,37664
12390,27.8,10.9,37665
12391,19.5,16.0,37680
12392,34.4,11.6,37681
12393,-666666666.0,-222222222.0,37682
12394,26.5,4.0,37683
12395,21.1,5.1,37686
12396,12.5,9.6,37687
12397,22.9,1.4,37688
12398,14.2,21.1,37690
12399,-666666666.0,-222222222.0,37691
12400,35.8,7.3,37692
12401,28.1,4.8,37694
12402,33.8,11.1,37701
12403,33.8,55.4,37705
12404,23.5,8.6,37708
12405,31.6,48.0,37709
12406,13.6,38.8,37710
12407,38.1,5.9,37711
12408,-666666666.0,-222222222.0,37713
12409,29.1,11.4,37714
12410,21.7,17.5,37715
12411,27.5,4.4,37716
12412,-666666666.0,-222222222.0,37719
12413,26.3,6.3,37721
12414,23.6,9.2,37722
12415,24.7,24.5,37723
12416,43.2,6.2,37724
12417,26.5,5.7,37725
12418,15.9,12.8,37726
12419,17.7,8.6,37727
12420,-666666666.0,-222222222.0,37729
12421,-666666666.0,-222222222.0,37730
12422,-666666666.0,-222222222.0,37731
12423,-666666666.0,-222222222.0,37732
12424,-666666666.0,-222222222.0,37733
12425,21.9,3.2,37737
12426,23.4,2.2,37738
12427,24.3,6.3,37742
12428,26.4,4.5,37743
12429,30.1,10.3,37745
12430,29.6,6.9,37748
12431,26.7,10.6,37752
12432,-666666666.0,-222222222.0,37753
12433,24.1,18.2,37754
12434,36.0,13.2,37755
12435,26.4,8.4,37756
12436,23.5,4.1,37757
12437,25.9,6.0,37760
12438,27.7,3.6,37762
12439,23.6,3.0,37763
12440,28.5,3.3,37764
12441,-666666666.0,-222222222.0,37765
12442,26.9,3.9,37766
12443,28.1,5.8,37769
12444,44.7,3.9,37770
12445,35.2,16.2,37771
12446,25.3,3.7,37772
12447,25.9,5.4,37774
12448,21.0,2.4,37777
12449,29.0,29.0,37779
12450,26.8,3.0,37801
12451,25.5,6.5,37803
12452,26.3,5.4,37804
12453,18.8,3.6,37806
12454,33.5,10.0,37807
12455,31.9,6.3,37809
12456,24.9,4.7,37810
12457,22.6,2.2,37811
12458,24.7,2.5,37813
12459,28.4,5.1,37814
12460,19.6,5.0,37818
12461,16.0,3.9,37819
12462,21.3,5.4,37820
12463,30.1,7.1,37821
12464,23.7,3.0,37825
12465,16.2,3.9,37826
12466,28.5,8.4,37828
12467,9.0,-333333333.0,37829
12468,27.2,1.7,37830
12469,28.6,2.7,37840
12470,24.1,13.1,37841
12471,26.0,15.1,37843
12472,-666666666.0,-222222222.0,37845
12473,25.4,6.6,37846
12474,45.0,23.3,37847
12475,-666666666.0,-222222222.0,37848
12476,29.9,7.8,37849
12477,-666666666.0,-222222222.0,37851
12478,27.3,26.3,37852
12479,22.1,5.9,37853
12480,23.4,5.7,37854
12481,23.6,6.2,37857
12482,37.0,45.8,37860
12483,30.3,14.4,37861
12484,28.5,2.2,37862
12485,25.1,5.0,37863
12486,23.0,2.8,37865
12487,16.8,10.0,37866
12488,29.5,9.0,37869
12489,40.5,30.2,37870
12490,22.4,5.2,37871
12491,49.3,31.1,37872
12492,25.8,14.9,37873
12493,31.6,5.9,37874
12494,24.7,5.3,37876
12495,20.1,15.3,37877
12496,-666666666.0,-222222222.0,37878
12497,27.6,9.3,37879
12498,19.1,32.5,37880
12499,32.6,14.9,37881
12500,35.7,15.9,37882
12501,33.7,26.0,37885
12502,29.9,9.4,37886
12503,27.2,3.7,37887
12504,44.4,29.9,37888
12505,31.2,7.4,37890
12506,33.1,15.2,37891
12507,27.5,27.6,37892
12508,33.9,11.4,37902
12509,29.6,3.1,37909
12510,30.2,3.1,37912
12511,28.2,2.5,37914
12512,34.4,4.8,37915
12513,51.0,-333333333.0,37916
12514,27.4,1.8,37917
12515,28.8,2.1,37918
12516,34.4,2.9,37919
12517,33.1,2.4,37920
12518,32.2,4.5,37921
12519,28.5,3.8,37922
12520,30.1,2.3,37923
12521,23.8,2.1,37924
12522,-666666666.0,-222222222.0,37929
12523,24.6,1.8,37931
12524,26.6,2.7,37932
12525,27.7,2.7,37934
12526,28.8,11.9,37938
12527,24.4,15.7,38001
12528,27.2,9.1,38002
12529,22.4,3.8,38004
12530,22.2,18.6,38006
12531,-666666666.0,-222222222.0,38007
12532,30.0,4.1,38008
12533,22.7,3.4,38011
12534,31.8,4.1,38012
12535,19.6,8.9,38015
12536,30.8,4.3,38016
12537,22.1,2.2,38017
12538,31.3,3.6,38018
12539,26.2,6.4,38019
12540,-666666666.0,-222222222.0,38021
12541,26.6,7.8,38023
12542,28.9,5.2,38024
12543,18.7,28.9,38028
12544,-666666666.0,-222222222.0,38029
12545,25.7,17.6,38030
12546,25.0,11.5,38034
12547,34.3,13.7,38036
12548,25.0,9.0,38037
12549,20.4,42.8,38039
12550,30.0,8.8,38040
12551,40.4,29.5,38041
12552,51.0,-333333333.0,38042
12553,-666666666.0,-222222222.0,38044
12554,-666666666.0,-222222222.0,38046
12555,-666666666.0,-222222222.0,38047
12556,24.3,6.5,38049
12557,18.3,3.4,38050
12558,36.3,31.0,38052
12559,27.0,3.8,38053
12560,-666666666.0,-222222222.0,38054
12561,19.2,9.0,38057
12562,27.8,5.9,38058
12563,17.5,3.3,38059
12564,23.0,8.4,38060
12565,32.5,14.5,38061
12566,31.6,4.0,38063
12567,27.9,1.8,38066
12568,17.1,1.7,38067
12569,28.1,11.1,38068
12570,44.5,6.0,38069
12571,-666666666.0,-222222222.0,38070
12572,33.1,11.7,38075
12573,17.8,8.4,38076
12574,-666666666.0,-222222222.0,38077
12575,33.9,12.1,38079
12576,26.1,2.9,38080
12577,28.1,2.0,38103
12578,30.9,2.2,38104
12579,31.1,6.3,38105
12580,34.1,5.2,38106
12581,41.0,5.9,38107
12582,31.4,4.9,38108
12583,38.0,3.5,38109
12584,34.8,3.8,38111
12585,33.9,15.3,38112
12586,-666666666.0,-222222222.0,38113
12587,35.6,3.0,38114
12588,34.3,2.1,38115
12589,39.7,4.5,38116
12590,33.3,8.4,38117
12591,36.2,3.5,38118
12592,26.0,3.6,38119
12593,29.0,3.1,38120
12594,32.3,4.1,38122
12595,26.8,2.3,38125
12596,32.8,3.9,38126
12597,38.7,4.2,38127
12598,33.8,2.4,38128
12599,-666666666.0,-222222222.0,38131
12600,-666666666.0,-222222222.0,38132
12601,32.8,4.4,38133
12602,29.3,1.7,38134
12603,27.5,4.6,38135
12604,33.2,10.5,38138
12605,27.6,23.5,38139
12606,35.1,5.0,38141
12607,-666666666.0,-222222222.0,38152
12608,33.3,9.1,38201
12609,31.4,13.3,38220
12610,20.5,3.9,38221
12611,14.2,7.5,38222
12612,24.2,22.7,38224
12613,24.9,3.4,38225
12614,-666666666.0,-222222222.0,38226
12615,36.3,26.9,38229
12616,17.7,2.2,38230
12617,36.0,6.1,38231
12618,19.6,4.3,38232
12619,31.3,15.4,38233
12620,36.8,22.2,38235
12621,9.0,-333333333.0,38236
12622,28.8,3.9,38237
12623,45.0,19.7,38240
12624,9.0,-333333333.0,38241
12625,24.4,2.3,38242
12626,51.0,-333333333.0,38251
12627,43.8,11.7,38253
12628,-666666666.0,-222222222.0,38254
12629,24.5,4.1,38255
12630,17.7,6.7,38256
12631,23.8,9.2,38257
12632,23.0,38.6,38258
12633,19.3,5.5,38259
12634,26.4,6.1,38260
12635,24.7,3.3,38261
12636,33.4,3.0,38301
12637,32.7,2.8,38305
12638,21.9,8.2,38310
12639,-666666666.0,-222222222.0,38311
12640,10.4,15.1,38313
12641,15.0,13.1,38315
12642,20.0,8.0,38316
12643,25.6,4.0,38317
12644,-666666666.0,-222222222.0,38318
12645,28.1,5.4,38320
12646,10.5,4.1,38321
12647,33.5,38.2,38326
12648,37.5,58.2,38327
12649,-666666666.0,-222222222.0,38328
12650,26.8,33.1,38329
12651,23.2,6.0,38330
12652,40.8,18.8,38332
12653,-666666666.0,-222222222.0,38333
12654,25.2,19.6,38334
12655,19.5,2.8,38337
12656,-666666666.0,-222222222.0,38338
12657,22.1,2.7,38339
12658,29.1,6.7,38340
12659,21.6,3.6,38341
12660,18.4,4.6,38342
12661,24.8,4.7,38343
12662,26.7,5.3,38344
12663,35.0,71.8,38345
12664,-666666666.0,-222222222.0,38347
12665,25.2,8.0,38348
12666,25.9,7.3,38351
12667,-666666666.0,-222222222.0,38352
12668,23.9,6.1,38355
12669,22.1,0.8,38356
12670,21.9,1.6,38357
12671,34.6,4.9,38358
12672,-666666666.0,-222222222.0,38359
12673,-666666666.0,-222222222.0,38361
12674,22.4,3.9,38362
12675,21.1,3.8,38363
12676,-666666666.0,-222222222.0,38365
12677,24.1,4.7,38366
12678,20.8,7.3,38367
12679,41.8,30.4,38368
12680,21.2,3.7,38369
12681,17.7,13.5,38370
12682,27.5,18.5,38371
12683,27.7,5.9,38372
12684,25.3,17.4,38374
12685,26.1,2.7,38375
12686,-666666666.0,-222222222.0,38376
12687,33.3,12.4,38379
12688,-666666666.0,-222222222.0,38380
12689,48.8,29.7,38381
12690,19.3,6.4,38382
12691,-666666666.0,-222222222.0,38387
12692,11.0,3.9,38388
12693,-666666666.0,-222222222.0,38389
12694,21.4,17.5,38390
12695,18.0,1.4,38391
12696,-666666666.0,-222222222.0,38392
12697,30.1,3.9,38401
12698,13.9,9.1,38425
12699,24.5,11.5,38449
12700,38.1,7.4,38450
12701,17.0,14.0,38451
12702,-666666666.0,-222222222.0,38452
12703,-666666666.0,-222222222.0,38453
12704,17.4,15.3,38454
12705,-666666666.0,-222222222.0,38455
12706,38.7,33.0,38456
12707,-666666666.0,-222222222.0,38457
12708,-666666666.0,-222222222.0,38459
12709,30.5,6.5,38460
12710,-666666666.0,-222222222.0,38461
12711,21.2,3.9,38462
12712,19.0,3.5,38463
12713,31.1,4.6,38464
12714,9.0,-333333333.0,38468
12715,27.4,9.7,38469
12716,-666666666.0,-222222222.0,38471
12717,21.4,6.3,38472
12718,32.5,21.8,38473
12719,23.3,7.6,38474
12720,-666666666.0,-222222222.0,38475
12721,-666666666.0,-222222222.0,38476
12722,36.7,12.2,38477
12723,23.2,2.7,38478
12724,28.8,7.6,38481
12725,-666666666.0,-222222222.0,38482
12726,28.0,8.0,38483
12727,35.1,11.7,38485
12728,-666666666.0,-222222222.0,38486
12729,-666666666.0,-222222222.0,38487
12730,19.6,12.3,38488
12731,30.7,3.3,38501
12732,-666666666.0,-222222222.0,38503
12733,-666666666.0,-222222222.0,38504
12734,-666666666.0,-222222222.0,38505
12735,26.3,3.7,38506
12736,36.3,14.7,38541
12737,-666666666.0,-222222222.0,38542
12738,-666666666.0,-222222222.0,38543
12739,27.8,6.6,38544
12740,17.9,1.0,38545
12741,-666666666.0,-222222222.0,38547
12742,15.6,5.2,38548
12743,22.3,7.3,38549
12744,-666666666.0,-222222222.0,38550
12745,20.6,4.2,38551
12746,-666666666.0,-222222222.0,38552
12747,-666666666.0,-222222222.0,38553
12748,-666666666.0,-222222222.0,38554
12749,24.5,1.7,38555
12750,28.3,4.9,38556
12751,30.2,11.8,38558
12752,38.6,19.3,38559
12753,15.7,4.6,38560
12754,32.8,9.7,38562
12755,26.5,2.4,38563
12756,-666666666.0,-222222222.0,38564
12757,-666666666.0,-222222222.0,38565
12758,-666666666.0,-222222222.0,38567
12759,26.5,14.2,38568
12760,-666666666.0,-222222222.0,38569
12761,27.5,6.2,38570
12762,19.5,5.2,38571
12763,17.5,9.6,38572
12764,14.1,3.1,38573
12765,35.2,13.0,38574
12766,-666666666.0,-222222222.0,38575
12767,-666666666.0,-222222222.0,38577
12768,40.8,36.1,38578
12769,51.0,-333333333.0,38579
12770,23.6,26.8,38580
12771,21.2,25.4,38581
12772,-666666666.0,-222222222.0,38582
12773,25.4,3.2,38583
12774,19.8,13.3,38585
12775,29.8,12.8,38587
12776,23.0,6.7,38588
12777,-666666666.0,-222222222.0,38589
12778,22.5,32.8,38601
12779,21.1,14.3,38603
12780,32.9,2.7,38606
12781,18.2,9.2,38610
12782,40.6,10.7,38611
12783,31.9,3.6,38614
12784,27.7,5.2,38617
12785,37.3,16.4,38618
12786,26.0,5.0,38619
12787,37.4,2.7,38620
12788,20.8,5.6,38621
12789,28.4,18.9,38622
12790,-666666666.0,-222222222.0,38623
12791,-666666666.0,-222222222.0,38625
12792,51.0,-333333333.0,38626
12793,-666666666.0,-222222222.0,38627
12794,22.5,24.8,38629
12795,38.5,13.4,38631
12796,31.3,3.0,38632
12797,31.0,11.7,38633
12798,32.1,6.5,38635
12799,33.5,3.7,38637
12800,30.5,5.1,38639
12801,-666666666.0,-222222222.0,38641
12802,14.3,15.0,38642
12803,26.3,4.1,38643
12804,-666666666.0,-222222222.0,38644
12805,26.8,5.3,38645
12806,36.3,10.3,38646
12807,-666666666.0,-222222222.0,38647
12808,17.6,2.7,38650
12809,28.6,7.9,38651
12810,28.6,3.8,38652
12811,27.5,2.7,38654
12812,32.1,3.2,38655
12813,13.0,21.8,38658
12814,51.0,-333333333.0,38659
12815,-666666666.0,-222222222.0,38661
12816,25.9,7.2,38663
12817,29.4,5.5,38664
12818,38.2,8.7,38665
12819,26.7,8.4,38666
12820,29.7,6.4,38668
12821,51.0,-333333333.0,38670
12822,32.6,3.4,38671
12823,21.9,2.8,38672
12824,-666666666.0,-222222222.0,38673
12825,-666666666.0,-222222222.0,38674
12826,46.0,17.9,38676
12827,-666666666.0,-222222222.0,38677
12828,34.5,2.8,38680
12829,25.7,7.0,38683
12830,-666666666.0,-222222222.0,38685
12831,32.9,2.2,38701
12832,28.6,5.6,38703
12833,51.0,-333333333.0,38720
12834,34.7,16.2,38721
12835,36.7,9.1,38722
12836,-666666666.0,-222222222.0,38723
12837,33.4,10.4,38725
12838,30.7,20.3,38726
12839,13.3,5.6,38730
12840,-666666666.0,-222222222.0,38731
12841,34.1,4.0,38732
12842,-666666666.0,-222222222.0,38733
12843,11.3,20.7,38736
12844,38.3,5.0,38737
12845,-666666666.0,-222222222.0,38738
12846,23.8,23.2,38740
12847,-666666666.0,-222222222.0,38744
12848,-666666666.0,-222222222.0,38745
12849,14.5,18.0,38746
12850,36.4,19.1,38748
12851,33.1,3.6,38751
12852,19.6,7.2,38753
12853,33.5,10.3,38754
12854,46.3,18.4,38756
12855,28.1,26.9,38759
12856,51.0,-333333333.0,38760
12857,37.0,30.6,38761
12858,29.4,12.1,38762
12859,23.1,1.9,38764
12860,-666666666.0,-222222222.0,38765
12861,-666666666.0,-222222222.0,38767
12862,-666666666.0,-222222222.0,38768
12863,40.0,10.4,38769
12864,32.6,5.4,38771
12865,-666666666.0,-222222222.0,38772
12866,28.9,8.9,38773
12867,51.0,-333333333.0,38774
12868,-666666666.0,-222222222.0,38776
12869,29.3,4.0,38778
12870,51.0,-333333333.0,38781
12871,32.1,1.8,38801
12872,36.3,5.5,38804
12873,31.4,10.8,38821
12874,26.9,11.2,38824
12875,15.0,8.9,38826
12876,51.0,-333333333.0,38827
12877,23.5,12.1,38828
12878,21.3,1.9,38829
12879,29.3,22.2,38833
12880,27.0,3.1,38834
12881,-666666666.0,-222222222.0,38838
12882,23.5,3.6,38839
12883,25.0,10.9,38841
12884,24.2,6.5,38843
12885,-666666666.0,-222222222.0,38844
12886,37.8,17.0,38846
12887,14.1,2.3,38847
12888,-666666666.0,-222222222.0,38848
12889,27.7,4.3,38849
12890,26.1,14.7,38850
12891,26.1,6.6,38851
12892,30.9,8.9,38852
12893,25.5,11.0,38855
12894,18.7,4.9,38856
12895,20.5,4.8,38857
12896,51.0,-333333333.0,38858
12897,-666666666.0,-222222222.0,38859
12898,25.1,6.3,38860
12899,31.6,33.3,38862
12900,31.9,4.2,38863
12901,-666666666.0,-222222222.0,38864
12902,26.3,18.4,38865
12903,36.3,15.3,38866
12904,37.1,21.9,38868
12905,18.3,23.7,38869
12906,17.7,6.3,38870
12907,18.9,3.4,38871
12908,27.5,14.0,38873
12909,32.5,8.8,38876
12910,27.3,10.5,38878
12911,-666666666.0,-222222222.0,38879
12912,30.0,4.3,38901
12913,-666666666.0,-222222222.0,38913
12914,-666666666.0,-222222222.0,38914
12915,27.7,4.7,38915
12916,31.5,3.2,38916
12917,17.9,4.4,38917
12918,-666666666.0,-222222222.0,38920
12919,29.8,11.0,38921
12920,25.7,10.3,38922
12921,-666666666.0,-222222222.0,38923
12922,43.2,22.0,38924
12923,21.8,41.9,38925
12924,-666666666.0,-222222222.0,38927
12925,45.0,12.0,38928
12926,42.6,30.6,38929
12927,30.8,3.9,38930
12928,23.3,22.5,38940
12929,19.2,7.8,38941
12930,-666666666.0,-222222222.0,38943
12931,-666666666.0,-222222222.0,38944
12932,51.0,-333333333.0,38946
12933,-666666666.0,-222222222.0,38947
12934,51.0,-333333333.0,38948
12935,-666666666.0,-222222222.0,38949
12936,-666666666.0,-222222222.0,38950
12937,31.8,14.9,38951
12938,-666666666.0,-222222222.0,38952
12939,-666666666.0,-222222222.0,38953
12940,51.0,-333333333.0,38954
12941,19.5,22.0,38957
12942,-666666666.0,-222222222.0,38961
12943,-666666666.0,-222222222.0,38962
12944,28.2,6.2,38963
12945,-666666666.0,-222222222.0,38964
12946,23.8,8.2,38965
12947,26.9,3.1,38966
12948,51.0,-333333333.0,38967
12949,26.6,5.2,39038
12950,-666666666.0,-222222222.0,39039
12951,26.5,9.2,39040
12952,21.8,10.9,39041
12953,24.2,2.2,39042
12954,18.7,14.1,39044
12955,-666666666.0,-222222222.0,39045
12956,32.7,1.4,39046
12957,27.6,6.0,39047
12958,26.4,7.7,39051
12959,-666666666.0,-222222222.0,39054
12960,29.7,2.9,39056
12961,51.0,-333333333.0,39057
12962,-666666666.0,-222222222.0,39058
12963,37.5,5.7,39059
12964,-666666666.0,-222222222.0,39061
12965,29.3,7.5,39062
12966,42.0,20.5,39063
12967,19.8,13.1,39066
12968,-666666666.0,-222222222.0,39067
12969,29.8,12.9,39069
12970,19.6,12.5,39071
12971,49.8,23.6,39073
12972,26.9,4.0,39074
12973,27.2,11.2,39078
12974,40.1,21.1,39079
12975,-666666666.0,-222222222.0,39082
12976,26.1,4.4,39083
12977,-666666666.0,-222222222.0,39086
12978,-666666666.0,-222222222.0,39088
12979,31.0,7.9,39090
12980,9.0,-333333333.0,39092
12981,22.9,0.9,39094
12982,24.4,16.1,39095
12983,9.0,-333333333.0,39096
12984,51.0,-333333333.0,39097
12985,33.1,35.9,39108
12986,18.9,5.5,39110
12987,29.4,8.6,39111
12988,22.7,7.6,39113
12989,26.5,4.7,39114
12990,-666666666.0,-222222222.0,39115
12991,12.6,0.5,39116
12992,28.5,6.3,39117
12993,37.3,14.4,39119
12994,29.4,2.2,39120
12995,30.8,24.0,39140
12996,-666666666.0,-222222222.0,39144
12997,23.4,12.8,39145
12998,51.0,-333333333.0,39146
12999,-666666666.0,-222222222.0,39148
13000,-666666666.0,-222222222.0,39149
13001,34.1,9.0,39150
13002,-666666666.0,-222222222.0,39152
13003,14.4,8.8,39153
13004,51.0,-333333333.0,39154
13005,-666666666.0,-222222222.0,39156
13006,32.0,2.7,39157
13007,19.3,11.7,39159
13008,9.0,-333333333.0,39160
13009,-666666666.0,-222222222.0,39162
13010,33.1,41.6,39166
13011,-666666666.0,-222222222.0,39167
13012,35.3,22.1,39168
13013,30.6,10.8,39169
13014,23.7,23.9,39170
13015,-666666666.0,-222222222.0,39173
13016,-666666666.0,-222222222.0,39174
13017,23.4,4.7,39175
13018,23.1,6.6,39176
13019,-666666666.0,-222222222.0,39177
13020,9.0,-333333333.0,39179
13021,28.0,2.2,39180
13022,30.3,5.5,39183
13023,28.5,4.8,39189
13024,22.2,7.4,39191
13025,-666666666.0,-222222222.0,39192
13026,-666666666.0,-222222222.0,39193
13027,33.9,7.8,39194
13028,24.3,8.1,39201
13029,28.4,2.2,39202
13030,39.9,12.1,39203
13031,35.9,6.2,39204
13032,38.2,5.1,39206
13033,33.0,3.2,39208
13034,36.7,4.4,39209
13035,-666666666.0,-222222222.0,39210
13036,32.4,2.4,39211
13037,38.6,7.1,39212
13038,37.6,2.8,39213
13039,37.3,26.8,39216
13040,-666666666.0,-222222222.0,39217
13041,41.1,15.2,39218
13042,32.1,11.0,39232
13043,-666666666.0,-222222222.0,39269
13044,27.2,9.7,39272
13045,26.4,2.6,39301
13046,33.2,7.7,39305
13047,43.2,9.1,39307
13048,-666666666.0,-222222222.0,39309
13049,18.1,7.9,39320
13050,-666666666.0,-222222222.0,39322
13051,31.5,3.2,39323
13052,-666666666.0,-222222222.0,39324
13053,51.0,-333333333.0,39325
13054,-666666666.0,-222222222.0,39326
13055,25.3,10.7,39327
13056,12.6,19.0,39328
13057,51.0,-333333333.0,39330
13058,21.2,11.7,39332
13059,19.5,24.6,39335
13060,9.0,-333333333.0,39336
13061,-666666666.0,-222222222.0,39337
13062,18.3,2.9,39338
13063,31.2,4.5,39339
13064,51.0,-333333333.0,39341
13065,24.3,28.9,39342
13066,22.3,6.5,39345
13067,18.3,11.8,39346
13068,23.9,18.7,39347
13069,-666666666.0,-222222222.0,39348
13070,29.5,9.2,39350
13071,-666666666.0,-222222222.0,39352
13072,-666666666.0,-222222222.0,39354
13073,51.0,-333333333.0,39355
13074,-666666666.0,-222222222.0,39356
13075,44.8,4.9,39358
13076,27.7,2.9,39359
13077,25.2,16.1,39360
13078,42.5,49.3,39361
13079,51.0,-333333333.0,39362
13080,41.0,32.6,39363
13081,28.9,37.0,39364
13082,23.9,7.3,39365
13083,-666666666.0,-222222222.0,39366
13084,40.1,7.1,39367
13085,31.1,2.2,39401
13086,27.8,3.9,39402
13087,-666666666.0,-222222222.0,39406
13088,19.0,34.4,39421
13089,21.3,6.3,39422
13090,31.7,22.5,39423
13091,23.2,4.8,39425
13092,40.6,10.8,39426
13093,-666666666.0,-222222222.0,39427
13094,27.0,4.0,39428
13095,25.9,3.5,39429
13096,35.4,14.1,39437
13097,39.0,40.7,39439
13098,30.2,3.3,39440
13099,29.3,6.9,39443
13100,30.3,27.3,39451
13101,22.6,2.3,39452
13102,41.3,15.6,39455
13103,32.4,2.3,39456
13104,23.0,9.7,39459
13105,-666666666.0,-222222222.0,39461
13106,39.0,36.6,39462
13107,-666666666.0,-222222222.0,39464
13108,25.0,4.1,39465
13109,29.6,5.9,39466
13110,23.0,3.0,39470
13111,36.8,8.1,39474
13112,34.5,17.9,39475
13113,30.9,6.7,39476
13114,23.5,14.0,39477
13115,41.8,36.3,39478
13116,9.0,-333333333.0,39479
13117,38.4,9.5,39480
13118,51.0,-333333333.0,39481
13119,19.2,6.0,39482
13120,32.9,4.6,39483
13121,37.2,4.2,39501
13122,32.0,5.2,39503
13123,30.7,4.3,39507
13124,31.5,5.4,39520
13125,37.9,5.0,39525
13126,-666666666.0,-222222222.0,39529
13127,35.1,7.2,39530
13128,27.8,1.5,39531
13129,30.6,2.7,39532
13130,-666666666.0,-222222222.0,39534
13131,25.5,3.0,39540
13132,33.1,11.7,39553
13133,25.2,29.6,39556
13134,29.6,3.6,39560
13135,19.3,42.6,39561
13136,24.3,14.8,39562
13137,32.7,3.5,39563
13138,26.0,2.4,39564
13139,25.9,9.1,39565
13140,33.2,6.5,39567
13141,24.8,3.4,39571
13142,-666666666.0,-222222222.0,39572
13143,18.5,13.1,39573
13144,36.6,5.5,39574
13145,31.8,10.1,39576
13146,29.2,8.8,39577
13147,40.6,8.8,39581
13148,-666666666.0,-222222222.0,39595
13149,30.1,6.8,39601
13150,25.4,9.5,39629
13151,29.0,7.7,39630
13152,27.3,43.5,39631
13153,36.9,9.3,39633
13154,-666666666.0,-222222222.0,39635
13155,32.8,2.3,39638
13156,23.2,9.9,39641
13157,9.0,-333333333.0,39643
13158,42.8,12.8,39645
13159,-666666666.0,-222222222.0,39647
13160,28.1,3.8,39648
13161,29.8,21.0,39652
13162,9.0,-333333333.0,39653
13163,32.2,20.4,39654
13164,-666666666.0,-222222222.0,39656
13165,51.0,-333333333.0,39657
13166,24.4,3.7,39661
13167,19.8,92.4,39662
13168,38.3,4.6,39663
13169,19.4,58.9,39664
13170,-666666666.0,-222222222.0,39665
13171,32.0,7.8,39666
13172,29.6,10.1,39667
13173,-666666666.0,-222222222.0,39668
13174,37.0,2.2,39669
13175,30.4,9.2,39701
13176,34.7,3.0,39702
13177,23.2,2.6,39705
13178,30.6,18.2,39730
13179,25.0,9.4,39735
13180,26.1,8.8,39736
13181,-666666666.0,-222222222.0,39737
13182,33.5,20.9,39739
13183,18.8,2.6,39740
13184,18.0,17.2,39741
13185,24.6,12.6,39743
13186,29.1,5.5,39744
13187,17.8,1.2,39745
13188,17.8,2.1,39746
13189,20.0,3.8,39747
13190,26.2,2.4,39750
13191,17.1,8.1,39751
13192,32.7,7.4,39752
13193,-666666666.0,-222222222.0,39753
13194,-666666666.0,-222222222.0,39755
13195,-666666666.0,-222222222.0,39756
13196,39.1,3.5,39759
13197,-666666666.0,-222222222.0,39762
13198,25.6,5.3,39766
13199,-666666666.0,-222222222.0,39767
13200,17.2,15.0,39769
13201,19.4,34.2,39771
13202,34.6,5.0,39772
13203,32.4,8.2,39773
13204,14.2,34.7,39776
13205,26.5,10.0,39813
13206,28.0,13.9,39815
13207,30.4,6.6,39817
13208,23.3,3.0,39819
13209,30.5,5.2,39823
13210,-666666666.0,-222222222.0,39824
13211,24.7,2.6,39825
13212,23.6,5.9,39826
13213,23.3,9.4,39827
13214,28.4,3.9,39828
13215,-666666666.0,-222222222.0,39832
13216,19.3,5.2,39834
13217,-666666666.0,-222222222.0,39836
13218,33.2,6.0,39837
13219,30.0,10.6,39840
13220,9.0,-333333333.0,39841
13221,33.1,7.7,39842
13222,21.3,13.0,39845
13223,29.4,7.1,39846
13224,26.7,4.8,39851
13225,16.8,3.4,39854
13226,44.4,20.3,39859
13227,51.0,-333333333.0,39861
13228,16.7,27.6,39862
13229,9.0,-333333333.0,39866
13230,-666666666.0,-222222222.0,39867
13231,34.3,14.6,39870
13232,18.9,42.2,39877
13233,-666666666.0,-222222222.0,39885
13234,32.3,7.7,39886
13235,18.2,3.3,39897
13236,-666666666.0,-222222222.0,40003
13237,31.6,5.0,40004
13238,32.6,12.6,40006
13239,-666666666.0,-222222222.0,40007
13240,48.3,22.1,40008
13241,25.7,3.6,40009
13242,22.3,11.6,40010
13243,26.2,4.7,40011
13244,-666666666.0,-222222222.0,40012
13245,27.1,9.6,40013
13246,27.6,4.1,40014
13247,38.5,4.9,40019
13248,-666666666.0,-222222222.0,40020
13249,-666666666.0,-222222222.0,40022
13250,31.9,1.8,40023
13251,-666666666.0,-222222222.0,40025
13252,23.1,7.5,40026
13253,29.0,3.8,40031
13254,26.4,5.4,40033
13255,-666666666.0,-222222222.0,40036
13256,25.0,16.1,40037
13257,30.8,22.3,40040
13258,44.0,20.0,40041
13259,13.7,1.9,40045
13260,-666666666.0,-222222222.0,40046
13261,22.8,2.4,40047
13262,-666666666.0,-222222222.0,40049
13263,35.9,8.1,40050
13264,27.1,5.1,40051
13265,-666666666.0,-222222222.0,40052
13266,17.3,0.5,40055
13267,31.5,9.3,40056
13268,40.8,31.6,40057
13269,-666666666.0,-222222222.0,40058
13270,30.8,6.1,40059
13271,51.0,-333333333.0,40060
13272,-666666666.0,-222222222.0,40061
13273,-666666666.0,-222222222.0,40062
13274,-666666666.0,-222222222.0,40063
13275,26.9,2.7,40065
13276,18.4,13.0,40067
13277,30.9,17.2,40068
13278,28.6,3.3,40069
13279,9.0,-333333333.0,40070
13280,27.5,2.4,40071
13281,22.5,17.8,40075
13282,17.1,9.8,40076
13283,26.1,21.8,40077
13284,50.0,32.3,40078
13285,-666666666.0,-222222222.0,40104
13286,12.3,1.4,40107
13287,27.0,6.8,40108
13288,-666666666.0,-222222222.0,40109
13289,-666666666.0,-222222222.0,40110
13290,27.9,2.4,40111
13291,-666666666.0,-222222222.0,40115
13292,19.1,15.1,40117
13293,30.0,9.4,40118
13294,-666666666.0,-222222222.0,40119
13295,19.2,1.9,40121
13296,-666666666.0,-222222222.0,40140
13297,-666666666.0,-222222222.0,40142
13298,27.7,9.1,40143
13299,-666666666.0,-222222222.0,40144
13300,25.8,11.1,40145
13301,34.5,16.8,40146
13302,27.8,5.9,40150
13303,-666666666.0,-222222222.0,40152
13304,25.7,11.6,40155
13305,-666666666.0,-222222222.0,40157
13306,22.2,2.0,40160
13307,-666666666.0,-222222222.0,40161
13308,30.3,18.9,40162
13309,33.5,7.4,40165
13310,-666666666.0,-222222222.0,40170
13311,-666666666.0,-222222222.0,40171
13312,24.3,8.3,40175
13313,-666666666.0,-222222222.0,40176
13314,44.6,26.9,40177
13315,-666666666.0,-222222222.0,40178
13316,22.9,2.4,40202
13317,33.0,2.4,40203
13318,27.1,2.2,40204
13319,27.6,2.4,40205
13320,25.0,2.1,40206
13321,26.7,2.7,40207
13322,34.2,5.9,40208
13323,29.7,67.9,40209
13324,26.1,6.0,40210
13325,38.1,3.7,40211
13326,36.4,6.9,40212
13327,30.0,3.6,40213
13328,30.7,2.7,40214
13329,28.3,2.2,40215
13330,29.9,3.9,40216
13331,27.4,5.9,40217
13332,30.5,2.7,40218
13333,28.9,2.1,40219
13334,26.9,2.4,40220
13335,-666666666.0,-222222222.0,40221
13336,26.6,2.3,40222
13337,24.3,2.8,40223
13338,27.7,1.9,40228
13339,24.7,3.6,40229
13340,-666666666.0,-222222222.0,40231
13341,28.8,3.6,40241
13342,32.3,6.4,40242
13343,31.9,5.3,40243
13344,32.7,4.1,40245
13345,25.6,12.4,40258
13346,25.8,4.3,40272
13347,-666666666.0,-222222222.0,40280
13348,29.4,2.4,40291
13349,25.1,2.6,40299
13350,32.5,14.8,40310
13351,22.9,6.3,40311
13352,33.2,7.6,40312
13353,22.4,12.7,40313
13354,-666666666.0,-222222222.0,40316
13355,25.9,11.7,40322
13356,27.2,1.5,40324
13357,9.0,-333333333.0,40328
13358,23.5,4.9,40330
13359,-666666666.0,-222222222.0,40334
13360,25.5,6.0,40336
13361,17.2,5.5,40337
13362,-666666666.0,-222222222.0,40339
13363,28.2,5.4,40342
13364,26.5,2.6,40346
13365,19.6,15.3,40347
13366,51.0,-333333333.0,40348
13367,-666666666.0,-222222222.0,40350
13368,29.0,4.8,40351
13369,23.7,2.0,40353
13370,-666666666.0,-222222222.0,40355
13371,26.9,2.9,40356
13372,51.0,-333333333.0,40357
13373,51.0,-333333333.0,40358
13374,24.5,4.0,40359
13375,21.3,3.9,40360
13376,24.7,3.2,40361
13377,-666666666.0,-222222222.0,40363
13378,14.7,5.0,40370
13379,44.6,34.1,40371
13380,13.3,15.5,40372
13381,32.1,5.7,40374
13382,-666666666.0,-222222222.0,40376
13383,25.7,9.6,40379
13384,38.0,12.9,40380
13385,29.5,3.5,40383
13386,40.7,29.9,40385
13387,51.0,-333333333.0,40387
13388,21.6,2.5,40390
13389,30.5,2.4,40391
13390,20.4,46.7,40402
13391,27.4,3.0,40403
13392,-666666666.0,-222222222.0,40404
13393,23.4,6.0,40409
13394,22.5,9.3,40419
13395,29.5,4.0,40422
13396,-666666666.0,-222222222.0,40434
13397,24.1,6.3,40437
13398,34.6,47.2,40440
13399,-666666666.0,-222222222.0,40442
13400,31.1,11.1,40444
13401,32.5,10.7,40445
13402,28.7,7.7,40447
13403,-666666666.0,-222222222.0,40448
13404,26.8,8.0,40456
13405,18.1,72.2,40460
13406,29.9,13.9,40461
13407,-666666666.0,-222222222.0,40464
13408,22.1,0.9,40468
13409,23.8,28.5,40472
13410,28.0,1.4,40475
13411,-666666666.0,-222222222.0,40481
13412,28.7,4.4,40484
13413,22.2,2.9,40486
13414,14.5,33.9,40489
13415,28.9,2.1,40502
13416,30.2,2.5,40503
13417,27.7,3.1,40504
13418,32.8,4.9,40505
13419,28.8,4.0,40507
13420,39.5,7.1,40508
13421,30.7,2.6,40509
13422,26.0,17.7,40510
13423,28.4,4.2,40511
13424,21.9,4.9,40513
13425,24.1,2.9,40514
13426,28.1,2.0,40515
13427,29.3,7.0,40516
13428,31.6,1.9,40517
13429,-666666666.0,-222222222.0,40526
13430,-666666666.0,-222222222.0,40536
13431,27.3,2.0,40601
13432,27.7,2.7,40701
13433,24.8,18.4,40729
13434,29.7,19.2,40734
13435,33.8,15.4,40737
13436,37.8,13.0,40740
13437,25.3,3.8,40741
13438,19.3,5.3,40744
13439,30.9,20.4,40759
13440,39.1,41.7,40763
13441,30.0,6.4,40769
13442,33.4,32.7,40771
13443,-666666666.0,-222222222.0,40801
13444,-666666666.0,-222222222.0,40803
13445,51.0,-333333333.0,40806
13446,14.2,3.6,40807
13447,-666666666.0,-222222222.0,40808
13448,9.0,-333333333.0,40810
13449,9.0,-333333333.0,40813
13450,-666666666.0,-222222222.0,40815
13451,-666666666.0,-222222222.0,40816
13452,-666666666.0,-222222222.0,40818
13453,-666666666.0,-222222222.0,40819
13454,-666666666.0,-222222222.0,40820
13455,28.7,15.3,40823
13456,18.8,13.0,40824
13457,-666666666.0,-222222222.0,40826
13458,-666666666.0,-222222222.0,40827
13459,25.4,11.6,40828
13460,-666666666.0,-222222222.0,40829
13461,-666666666.0,-222222222.0,40830
13462,32.3,5.0,40831
13463,-666666666.0,-222222222.0,40840
13464,-666666666.0,-222222222.0,40843
13465,-666666666.0,-222222222.0,40844
13466,44.8,1.1,40845
13467,-666666666.0,-222222222.0,40847
13468,-666666666.0,-222222222.0,40849
13469,22.1,26.4,40854
13470,44.6,3.2,40855
13471,22.2,16.9,40856
13472,-666666666.0,-222222222.0,40858
13473,21.5,8.8,40862
13474,-666666666.0,-222222222.0,40863
13475,-666666666.0,-222222222.0,40865
13476,-666666666.0,-222222222.0,40868
13477,-666666666.0,-222222222.0,40870
13478,37.0,19.5,40873
13479,-666666666.0,-222222222.0,40874
13480,19.3,4.9,40902
13481,-666666666.0,-222222222.0,40903
13482,30.9,4.7,40906
13483,33.4,3.3,40913
13484,-666666666.0,-222222222.0,40914
13485,-666666666.0,-222222222.0,40915
13486,-666666666.0,-222222222.0,40921
13487,-666666666.0,-222222222.0,40923
13488,32.5,80.9,40927
13489,51.0,-333333333.0,40935
13490,-666666666.0,-222222222.0,40939
13491,-666666666.0,-222222222.0,40940
13492,18.5,30.0,40941
13493,18.2,20.1,40943
13494,-666666666.0,-222222222.0,40946
13495,-666666666.0,-222222222.0,40949
13496,-666666666.0,-222222222.0,40953
13497,-666666666.0,-222222222.0,40958
13498,41.5,21.4,40962
13499,-666666666.0,-222222222.0,40964
13500,34.8,2.9,40965
13501,-666666666.0,-222222222.0,40972
13502,28.5,4.7,40977
13503,-666666666.0,-222222222.0,40979
13504,-666666666.0,-222222222.0,40981
13505,-666666666.0,-222222222.0,40982
13506,-666666666.0,-222222222.0,40983
13507,-666666666.0,-222222222.0,40988
13508,-666666666.0,-222222222.0,40995
13509,-666666666.0,-222222222.0,40997
13510,24.8,11.3,41001
13511,24.3,9.6,41002
13512,14.8,30.9,41003
13513,23.4,12.2,41004
13514,23.6,3.6,41005
13515,20.1,20.6,41006
13516,16.8,8.2,41007
13517,23.4,9.3,41008
13518,51.0,-333333333.0,41010
13519,29.8,2.4,41011
13520,29.6,6.5,41014
13521,24.0,5.1,41015
13522,20.0,5.0,41016
13523,25.6,2.3,41017
13524,28.1,2.9,41018
13525,23.4,3.3,41030
13526,26.8,4.1,41031
13527,9.0,-333333333.0,41033
13528,21.4,5.6,41034
13529,21.0,7.1,41035
13530,23.4,20.2,41039
13531,28.3,10.9,41040
13532,33.5,6.7,41041
13533,27.2,1.9,41042
13534,11.8,1.9,41043
13535,21.9,10.9,41044
13536,43.8,12.6,41045
13537,27.9,27.5,41046
13538,24.0,3.5,41048
13539,-666666666.0,-222222222.0,41049
13540,26.0,3.7,41051
13541,-666666666.0,-222222222.0,41052
13542,16.1,2.8,41055
13543,26.9,3.5,41056
13544,24.0,6.2,41059
13545,30.8,28.1,41063
13546,20.0,24.7,41064
13547,28.2,2.4,41071
13548,31.9,1.8,41073
13549,32.2,3.1,41074
13550,27.4,3.6,41075
13551,34.5,5.0,41076
13552,-666666666.0,-222222222.0,41080
13553,41.4,28.2,41083
13554,14.8,36.2,41085
13555,14.7,18.0,41086
13556,23.4,4.0,41091
13557,23.0,8.4,41092
13558,-666666666.0,-222222222.0,41093
13559,27.6,3.6,41094
13560,22.1,4.6,41095
13561,28.5,5.1,41097
13562,49.0,31.9,41098
13563,28.8,2.7,41101
13564,27.5,7.4,41102
13565,-666666666.0,-222222222.0,41121
13566,9.0,-333333333.0,41124
13567,33.7,16.6,41129
13568,-666666666.0,-222222222.0,41132
13569,-666666666.0,-222222222.0,41135
13570,30.7,11.6,41139
13571,19.1,17.9,41141
13572,-666666666.0,-222222222.0,41142
13573,30.1,8.1,41143
13574,27.7,3.3,41144
13575,-666666666.0,-222222222.0,41146
13576,-666666666.0,-222222222.0,41149
13577,51.0,-333333333.0,41159
13578,24.4,6.5,41164
13579,-666666666.0,-222222222.0,41166
13580,51.0,-333333333.0,41168
13581,25.6,6.3,41169
13582,34.3,19.2,41171
13583,-666666666.0,-222222222.0,41174
13584,42.8,10.8,41175
13585,21.8,4.1,41179
13586,44.6,20.8,41180
13587,-666666666.0,-222222222.0,41181
13588,17.9,0.9,41183
13589,20.7,3.9,41189
13590,-666666666.0,-222222222.0,41201
13591,-666666666.0,-222222222.0,41203
13592,-666666666.0,-222222222.0,41204
13593,-666666666.0,-222222222.0,41214
13594,-666666666.0,-222222222.0,41216
13595,18.4,4.8,41219
13596,28.4,40.2,41222
13597,41.9,17.5,41224
13598,-666666666.0,-222222222.0,41226
13599,29.9,3.4,41230
13600,51.0,-333333333.0,41231
13601,-666666666.0,-222222222.0,41232
13602,-666666666.0,-222222222.0,41234
13603,19.5,13.7,41238
13604,27.4,3.6,41240
13605,-666666666.0,-222222222.0,41250
13606,-666666666.0,-222222222.0,41254
13607,-666666666.0,-222222222.0,41255
13608,37.9,25.0,41256
13609,38.3,9.5,41257
13610,14.2,14.0,41260
13611,-666666666.0,-222222222.0,41262
13612,-666666666.0,-222222222.0,41263
13613,-666666666.0,-222222222.0,41264
13614,36.4,30.4,41265
13615,38.1,5.0,41267
13616,-666666666.0,-222222222.0,41268
13617,-666666666.0,-222222222.0,41271
13618,44.7,6.2,41274
13619,33.0,10.9,41301
13620,-666666666.0,-222222222.0,41310
13621,32.8,4.2,41311
13622,27.5,9.0,41314
13623,-666666666.0,-222222222.0,41317
13624,26.9,6.6,41332
13625,31.2,3.8,41339
13626,13.6,3.7,41348
13627,-666666666.0,-222222222.0,41351
13628,-666666666.0,-222222222.0,41352
13629,-666666666.0,-222222222.0,41360
13630,-666666666.0,-222222222.0,41364
13631,-666666666.0,-222222222.0,41365
13632,-666666666.0,-222222222.0,41366
13633,-666666666.0,-222222222.0,41367
13634,-666666666.0,-222222222.0,41385
13635,-666666666.0,-222222222.0,41386
13636,-666666666.0,-222222222.0,41390
13637,-666666666.0,-222222222.0,41397
13638,-666666666.0,-222222222.0,41408
13639,-666666666.0,-222222222.0,41421
13640,18.2,4.0,41425
13641,45.0,18.5,41464
13642,35.6,18.8,41465
13643,26.3,5.3,41472
13644,29.8,3.8,41501
13645,17.7,13.9,41503
13646,-666666666.0,-222222222.0,41512
13647,-666666666.0,-222222222.0,41513
13648,31.5,14.4,41514
13649,-666666666.0,-222222222.0,41517
13650,-666666666.0,-222222222.0,41519
13651,26.0,12.4,41522
13652,-666666666.0,-222222222.0,41524
13653,-666666666.0,-222222222.0,41526
13654,-666666666.0,-222222222.0,41527
13655,-666666666.0,-222222222.0,41528
13656,-666666666.0,-222222222.0,41531
13657,-666666666.0,-222222222.0,41534
13658,-666666666.0,-222222222.0,41535
13659,29.2,2.4,41537
13660,-666666666.0,-222222222.0,41538
13661,9.0,-333333333.0,41539
13662,-666666666.0,-222222222.0,41540
13663,-666666666.0,-222222222.0,41543
13664,-666666666.0,-222222222.0,41544
13665,-666666666.0,-222222222.0,41547
13666,-666666666.0,-222222222.0,41548
13667,18.9,8.8,41553
13668,-666666666.0,-222222222.0,41554
13669,-666666666.0,-222222222.0,41555
13670,9.0,-333333333.0,41557
13671,43.6,30.9,41558
13672,-666666666.0,-222222222.0,41559
13673,-666666666.0,-222222222.0,41560
13674,51.0,-333333333.0,41562
13675,-666666666.0,-222222222.0,41563
13676,-666666666.0,-222222222.0,41564
13677,-666666666.0,-222222222.0,41566
13678,-666666666.0,-222222222.0,41567
13679,-666666666.0,-222222222.0,41568
13680,-666666666.0,-222222222.0,41571
13681,36.6,24.9,41572
13682,27.5,31.9,41601
13683,-666666666.0,-222222222.0,41602
13684,26.0,28.9,41603
13685,-666666666.0,-222222222.0,41604
13686,51.0,-333333333.0,41605
13687,-666666666.0,-222222222.0,41606
13688,-666666666.0,-222222222.0,41607
13689,-666666666.0,-222222222.0,41612
13690,-666666666.0,-222222222.0,41615
13691,51.0,-333333333.0,41616
13692,37.9,19.0,41619
13693,-666666666.0,-222222222.0,41621
13694,-666666666.0,-222222222.0,41622
13695,13.2,4.3,41630
13696,-666666666.0,-222222222.0,41631
13697,-666666666.0,-222222222.0,41632
13698,20.0,12.3,41635
13699,18.4,20.1,41636
13700,-666666666.0,-222222222.0,41640
13701,-666666666.0,-222222222.0,41642
13702,-666666666.0,-222222222.0,41643
13703,9.0,-333333333.0,41645
13704,-666666666.0,-222222222.0,41647
13705,22.6,3.1,41649
13706,-666666666.0,-222222222.0,41650
13707,31.3,3.0,41651
13708,28.8,3.8,41653
13709,-666666666.0,-222222222.0,41655
13710,-666666666.0,-222222222.0,41659
13711,-666666666.0,-222222222.0,41660
13712,-666666666.0,-222222222.0,41663
13713,13.3,22.5,41666
13714,-666666666.0,-222222222.0,41667
13715,51.0,-333333333.0,41669
13716,33.3,2.6,41701
13717,-666666666.0,-222222222.0,41712
13718,-666666666.0,-222222222.0,41713
13719,-666666666.0,-222222222.0,41714
13720,-666666666.0,-222222222.0,41719
13721,-666666666.0,-222222222.0,41721
13722,-666666666.0,-222222222.0,41722
13723,-666666666.0,-222222222.0,41723
13724,-666666666.0,-222222222.0,41725
13725,-666666666.0,-222222222.0,41727
13726,-666666666.0,-222222222.0,41729
13727,22.7,23.4,41731
13728,-666666666.0,-222222222.0,41735
13729,-666666666.0,-222222222.0,41739
13730,-666666666.0,-222222222.0,41740
13731,-666666666.0,-222222222.0,41745
13732,-666666666.0,-222222222.0,41746
13733,28.9,7.3,41749
13734,-666666666.0,-222222222.0,41751
13735,-666666666.0,-222222222.0,41754
13736,-666666666.0,-222222222.0,41759
13737,-666666666.0,-222222222.0,41760
13738,-666666666.0,-222222222.0,41762
13739,14.7,46.5,41763
13740,-666666666.0,-222222222.0,41764
13741,-666666666.0,-222222222.0,41766
13742,-666666666.0,-222222222.0,41772
13743,16.7,10.7,41773
13744,18.8,11.9,41774
13745,-666666666.0,-222222222.0,41775
13746,-666666666.0,-222222222.0,41776
13747,-666666666.0,-222222222.0,41777
13748,-666666666.0,-222222222.0,41778
13749,-666666666.0,-222222222.0,41804
13750,-666666666.0,-222222222.0,41810
13751,-666666666.0,-222222222.0,41812
13752,-666666666.0,-222222222.0,41815
13753,-666666666.0,-222222222.0,41817
13754,-666666666.0,-222222222.0,41819
13755,-666666666.0,-222222222.0,41821
13756,33.2,12.8,41822
13757,-666666666.0,-222222222.0,41824
13758,-666666666.0,-222222222.0,41825
13759,-666666666.0,-222222222.0,41826
13760,-666666666.0,-222222222.0,41828
13761,-666666666.0,-222222222.0,41831
13762,-666666666.0,-222222222.0,41832
13763,-666666666.0,-222222222.0,41833
13764,-666666666.0,-222222222.0,41834
13765,-666666666.0,-222222222.0,41835
13766,18.9,72.2,41836
13767,-666666666.0,-222222222.0,41837
13768,-666666666.0,-222222222.0,41838
13769,37.3,0.7,41839
13770,51.0,-333333333.0,41840
13771,-666666666.0,-222222222.0,41843
13772,22.6,17.7,41844
13773,-666666666.0,-222222222.0,41845
13774,-666666666.0,-222222222.0,41847
13775,-666666666.0,-222222222.0,41848
13776,-666666666.0,-222222222.0,41849
13777,-666666666.0,-222222222.0,41855
13778,28.8,14.7,41858
13779,-666666666.0,-222222222.0,41859
13780,-666666666.0,-222222222.0,41861
13781,23.8,57.0,41862
13782,29.3,3.6,42001
13783,27.1,1.8,42003
13784,15.4,9.5,42020
13785,24.3,17.4,42021
13786,-666666666.0,-222222222.0,42022
13787,25.8,9.9,42023
13788,32.0,3.0,42024
13789,30.4,6.4,42025
13790,-666666666.0,-222222222.0,42027
13791,-666666666.0,-222222222.0,42028
13792,32.3,9.3,42029
13793,22.5,2.3,42031
13794,-666666666.0,-222222222.0,42032
13795,-666666666.0,-222222222.0,42035
13796,-666666666.0,-222222222.0,42036
13797,-666666666.0,-222222222.0,42037
13798,24.8,4.8,42038
13799,31.6,15.7,42039
13800,-666666666.0,-222222222.0,42040
13801,37.2,14.2,42041
13802,22.6,24.6,42044
13803,26.3,8.0,42045
13804,-666666666.0,-222222222.0,42047
13805,30.0,50.5,42048
13806,51.0,-333333333.0,42049
13807,30.9,8.8,42050
13808,13.5,5.0,42051
13809,17.8,5.5,42053
13810,18.6,22.0,42054
13811,17.1,34.7,42055
13812,17.5,5.2,42056
13813,43.3,10.5,42058
13814,-666666666.0,-222222222.0,42060
13815,-666666666.0,-222222222.0,42061
13816,17.4,4.1,42064
13817,29.7,5.5,42066
13818,-666666666.0,-222222222.0,42069
13819,26.7,2.4,42071
13820,-666666666.0,-222222222.0,42076
13821,24.8,11.4,42078
13822,-666666666.0,-222222222.0,42079
13823,19.2,14.8,42081
13824,-666666666.0,-222222222.0,42082
13825,-666666666.0,-222222222.0,42083
13826,51.0,-333333333.0,42085
13827,14.7,5.3,42086
13828,28.8,5.2,42087
13829,20.6,7.0,42088
13830,31.4,2.3,42101
13831,28.7,4.3,42103
13832,26.9,1.9,42104
13833,9.0,-333333333.0,42120
13834,35.2,17.6,42122
13835,-666666666.0,-222222222.0,42123
13836,-666666666.0,-222222222.0,42124
13837,27.1,6.2,42127
13838,23.9,5.9,42129
13839,-666666666.0,-222222222.0,42130
13840,-666666666.0,-222222222.0,42131
13841,17.8,5.7,42133
13842,27.0,4.1,42134
13843,22.9,11.0,42140
13844,30.9,3.5,42141
13845,-666666666.0,-222222222.0,42151
13846,-666666666.0,-222222222.0,42153
13847,-666666666.0,-222222222.0,42154
13848,-666666666.0,-222222222.0,42156
13849,-666666666.0,-222222222.0,42157
13850,23.0,1.3,42159
13851,22.2,6.3,42160
13852,-666666666.0,-222222222.0,42163
13853,28.1,4.2,42164
13854,41.0,30.1,42166
13855,28.2,6.1,42167
13856,17.2,3.2,42170
13857,26.4,3.9,42171
13858,23.8,8.7,42202
13859,21.1,6.5,42204
13860,24.0,4.2,42206
13861,24.9,48.3,42207
13862,23.4,3.2,42210
13863,29.5,3.2,42211
13864,40.5,56.7,42214
13865,12.5,2.0,42215
13866,23.5,3.0,42217
13867,30.0,13.4,42220
13868,29.9,2.7,42223
13869,-666666666.0,-222222222.0,42232
13870,33.1,10.7,42234
13871,29.2,53.0,42236
13872,27.2,2.4,42240
13873,-666666666.0,-222222222.0,42252
13874,24.5,5.3,42254
13875,36.3,33.1,42256
13876,36.9,30.6,42259
13877,26.5,3.3,42261
13878,30.2,4.6,42262
13879,-666666666.0,-222222222.0,42265
13880,31.1,4.7,42266
13881,17.9,8.9,42273
13882,21.6,7.6,42274
13883,51.0,-333333333.0,42275
13884,27.2,2.3,42276
13885,-666666666.0,-222222222.0,42280
13886,-666666666.0,-222222222.0,42285
13887,19.2,8.6,42286
13888,26.5,2.7,42301
13889,26.7,2.2,42303
13890,19.1,5.2,42320
13891,-666666666.0,-222222222.0,42321
13892,-666666666.0,-222222222.0,42322
13893,29.8,30.4,42323
13894,-666666666.0,-222222222.0,42324
13895,38.5,18.3,42325
13896,-666666666.0,-222222222.0,42326
13897,25.4,11.6,42327
13898,13.4,9.5,42328
13899,20.0,12.4,42330
13900,-666666666.0,-222222222.0,42332
13901,23.9,67.9,42333
13902,18.3,4.3,42337
13903,-666666666.0,-222222222.0,42338
13904,-666666666.0,-222222222.0,42339
13905,12.1,15.6,42343
13906,-666666666.0,-222222222.0,42344
13907,27.6,3.0,42345
13908,18.9,5.8,42347
13909,27.6,2.8,42348
13910,21.8,18.7,42349
13911,18.1,2.6,42350
13912,19.0,6.4,42351
13913,30.2,19.8,42352
13914,16.9,4.2,42354
13915,29.0,27.0,42355
13916,-666666666.0,-222222222.0,42356
13917,-666666666.0,-222222222.0,42361
13918,32.2,45.3,42366
13919,27.5,15.3,42367
13920,-666666666.0,-222222222.0,42368
13921,-666666666.0,-222222222.0,42369
13922,-666666666.0,-222222222.0,42370
13923,-666666666.0,-222222222.0,42371
13924,24.1,6.3,42372
13925,-666666666.0,-222222222.0,42374
13926,22.5,24.3,42376
13927,19.4,19.6,42378
13928,18.3,5.0,42404
13929,18.4,3.3,42406
13930,32.3,2.1,42408
13931,23.6,6.5,42409
13932,36.9,14.0,42410
13933,9.0,-333333333.0,42411
13934,20.5,9.0,42413
13935,28.2,1.6,42420
13936,27.5,5.9,42431
13937,-666666666.0,-222222222.0,42436
13938,21.5,3.8,42437
13939,51.0,-333333333.0,42440
13940,34.4,24.2,42441
13941,23.5,5.3,42442
13942,-666666666.0,-222222222.0,42444
13943,27.1,5.7,42445
13944,20.3,7.8,42450
13945,51.0,-333333333.0,42451
13946,11.3,13.5,42452
13947,13.6,16.1,42453
13948,17.2,3.4,42455
13949,34.1,16.2,42456
13950,-666666666.0,-222222222.0,42458
13951,31.0,6.1,42459
13952,22.2,4.4,42461
13953,19.9,9.0,42462
13954,29.2,49.7,42463
13955,18.3,56.0,42464
13956,33.1,7.4,42501
13957,27.5,3.6,42503
13958,-666666666.0,-222222222.0,42516
13959,36.3,8.3,42518
13960,38.2,9.4,42519
13961,36.6,15.0,42528
13962,19.3,15.4,42533
13963,35.2,7.6,42539
13964,-666666666.0,-222222222.0,42541
13965,31.7,13.0,42544
13966,24.4,12.0,42553
13967,39.8,38.4,42565
13968,-666666666.0,-222222222.0,42566
13969,30.0,19.9,42567
13970,27.1,5.8,42602
13971,38.0,45.6,42603
13972,33.4,5.2,42629
13973,-666666666.0,-222222222.0,42631
13974,25.0,4.1,42633
13975,-666666666.0,-222222222.0,42634
13976,28.1,6.7,42635
13977,-666666666.0,-222222222.0,42638
13978,26.4,3.7,42642
13979,51.0,-333333333.0,42647
13980,51.0,-333333333.0,42649
13981,31.3,24.9,42653
13982,25.6,1.9,42701
13983,35.7,38.2,42712
13984,13.6,2.8,42713
13985,-666666666.0,-222222222.0,42715
13986,44.6,19.6,42716
13987,22.9,4.4,42717
13988,26.7,5.4,42718
13989,18.9,2.5,42721
13990,13.3,2.2,42722
13991,27.1,9.6,42724
13992,23.4,6.7,42726
13993,28.6,3.9,42728
13994,-666666666.0,-222222222.0,42729
13995,-666666666.0,-222222222.0,42732
13996,-666666666.0,-222222222.0,42733
13997,17.0,9.2,42740
13998,-666666666.0,-222222222.0,42741
13999,-666666666.0,-222222222.0,42742
14000,27.8,1.9,42743
14001,51.0,-333333333.0,42746
14002,40.9,19.5,42748
14003,29.6,6.9,42749
14004,-666666666.0,-222222222.0,42753
14005,21.2,5.4,42754
14006,17.8,9.3,42757
14007,-666666666.0,-222222222.0,42758
14008,-666666666.0,-222222222.0,42759
14009,-666666666.0,-222222222.0,42762
14010,-666666666.0,-222222222.0,42764
14011,20.3,7.9,42765
14012,23.3,7.1,42776
14013,14.0,16.5,42782
14014,14.4,17.0,42784
14015,-666666666.0,-222222222.0,42788
14016,30.6,42.5,43001
14017,-666666666.0,-222222222.0,43002
14018,26.1,4.7,43003
14019,25.7,2.8,43004
14020,-666666666.0,-222222222.0,43005
14021,12.8,1.4,43006
14022,-666666666.0,-222222222.0,43007
14023,13.8,7.8,43008
14024,17.5,8.2,43009
14025,9.0,-333333333.0,43010
14026,27.4,5.3,43011
14027,46.9,36.8,43013
14028,27.5,19.2,43014
14029,25.1,2.9,43015
14030,25.9,1.7,43016
14031,29.1,2.9,43017
14032,-666666666.0,-222222222.0,43018
14033,21.8,6.6,43019
14034,14.1,11.9,43021
14035,36.7,5.3,43022
14036,26.5,4.4,43023
14037,25.0,11.4,43025
14038,26.2,2.1,43026
14039,-666666666.0,-222222222.0,43027
14040,27.3,19.6,43028
14041,-666666666.0,-222222222.0,43029
14042,-666666666.0,-222222222.0,43030
14043,25.3,4.5,43031
14044,-666666666.0,-222222222.0,43032
14045,51.0,-333333333.0,43033
14046,25.5,3.7,43035
14047,20.0,28.3,43036
14048,22.3,8.0,43037
14049,25.5,2.2,43040
14050,23.8,5.2,43044
14051,18.3,1.9,43045
14052,14.2,7.0,43046
14053,-666666666.0,-222222222.0,43047
14054,28.3,4.1,43050
14055,22.0,3.3,43054
14056,26.6,1.7,43055
14057,27.2,2.9,43056
14058,25.6,7.5,43060
14059,51.0,-333333333.0,43061
14060,27.0,2.7,43062
14061,19.5,2.8,43064
14062,28.4,1.8,43065
14063,-666666666.0,-222222222.0,43066
14064,30.9,13.2,43067
14065,29.2,2.1,43068
14066,-666666666.0,-222222222.0,43070
14067,43.2,2.9,43071
14068,21.8,2.3,43072
14069,31.0,6.9,43074
14070,25.1,10.4,43076
14071,21.7,13.8,43077
14072,22.7,3.7,43078
14073,17.7,8.0,43080
14074,28.1,2.1,43081
14075,30.6,11.5,43082
14076,28.9,3.8,43084
14077,28.5,5.9,43085
14078,51.0,-333333333.0,43101
14079,36.7,34.0,43102
14080,25.7,6.6,43103
14081,35.9,9.8,43105
14082,20.2,18.7,43106
14083,34.8,18.8,43107
14084,24.0,38.6,43109
14085,28.5,1.5,43110
14086,19.3,28.0,43111
14087,23.6,10.3,43112
14088,28.1,3.0,43113
14089,34.0,9.9,43115
14090,30.8,9.5,43116
14091,-666666666.0,-222222222.0,43117
14092,27.8,2.4,43119
14093,26.5,2.2,43123
14094,28.0,4.0,43125
14095,23.0,18.8,43126
14096,-666666666.0,-222222222.0,43127
14097,27.7,3.4,43128
14098,29.4,2.2,43130
14099,23.8,16.7,43135
14100,26.0,8.3,43136
14101,31.0,15.9,43137
14102,31.2,1.8,43138
14103,29.3,3.1,43140
14104,-666666666.0,-222222222.0,43142
14105,21.6,2.1,43143
14106,11.3,4.4,43144
14107,20.7,10.1,43145
14108,28.9,9.3,43146
14109,29.0,2.2,43147
14110,25.5,5.4,43148
14111,27.6,1.5,43149
14112,19.8,8.2,43150
14113,22.3,3.1,43151
14114,-666666666.0,-222222222.0,43152
14115,16.8,10.3,43153
14116,36.3,6.5,43154
14117,51.0,-333333333.0,43155
14118,17.1,8.6,43156
14119,24.7,12.8,43157
14120,45.0,41.7,43158
14121,25.8,2.4,43160
14122,27.1,4.7,43162
14123,28.7,17.4,43164
14124,37.9,4.2,43201
14125,26.0,2.3,43202
14126,30.1,5.2,43203
14127,29.4,2.5,43204
14128,29.4,2.8,43205
14129,25.7,2.3,43206
14130,28.7,2.2,43207
14131,28.9,2.3,43209
14132,-666666666.0,-222222222.0,43210
14133,32.5,3.3,43211
14134,28.1,1.7,43212
14135,31.9,2.0,43213
14136,29.2,1.8,43214
14137,27.1,1.3,43215
14138,26.0,2.5,43217
14139,-666666666.0,-222222222.0,43218
14140,31.4,3.3,43219
14141,26.5,2.2,43220
14142,25.3,2.3,43221
14143,24.8,3.2,43222
14144,34.6,3.9,43223
14145,29.1,2.0,43224
14146,36.0,3.8,43227
14147,28.6,2.0,43228
14148,29.2,1.2,43229
14149,27.2,1.9,43230
14150,30.4,3.9,43231
14151,30.7,3.0,43232
14152,29.0,2.4,43235
14153,23.1,4.5,43240
14154,29.3,1.8,43302
14155,23.9,9.1,43310
14156,22.3,2.9,43311
14157,27.6,15.4,43314
14158,22.6,5.3,43315
14159,14.7,6.6,43316
14160,17.5,14.5,43317
14161,32.6,28.4,43318
14162,-666666666.0,-222222222.0,43319
14163,41.8,21.7,43320
14164,22.5,26.8,43321
14165,32.5,37.1,43322
14166,-666666666.0,-222222222.0,43323
14167,29.4,24.4,43324
14168,-666666666.0,-222222222.0,43325
14169,26.1,5.7,43326
14170,18.3,54.1,43330
14171,21.1,8.7,43331
14172,40.4,30.5,43332
14173,-666666666.0,-222222222.0,43333
14174,24.6,12.1,43334
14175,-666666666.0,-222222222.0,43336
14176,32.5,64.4,43337
14177,26.3,7.1,43338
14178,10.0,13.3,43340
14179,33.1,21.2,43341
14180,30.5,15.8,43342
14181,35.4,28.7,43343
14182,27.1,7.7,43344
14183,13.4,3.3,43345
14184,-666666666.0,-222222222.0,43346
14185,31.4,13.4,43347
14186,28.2,2.4,43348
14187,14.2,24.9,43350
14188,24.1,6.0,43351
14189,14.4,3.1,43356
14190,27.8,2.4,43357
14191,18.4,4.4,43358
14192,15.0,9.7,43359
14193,25.0,17.0,43360
14194,33.1,4.2,43402
14195,-666666666.0,-222222222.0,43403
14196,19.0,28.5,43406
14197,14.4,35.6,43407
14198,27.6,1.1,43408
14199,24.5,5.5,43410
14200,14.5,35.9,43412
14201,16.7,23.7,43413
14202,-666666666.0,-222222222.0,43414
14203,35.6,12.4,43416
14204,26.9,4.2,43420
14205,22.4,2.4,43430
14206,24.8,8.2,43431
14207,-666666666.0,-222222222.0,43432
14208,-666666666.0,-222222222.0,43433
14209,27.5,37.0,43434
14210,14.3,54.2,43435
14211,-666666666.0,-222222222.0,43436
14212,22.8,4.0,43437
14213,-666666666.0,-222222222.0,43438
14214,-666666666.0,-222222222.0,43439
14215,22.7,11.9,43440
14216,30.7,4.9,43442
14217,24.2,16.1,43443
14218,-666666666.0,-222222222.0,43445
14219,-666666666.0,-222222222.0,43446
14220,19.2,10.3,43447
14221,31.3,3.9,43449
14222,21.1,7.2,43450
14223,19.2,21.1,43451
14224,25.0,5.4,43452
14225,12.5,14.2,43456
14226,16.5,11.8,43457
14227,9.0,-333333333.0,43458
14228,26.6,6.1,43460
14229,23.8,4.8,43462
14230,-666666666.0,-222222222.0,43463
14231,51.0,-333333333.0,43464
14232,25.2,6.6,43465
14233,21.0,8.4,43466
14234,-666666666.0,-222222222.0,43467
14235,-666666666.0,-222222222.0,43468
14236,34.5,11.2,43469
14237,37.5,29.6,43501
14238,20.1,3.7,43502
14239,22.2,0.8,43504
14240,-666666666.0,-222222222.0,43505
14241,27.7,2.9,43506
14242,-666666666.0,-222222222.0,43510
14243,25.0,35.3,43511
14244,26.0,2.0,43512
14245,30.6,10.5,43515
14246,15.4,8.4,43516
14247,30.9,7.7,43517
14248,14.3,10.2,43518
14249,-666666666.0,-222222222.0,43519
14250,-666666666.0,-222222222.0,43520
14251,21.9,6.8,43521
14252,22.3,4.6,43522
14253,-666666666.0,-222222222.0,43523
14254,25.9,17.2,43524
14255,26.9,10.3,43525
14256,16.9,6.6,43526
14257,30.0,32.0,43527
14258,29.5,4.1,43528
14259,22.5,37.5,43529
14260,-666666666.0,-222222222.0,43530
14261,-666666666.0,-222222222.0,43531
14262,25.6,14.9,43532
14263,21.3,2.8,43533
14264,17.8,7.2,43534
14265,18.2,1.2,43535
14266,-666666666.0,-222222222.0,43536
14267,24.1,1.7,43537
14268,24.1,14.1,43540
14269,-666666666.0,-222222222.0,43541
14270,51.0,-333333333.0,43542
14271,30.2,10.5,43543
14272,22.9,4.9,43545
14273,-666666666.0,-222222222.0,43547
14274,-666666666.0,-222222222.0,43548
14275,17.5,4.7,43549
14276,24.9,1.9,43551
14277,18.6,4.1,43553
14278,28.5,7.9,43554
14279,-666666666.0,-222222222.0,43555
14280,19.2,21.9,43556
14281,20.5,11.8,43557
14282,18.5,3.5,43558
14283,24.6,3.2,43560
14284,50.0,49.1,43565
14285,27.0,2.8,43566
14286,22.5,2.9,43567
14287,19.3,7.4,43569
14288,23.6,2.4,43570
14289,25.7,16.8,43571
14290,27.9,1.5,43604
14291,29.3,5.1,43605
14292,24.8,2.5,43606
14293,31.9,3.2,43607
14294,43.3,7.1,43608
14295,31.8,5.2,43609
14296,33.8,21.6,43610
14297,22.4,5.9,43611
14298,29.6,3.1,43612
14299,25.9,3.5,43613
14300,28.0,4.2,43614
14301,28.4,1.8,43615
14302,26.3,2.4,43616
14303,27.6,16.7,43617
14304,31.1,11.4,43619
14305,27.6,1.9,43620
14306,24.8,3.7,43623
14307,28.0,2.4,43701
14308,-666666666.0,-222222222.0,43711
14309,43.1,16.2,43713
14310,28.2,21.6,43716
14311,18.9,49.5,43717
14312,26.5,2.9,43718
14313,28.4,4.4,43719
14314,-666666666.0,-222222222.0,43720
14315,-666666666.0,-222222222.0,43721
14316,-666666666.0,-222222222.0,43722
14317,28.9,6.9,43723
14318,19.8,3.2,43724
14319,29.5,3.6,43725
14320,-666666666.0,-222222222.0,43727
14321,23.2,20.6,43728
14322,31.3,4.4,43730
14323,22.0,7.6,43731
14324,21.8,4.2,43732
14325,-666666666.0,-222222222.0,43733
14326,-666666666.0,-222222222.0,43734
14327,-666666666.0,-222222222.0,43735
14328,-666666666.0,-222222222.0,43736
14329,-666666666.0,-222222222.0,43738
14330,42.6,29.2,43739
14331,18.8,12.2,43740
14332,47.4,20.0,43746
14333,51.0,-333333333.0,43747
14334,22.8,22.2,43748
14335,-666666666.0,-222222222.0,43749
14336,-666666666.0,-222222222.0,43750
14337,26.3,29.8,43754
14338,22.7,19.9,43755
14339,30.9,5.1,43756
14340,29.3,17.0,43758
14341,27.5,23.0,43759
14342,40.7,34.6,43760
14343,-666666666.0,-222222222.0,43761
14344,24.9,5.9,43762
14345,24.8,8.5,43764
14346,30.3,4.8,43766
14347,37.5,15.4,43767
14348,13.8,14.1,43768
14349,32.6,12.4,43771
14350,19.2,30.4,43772
14351,14.1,5.5,43773
14352,23.5,6.8,43777
14353,21.9,16.5,43778
14354,-666666666.0,-222222222.0,43779
14355,26.5,4.3,43780
14356,38.5,39.2,43782
14357,30.2,9.6,43783
14358,-666666666.0,-222222222.0,43786
14359,24.9,10.7,43787
14360,23.8,40.2,43788
14361,-666666666.0,-222222222.0,43791
14362,26.9,7.7,43793
14363,35.4,30.5,43802
14364,22.1,10.9,43804
14365,-666666666.0,-222222222.0,43805
14366,20.6,20.7,43811
14367,28.8,3.3,43812
14368,26.3,9.3,43821
14369,24.4,6.0,43822
14370,30.9,4.7,43824
14371,35.2,20.7,43830
14372,32.6,10.1,43832
14373,-666666666.0,-222222222.0,43836
14374,28.1,37.9,43837
14375,17.4,0.8,43840
14376,-666666666.0,-222222222.0,43842
14377,-666666666.0,-222222222.0,43843
14378,26.7,10.2,43844
14379,29.3,20.5,43845
14380,29.6,13.2,43901
14381,-666666666.0,-222222222.0,43902
14382,18.0,7.9,43903
14383,-666666666.0,-222222222.0,43905
14384,29.9,6.4,43906
14385,28.8,1.6,43907
14386,32.1,28.0,43908
14387,-666666666.0,-222222222.0,43909
14388,32.5,67.4,43910
14389,28.3,1.1,43912
14390,19.1,3.9,43913
14391,-666666666.0,-222222222.0,43914
14392,36.6,3.0,43915
14393,41.0,23.1,43917
14394,29.5,5.8,43920
14395,-666666666.0,-222222222.0,43925
14396,9.0,-333333333.0,43926
14397,-666666666.0,-222222222.0,43928
14398,-666666666.0,-222222222.0,43930
14399,-666666666.0,-222222222.0,43931
14400,27.4,7.0,43932
14401,-666666666.0,-222222222.0,43933
14402,-666666666.0,-222222222.0,43934
14403,31.5,3.5,43935
14404,33.8,5.0,43938
14405,47.0,23.9,43939
14406,-666666666.0,-222222222.0,43940
14407,22.3,3.4,43942
14408,51.0,-333333333.0,43943
14409,20.5,4.0,43944
14410,33.1,3.0,43945
14411,31.1,13.9,43946
14412,25.6,8.0,43947
14413,9.0,-333333333.0,43948
14414,26.6,4.0,43950
14415,-666666666.0,-222222222.0,43951
14416,29.8,3.2,43952
14417,26.1,5.7,43953
14418,21.9,10.8,43961
14419,51.0,-333333333.0,43962
14420,22.4,2.7,43963
14421,26.7,2.4,43964
14422,-666666666.0,-222222222.0,43967
14423,20.7,13.6,43968
14424,32.5,17.4,43971
14425,-666666666.0,-222222222.0,43972
14426,33.6,4.6,43973
14427,-666666666.0,-222222222.0,43974
14428,30.0,14.7,43976
14429,23.7,13.9,43977
14430,32.5,6.4,43981
14431,-666666666.0,-222222222.0,43983
14432,-666666666.0,-222222222.0,43985
14433,18.5,2.7,43986
14434,18.8,3.2,43988
14435,32.5,7.8,44001
14436,24.4,5.8,44003
14437,28.6,1.9,44004
14438,51.0,-333333333.0,44010
14439,28.0,2.9,44011
14440,23.7,2.5,44012
14441,26.8,4.1,44017
14442,27.4,7.5,44021
14443,28.6,21.9,44022
14444,33.6,17.7,44023
14445,27.6,3.8,44024
14446,25.5,11.6,44026
14447,29.6,18.1,44028
14448,31.1,1.9,44030
14449,-666666666.0,-222222222.0,44032
14450,27.5,1.7,44035
14451,26.9,4.0,44039
14452,23.3,14.7,44040
14453,27.9,5.6,44041
14454,27.5,8.5,44044
14455,20.8,9.5,44045
14456,24.6,5.1,44046
14457,26.5,7.9,44047
14458,51.0,-333333333.0,44048
14459,22.7,26.8,44049
14460,20.1,5.4,44050
14461,33.0,3.1,44052
14462,32.8,4.3,44053
14463,23.2,4.3,44054
14464,31.3,5.2,44055
14465,51.0,-333333333.0,44056
14466,28.7,5.8,44057
14467,24.7,2.9,44060
14468,33.9,15.1,44062
14469,13.8,2.8,44064
14470,36.9,26.4,44065
14471,24.4,4.3,44067
14472,-666666666.0,-222222222.0,44068
14473,27.9,2.7,44070
14474,19.0,16.5,44072
14475,28.4,3.4,44074
14476,29.1,5.9,44076
14477,29.2,4.1,44077
14478,-666666666.0,-222222222.0,44080
14479,32.5,3.1,44081
14480,29.4,41.7,44082
14481,37.7,16.6,44084
14482,33.6,12.9,44085
14483,23.4,39.9,44086
14484,37.3,4.7,44087
14485,24.4,4.2,44089
14486,30.9,6.6,44090
14487,28.4,3.6,44092
14488,43.1,11.1,44093
14489,28.2,2.2,44094
14490,29.1,3.2,44095
14491,-666666666.0,-222222222.0,44099
14492,-666666666.0,-222222222.0,44101
14493,30.2,1.7,44102
14494,33.1,3.9,44103
14495,31.7,3.2,44104
14496,32.9,3.4,44105
14497,30.6,2.4,44106
14498,25.1,1.1,44107
14499,36.9,3.9,44108
14500,30.1,2.0,44109
14501,36.9,5.0,44110
14502,28.8,2.1,44111
14503,37.3,6.3,44112
14504,25.8,1.6,44113
14505,29.9,4.2,44114
14506,28.3,2.2,44115
14507,28.2,6.3,44116
14508,40.3,9.3,44117
14509,32.9,2.0,44118
14510,33.6,6.4,44119
14511,31.9,3.0,44120
14512,28.1,3.6,44121
14513,27.3,1.8,44122
14514,29.2,3.0,44123
14515,25.6,2.4,44124
14516,37.5,8.1,44125
14517,26.8,4.9,44126
14518,37.2,9.8,44127
14519,31.7,4.9,44128
14520,25.8,3.2,44129
14521,29.1,3.2,44130
14522,22.9,6.0,44131
14523,30.1,6.0,44132
14524,27.0,1.1,44133
14525,28.0,3.8,44134
14526,31.9,1.5,44135
14527,26.9,3.6,44136
14528,28.3,3.4,44137
14529,22.9,4.0,44138
14530,24.8,4.5,44139
14531,27.8,5.4,44140
14532,23.5,4.7,44141
14533,26.7,8.3,44142
14534,28.3,1.9,44143
14535,24.8,3.0,44144
14536,28.5,3.4,44145
14537,28.9,3.8,44146
14538,23.6,5.3,44147
14539,31.8,5.3,44149
14540,26.2,7.7,44201
14541,29.3,5.1,44202
14542,24.5,2.9,44203
14543,28.6,3.4,44212
14544,22.1,10.2,44214
14545,28.1,15.1,44215
14546,22.1,8.8,44216
14547,22.0,9.2,44217
14548,25.8,1.9,44221
14549,23.5,3.6,44223
14550,25.7,3.8,44224
14551,21.6,5.0,44230
14552,26.6,11.2,44231
14553,-666666666.0,-222222222.0,44232
14554,51.0,-333333333.0,44233
14555,23.5,9.6,44234
14556,-666666666.0,-222222222.0,44235
14557,29.1,12.8,44236
14558,37.4,4.1,44240
14559,25.5,4.9,44241
14560,-666666666.0,-222222222.0,44243
14561,22.7,3.1,44250
14562,13.4,6.8,44251
14563,51.0,-333333333.0,44253
14564,23.1,6.4,44254
14565,26.4,5.4,44255
14566,27.3,2.8,44256
14567,24.9,9.1,44260
14568,43.2,40.4,44262
14569,31.4,21.8,44264
14570,33.5,6.2,44266
14571,28.1,2.5,44270
14572,27.6,7.9,44272
14573,23.1,8.1,44273
14574,-666666666.0,-222222222.0,44274
14575,26.8,8.3,44275
14576,22.7,7.6,44276
14577,28.0,5.0,44278
14578,22.4,8.9,44280
14579,27.9,2.8,44281
14580,-666666666.0,-222222222.0,44285
14581,24.8,13.0,44286
14582,30.5,6.7,44287
14583,51.0,-333333333.0,44288
14584,28.0,3.0,44301
14585,31.6,4.0,44302
14586,25.7,3.9,44303
14587,35.2,5.3,44304
14588,32.3,3.4,44305
14589,29.8,3.0,44306
14590,36.6,5.6,44307
14591,42.5,11.1,44308
14592,34.2,5.0,44310
14593,32.4,4.7,44311
14594,27.1,3.6,44312
14595,29.4,3.1,44313
14596,30.2,3.8,44314
14597,25.2,3.7,44319
14598,34.6,6.2,44320
14599,22.5,3.2,44321
14600,-666666666.0,-222222222.0,44325
14601,25.8,9.3,44333
14602,21.1,4.9,44401
14603,15.8,3.6,44402
14604,16.0,26.0,44403
14605,13.6,4.5,44404
14606,34.6,7.3,44405
14607,26.9,2.5,44406
14608,23.8,5.1,44408
14609,28.3,5.3,44410
14610,31.8,21.5,44411
14611,51.0,-333333333.0,44412
14612,23.9,17.3,44413
14613,-666666666.0,-222222222.0,44415
14614,33.2,12.3,44417
14615,9.0,-333333333.0,44418
14616,25.5,5.7,44420
14617,26.6,10.0,44423
14618,-666666666.0,-222222222.0,44424
14619,29.6,4.4,44425
14620,25.5,4.1,44427
14621,26.5,27.9,44428
14622,19.8,2.7,44429
14623,37.7,6.9,44430
14624,17.7,19.1,44431
14625,30.4,6.4,44432
14626,34.8,12.6,44436
14627,18.8,5.0,44437
14628,23.0,3.5,44438
14629,-666666666.0,-222222222.0,44439
14630,21.2,4.1,44440
14631,20.5,16.2,44441
14632,29.2,5.8,44442
14633,51.0,-333333333.0,44443
14634,28.8,5.1,44444
14635,23.5,12.6,44445
14636,29.0,3.0,44446
14637,9.0,-333333333.0,44449
14638,31.4,33.4,44450
14639,43.4,21.8,44451
14640,44.3,7.1,44452
14641,-666666666.0,-222222222.0,44454
14642,37.3,1.2,44455
14643,30.7,4.9,44460
14644,30.2,26.2,44470
14645,27.3,3.2,44471
14646,21.7,9.9,44473
14647,19.6,6.5,44481
14648,32.5,4.0,44483
14649,29.6,5.2,44484
14650,30.0,5.7,44485
14651,26.1,9.4,44490
14652,14.2,8.5,44491
14653,-666666666.0,-222222222.0,44493
14654,41.8,5.7,44502
14655,29.8,4.7,44503
14656,33.9,20.5,44504
14657,36.3,5.7,44505
14658,38.7,11.9,44506
14659,35.5,5.1,44507
14660,28.5,4.4,44509
14661,28.2,3.9,44510
14662,28.2,4.6,44511
14663,25.2,2.9,44512
14664,37.4,9.5,44514
14665,29.6,4.2,44515
14666,-666666666.0,-222222222.0,44555
14667,23.9,1.9,44601
14668,14.1,13.4,44606
14669,-666666666.0,-222222222.0,44607
14670,22.4,10.6,44608
14671,18.4,8.8,44609
14672,-666666666.0,-222222222.0,44610
14673,-666666666.0,-222222222.0,44611
14674,23.4,5.8,44612
14675,19.9,19.2,44613
14676,30.7,8.9,44614
14677,27.6,11.8,44615
14678,25.7,4.7,44618
14679,-666666666.0,-222222222.0,44619
14680,26.2,8.3,44620
14681,28.6,5.4,44621
14682,26.9,4.6,44622
14683,9.0,-333333333.0,44624
14684,51.0,-333333333.0,44625
14685,27.0,24.3,44626
14686,16.5,3.3,44627
14687,28.8,8.1,44628
14688,19.4,2.6,44629
14689,-666666666.0,-222222222.0,44630
14690,28.0,20.3,44632
14691,17.5,1.3,44633
14692,24.0,37.5,44634
14693,27.2,9.5,44637
14694,51.0,-333333333.0,44638
14695,-666666666.0,-222222222.0,44639
14696,-666666666.0,-222222222.0,44640
14697,27.7,2.6,44641
14698,33.4,16.5,44643
14699,26.5,7.3,44644
14700,21.1,2.5,44645
14701,26.1,2.3,44646
14702,28.1,4.1,44647
14703,-666666666.0,-222222222.0,44651
14704,34.2,9.1,44652
14705,18.1,2.5,44653
14706,26.1,5.9,44654
14707,32.2,21.0,44656
14708,22.3,8.0,44657
14709,25.8,23.9,44659
14710,-666666666.0,-222222222.0,44660
14711,25.2,4.5,44661
14712,22.3,5.5,44662
14713,28.8,3.2,44663
14714,-666666666.0,-222222222.0,44665
14715,16.1,8.2,44666
14716,22.2,2.5,44667
14717,16.1,4.5,44669
14718,-666666666.0,-222222222.0,44670
14719,-666666666.0,-222222222.0,44671
14720,45.8,5.6,44672
14721,20.1,4.8,44675
14722,23.5,6.6,44676
14723,22.9,6.7,44677
14724,-666666666.0,-222222222.0,44678
14725,28.7,7.8,44680
14726,29.8,18.3,44681
14727,29.6,5.7,44682
14728,25.4,7.0,44683
14729,26.7,2.8,44685
14730,-666666666.0,-222222222.0,44687
14731,22.0,8.3,44688
14732,24.6,42.9,44689
14733,-666666666.0,-222222222.0,44690
14734,24.7,2.4,44691
14735,-666666666.0,-222222222.0,44693
14736,28.4,6.1,44695
14737,-666666666.0,-222222222.0,44697
14738,18.9,74.0,44699
14739,27.7,1.7,44702
14740,33.0,4.4,44703
14741,31.0,8.0,44704
14742,27.3,5.0,44705
14743,30.7,6.9,44706
14744,27.4,2.5,44707
14745,27.9,3.2,44708
14746,29.6,3.0,44709
14747,36.1,8.2,44710
14748,23.5,2.3,44714
14749,22.6,2.0,44718
14750,25.5,2.5,44720
14751,19.3,12.9,44721
14752,25.9,8.8,44730
14753,21.3,21.6,44802
14754,21.3,3.9,44804
14755,24.3,3.3,44805
14756,30.6,4.0,44807
14757,-666666666.0,-222222222.0,44809
14758,23.6,3.5,44811
14759,18.6,5.3,44813
14760,23.4,7.5,44814
14761,21.3,10.3,44815
14762,19.2,3.4,44817
14763,17.0,14.9,44818
14764,27.2,3.1,44820
14765,28.3,4.5,44822
14766,51.0,-333333333.0,44824
14767,18.8,90.9,44825
14768,16.6,6.2,44826
14769,34.8,7.0,44827
14770,-666666666.0,-222222222.0,44828
14771,24.9,2.8,44830
14772,28.4,2.1,44833
14773,14.4,3.8,44836
14774,34.0,28.7,44837
14775,18.8,3.0,44838
14776,19.7,5.2,44839
14777,30.8,9.7,44840
14778,-666666666.0,-222222222.0,44841
14779,23.0,3.4,44842
14780,19.8,12.4,44843
14781,-666666666.0,-222222222.0,44844
14782,20.3,5.0,44846
14783,27.5,5.7,44847
14784,21.3,13.8,44849
14785,-666666666.0,-222222222.0,44850
14786,34.4,9.2,44851
14787,16.3,14.9,44853
14788,22.9,8.6,44854
14789,26.7,2.9,44855
14790,18.8,7.8,44856
14791,26.0,3.8,44857
14792,-666666666.0,-222222222.0,44859
14793,-666666666.0,-222222222.0,44861
14794,17.1,4.8,44864
14795,26.0,3.4,44865
14796,30.6,23.4,44866
14797,51.0,-333333333.0,44867
14798,26.3,2.9,44870
14799,19.8,9.5,44874
14800,20.7,4.5,44875
14801,10.6,6.8,44878
14802,38.8,42.2,44880
14803,-666666666.0,-222222222.0,44881
14804,17.5,13.2,44882
14805,28.7,2.2,44883
14806,14.5,11.6,44887
14807,23.9,6.1,44889
14808,40.4,27.2,44890
14809,-666666666.0,-222222222.0,44901
14810,36.3,6.4,44902
14811,29.3,5.4,44903
14812,28.1,5.6,44904
14813,28.1,2.1,44905
14814,26.4,3.6,44906
14815,27.5,1.6,44907
14816,24.0,10.8,45001
14817,25.8,4.5,45002
14818,21.0,7.4,45003
14819,29.3,3.3,45005
14820,29.5,3.0,45011
14821,26.4,2.0,45013
14822,29.5,2.4,45014
14823,30.9,3.4,45015
14824,23.6,2.5,45030
14825,19.3,29.7,45032
14826,33.3,32.5,45033
14827,-666666666.0,-222222222.0,45034
14828,30.3,2.8,45036
14829,26.5,7.4,45039
14830,23.9,1.8,45040
14831,-666666666.0,-222222222.0,45041
14832,30.4,4.0,45042
14833,30.1,2.8,45044
14834,32.6,5.1,45050
14835,-666666666.0,-222222222.0,45051
14836,28.3,12.3,45052
14837,16.1,2.9,45053
14838,-666666666.0,-222222222.0,45054
14839,-666666666.0,-222222222.0,45055
14840,41.8,10.2,45056
14841,42.4,27.8,45062
14842,23.3,3.7,45064
14843,28.8,2.7,45065
14844,27.4,2.2,45066
14845,22.8,9.5,45067
14846,38.8,19.6,45068
14847,26.8,2.1,45069
14848,22.5,14.5,45070
14849,27.2,8.2,45101
14850,27.6,2.3,45102
14851,26.3,1.9,45103
14852,-666666666.0,-222222222.0,45105
14853,32.1,13.0,45106
14854,27.2,3.8,45107
14855,18.2,13.4,45111
14856,-666666666.0,-222222222.0,45112
14857,22.0,2.1,45113
14858,-666666666.0,-222222222.0,45115
14859,31.4,11.1,45118
14860,-666666666.0,-222222222.0,45119
14861,29.1,14.6,45120
14862,33.0,9.0,45121
14863,20.0,17.2,45122
14864,19.7,8.8,45123
14865,18.7,7.7,45130
14866,17.5,12.9,45131
14867,51.0,-333333333.0,45132
14868,29.3,4.7,45133
14869,17.7,6.5,45135
14870,23.2,2.9,45140
14871,16.1,7.0,45142
14872,36.9,3.5,45144
14873,51.0,-333333333.0,45146
14874,-666666666.0,-222222222.0,45147
14875,17.4,18.6,45148
14876,27.7,5.2,45150
14877,24.8,8.0,45152
14878,51.0,-333333333.0,45153
14879,32.0,6.7,45154
14880,27.5,40.3,45155
14881,-666666666.0,-222222222.0,45156
14882,22.0,7.9,45157
14883,35.5,35.3,45158
14884,14.9,15.7,45159
14885,25.9,4.2,45160
14886,14.4,6.7,45162
14887,45.0,71.3,45164
14888,-666666666.0,-222222222.0,45166
14889,28.3,11.0,45167
14890,31.3,23.3,45168
14891,23.8,6.5,45169
14892,23.0,14.5,45171
14893,-666666666.0,-222222222.0,45172
14894,9.0,-333333333.0,45174
14895,31.9,7.7,45176
14896,23.5,5.6,45177
14897,23.2,1.8,45202
14898,33.4,3.9,45203
14899,36.0,3.1,45204
14900,28.5,2.3,45205
14901,24.0,3.0,45206
14902,37.8,15.4,45207
14903,21.5,2.9,45208
14904,21.7,1.1,45209
14905,30.3,2.6,45211
14906,29.9,3.0,45212
14907,27.7,5.1,45213
14908,33.7,7.5,45214
14909,29.5,4.5,45215
14910,34.8,11.0,45216
14911,35.4,9.9,45217
14912,26.7,7.1,45218
14913,45.7,5.2,45219
14914,30.7,3.1,45220
14915,32.6,5.2,45223
14916,39.2,7.2,45224
14917,45.7,8.5,45225
14918,24.1,2.9,45226
14919,30.4,3.2,45227
14920,34.6,8.6,45229
14921,30.0,3.5,45230
14922,30.7,3.7,45231
14923,25.0,11.7,45232
14924,30.0,3.9,45233
14925,25.5,2.6,45236
14926,31.4,5.3,45237
14927,28.4,2.9,45238
14928,32.0,7.9,45239
14929,25.8,3.0,45240
14930,27.5,2.7,45241
14931,28.8,4.8,45242
14932,24.5,16.2,45243
14933,25.5,2.8,45244
14934,25.0,2.5,45245
14935,36.7,7.7,45246
14936,31.9,3.9,45247
14937,25.6,2.8,45248
14938,29.7,4.5,45249
14939,39.5,7.4,45251
14940,14.5,79.0,45252
14941,31.0,3.7,45255
14942,-666666666.0,-222222222.0,45267
14943,-666666666.0,-222222222.0,45301
14944,22.0,2.6,45302
14945,20.5,6.5,45303
14946,25.6,7.3,45304
14947,23.8,3.7,45305
14948,17.9,1.4,45306
14949,12.5,3.0,45307
14950,22.7,4.9,45308
14951,29.3,6.1,45309
14952,-666666666.0,-222222222.0,45310
14953,28.1,5.4,45311
14954,28.5,12.7,45312
14955,22.9,5.4,45314
14956,26.1,12.5,45315
14957,12.7,1.3,45316
14958,19.7,35.1,45317
14959,16.4,5.5,45318
14960,18.3,16.7,45319
14961,25.1,7.7,45320
14962,24.0,3.9,45321
14963,27.6,3.6,45322
14964,22.7,5.0,45323
14965,26.6,1.8,45324
14966,21.9,5.5,45325
14967,26.5,34.0,45326
14968,27.4,7.8,45327
14969,21.7,9.1,45328
14970,12.5,2.0,45330
14971,27.9,3.7,45331
14972,9.0,-333333333.0,45332
14973,23.8,4.0,45333
14974,21.3,5.7,45334
14975,18.8,6.2,45335
14976,-666666666.0,-222222222.0,45336
14977,40.7,24.8,45337
14978,23.0,2.1,45338
14979,17.7,0.9,45339
14980,-666666666.0,-222222222.0,45340
14981,26.2,10.9,45341
14982,26.8,1.6,45342
14983,20.0,9.8,45344
14984,18.1,8.5,45345
14985,28.8,10.3,45346
14986,20.0,7.1,45347
14987,51.0,-333333333.0,45348
14988,-666666666.0,-222222222.0,45349
14989,-666666666.0,-222222222.0,45350
14990,18.3,9.3,45351
14991,17.5,5.2,45352
14992,-666666666.0,-222222222.0,45353
14993,39.9,47.5,45354
14994,31.5,4.5,45356
14995,22.4,1.4,45358
14996,22.7,9.5,45359
14997,22.5,29.9,45360
14998,26.0,3.4,45361
14999,22.1,11.5,45362
15000,35.4,33.4,45363
15001,26.0,2.6,45365
15002,25.9,3.3,45368
15003,20.8,9.8,45369
15004,51.0,-333333333.0,45370
15005,27.0,2.7,45371
15006,40.0,39.3,45372
15007,27.0,2.5,45373
15008,23.3,2.2,45377
15009,17.0,13.8,45378
15010,17.8,2.8,45380
15011,14.8,6.9,45381
15012,16.8,2.1,45382
15013,26.2,4.7,45383
15014,-666666666.0,-222222222.0,45384
15015,30.3,1.7,45385
15016,22.4,3.0,45387
15017,-666666666.0,-222222222.0,45388
15018,19.4,6.5,45389
15019,22.6,3.9,45390
15020,28.2,3.0,45402
15021,35.0,7.3,45403
15022,32.3,6.1,45404
15023,27.8,3.8,45405
15024,33.7,3.5,45406
15025,30.9,6.3,45409
15026,32.5,3.3,45410
15027,32.9,7.6,45414
15028,31.6,4.3,45415
15029,30.3,7.3,45416
15030,35.3,5.9,45417
15031,25.2,2.8,45419
15032,27.4,3.1,45420
15033,-666666666.0,-222222222.0,45423
15034,27.3,2.0,45424
15035,29.6,5.7,45426
15036,-666666666.0,-222222222.0,45428
15037,31.6,2.6,45429
15038,26.4,10.4,45430
15039,22.4,2.2,45431
15040,30.2,5.9,45432
15041,21.2,3.2,45433
15042,29.5,11.1,45434
15043,-666666666.0,-222222222.0,45435
15044,35.0,4.1,45439
15045,24.8,2.9,45440
15046,26.6,3.8,45449
15047,25.8,3.4,45458
15048,26.2,3.6,45459
15049,-666666666.0,-222222222.0,45469
15050,-666666666.0,-222222222.0,45501
15051,28.1,8.1,45502
15052,27.1,1.6,45503
15053,22.7,2.8,45504
15054,29.7,5.6,45505
15055,30.9,3.4,45506
15056,29.9,3.4,45601
15057,17.6,2.4,45612
15058,40.1,21.6,45613
15059,28.6,11.7,45614
15060,51.0,-333333333.0,45616
15061,-666666666.0,-222222222.0,45617
15062,-666666666.0,-222222222.0,45618
15063,25.8,11.4,45619
15064,26.6,36.3,45620
15065,22.5,12.4,45621
15066,-666666666.0,-222222222.0,45622
15067,33.3,32.3,45623
15068,-666666666.0,-222222222.0,45624
15069,30.3,12.6,45628
15070,19.8,20.3,45629
15071,-666666666.0,-222222222.0,45630
15072,25.0,3.3,45631
15073,37.5,18.6,45634
15074,-666666666.0,-222222222.0,45636
15075,30.6,3.5,45638
15076,29.1,6.4,45640
15077,-666666666.0,-222222222.0,45642
15078,29.2,17.1,45644
15079,18.6,8.2,45645
15080,-666666666.0,-222222222.0,45646
15081,13.1,9.4,45647
15082,26.4,7.5,45648
15083,29.3,26.8,45650
15084,25.9,3.7,45651
15085,-666666666.0,-222222222.0,45652
15086,21.1,12.7,45653
15087,-666666666.0,-222222222.0,45654
15088,29.1,15.5,45656
15089,13.6,14.5,45657
15090,-666666666.0,-222222222.0,45658
15091,51.0,-333333333.0,45659
15092,23.2,5.8,45660
15093,28.8,6.5,45661
15094,34.1,2.5,45662
15095,51.0,-333333333.0,45663
15096,27.7,8.5,45669
15097,-666666666.0,-222222222.0,45671
15098,-666666666.0,-222222222.0,45672
15099,-666666666.0,-222222222.0,45673
15100,22.9,3.5,45674
15101,-666666666.0,-222222222.0,45677
15102,9.0,-333333333.0,45678
15103,40.3,11.1,45679
15104,25.7,3.3,45680
15105,29.3,6.5,45681
15106,29.2,22.9,45682
15107,22.5,58.3,45684
15108,51.0,-333333333.0,45685
15109,29.9,23.7,45686
15110,-666666666.0,-222222222.0,45688
15111,27.1,3.6,45690
15112,26.8,8.0,45692
15113,35.0,11.8,45693
15114,33.3,4.4,45694
15115,-666666666.0,-222222222.0,45695
15116,-666666666.0,-222222222.0,45696
15117,27.2,4.0,45697
15118,-666666666.0,-222222222.0,45698
15119,-666666666.0,-222222222.0,45699
15120,38.5,6.5,45701
15121,30.0,14.6,45710
15122,19.2,32.3,45711
15123,37.2,5.6,45714
15124,23.4,2.2,45715
15125,36.3,16.6,45716
15126,38.0,13.1,45719
15127,-666666666.0,-222222222.0,45720
15128,-666666666.0,-222222222.0,45721
15129,22.3,4.0,45723
15130,-666666666.0,-222222222.0,45724
15131,32.0,1.6,45727
15132,-666666666.0,-222222222.0,45729
15133,45.7,22.4,45732
15134,-666666666.0,-222222222.0,45734
15135,22.2,7.9,45735
15136,-666666666.0,-222222222.0,45739
15137,9.0,-333333333.0,45740
15138,-666666666.0,-222222222.0,45741
15139,26.9,15.0,45742
15140,28.8,18.7,45743
15141,17.7,6.0,45744
15142,26.6,2.8,45745
15143,18.8,51.2,45746
15144,31.3,2.5,45750
15145,28.9,4.9,45760
15146,17.8,8.0,45761
15147,29.4,3.8,45764
15148,-666666666.0,-222222222.0,45766
15149,37.0,40.2,45767
15150,-666666666.0,-222222222.0,45768
15151,29.9,8.8,45769
15152,-666666666.0,-222222222.0,45770
15153,35.7,11.5,45771
15154,24.1,4.5,45772
15155,-666666666.0,-222222222.0,45773
15156,-666666666.0,-222222222.0,45775
15157,-666666666.0,-222222222.0,45776
15158,42.3,14.3,45778
15159,22.0,4.5,45779
15160,28.1,7.8,45780
15161,30.8,30.3,45782
15162,-666666666.0,-222222222.0,45783
15163,36.2,12.2,45784
15164,25.9,2.9,45786
15165,15.4,5.3,45788
15166,-666666666.0,-222222222.0,45789
15167,30.5,3.6,45801
15168,27.2,1.4,45804
15169,23.6,1.8,45805
15170,26.2,9.1,45806
15171,28.8,9.2,45807
15172,13.3,2.4,45808
15173,-666666666.0,-222222222.0,45809
15174,22.2,8.5,45810
15175,26.8,9.6,45812
15176,33.1,6.0,45813
15177,26.3,19.6,45814
15178,-666666666.0,-222222222.0,45815
15179,12.0,15.3,45816
15180,27.8,8.6,45817
15181,26.6,7.7,45819
15182,23.3,7.7,45820
15183,37.5,85.5,45821
15184,27.0,2.7,45822
15185,15.0,7.4,45826
15186,51.0,-333333333.0,45827
15187,22.2,4.0,45828
15188,23.6,7.6,45830
15189,20.6,9.4,45831
15190,26.1,12.1,45832
15191,21.9,6.2,45833
15192,-666666666.0,-222222222.0,45835
15193,20.6,4.5,45836
15194,-666666666.0,-222222222.0,45838
15195,26.1,1.7,45840
15196,19.3,38.5,45841
15197,22.9,2.7,45843
15198,22.4,2.6,45844
15199,21.2,6.4,45845
15200,13.7,4.6,45846
15201,-666666666.0,-222222222.0,45848
15202,9.0,-333333333.0,45849
15203,17.8,11.5,45850
15204,16.7,2.7,45851
15205,13.4,6.5,45853
15206,18.0,15.3,45854
15207,30.0,8.3,45855
15208,20.3,17.9,45856
15209,23.1,11.6,45858
15210,22.9,2.0,45859
15211,-666666666.0,-222222222.0,45860
15212,9.0,-333333333.0,45861
15213,32.0,2.9,45862
15214,10.9,15.1,45863
15215,-666666666.0,-222222222.0,45864
15216,19.0,3.2,45865
15217,22.5,18.0,45866
15218,15.8,3.7,45867
15219,13.1,2.6,45868
15220,20.4,5.0,45869
15221,-666666666.0,-222222222.0,45870
15222,14.8,2.6,45871
15223,22.8,6.2,45872
15224,18.5,2.6,45873
15225,13.2,2.5,45874
15226,23.5,6.0,45875
15227,24.2,7.5,45876
15228,22.1,10.1,45877
15229,28.9,3.4,45879
15230,20.2,10.5,45880
15231,26.9,3.2,45881
15232,30.6,12.3,45882
15233,19.0,6.9,45883
15234,-666666666.0,-222222222.0,45884
15235,22.9,1.5,45885
15236,23.8,43.2,45886
15237,25.0,4.4,45887
15238,-666666666.0,-222222222.0,45888
15239,-666666666.0,-222222222.0,45889
15240,9.0,-333333333.0,45890
15241,24.2,6.3,45891
15242,-666666666.0,-222222222.0,45893
15243,22.9,1.5,45894
15244,25.7,4.1,45895
15245,13.4,1.7,45896
15246,-666666666.0,-222222222.0,45897
15247,14.2,12.1,45898
15248,43.3,12.9,45899
15249,28.4,10.4,46001
15250,29.9,7.5,46011
15251,34.5,10.3,46012
15252,28.3,1.7,46013
15253,32.0,4.1,46016
15254,27.5,7.7,46017
15255,18.1,5.4,46030
15256,27.5,31.5,46031
15257,25.9,2.4,46032
15258,32.8,3.7,46033
15259,51.0,-333333333.0,46034
15260,51.0,-333333333.0,46035
15261,28.4,2.4,46036
15262,26.8,2.8,46037
15263,26.2,2.8,46038
15264,14.7,50.2,46039
15265,25.5,3.1,46040
15266,25.4,2.2,46041
15267,14.6,3.8,46044
15268,-666666666.0,-222222222.0,46045
15269,-666666666.0,-222222222.0,46047
15270,21.0,2.5,46048
15271,30.5,10.9,46049
15272,44.3,7.8,46050
15273,19.9,14.0,46051
15274,25.9,3.5,46052
15275,27.1,2.0,46055
15276,23.4,8.8,46056
15277,23.2,24.3,46057
15278,24.6,30.6,46058
15279,26.6,2.9,46060
15280,26.6,3.0,46062
15281,25.8,17.8,46063
15282,28.0,6.4,46064
15283,28.1,2.7,46065
15284,13.9,5.7,46068
15285,23.0,1.9,46069
15286,31.1,12.8,46070
15287,37.5,18.3,46071
15288,17.2,4.6,46072
15289,24.2,4.8,46074
15290,31.4,13.5,46075
15291,25.0,6.0,46076
15292,23.5,2.5,46077
15293,28.8,11.1,46102
15294,33.3,30.1,46103
15295,-666666666.0,-222222222.0,46104
15296,35.0,9.0,46105
15297,51.0,-333333333.0,46106
15298,28.0,2.2,46107
15299,-666666666.0,-222222222.0,46110
15300,42.7,34.2,46111
15301,30.1,3.8,46112
15302,28.5,3.9,46113
15303,36.5,27.4,46115
15304,-666666666.0,-222222222.0,46117
15305,24.3,5.3,46118
15306,41.8,5.3,46120
15307,26.5,5.6,46121
15308,30.3,8.3,46122
15309,29.3,5.0,46123
15310,22.1,6.3,46124
15311,-666666666.0,-222222222.0,46125
15312,23.4,15.9,46126
15313,37.8,14.1,46127
15314,18.4,1.5,46128
15315,9.0,-333333333.0,46130
15316,28.3,4.5,46131
15317,27.2,2.1,46133
15318,29.1,3.0,46135
15319,28.9,3.2,46140
15320,23.9,3.8,46142
15321,27.8,2.2,46143
15322,-666666666.0,-222222222.0,46144
15323,-666666666.0,-222222222.0,46146
15324,20.0,16.2,46147
15325,35.9,4.4,46148
15326,22.6,2.4,46149
15327,-666666666.0,-222222222.0,46150
15328,28.2,2.7,46151
15329,-666666666.0,-222222222.0,46154
15330,-666666666.0,-222222222.0,46155
15331,22.9,11.3,46156
15332,19.5,5.6,46157
15333,31.8,5.6,46158
15334,34.1,14.6,46160
15335,31.3,10.4,46161
15336,-666666666.0,-222222222.0,46162
15337,22.8,3.1,46163
15338,20.6,13.4,46164
15339,30.9,13.9,46165
15340,36.0,32.2,46166
15341,32.7,33.2,46167
15342,26.4,3.5,46168
15343,-666666666.0,-222222222.0,46170
15344,-666666666.0,-222222222.0,46171
15345,19.3,27.1,46172
15346,28.4,4.8,46173
15347,-666666666.0,-222222222.0,46175
15348,24.7,1.8,46176
15349,13.1,9.0,46180
15350,42.8,6.6,46181
15351,16.5,44.8,46182
15352,-666666666.0,-222222222.0,46183
15353,18.9,2.8,46184
15354,12.9,1.5,46186
15355,31.3,3.0,46201
15356,28.8,1.5,46202
15357,31.7,1.8,46203
15358,26.1,2.1,46204
15359,27.9,2.7,46205
15360,-666666666.0,-222222222.0,46206
15361,33.7,4.5,46208
15362,33.2,5.3,46214
15363,35.0,13.7,46216
15364,26.8,2.6,46217
15365,43.0,6.0,46218
15366,36.8,2.9,46219
15367,30.0,2.1,46220
15368,32.1,2.1,46221
15369,32.1,3.0,46222
15370,28.4,2.1,46224
15371,36.2,6.3,46225
15372,31.5,3.3,46226
15373,33.5,2.2,46227
15374,28.7,8.9,46228
15375,32.4,5.3,46229
15376,32.7,23.8,46231
15377,29.5,12.3,46234
15378,33.7,4.6,46235
15379,23.9,2.4,46236
15380,29.6,2.5,46237
15381,25.2,7.9,46239
15382,27.6,2.0,46240
15383,33.7,7.9,46241
15384,28.0,2.3,46250
15385,26.0,2.4,46254
15386,28.1,5.0,46256
15387,39.8,43.8,46259
15388,30.5,3.4,46260
15389,28.8,5.0,46268
15390,33.4,15.8,46278
15391,33.0,5.5,46280
15392,-666666666.0,-222222222.0,46290
15393,40.7,53.6,46301
15394,-666666666.0,-222222222.0,46302
15395,27.7,7.3,46303
15396,28.3,5.0,46304
15397,28.9,5.0,46307
15398,24.9,5.7,46310
15399,51.0,-333333333.0,46311
15400,30.2,3.3,46312
15401,27.8,2.2,46319
15402,33.1,6.1,46320
15403,29.7,19.5,46321
15404,29.8,6.4,46322
15405,32.6,6.9,46323
15406,29.5,3.4,46324
15407,29.4,11.4,46327
15408,-666666666.0,-222222222.0,46340
15409,28.7,11.6,46341
15410,33.3,8.6,46342
15411,42.5,32.9,46345
15412,24.2,17.4,46346
15413,26.5,2.6,46347
15414,51.0,-333333333.0,46348
15415,43.9,34.7,46349
15416,26.7,3.9,46350
15417,28.4,7.6,46356
15418,29.5,2.8,46360
15419,-666666666.0,-222222222.0,46365
15420,23.0,2.0,46366
15421,31.3,1.7,46368
15422,36.7,8.0,46371
15423,23.9,47.1,46373
15424,-666666666.0,-222222222.0,46374
15425,26.8,5.1,46375
15426,18.5,18.1,46376
15427,-666666666.0,-222222222.0,46377
15428,-666666666.0,-222222222.0,46379
15429,-666666666.0,-222222222.0,46381
15430,-666666666.0,-222222222.0,46382
15431,31.5,3.7,46383
15432,28.4,2.4,46385
15433,18.3,8.7,46390
15434,25.0,8.5,46391
15435,23.8,11.1,46392
15436,-666666666.0,-222222222.0,46393
15437,25.6,4.2,46394
15438,34.0,4.4,46402
15439,38.0,5.8,46403
15440,39.1,7.2,46404
15441,30.5,5.1,46405
15442,38.9,8.4,46406
15443,33.0,7.4,46407
15444,28.2,4.5,46408
15445,38.7,11.4,46409
15446,33.1,3.6,46410
15447,19.7,4.0,46501
15448,-666666666.0,-222222222.0,46502
15449,26.8,5.8,46504
15450,29.6,5.0,46506
15451,30.9,14.0,46507
15452,12.0,5.7,46508
15453,31.5,16.6,46510
15454,29.1,15.8,46511
15455,-666666666.0,-222222222.0,46513
15456,27.2,3.7,46514
15457,28.6,3.3,46516
15458,34.3,6.8,46517
15459,15.0,8.0,46524
15460,29.9,4.4,46526
15461,25.8,2.4,46528
15462,33.0,10.1,46530
15463,-666666666.0,-222222222.0,46531
15464,14.6,14.7,46532
15465,24.9,3.6,46534
15466,25.7,7.3,46536
15467,13.4,23.0,46537
15468,26.2,19.6,46538
15469,19.7,4.8,46539
15470,28.8,5.1,46540
15471,18.5,11.2,46542
15472,32.2,6.2,46543
15473,28.7,1.9,46544
15474,28.7,2.8,46545
15475,32.5,2.9,46550
15476,22.6,2.1,46552
15477,20.2,7.8,46553
15478,33.5,6.5,46554
15479,31.3,7.6,46555
15480,49.7,17.8,46556
15481,23.0,16.1,46561
15482,25.0,11.2,46562
15483,24.4,2.4,46563
15484,18.3,8.3,46565
15485,27.5,9.1,46567
15486,-666666666.0,-222222222.0,46570
15487,21.3,6.7,46571
15488,-666666666.0,-222222222.0,46572
15489,22.0,7.8,46573
15490,32.4,11.7,46574
15491,28.3,9.0,46580
15492,31.8,8.8,46582
15493,31.2,9.8,46590
15494,-666666666.0,-222222222.0,46595
15495,33.4,2.7,46601
15496,31.4,3.4,46613
15497,26.9,3.0,46614
15498,25.3,4.1,46615
15499,32.0,6.7,46616
15500,31.5,5.9,46617
15501,33.0,5.3,46619
15502,-666666666.0,-222222222.0,46624
15503,33.4,5.6,46628
15504,27.5,6.0,46635
15505,28.8,5.2,46637
15506,21.9,3.7,46701
15507,27.3,7.9,46702
15508,24.9,6.6,46703
15509,-666666666.0,-222222222.0,46704
15510,26.9,3.3,46705
15511,23.4,3.2,46706
15512,19.9,11.2,46710
15513,28.3,8.2,46711
15514,23.3,2.1,46714
15515,22.5,9.2,46721
15516,20.6,3.7,46723
15517,26.0,4.4,46725
15518,-666666666.0,-222222222.0,46730
15519,-666666666.0,-222222222.0,46731
15520,24.5,7.6,46732
15521,27.4,2.1,46733
15522,35.9,6.1,46737
15523,30.8,2.9,46738
15524,28.9,4.7,46740
15525,28.6,17.8,46741
15526,27.5,3.5,46742
15527,28.0,11.9,46743
15528,-666666666.0,-222222222.0,46745
15529,20.2,8.6,46746
15530,20.0,9.9,46747
15531,40.2,17.6,46748
15532,26.3,3.0,46750
15533,30.3,6.2,46755
15534,-666666666.0,-222222222.0,46759
15535,12.9,0.9,46760
15536,26.6,7.4,46761
15537,-666666666.0,-222222222.0,46763
15538,51.0,-333333333.0,46764
15539,18.6,49.0,46765
15540,-666666666.0,-222222222.0,46766
15541,26.1,5.5,46767
15542,50.0,37.2,46770
15543,-666666666.0,-222222222.0,46771
15544,20.8,22.0,46772
15545,18.9,10.3,46773
15546,30.9,7.8,46774
15547,23.4,4.9,46776
15548,23.1,4.9,46777
15549,-666666666.0,-222222222.0,46778
15550,-666666666.0,-222222222.0,46779
15551,14.6,35.1,46781
15552,18.5,8.7,46783
15553,26.5,14.9,46784
15554,23.2,25.8,46785
15555,-666666666.0,-222222222.0,46786
15556,24.3,9.5,46787
15557,51.0,-333333333.0,46788
15558,-666666666.0,-222222222.0,46789
15559,12.5,1.2,46791
15560,25.2,4.7,46792
15561,30.1,6.4,46793
15562,17.5,3.1,46794
15563,25.8,7.7,46795
15564,-666666666.0,-222222222.0,46796
15565,13.4,7.8,46797
15566,9.0,-333333333.0,46798
15567,-666666666.0,-222222222.0,46799
15568,26.4,3.1,46802
15569,33.6,5.4,46803
15570,26.8,2.4,46804
15571,31.2,2.8,46805
15572,30.5,4.3,46806
15573,28.1,4.1,46807
15574,27.9,4.2,46808
15575,33.5,4.5,46809
15576,31.9,7.7,46814
15577,29.1,7.0,46815
15578,30.9,6.3,46816
15579,23.4,2.4,46818
15580,29.0,7.7,46819
15581,24.8,2.2,46825
15582,28.8,4.7,46835
15583,25.3,3.5,46845
15584,31.0,3.5,46901
15585,30.2,3.5,46902
15586,18.9,3.0,46910
15587,30.6,48.7,46911
15588,17.8,0.5,46913
15589,18.0,5.1,46914
15590,17.6,3.3,46915
15591,19.5,7.8,46917
15592,27.3,7.7,46919
15593,-666666666.0,-222222222.0,46920
15594,-666666666.0,-222222222.0,46922
15595,25.3,6.3,46923
15596,20.0,36.2,46926
15597,28.7,9.5,46928
15598,21.9,4.0,46929
15599,18.3,88.7,46930
15600,18.6,12.1,46931
15601,13.0,2.3,46932
15602,21.6,4.5,46933
15603,23.8,23.0,46936
15604,-666666666.0,-222222222.0,46937
15605,33.6,6.6,46938
15606,35.8,11.4,46939
15607,24.4,10.1,46940
15608,17.9,1.6,46941
15609,-666666666.0,-222222222.0,46943
15610,-666666666.0,-222222222.0,46945
15611,-666666666.0,-222222222.0,46946
15612,27.3,3.5,46947
15613,17.5,22.9,46950
15614,39.0,41.7,46951
15615,28.0,3.8,46952
15616,27.1,3.3,46953
15617,23.2,4.2,46957
15618,-666666666.0,-222222222.0,46958
15619,21.0,24.2,46959
15620,19.3,63.6,46960
15621,-666666666.0,-222222222.0,46961
15622,26.9,5.4,46962
15623,-666666666.0,-222222222.0,46965
15624,-666666666.0,-222222222.0,46967
15625,-666666666.0,-222222222.0,46968
15626,25.8,4.2,46970
15627,-666666666.0,-222222222.0,46971
15628,42.5,11.3,46974
15629,24.4,5.3,46975
15630,25.8,6.2,46978
15631,31.0,13.7,46979
15632,-666666666.0,-222222222.0,46980
15633,32.9,8.5,46982
15634,-666666666.0,-222222222.0,46984
15635,25.2,10.4,46985
15636,35.8,13.1,46986
15637,37.1,11.2,46987
15638,25.6,15.7,46988
15639,23.4,6.0,46989
15640,-666666666.0,-222222222.0,46990
15641,19.3,10.1,46991
15642,26.6,2.8,46992
15643,34.8,11.4,46994
15644,31.0,13.8,46996
15645,-666666666.0,-222222222.0,46998
15646,27.3,10.1,47001
15647,30.4,5.6,47003
15648,34.3,4.5,47006
15649,-666666666.0,-222222222.0,47010
15650,-666666666.0,-222222222.0,47011
15651,25.9,3.7,47012
15652,27.3,3.8,47016
15653,-666666666.0,-222222222.0,47017
15654,29.1,4.6,47018
15655,-666666666.0,-222222222.0,47020
15656,-666666666.0,-222222222.0,47021
15657,-666666666.0,-222222222.0,47022
15658,51.0,-333333333.0,47023
15659,40.6,27.3,47024
15660,26.1,2.1,47025
15661,-666666666.0,-222222222.0,47030
15662,14.4,4.3,47031
15663,18.2,2.4,47032
15664,-666666666.0,-222222222.0,47033
15665,12.5,11.3,47034
15666,-666666666.0,-222222222.0,47035
15667,21.3,47.4,47036
15668,26.1,2.2,47037
15669,15.4,3.7,47038
15670,32.9,3.6,47040
15671,23.3,5.2,47041
15672,28.4,1.6,47042
15673,22.5,3.3,47043
15674,32.5,6.2,47060
15675,30.9,3.2,47102
15676,-666666666.0,-222222222.0,47104
15677,14.4,8.6,47106
15678,27.5,3.5,47108
15679,-666666666.0,-222222222.0,47110
15680,28.5,4.4,47111
15681,23.3,3.1,47112
15682,38.3,48.0,47114
15683,25.3,13.1,47115
15684,-666666666.0,-222222222.0,47116
15685,14.7,14.9,47117
15686,24.8,6.7,47118
15687,16.8,12.5,47119
15688,38.4,32.5,47120
15689,22.1,22.1,47122
15690,-666666666.0,-222222222.0,47123
15691,22.8,10.0,47124
15692,38.8,61.0,47125
15693,39.2,45.8,47126
15694,29.3,2.6,47129
15695,26.9,2.9,47130
15696,51.0,-333333333.0,47135
15697,19.0,7.7,47136
15698,25.4,40.6,47137
15699,16.8,7.0,47138
15700,23.8,4.3,47140
15701,24.0,13.6,47141
15702,-666666666.0,-222222222.0,47142
15703,29.2,17.2,47143
15704,38.7,19.1,47145
15705,25.3,18.6,47147
15706,28.9,1.4,47150
15707,23.0,5.5,47160
15708,24.2,36.3,47161
15709,24.2,61.0,47162
15710,-666666666.0,-222222222.0,47163
15711,37.4,1.5,47164
15712,32.5,12.3,47165
15713,20.7,6.3,47166
15714,28.3,4.4,47167
15715,27.3,3.1,47170
15716,30.9,5.0,47172
15717,-666666666.0,-222222222.0,47174
15718,-666666666.0,-222222222.0,47175
15719,18.5,9.3,47177
15720,25.4,2.7,47201
15721,30.1,2.5,47203
15722,25.3,13.8,47220
15723,-666666666.0,-222222222.0,47223
15724,31.0,28.4,47224
15725,-666666666.0,-222222222.0,47225
15726,13.1,1.1,47226
15727,16.3,5.0,47227
15728,29.7,3.1,47229
15729,15.5,8.7,47230
15730,22.9,3.2,47231
15731,20.0,21.7,47232
15732,-666666666.0,-222222222.0,47234
15733,-666666666.0,-222222222.0,47235
15734,-666666666.0,-222222222.0,47236
15735,22.8,1.7,47240
15736,23.9,3.8,47243
15737,13.0,2.6,47244
15738,16.3,4.8,47246
15739,-666666666.0,-222222222.0,47247
15740,27.6,1.6,47250
15741,23.6,5.6,47260
15742,18.8,13.4,47263
15743,-666666666.0,-222222222.0,47264
15744,31.7,12.1,47265
15745,-666666666.0,-222222222.0,47270
15746,21.2,3.1,47272
15747,16.1,2.7,47273
15748,26.2,2.9,47274
15749,51.0,-333333333.0,47280
15750,-666666666.0,-222222222.0,47281
15751,21.3,6.2,47282
15752,30.4,12.3,47283
15753,34.8,5.3,47302
15754,34.8,5.1,47303
15755,28.2,2.6,47304
15756,30.5,3.9,47305
15757,-666666666.0,-222222222.0,47306
15758,27.8,11.8,47320
15759,19.3,16.3,47324
15760,-666666666.0,-222222222.0,47325
15761,51.0,-333333333.0,47326
15762,35.8,7.2,47327
15763,35.4,5.4,47330
15764,32.3,5.2,47331
15765,29.1,6.9,47334
15766,28.3,5.8,47335
15767,46.0,32.1,47336
15768,19.1,4.9,47337
15769,24.0,12.4,47338
15770,43.9,40.6,47339
15771,31.8,1.9,47340
15772,13.9,4.2,47341
15773,15.0,6.4,47342
15774,-666666666.0,-222222222.0,47344
15775,27.0,2.5,47345
15776,30.5,9.3,47346
15777,26.1,8.1,47348
15778,40.0,22.5,47351
15779,9.0,-333333333.0,47352
15780,26.5,5.0,47353
15781,14.8,15.5,47354
15782,23.0,2.2,47355
15783,21.7,11.1,47356
15784,14.2,20.7,47357
15785,14.2,17.3,47358
15786,26.2,9.2,47359
15787,23.5,20.5,47360
15788,27.3,4.0,47361
15789,26.4,2.1,47362
15790,-666666666.0,-222222222.0,47366
15791,-666666666.0,-222222222.0,47367
15792,26.5,11.4,47368
15793,23.4,3.7,47369
15794,43.0,35.2,47370
15795,30.6,5.3,47371
15796,51.0,-333333333.0,47373
15797,31.5,3.2,47374
15798,27.5,33.4,47380
15799,40.8,26.5,47381
15800,23.8,19.2,47382
15801,22.5,20.8,47383
15802,26.9,2.8,47384
15803,20.1,24.5,47385
15804,-666666666.0,-222222222.0,47386
15805,22.3,2.0,47387
15806,30.0,34.0,47388
15807,35.3,6.1,47390
15808,-666666666.0,-222222222.0,47392
15809,21.4,8.5,47393
15810,28.5,3.4,47394
15811,18.9,2.4,47396
15812,37.5,3.2,47401
15813,27.7,4.2,47403
15814,35.3,4.2,47404
15815,-666666666.0,-222222222.0,47405
15816,47.5,19.2,47406
15817,51.0,-333333333.0,47408
15818,-666666666.0,-222222222.0,47420
15819,30.0,3.3,47421
15820,23.1,1.9,47424
15821,9.0,-333333333.0,47427
15822,27.6,3.5,47429
15823,-666666666.0,-222222222.0,47431
15824,30.8,5.5,47432
15825,27.9,20.0,47433
15826,-666666666.0,-222222222.0,47434
15827,-666666666.0,-222222222.0,47435
15828,32.3,10.6,47436
15829,-666666666.0,-222222222.0,47437
15830,27.2,3.1,47438
15831,31.1,4.8,47441
15832,20.5,3.7,47443
15833,-666666666.0,-222222222.0,47445
15834,28.8,6.3,47446
15835,28.0,7.0,47448
15836,-666666666.0,-222222222.0,47449
15837,21.2,3.1,47451
15838,28.4,6.9,47452
15839,-666666666.0,-222222222.0,47453
15840,27.0,4.0,47454
15841,-666666666.0,-222222222.0,47455
15842,17.8,6.8,47456
15843,-666666666.0,-222222222.0,47457
15844,-666666666.0,-222222222.0,47458
15845,51.0,-333333333.0,47459
15846,23.6,2.1,47460
15847,18.8,3.5,47462
15848,22.5,25.7,47464
15849,19.2,16.4,47465
15850,-666666666.0,-222222222.0,47467
15851,38.0,15.3,47468
15852,41.6,9.5,47469
15853,30.6,4.0,47470
15854,26.9,32.7,47471
15855,28.2,5.4,47501
15856,23.5,15.5,47512
15857,20.6,16.7,47513
15858,-666666666.0,-222222222.0,47514
15859,-666666666.0,-222222222.0,47515
15860,29.9,39.3,47516
15861,10.0,12.5,47519
15862,38.9,9.6,47520
15863,-666666666.0,-222222222.0,47521
15864,15.2,3.2,47522
15865,23.5,6.3,47523
15866,-666666666.0,-222222222.0,47524
15867,-666666666.0,-222222222.0,47525
15868,26.4,21.5,47527
15869,27.5,53.1,47528
15870,33.4,19.7,47529
15871,-666666666.0,-222222222.0,47531
15872,23.6,6.4,47532
15873,-666666666.0,-222222222.0,47535
15874,32.5,31.7,47537
15875,25.3,25.6,47541
15876,24.4,6.2,47542
15877,21.0,3.3,47546
15878,-666666666.0,-222222222.0,47550
15879,-666666666.0,-222222222.0,47551
15880,-666666666.0,-222222222.0,47552
15881,19.6,11.1,47553
15882,22.0,53.7,47557
15883,9.0,-333333333.0,47558
15884,29.4,5.3,47561
15885,21.8,6.4,47562
15886,22.1,3.0,47564
15887,27.8,8.5,47567
15888,31.3,5.2,47568
15889,-666666666.0,-222222222.0,47573
15890,-666666666.0,-222222222.0,47574
15891,-666666666.0,-222222222.0,47575
15892,-666666666.0,-222222222.0,47576
15893,19.7,22.8,47577
15894,20.0,19.4,47578
15895,28.3,8.4,47579
15896,-666666666.0,-222222222.0,47580
15897,37.0,8.2,47581
15898,13.9,34.6,47584
15899,-666666666.0,-222222222.0,47585
15900,25.8,7.1,47586
15901,24.0,4.9,47588
15902,-666666666.0,-222222222.0,47590
15903,25.8,2.7,47591
15904,-666666666.0,-222222222.0,47596
15905,19.4,4.1,47597
15906,28.9,15.9,47598
15907,25.6,5.4,47601
15908,19.5,14.1,47610
15909,31.4,8.4,47611
15910,18.0,7.1,47612
15911,43.8,14.3,47613
15912,25.8,13.2,47615
15913,-666666666.0,-222222222.0,47616
15914,23.2,5.3,47619
15915,25.7,6.4,47620
15916,25.1,3.3,47630
15917,22.9,39.3,47631
15918,17.9,1.5,47633
15919,51.0,-333333333.0,47634
15920,26.8,2.1,47635
15921,26.7,3.4,47637
15922,19.0,35.5,47638
15923,14.6,4.3,47639
15924,-666666666.0,-222222222.0,47640
15925,21.9,7.8,47648
15926,23.9,16.7,47649
15927,-666666666.0,-222222222.0,47654
15928,26.5,2.7,47660
15929,22.9,3.3,47665
15930,20.4,8.7,47666
15931,29.0,3.9,47670
15932,-666666666.0,-222222222.0,47683
15933,29.6,7.0,47708
15934,30.0,1.9,47710
15935,29.8,3.0,47711
15936,25.8,2.9,47712
15937,31.6,6.3,47713
15938,32.1,3.8,47714
15939,28.2,1.7,47715
15940,26.2,8.4,47720
15941,30.6,13.9,47725
15942,29.8,3.1,47802
15943,30.0,3.4,47803
15944,33.3,2.7,47804
15945,28.7,6.6,47805
15946,45.6,9.8,47807
15947,-666666666.0,-222222222.0,47809
15948,-666666666.0,-222222222.0,47831
15949,22.2,32.9,47832
15950,-666666666.0,-222222222.0,47833
15951,23.7,2.8,47834
15952,-666666666.0,-222222222.0,47836
15953,17.5,16.2,47837
15954,31.9,4.7,47838
15955,18.5,18.3,47840
15956,16.9,3.7,47841
15957,30.3,8.0,47842
15958,-666666666.0,-222222222.0,47845
15959,-666666666.0,-222222222.0,47846
15960,18.4,14.8,47847
15961,16.3,9.0,47848
15962,-666666666.0,-222222222.0,47849
15963,32.2,15.9,47850
15964,-666666666.0,-222222222.0,47851
15965,29.2,41.3,47853
15966,-666666666.0,-222222222.0,47854
15967,22.3,4.1,47855
15968,27.1,1.4,47857
15969,-666666666.0,-222222222.0,47858
15970,46.3,52.7,47859
15971,18.3,2.7,47860
15972,16.4,24.4,47861
15973,20.6,13.6,47862
15974,-666666666.0,-222222222.0,47863
15975,-666666666.0,-222222222.0,47865
15976,-666666666.0,-222222222.0,47866
15977,26.3,11.2,47868
15978,-666666666.0,-222222222.0,47869
15979,-666666666.0,-222222222.0,47870
15980,16.8,10.1,47871
15981,27.4,5.4,47872
15982,19.0,15.4,47874
15983,-666666666.0,-222222222.0,47875
15984,-666666666.0,-222222222.0,47876
15985,22.9,3.5,47879
15986,-666666666.0,-222222222.0,47880
15987,51.0,-333333333.0,47881
15988,30.9,11.3,47882
15989,17.5,18.9,47884
15990,26.8,8.6,47885
15991,26.1,5.7,47901
15992,27.7,2.2,47904
15993,30.1,2.8,47905
15994,44.5,3.8,47906
15995,-666666666.0,-222222222.0,47907
15996,33.2,1.9,47909
15997,-666666666.0,-222222222.0,47916
15998,-666666666.0,-222222222.0,47917
15999,22.5,8.9,47918
16000,25.9,5.1,47920
16001,16.8,4.5,47921
16002,26.2,4.5,47922
16003,21.3,1.9,47923
16004,-666666666.0,-222222222.0,47924
16005,-666666666.0,-222222222.0,47925
16006,9.0,-333333333.0,47926
16007,40.5,27.4,47928
16008,26.2,8.1,47929
16009,23.7,4.7,47930
16010,21.0,8.2,47932
16011,28.1,2.3,47933
16012,25.8,14.3,47940
16013,29.1,3.2,47941
16014,35.4,34.5,47942
16015,-666666666.0,-222222222.0,47943
16016,35.0,16.0,47944
16017,20.0,7.7,47946
16018,35.5,5.1,47948
16019,19.3,12.1,47949
16020,51.0,-333333333.0,47950
16021,29.1,7.2,47951
16022,26.5,5.5,47952
16023,30.9,5.5,47954
16024,27.2,13.5,47955
16025,31.6,11.5,47957
16026,36.9,5.4,47958
16027,23.0,13.0,47959
16028,28.1,4.2,47960
16029,18.5,4.4,47963
16030,-666666666.0,-222222222.0,47964
16031,23.3,2.4,47965
16032,30.7,25.5,47966
16033,16.3,6.2,47967
16034,31.1,11.1,47968
16035,-666666666.0,-222222222.0,47969
16036,19.7,10.1,47970
16037,26.1,17.5,47971
16038,15.6,3.5,47974
16039,35.3,29.7,47975
16040,22.9,9.5,47977
16041,27.7,3.1,47978
16042,15.8,6.9,47980
16043,-666666666.0,-222222222.0,47981
16044,-666666666.0,-222222222.0,47982
16045,-666666666.0,-222222222.0,47983
16046,-666666666.0,-222222222.0,47986
16047,19.5,9.3,47987
16048,15.0,23.1,47989
16049,31.7,16.4,47990
16050,21.0,9.1,47991
16051,17.2,47.7,47992
16052,28.1,5.8,47993
16053,23.0,4.1,47994
16054,26.5,2.1,47995
16055,22.2,12.1,47997
16056,33.9,6.0,48001
16057,21.8,19.0,48002
16058,40.7,17.3,48003
16059,51.0,-333333333.0,48005
16060,23.5,3.2,48006
16061,26.6,3.0,48009
16062,28.8,10.5,48014
16063,24.9,5.2,48015
16064,25.6,2.6,48017
16065,32.3,3.0,48021
16066,28.0,24.4,48022
16067,41.3,14.7,48023
16068,29.0,13.0,48025
16069,27.5,3.1,48026
16070,33.4,12.8,48027
16071,-666666666.0,-222222222.0,48028
16072,27.0,2.8,48030
16073,18.2,2.0,48032
16074,31.5,2.6,48033
16075,30.7,6.7,48034
16076,26.9,4.0,48035
16077,27.0,5.3,48036
16078,27.3,2.6,48038
16079,27.4,4.7,48039
16080,29.9,4.3,48040
16081,30.2,14.9,48041
16082,19.4,4.5,48042
16083,29.8,2.7,48043
16084,27.2,3.0,48044
16085,27.1,3.0,48045
16086,33.9,3.4,48047
16087,31.8,6.0,48048
16088,9.0,-333333333.0,48049
16089,22.5,18.3,48050
16090,36.4,13.2,48051
16091,29.9,5.3,48054
16092,34.2,4.6,48059
16093,35.9,3.1,48060
16094,49.2,31.1,48062
16095,25.4,16.0,48063
16096,32.2,12.5,48064
16097,23.8,6.5,48065
16098,32.1,2.6,48066
16099,21.1,2.4,48067
16100,18.1,9.2,48069
16101,14.4,12.2,48070
16102,27.1,2.4,48071
16103,22.5,3.1,48072
16104,24.4,2.0,48073
16105,29.6,28.2,48074
16106,41.1,6.8,48075
16107,29.0,5.2,48076
16108,23.3,8.4,48079
16109,27.7,2.8,48080
16110,29.8,3.6,48081
16111,26.0,11.7,48082
16112,26.1,1.6,48083
16113,24.3,2.1,48084
16114,27.1,2.3,48085
16115,24.8,3.4,48088
16116,35.7,4.5,48089
16117,32.7,6.4,48091
16118,32.3,3.4,48092
16119,29.3,6.9,48093
16120,24.2,4.6,48094
16121,51.0,-333333333.0,48095
16122,11.4,3.9,48096
16123,30.8,10.2,48097
16124,27.1,4.6,48098
16125,24.3,2.5,48101
16126,29.1,2.0,48103
16127,46.9,4.7,48104
16128,35.1,4.0,48105
16129,31.3,2.7,48108
16130,51.0,-333333333.0,48109
16131,27.7,2.2,48111
16132,27.5,5.7,48114
16133,31.8,3.4,48116
16134,24.2,3.1,48117
16135,39.6,24.3,48118
16136,31.6,5.0,48120
16137,36.7,5.1,48122
16138,31.4,4.1,48124
16139,26.1,5.3,48125
16140,47.3,4.7,48126
16141,34.6,7.0,48127
16142,36.5,8.4,48128
16143,24.4,8.2,48130
16144,27.8,3.3,48131
16145,17.2,11.6,48133
16146,24.0,5.4,48134
16147,27.5,2.6,48135
16148,51.0,-333333333.0,48137
16149,26.2,2.7,48138
16150,-666666666.0,-222222222.0,48139
16151,18.7,20.6,48140
16152,34.6,5.8,48141
16153,-666666666.0,-222222222.0,48143
16154,30.9,13.0,48144
16155,18.1,14.6,48145
16156,28.4,3.6,48146
16157,24.6,3.5,48150
16158,27.0,2.6,48152
16159,29.9,4.1,48154
16160,31.0,8.9,48157
16161,42.2,11.6,48158
16162,30.8,7.9,48159
16163,32.7,12.2,48160
16164,34.6,4.1,48161
16165,33.6,3.1,48162
16166,21.1,11.7,48164
16167,32.0,3.6,48165
16168,27.2,14.1,48166
16169,21.3,3.2,48167
16170,19.1,8.7,48168
16171,24.3,9.3,48169
16172,26.1,2.2,48170
16173,25.8,4.0,48173
16174,27.4,6.0,48174
16175,29.1,3.2,48176
16176,-666666666.0,-222222222.0,48177
16177,27.9,2.6,48178
16178,26.2,5.9,48179
16179,26.2,3.5,48180
16180,27.1,4.4,48182
16181,27.0,4.2,48183
16182,32.2,3.6,48184
16183,29.3,1.4,48185
16184,29.3,3.4,48186
16185,23.8,2.1,48187
16186,25.0,3.0,48188
16187,26.6,2.5,48189
16188,-666666666.0,-222222222.0,48190
16189,35.8,11.1,48191
16190,27.0,3.6,48192
16191,28.4,3.2,48193
16192,28.1,1.3,48195
16193,32.3,2.0,48197
16194,32.3,3.0,48198
16195,31.7,1.8,48201
16196,31.1,3.8,48202
16197,32.9,4.4,48203
16198,40.5,10.1,48204
16199,37.4,2.4,48205
16200,32.6,2.3,48206
16201,30.7,2.4,48207
16202,32.2,1.8,48208
16203,33.0,4.1,48209
16204,36.5,8.4,48210
16205,40.8,9.2,48211
16206,32.2,4.1,48212
16207,43.5,7.4,48213
16208,32.9,2.3,48214
16209,33.8,4.6,48215
16210,27.7,4.1,48216
16211,34.0,6.0,48217
16212,43.3,16.8,48218
16213,45.0,5.5,48219
16214,26.0,3.0,48220
16215,33.6,5.0,48221
16216,39.8,4.5,48223
16217,40.4,8.4,48224
16218,27.8,5.0,48225
16219,28.2,2.0,48226
16220,39.2,4.7,48227
16221,46.6,5.2,48228
16222,31.6,4.5,48229
16223,25.5,2.6,48230
16224,-666666666.0,-222222222.0,48233
16225,43.7,9.0,48234
16226,38.4,5.0,48235
16227,29.6,5.1,48236
16228,29.6,6.2,48237
16229,38.9,18.6,48238
16230,34.1,5.1,48239
16231,34.5,7.7,48240
16232,-666666666.0,-222222222.0,48242
16233,-666666666.0,-222222222.0,48243
16234,31.9,9.4,48301
16235,23.3,2.1,48302
16236,21.8,7.9,48304
16237,32.0,8.8,48306
16238,25.9,1.8,48307
16239,32.8,5.1,48309
16240,28.3,7.4,48310
16241,34.5,4.4,48312
16242,31.4,3.9,48313
16243,33.9,3.5,48314
16244,33.9,11.8,48315
16245,26.8,6.0,48316
16246,31.6,5.4,48317
16247,43.0,23.4,48320
16248,36.2,6.7,48322
16249,51.0,-333333333.0,48323
16250,23.2,5.0,48324
16251,26.5,2.1,48326
16252,28.8,2.1,48327
16253,30.7,3.1,48328
16254,38.3,10.8,48329
16255,33.8,11.7,48331
16256,29.9,7.2,48334
16257,21.8,1.4,48335
16258,25.2,2.7,48336
16259,32.0,4.3,48340
16260,28.2,3.3,48341
16261,35.9,4.5,48342
16262,22.3,3.7,48346
16263,33.2,8.6,48348
16264,20.0,19.8,48350
16265,18.2,2.8,48353
16266,23.0,4.5,48356
16267,39.8,29.8,48357
16268,25.5,3.2,48359
16269,25.6,7.0,48360
16270,28.4,3.3,48362
16271,-666666666.0,-222222222.0,48363
16272,45.9,21.1,48367
16273,-666666666.0,-222222222.0,48370
16274,43.3,12.0,48371
16275,28.2,3.0,48374
16276,24.0,1.8,48375
16277,28.2,2.3,48377
16278,-666666666.0,-222222222.0,48380
16279,32.9,6.6,48381
16280,27.4,4.2,48382
16281,23.4,8.2,48383
16282,51.0,-333333333.0,48386
16283,29.1,2.5,48390
16284,25.9,4.1,48393
16285,18.0,3.9,48401
16286,28.3,6.4,48410
16287,-666666666.0,-222222222.0,48411
16288,27.1,11.1,48412
16289,30.4,12.5,48413
16290,12.0,22.4,48414
16291,19.9,4.3,48415
16292,28.3,4.0,48416
16293,23.3,5.5,48417
16294,37.5,16.8,48418
16295,29.3,8.4,48419
16296,30.9,7.8,48420
16297,22.0,1.7,48421
16298,31.9,5.2,48422
16299,32.8,2.5,48423
16300,22.5,12.7,48426
16301,19.7,4.1,48427
16302,36.9,17.1,48428
16303,23.3,8.3,48429
16304,30.6,3.6,48430
16305,18.2,2.8,48432
16306,29.7,9.3,48433
16307,-666666666.0,-222222222.0,48434
16308,33.4,52.8,48435
16309,23.9,4.1,48436
16310,-666666666.0,-222222222.0,48437
16311,23.3,9.5,48438
16312,24.8,1.8,48439
16313,-666666666.0,-222222222.0,48440
16314,25.7,5.3,48441
16315,34.7,12.0,48442
16316,33.0,6.1,48444
16317,27.2,11.6,48445
16318,32.0,4.1,48446
16319,28.3,5.0,48449
16320,29.9,3.8,48450
16321,25.8,3.8,48451
16322,28.6,2.5,48453
16323,41.3,33.7,48454
16324,34.4,5.1,48455
16325,21.3,32.6,48456
16326,30.8,9.1,48457
16327,35.5,8.5,48458
16328,26.7,2.2,48460
16329,25.7,3.5,48461
16330,14.9,27.3,48462
16331,29.4,9.5,48463
16332,17.8,10.6,48464
16333,12.5,6.3,48465
16334,24.0,10.8,48466
16335,26.1,4.1,48467
16336,12.0,4.0,48468
16337,27.2,7.3,48469
16338,15.0,24.5,48470
16339,28.0,2.2,48471
16340,18.2,3.6,48472
16341,30.4,4.7,48473
16342,24.0,4.4,48475
16343,27.5,35.6,48476
16344,19.0,11.8,48502
16345,30.1,3.3,48503
16346,37.2,4.3,48504
16347,34.5,4.3,48505
16348,36.7,3.7,48506
16349,33.6,4.2,48507
16350,41.8,16.6,48509
16351,26.2,2.4,48519
16352,44.8,8.5,48529
16353,26.6,10.6,48532
16354,43.0,8.8,48601
16355,38.8,5.9,48602
16356,31.2,3.0,48603
16357,43.1,13.3,48604
16358,24.0,14.9,48607
16359,27.5,22.7,48609
16360,22.5,17.4,48610
16361,29.7,13.6,48611
16362,32.5,5.2,48612
16363,17.5,17.8,48613
16364,29.5,22.6,48614
16365,27.7,4.6,48615
16366,25.8,5.2,48616
16367,28.1,3.0,48617
16368,32.8,6.5,48618
16369,18.8,11.4,48619
16370,-666666666.0,-222222222.0,48620
16371,25.1,5.9,48621
16372,28.7,6.5,48622
16373,23.7,3.7,48623
16374,28.3,1.5,48624
16375,33.2,6.9,48625
16376,29.8,21.5,48626
16377,-666666666.0,-222222222.0,48627
16378,51.0,-333333333.0,48628
16379,24.4,5.6,48629
16380,-666666666.0,-222222222.0,48630
16381,13.7,9.7,48631
16382,27.4,8.3,48632
16383,-666666666.0,-222222222.0,48633
16384,39.7,16.5,48634
16385,51.0,-333333333.0,48635
16386,-666666666.0,-222222222.0,48636
16387,37.8,21.8,48637
16388,21.4,5.5,48638
16389,28.0,3.2,48640
16390,32.5,5.6,48642
16391,30.0,4.6,48647
16392,23.4,13.2,48649
16393,30.1,11.0,48650
16394,44.5,8.3,48651
16395,32.5,31.5,48652
16396,32.1,6.1,48653
16397,44.1,21.2,48654
16398,32.6,6.5,48655
16399,23.9,3.0,48656
16400,28.9,8.0,48657
16401,28.2,1.9,48658
16402,23.4,6.7,48659
16403,29.4,3.8,48661
16404,26.1,31.2,48662
16405,25.5,7.6,48701
16406,29.0,6.8,48703
16407,-666666666.0,-222222222.0,48705
16408,28.6,2.3,48706
16409,29.1,1.4,48708
16410,-666666666.0,-222222222.0,48710
16411,31.3,28.2,48720
16412,-666666666.0,-222222222.0,48721
16413,41.0,42.0,48722
16414,29.5,4.8,48723
16415,-666666666.0,-222222222.0,48724
16416,27.7,9.7,48725
16417,22.1,4.7,48726
16418,21.9,7.1,48727
16419,25.4,14.0,48728
16420,16.3,15.5,48729
16421,28.0,2.2,48730
16422,35.5,16.4,48731
16423,26.0,2.5,48732
16424,35.9,14.5,48733
16425,23.6,17.6,48734
16426,17.5,5.7,48735
16427,51.0,-333333333.0,48737
16428,19.0,18.7,48738
16429,41.1,26.6,48739
16430,30.7,3.6,48740
16431,43.5,19.9,48741
16432,30.3,7.5,48742
16433,-666666666.0,-222222222.0,48743
16434,29.9,4.2,48744
16435,43.8,5.4,48745
16436,29.6,10.5,48746
16437,32.9,2.0,48747
16438,29.5,16.6,48748
16439,28.5,7.0,48749
16440,26.7,2.3,48750
16441,9.0,-333333333.0,48754
16442,24.6,9.8,48755
16443,51.0,-333333333.0,48756
16444,23.2,4.6,48757
16445,17.4,5.9,48759
16446,40.9,26.6,48760
16447,-666666666.0,-222222222.0,48761
16448,-666666666.0,-222222222.0,48762
16449,26.7,3.7,48763
16450,29.1,11.3,48765
16451,18.9,4.7,48766
16452,38.6,6.8,48767
16453,28.4,6.7,48768
16454,31.7,3.6,48770
16455,29.9,5.9,48801
16456,23.4,7.5,48806
16457,14.2,4.1,48807
16458,29.6,12.1,48808
16459,28.4,5.0,48809
16460,27.9,3.3,48811
16461,26.3,2.6,48813
16462,29.4,41.7,48815
16463,-666666666.0,-222222222.0,48816
16464,29.5,3.3,48817
16465,34.0,10.8,48818
16466,19.7,16.9,48819
16467,28.2,3.3,48820
16468,31.2,3.5,48821
16469,21.0,8.8,48822
16470,47.9,3.6,48823
16471,-666666666.0,-222222222.0,48824
16472,-666666666.0,-222222222.0,48825
16473,31.1,5.0,48827
16474,32.9,14.5,48829
16475,19.1,5.1,48831
16476,19.0,61.0,48832
16477,38.5,47.0,48834
16478,24.2,19.1,48835
16479,31.1,6.9,48836
16480,27.1,3.7,48837
16481,27.2,3.0,48838
16482,28.8,4.0,48840
16483,19.3,43.0,48841
16484,27.7,6.2,48842
16485,29.5,2.9,48843
16486,51.0,-333333333.0,48845
16487,31.0,3.1,48846
16488,28.4,5.9,48847
16489,27.3,7.9,48848
16490,20.4,8.1,48849
16491,24.7,6.1,48850
16492,17.6,1.9,48851
16493,-666666666.0,-222222222.0,48852
16494,23.8,4.2,48853
16495,24.9,3.9,48854
16496,27.7,10.4,48855
16497,18.8,13.0,48856
16498,40.9,36.0,48857
16499,31.2,2.2,48858
16500,-666666666.0,-222222222.0,48859
16501,25.0,8.4,48860
16502,26.0,18.0,48861
16503,-666666666.0,-222222222.0,48862
16504,25.8,2.9,48864
16505,51.0,-333333333.0,48865
16506,27.3,3.1,48866
16507,29.1,2.9,48867
16508,-666666666.0,-222222222.0,48870
16509,36.0,15.4,48871
16510,35.7,23.8,48872
16511,33.0,42.7,48873
16512,-666666666.0,-222222222.0,48874
16513,22.3,4.9,48875
16514,29.0,4.9,48876
16515,51.0,-333333333.0,48877
16516,23.3,2.6,48878
16517,24.5,5.8,48879
16518,31.1,7.5,48880
16519,22.7,7.1,48881
16520,30.6,7.8,48883
16521,24.4,18.0,48884
16522,37.5,7.8,48885
16523,42.9,7.2,48886
16524,29.4,5.3,48888
16525,22.5,3.7,48889
16526,19.1,4.1,48890
16527,51.0,-333333333.0,48891
16528,23.5,8.5,48892
16529,34.4,22.5,48893
16530,46.7,57.5,48894
16531,33.3,9.4,48895
16532,-666666666.0,-222222222.0,48896
16533,26.3,6.0,48897
16534,30.2,3.3,48906
16535,28.7,1.7,48910
16536,31.2,3.5,48911
16537,31.7,3.8,48912
16538,33.2,7.9,48915
16539,25.3,1.7,48917
16540,30.6,3.5,48933
16541,29.7,3.7,49001
16542,27.4,3.5,49002
16543,27.2,2.3,49004
16544,41.8,3.9,49006
16545,29.8,5.4,49007
16546,29.8,3.2,49008
16547,33.6,3.2,49009
16548,31.1,4.7,49010
16549,21.4,11.9,49011
16550,21.0,3.5,49012
16551,35.3,5.4,49013
16552,24.4,3.2,49014
16553,30.4,3.1,49015
16554,38.8,5.9,49017
16555,26.4,10.7,49021
16556,39.1,7.1,49022
16557,27.1,2.3,49024
16558,23.0,7.2,49026
16559,-666666666.0,-222222222.0,49027
16560,25.7,8.1,49028
16561,21.4,8.4,49029
16562,14.4,4.2,49030
16563,30.3,4.4,49031
16564,19.1,9.0,49032
16565,42.0,49.6,49033
16566,25.2,4.4,49034
16567,28.1,2.4,49036
16568,28.7,2.4,49037
16569,31.5,4.8,49038
16570,23.6,7.2,49040
16571,21.9,4.6,49042
16572,35.5,4.3,49043
16573,26.8,7.2,49045
16574,33.1,15.3,49046
16575,28.0,2.5,49047
16576,31.5,4.5,49048
16577,9.0,-333333333.0,49050
16578,35.0,16.7,49051
16579,25.9,23.0,49052
16580,37.5,6.4,49053
16581,24.2,5.2,49055
16582,27.3,19.8,49056
16583,26.5,2.4,49057
16584,30.2,4.5,49058
16585,9.0,-333333333.0,49060
16586,18.5,29.1,49061
16587,-666666666.0,-222222222.0,49063
16588,30.1,3.5,49064
16589,30.0,6.8,49065
16590,15.5,7.4,49066
16591,15.0,5.2,49067
16592,21.6,8.8,49068
16593,21.3,5.7,49070
16594,23.9,3.5,49071
16595,28.8,12.8,49072
16596,27.4,9.9,49073
16597,18.7,2.4,49074
16598,-666666666.0,-222222222.0,49075
16599,24.9,9.3,49076
16600,27.0,2.3,49078
16601,27.0,1.6,49079
16602,33.5,3.7,49080
16603,26.5,11.5,49082
16604,32.8,5.1,49083
16605,-666666666.0,-222222222.0,49084
16606,24.2,1.9,49085
16607,24.2,12.0,49087
16608,-666666666.0,-222222222.0,49088
16609,30.9,6.0,49089
16610,48.5,19.0,49090
16611,24.2,4.3,49091
16612,25.6,4.5,49092
16613,25.6,2.5,49093
16614,26.0,4.6,49094
16615,20.2,2.6,49095
16616,25.7,6.0,49096
16617,26.0,5.3,49097
16618,36.4,13.7,49098
16619,35.1,9.4,49099
16620,30.5,10.3,49101
16621,51.0,-333333333.0,49102
16622,27.4,4.7,49103
16623,-666666666.0,-222222222.0,49104
16624,26.0,4.8,49106
16625,30.0,10.8,49107
16626,23.9,7.3,49111
16627,35.9,5.8,49112
16628,40.8,6.7,49113
16629,-666666666.0,-222222222.0,49115
16630,-666666666.0,-222222222.0,49116
16631,51.0,-333333333.0,49117
16632,28.0,11.0,49119
16633,28.9,2.9,49120
16634,27.7,4.8,49125
16635,30.2,30.3,49126
16636,27.6,3.2,49127
16637,29.3,6.5,49128
16638,-666666666.0,-222222222.0,49129
16639,28.7,3.6,49130
16640,24.3,1.9,49201
16641,33.8,4.9,49202
16642,29.2,2.0,49203
16643,26.7,8.3,49220
16644,29.6,2.8,49221
16645,32.3,2.8,49224
16646,25.2,10.0,49227
16647,34.7,12.9,49228
16648,35.6,14.3,49229
16649,35.9,8.7,49230
16650,31.9,8.6,49232
16651,23.1,5.8,49233
16652,26.7,12.3,49234
16653,19.7,25.8,49235
16654,26.3,9.6,49236
16655,26.4,5.6,49237
16656,24.6,26.4,49238
16657,26.4,1.8,49240
16658,33.1,10.0,49241
16659,26.9,2.2,49242
16660,23.3,3.5,49245
16661,22.1,17.3,49246
16662,28.3,9.3,49247
16663,9.0,-333333333.0,49248
16664,17.4,4.7,49249
16665,31.7,3.8,49250
16666,21.5,3.9,49251
16667,28.6,3.7,49252
16668,17.7,11.4,49253
16669,31.4,11.1,49254
16670,20.0,10.5,49255
16671,25.4,2.4,49256
16672,-666666666.0,-222222222.0,49258
16673,18.7,5.2,49259
16674,-666666666.0,-222222222.0,49261
16675,17.0,4.1,49262
16676,-666666666.0,-222222222.0,49263
16677,29.4,20.1,49264
16678,26.3,4.8,49265
16679,29.8,19.8,49266
16680,22.1,4.8,49267
16681,27.5,1.5,49268
16682,19.5,10.2,49269
16683,17.2,13.1,49270
16684,31.9,2.4,49271
16685,15.3,6.2,49272
16686,26.0,3.4,49274
16687,25.0,19.3,49276
16688,-666666666.0,-222222222.0,49277
16689,45.0,37.3,49279
16690,-666666666.0,-222222222.0,49282
16691,18.2,7.5,49283
16692,32.8,17.3,49284
16693,27.6,1.3,49285
16694,29.4,3.9,49286
16695,37.7,37.2,49287
16696,22.1,2.9,49288
16697,-666666666.0,-222222222.0,49289
16698,21.0,5.1,49301
16699,28.6,8.9,49302
16700,20.8,6.9,49303
16701,36.5,7.0,49304
16702,25.8,13.5,49305
16703,36.2,15.3,49306
16704,31.2,2.9,49307
16705,23.6,3.2,49309
16706,34.5,7.8,49310
16707,-666666666.0,-222222222.0,49312
16708,28.8,8.0,49315
16709,27.1,4.6,49316
16710,19.8,8.3,49318
16711,33.9,22.7,49319
16712,20.5,12.5,49320
16713,32.0,4.1,49321
16714,19.7,3.3,49322
16715,-666666666.0,-222222222.0,49323
16716,18.6,25.8,49325
16717,51.0,-333333333.0,49326
16718,20.8,3.9,49327
16719,27.9,7.5,49328
16720,21.9,4.9,49329
16721,41.2,24.6,49330
16722,30.4,9.3,49331
16723,37.0,23.9,49332
16724,25.7,3.3,49333
16725,-666666666.0,-222222222.0,49335
16726,37.4,2.6,49336
16727,31.3,2.9,49337
16728,22.0,21.4,49338
16729,15.0,26.6,49339
16730,28.0,3.0,49340
16731,33.6,5.9,49341
16732,32.5,28.8,49342
16733,32.1,17.4,49343
16734,17.2,11.4,49344
16735,27.5,6.5,49345
16736,33.3,16.7,49346
16737,27.5,25.9,49347
16738,29.3,7.9,49348
16739,43.2,12.7,49349
16740,34.7,9.3,49401
16741,51.0,-333333333.0,49402
16742,51.0,-333333333.0,49403
16743,24.2,10.4,49404
16744,27.5,25.4,49405
16745,-666666666.0,-222222222.0,49406
16746,24.8,5.3,49408
16747,-666666666.0,-222222222.0,49409
16748,24.3,18.3,49410
16749,27.3,1.1,49411
16750,19.3,5.5,49412
16751,51.0,-333333333.0,49415
16752,28.5,3.3,49417
16753,30.6,2.9,49418
16754,22.3,0.9,49419
16755,28.2,1.7,49420
16756,29.3,3.9,49421
16757,29.1,3.5,49423
16758,28.7,2.3,49424
16759,26.9,3.0,49425
16760,23.5,2.3,49426
16761,38.8,11.8,49428
16762,-666666666.0,-222222222.0,49430
16763,29.4,2.4,49431
16764,-666666666.0,-222222222.0,49434
16765,21.3,4.5,49435
16766,38.3,29.1,49436
16767,21.9,7.3,49437
16768,30.3,14.6,49440
16769,32.9,4.7,49441
16770,33.5,4.7,49442
16771,-666666666.0,-222222222.0,49443
16772,33.8,4.1,49444
16773,19.9,14.5,49445
16774,31.0,19.5,49446
16775,19.4,8.7,49448
16776,34.3,17.4,49449
16777,31.4,21.9,49450
16778,31.3,20.8,49451
16779,20.1,3.4,49452
16780,25.1,5.6,49453
16781,31.7,13.1,49454
16782,23.0,3.5,49455
16783,28.8,3.9,49456
16784,22.1,8.8,49457
16785,-666666666.0,-222222222.0,49458
16786,25.0,10.4,49459
16787,31.2,3.5,49460
16788,23.3,5.0,49461
16789,32.6,8.0,49464
16790,26.2,1.5,49503
16791,32.2,5.3,49504
16792,32.6,3.9,49505
16793,27.5,2.5,49506
16794,35.4,4.4,49507
16795,33.7,3.4,49508
16796,32.2,4.6,49509
16797,28.7,2.5,49512
16798,30.8,2.8,49519
16799,28.3,2.2,49525
16800,26.0,2.9,49534
16801,25.9,4.4,49544
16802,31.1,3.2,49546
16803,28.6,2.2,49548
16804,31.1,4.5,49601
16805,-666666666.0,-222222222.0,49611
16806,23.1,3.7,49612
16807,-666666666.0,-222222222.0,49613
16808,23.9,5.0,49614
16809,25.5,5.0,49615
16810,30.7,5.3,49616
16811,32.1,5.4,49617
16812,45.0,38.9,49618
16813,23.8,26.3,49619
16814,27.3,3.1,49620
16815,20.3,4.0,49621
16816,25.4,6.3,49622
16817,19.5,8.6,49623
16818,51.0,-333333333.0,49625
16819,-666666666.0,-222222222.0,49626
16820,-666666666.0,-222222222.0,49627
16821,-666666666.0,-222222222.0,49628
16822,22.0,7.2,49629
16823,18.8,6.8,49630
16824,33.7,6.3,49631
16825,25.8,19.4,49632
16826,41.3,21.5,49633
16827,-666666666.0,-222222222.0,49634
16828,31.8,6.5,49635
16829,-666666666.0,-222222222.0,49636
16830,29.7,5.9,49637
16831,33.3,4.3,49638
16832,18.3,1.0,49639
16833,34.6,7.1,49640
16834,40.4,15.9,49642
16835,18.6,15.4,49643
16836,28.1,16.1,49644
16837,24.4,9.5,49645
16838,24.6,4.2,49646
16839,19.6,15.3,49648
16840,21.5,5.6,49649
16841,32.5,43.6,49650
16842,29.6,2.7,49651
16843,40.5,41.4,49653
16844,-666666666.0,-222222222.0,49654
16845,38.8,36.3,49655
16846,19.4,4.0,49656
16847,31.8,4.8,49657
16848,24.4,3.0,49659
16849,34.5,7.1,49660
16850,32.6,2.3,49663
16851,24.8,9.7,49664
16852,31.7,20.9,49665
16853,17.5,34.2,49667
16854,30.6,6.0,49668
16855,17.5,37.7,49670
16856,-666666666.0,-222222222.0,49674
16857,30.0,4.1,49675
16858,21.3,30.3,49676
16859,25.1,2.6,49677
16860,38.8,11.0,49679
16861,21.8,4.6,49680
16862,25.1,6.4,49682
16863,37.9,12.7,49683
16864,30.9,4.0,49684
16865,29.5,3.7,49685
16866,30.9,2.3,49686
16867,27.7,9.6,49688
16868,20.6,2.6,49689
16869,41.8,20.0,49690
16870,42.6,10.7,49696
16871,31.7,26.9,49701
16872,25.4,21.6,49705
16873,23.7,2.3,49706
16874,30.7,2.3,49707
16875,42.2,22.8,49709
16876,-666666666.0,-222222222.0,49710
16877,31.7,2.0,49712
16878,25.3,10.0,49713
16879,17.1,2.4,49715
16880,15.8,2.7,49716
16881,-666666666.0,-222222222.0,49717
16882,43.8,1.9,49718
16883,22.6,2.0,49719
16884,33.6,5.4,49720
16885,27.4,3.8,49721
16886,-666666666.0,-222222222.0,49722
16887,15.6,9.5,49724
16888,-666666666.0,-222222222.0,49725
16889,28.7,8.4,49726
16890,24.6,2.1,49727
16891,-666666666.0,-222222222.0,49728
16892,23.1,10.0,49729
16893,17.5,29.5,49730
16894,32.5,40.8,49733
16895,30.8,3.0,49735
16896,-666666666.0,-222222222.0,49736
16897,28.2,2.1,49738
16898,23.3,2.2,49740
16899,-666666666.0,-222222222.0,49743
16900,-666666666.0,-222222222.0,49744
16901,20.6,21.7,49745
16902,27.8,3.5,49746
16903,27.5,3.2,49747
16904,-666666666.0,-222222222.0,49748
16905,42.2,16.5,49749
16906,41.7,35.3,49751
16907,-666666666.0,-222222222.0,49752
16908,36.7,32.9,49753
16909,51.0,-333333333.0,49755
16910,37.3,19.2,49756
16911,12.9,1.1,49757
16912,25.8,12.7,49759
16913,13.9,23.0,49760
16914,-666666666.0,-222222222.0,49762
16915,-666666666.0,-222222222.0,49764
16916,24.4,19.7,49765
16917,27.5,21.7,49766
16918,23.5,57.9,49768
16919,24.6,23.9,49769
16920,28.6,3.0,49770
16921,26.7,18.7,49774
16922,-666666666.0,-222222222.0,49775
16923,19.2,12.1,49776
16924,51.0,-333333333.0,49777
16925,32.7,6.9,49779
16926,14.1,14.1,49780
16927,26.2,5.8,49781
16928,35.0,9.2,49782
16929,30.4,2.7,49783
16930,-666666666.0,-222222222.0,49784
16931,26.5,5.9,49788
16932,28.3,46.7,49791
16933,-666666666.0,-222222222.0,49793
16934,37.8,3.7,49795
16935,-666666666.0,-222222222.0,49796
16936,29.2,12.7,49799
16937,27.0,6.7,49801
16938,28.3,6.0,49802
16939,-666666666.0,-222222222.0,49805
16940,-666666666.0,-222222222.0,49806
16941,20.8,50.4,49807
16942,-666666666.0,-222222222.0,49808
16943,50.0,43.3,49812
16944,-666666666.0,-222222222.0,49814
16945,-666666666.0,-222222222.0,49815
16946,51.0,-333333333.0,49816
16947,-666666666.0,-222222222.0,49817
16948,-666666666.0,-222222222.0,49818
16949,25.6,21.4,49820
16950,31.9,30.5,49821
16951,-666666666.0,-222222222.0,49822
16952,-666666666.0,-222222222.0,49825
16953,-666666666.0,-222222222.0,49826
16954,24.2,22.0,49827
16955,25.7,2.0,49829
16956,-666666666.0,-222222222.0,49831
16957,-666666666.0,-222222222.0,49833
16958,27.3,12.2,49834
16959,22.3,3.7,49835
16960,31.9,29.1,49836
16961,38.8,5.1,49837
16962,-666666666.0,-222222222.0,49838
16963,-666666666.0,-222222222.0,49839
16964,37.5,58.0,49840
16965,24.9,9.4,49841
16966,22.3,4.1,49847
16967,-666666666.0,-222222222.0,49848
16968,28.4,3.7,49849
16969,-666666666.0,-222222222.0,49852
16970,31.8,17.0,49853
16971,28.8,5.7,49854
16972,32.9,2.2,49855
16973,30.3,5.1,49858
16974,-666666666.0,-222222222.0,49861
16975,19.8,2.8,49862
16976,-666666666.0,-222222222.0,49863
16977,-666666666.0,-222222222.0,49864
16978,31.5,8.0,49866
16979,33.9,13.3,49868
16980,40.3,8.8,49870
16981,12.9,38.0,49871
16982,-666666666.0,-222222222.0,49872
16983,-666666666.0,-222222222.0,49873
16984,25.0,8.6,49874
16985,-666666666.0,-222222222.0,49876
16986,-666666666.0,-222222222.0,49877
16987,26.0,8.3,49878
16988,27.8,19.6,49879
16989,51.0,-333333333.0,49880
16990,-666666666.0,-222222222.0,49881
16991,-666666666.0,-222222222.0,49883
16992,33.1,1.6,49884
16993,27.0,7.2,49885
16994,-666666666.0,-222222222.0,49886
16995,27.7,7.1,49887
16996,-666666666.0,-222222222.0,49891
16997,31.3,61.4,49892
16998,14.2,12.0,49893
16999,-666666666.0,-222222222.0,49894
17000,15.4,5.8,49895
17001,12.2,2.8,49896
17002,-666666666.0,-222222222.0,49901
17003,24.5,64.4,49902
17004,51.0,-333333333.0,49903
17005,27.7,0.3,49905
17006,18.0,3.2,49908
17007,32.5,8.1,49910
17008,25.0,4.6,49911
17009,18.6,8.2,49912
17010,31.6,8.6,49913
17011,34.5,29.3,49915
17012,25.0,28.4,49916
17013,29.2,12.5,49917
17014,-666666666.0,-222222222.0,49918
17015,-666666666.0,-222222222.0,49919
17016,29.3,11.7,49920
17017,51.0,-333333333.0,49921
17018,42.7,35.6,49922
17019,51.0,-333333333.0,49925
17020,51.0,-333333333.0,49927
17021,-666666666.0,-222222222.0,49929
17022,29.9,5.1,49930
17023,43.1,12.9,49931
17024,32.5,13.7,49934
17025,26.0,7.3,49935
17026,29.1,5.3,49938
17027,-666666666.0,-222222222.0,49942
17028,22.9,5.6,49945
17029,24.3,4.8,49946
17030,-666666666.0,-222222222.0,49947
17031,-666666666.0,-222222222.0,49948
17032,22.0,9.0,49950
17033,-666666666.0,-222222222.0,49952
17034,21.7,3.4,49953
17035,-666666666.0,-222222222.0,49955
17036,-666666666.0,-222222222.0,49958
17037,-666666666.0,-222222222.0,49959
17038,-666666666.0,-222222222.0,49960
17039,-666666666.0,-222222222.0,49961
17040,-666666666.0,-222222222.0,49962
17041,37.5,27.6,49963
17042,-666666666.0,-222222222.0,49965
17043,13.8,23.6,49967
17044,26.1,7.7,49968
17045,14.0,12.2,49969
17046,-666666666.0,-222222222.0,49970
17047,-666666666.0,-222222222.0,49971
17048,19.3,39.4,50001
17049,22.6,4.8,50002
17050,27.6,10.9,50003
17051,51.0,-333333333.0,50005
17052,18.9,8.1,50006
17053,-666666666.0,-222222222.0,50007
17054,21.0,6.1,50008
17055,28.5,5.4,50009
17056,29.2,2.2,50010
17057,-666666666.0,-222222222.0,50012
17058,-666666666.0,-222222222.0,50013
17059,30.8,2.8,50014
17060,41.0,26.2,50020
17061,29.5,2.9,50021
17062,30.7,3.5,50022
17063,23.9,1.5,50023
17064,36.8,5.6,50025
17065,28.8,4.0,50026
17066,21.6,3.1,50027
17067,37.4,5.7,50028
17068,14.2,13.4,50029
17069,-666666666.0,-222222222.0,50031
17070,-666666666.0,-222222222.0,50032
17071,-666666666.0,-222222222.0,50033
17072,-666666666.0,-222222222.0,50034
17073,20.2,6.7,50035
17074,27.5,2.8,50036
17075,-666666666.0,-222222222.0,50038
17076,23.3,8.3,50039
17077,19.6,17.2,50040
17078,-666666666.0,-222222222.0,50041
17079,18.9,23.3,50042
17080,12.9,4.0,50044
17081,15.5,6.4,50046
17082,28.5,8.8,50047
17083,51.0,-333333333.0,50048
17084,25.2,2.4,50049
17085,18.5,7.6,50050
17086,-666666666.0,-222222222.0,50051
17087,-666666666.0,-222222222.0,50052
17088,20.8,14.5,50054
17089,17.1,4.1,50055
17090,24.8,6.8,50056
17091,-666666666.0,-222222222.0,50057
17092,14.5,3.2,50058
17093,24.3,5.7,50060
17094,24.8,18.9,50061
17095,22.5,21.6,50062
17096,27.0,6.7,50063
17097,17.2,2.9,50064
17098,23.5,17.4,50065
17099,23.1,15.3,50066
17100,-666666666.0,-222222222.0,50067
17101,-666666666.0,-222222222.0,50068
17102,18.5,2.2,50069
17103,27.2,13.4,50070
17104,11.4,6.1,50071
17105,21.7,1.8,50072
17106,29.0,6.6,50073
17107,-666666666.0,-222222222.0,50074
17108,12.9,9.1,50075
17109,22.0,3.9,50076
17110,18.8,46.8,50078
17111,-666666666.0,-222222222.0,50101
17112,-666666666.0,-222222222.0,50102
17113,18.8,22.0,50103
17114,-666666666.0,-222222222.0,50104
17115,21.7,5.5,50105
17116,31.3,20.1,50106
17117,17.6,5.0,50107
17118,18.9,14.6,50108
17119,19.0,1.8,50109
17120,-666666666.0,-222222222.0,50110
17121,21.9,6.7,50111
17122,26.7,4.7,50112
17123,19.0,9.0,50115
17124,30.0,27.0,50116
17125,12.9,6.6,50117
17126,23.6,9.4,50118
17127,24.6,8.2,50119
17128,-666666666.0,-222222222.0,50120
17129,20.0,6.5,50122
17130,20.0,10.2,50123
17131,23.9,4.7,50124
17132,28.3,3.2,50125
17133,28.2,6.0,50126
17134,-666666666.0,-222222222.0,50127
17135,15.8,13.1,50128
17136,26.0,4.5,50129
17137,23.7,14.6,50130
17138,28.3,4.0,50131
17139,25.0,34.1,50132
17140,36.9,9.6,50133
17141,9.0,-333333333.0,50134
17142,36.1,6.7,50135
17143,19.4,5.1,50136
17144,-666666666.0,-222222222.0,50137
17145,25.3,8.0,50138
17146,24.4,33.0,50139
17147,23.3,7.4,50140
17148,22.8,4.0,50141
17149,30.0,8.8,50142
17150,15.0,5.5,50143
17151,15.9,8.7,50144
17152,-666666666.0,-222222222.0,50145
17153,13.8,4.5,50146
17154,28.5,6.5,50147
17155,18.8,30.6,50148
17156,26.3,6.0,50149
17157,32.1,28.2,50150
17158,22.9,1.0,50151
17159,-666666666.0,-222222222.0,50152
17160,15.2,7.0,50153
17161,31.7,5.1,50154
17162,26.9,15.3,50155
17163,18.3,5.3,50156
17164,20.8,21.7,50157
17165,22.8,2.3,50158
17166,27.3,12.1,50160
17167,22.9,3.5,50161
17168,26.4,2.8,50162
17169,-666666666.0,-222222222.0,50163
17170,23.9,2.0,50164
17171,-666666666.0,-222222222.0,50165
17172,14.1,5.0,50166
17173,17.4,2.9,50167
17174,19.4,29.5,50168
17175,23.4,5.3,50169
17176,20.7,4.7,50170
17177,24.4,10.6,50171
17178,9.0,-333333333.0,50173
17179,35.0,34.6,50174
17180,22.1,5.1,50201
17181,45.0,7.2,50206
17182,18.4,3.3,50207
17183,30.2,2.3,50208
17184,21.9,8.2,50210
17185,27.0,3.3,50211
17186,23.3,7.8,50212
17187,28.9,3.6,50213
17188,-666666666.0,-222222222.0,50214
17189,42.9,25.2,50216
17190,11.3,5.4,50217
17191,21.1,11.8,50218
17192,26.8,2.4,50219
17193,22.7,3.4,50220
17194,23.8,8.4,50222
17195,22.5,11.7,50223
17196,22.6,4.1,50225
17197,22.0,22.6,50226
17198,-666666666.0,-222222222.0,50227
17199,19.3,6.5,50228
17200,31.3,22.7,50229
17201,20.5,14.3,50230
17202,-666666666.0,-222222222.0,50231
17203,18.7,2.5,50232
17204,17.7,4.1,50233
17205,10.9,3.4,50234
17206,18.1,2.0,50235
17207,23.9,14.7,50236
17208,25.0,31.0,50237
17209,28.4,14.7,50238
17210,-666666666.0,-222222222.0,50239
17211,18.4,6.2,50240
17212,-666666666.0,-222222222.0,50241
17213,16.3,3.3,50242
17214,36.9,21.9,50243
17215,26.4,10.9,50244
17216,21.2,3.4,50246
17217,19.0,6.3,50247
17218,30.5,7.1,50248
17219,16.9,21.8,50249
17220,26.6,2.4,50250
17221,21.6,5.0,50251
17222,-666666666.0,-222222222.0,50252
17223,-666666666.0,-222222222.0,50254
17224,-666666666.0,-222222222.0,50255
17225,-666666666.0,-222222222.0,50256
17226,27.5,14.3,50257
17227,25.0,13.1,50258
17228,24.6,4.7,50261
17229,25.0,36.6,50262
17230,25.7,1.9,50263
17231,-666666666.0,-222222222.0,50264
17232,29.2,2.8,50265
17233,24.8,2.2,50266
17234,18.3,5.4,50268
17235,-666666666.0,-222222222.0,50269
17236,24.2,7.0,50271
17237,13.6,8.5,50272
17238,28.0,6.1,50273
17239,9.0,-333333333.0,50274
17240,13.8,2.8,50275
17241,26.2,14.1,50276
17242,32.3,2.5,50277
17243,21.5,2.7,50278
17244,26.8,2.0,50309
17245,28.5,4.3,50310
17246,30.7,4.4,50311
17247,25.9,4.1,50312
17248,36.0,4.3,50313
17249,46.9,8.3,50314
17250,30.1,1.9,50315
17251,30.7,3.1,50316
17252,29.7,2.7,50317
17253,-666666666.0,-222222222.0,50319
17254,29.1,4.1,50320
17255,31.8,4.3,50321
17256,28.4,4.3,50322
17257,21.3,2.6,50323
17258,37.1,8.5,50324
17259,26.1,5.3,50325
17260,29.6,6.4,50327
17261,24.6,2.4,50401
17262,9.0,-333333333.0,50420
17263,30.2,13.9,50421
17264,20.7,4.1,50423
17265,30.4,24.8,50424
17266,46.7,24.7,50426
17267,-666666666.0,-222222222.0,50427
17268,23.3,2.4,50428
17269,16.1,13.2,50430
17270,19.3,45.3,50431
17271,-666666666.0,-222222222.0,50432
17272,-666666666.0,-222222222.0,50433
17273,16.9,1.0,50434
17274,40.4,41.7,50435
17275,25.9,10.4,50436
17276,28.9,4.4,50438
17277,-666666666.0,-222222222.0,50439
17278,19.6,7.1,50440
17279,19.9,8.9,50441
17280,18.9,11.3,50444
17281,22.7,2.1,50446
17282,15.9,3.5,50447
17283,35.7,37.3,50448
17284,35.3,30.9,50449
17285,20.8,5.7,50450
17286,21.9,4.5,50451
17287,14.2,3.6,50452
17288,18.3,29.6,50453
17289,-666666666.0,-222222222.0,50454
17290,-666666666.0,-222222222.0,50455
17291,18.4,2.0,50456
17292,-666666666.0,-222222222.0,50457
17293,23.1,8.1,50458
17294,20.8,5.2,50459
17295,9.0,-333333333.0,50460
17296,21.2,7.8,50461
17297,17.0,5.1,50464
17298,25.0,17.6,50465
17299,22.9,8.4,50466
17300,-666666666.0,-222222222.0,50467
17301,21.9,8.0,50468
17302,22.1,3.0,50469
17303,-666666666.0,-222222222.0,50470
17304,13.9,4.0,50471
17305,27.9,8.1,50472
17306,-666666666.0,-222222222.0,50473
17307,31.0,12.2,50475
17308,23.0,8.4,50476
17309,15.2,12.1,50477
17310,23.3,4.5,50478
17311,22.2,7.2,50479
17312,51.0,-333333333.0,50480
17313,25.6,12.1,50482
17314,14.3,3.1,50483
17315,51.0,-333333333.0,50484
17316,27.4,2.1,50501
17317,16.0,4.4,50510
17318,26.1,2.3,50511
17319,18.2,12.7,50514
17320,13.2,4.9,50515
17321,26.5,6.7,50516
17322,23.3,15.6,50517
17323,-666666666.0,-222222222.0,50518
17324,21.3,6.6,50519
17325,-666666666.0,-222222222.0,50520
17326,-666666666.0,-222222222.0,50521
17327,30.0,39.9,50522
17328,14.1,2.0,50523
17329,16.5,8.1,50524
17330,23.1,9.8,50525
17331,-666666666.0,-222222222.0,50527
17332,30.8,45.4,50528
17333,18.9,2.9,50529
17334,25.4,10.0,50530
17335,-666666666.0,-222222222.0,50531
17336,13.2,3.0,50532
17337,22.9,10.3,50533
17338,10.4,3.5,50535
17339,28.3,7.2,50536
17340,24.4,35.3,50538
17341,18.0,56.7,50539
17342,21.4,13.2,50540
17343,26.8,3.1,50541
17344,19.8,22.6,50542
17345,17.1,4.0,50543
17346,25.0,6.8,50544
17347,-666666666.0,-222222222.0,50545
17348,19.6,41.3,50546
17349,19.9,6.6,50548
17350,-666666666.0,-222222222.0,50551
17351,-666666666.0,-222222222.0,50552
17352,19.3,3.0,50554
17353,22.5,25.4,50556
17354,22.3,1.6,50557
17355,25.0,26.9,50558
17356,37.5,53.8,50559
17357,17.7,14.0,50560
17358,21.5,2.9,50561
17359,31.9,4.3,50562
17360,20.1,8.4,50563
17361,19.5,27.4,50565
17362,-666666666.0,-222222222.0,50566
17363,9.0,-333333333.0,50567
17364,19.6,16.0,50568
17365,29.2,4.1,50569
17366,-666666666.0,-222222222.0,50570
17367,22.7,39.3,50571
17368,-666666666.0,-222222222.0,50573
17369,30.3,15.4,50574
17370,18.5,8.5,50575
17371,32.5,28.8,50576
17372,19.2,10.8,50577
17373,13.8,8.0,50578
17374,25.8,13.1,50579
17375,17.8,15.6,50581
17376,27.5,38.1,50582
17377,36.3,18.0,50583
17378,19.0,5.4,50585
17379,19.1,2.8,50586
17380,21.8,4.8,50588
17381,17.6,2.7,50590
17382,14.4,86.7,50591
17383,13.1,8.0,50592
17384,-666666666.0,-222222222.0,50593
17385,13.0,1.3,50594
17386,20.2,4.7,50595
17387,20.2,6.1,50597
17388,13.9,6.6,50598
17389,9.0,-333333333.0,50599
17390,27.3,5.7,50601
17391,28.3,39.0,50602
17392,18.2,8.6,50603
17393,19.5,10.8,50604
17394,51.0,-333333333.0,50605
17395,9.0,-333333333.0,50606
17396,24.2,72.7,50607
17397,-666666666.0,-222222222.0,50608
17398,21.1,4.7,50609
17399,22.5,14.3,50611
17400,-666666666.0,-222222222.0,50612
17401,34.2,3.2,50613
17402,29.7,4.1,50616
17403,27.8,20.8,50619
17404,-666666666.0,-222222222.0,50620
17405,27.2,3.0,50621
17406,26.3,18.4,50622
17407,-666666666.0,-222222222.0,50623
17408,19.4,7.9,50624
17409,32.1,1.7,50625
17410,21.3,8.9,50626
17411,25.4,5.0,50627
17412,19.5,14.9,50628
17413,19.0,3.4,50629
17414,15.1,4.5,50630
17415,12.9,5.9,50631
17416,22.5,4.1,50632
17417,9.0,-333333333.0,50633
17418,25.8,12.0,50634
17419,19.8,28.7,50635
17420,23.6,1.8,50636
17421,23.3,1.9,50638
17422,23.8,19.7,50641
17423,17.2,1.4,50642
17424,34.6,7.0,50643
17425,26.1,3.5,50644
17426,13.5,2.6,50645
17427,18.4,10.0,50647
17428,20.3,11.5,50648
17429,-666666666.0,-222222222.0,50649
17430,32.3,2.9,50650
17431,23.6,3.8,50651
17432,51.0,-333333333.0,50652
17433,22.9,1.3,50653
17434,36.4,15.7,50654
17435,19.0,5.0,50655
17436,-666666666.0,-222222222.0,50657
17437,19.5,7.0,50658
17438,23.3,3.5,50659
17439,26.4,2.6,50660
17440,32.4,12.2,50662
17441,-666666666.0,-222222222.0,50664
17442,21.4,2.5,50665
17443,19.2,61.8,50666
17444,42.1,36.5,50667
17445,17.7,2.1,50668
17446,22.9,4.0,50669
17447,21.7,8.0,50670
17448,17.6,0.4,50671
17449,51.0,-333333333.0,50672
17450,21.9,6.3,50673
17451,22.9,6.5,50674
17452,24.1,9.4,50675
17453,17.4,7.4,50676
17454,24.5,4.1,50677
17455,24.7,4.2,50680
17456,32.5,17.8,50681
17457,24.9,3.0,50682
17458,28.4,2.3,50701
17459,26.2,1.6,50702
17460,31.5,3.3,50703
17461,30.1,6.1,50707
17462,25.9,3.1,50801
17463,17.7,6.9,50830
17464,-666666666.0,-222222222.0,50831
17465,18.5,4.9,50833
17466,-666666666.0,-222222222.0,50835
17467,16.5,19.5,50836
17468,51.0,-333333333.0,50837
17469,-666666666.0,-222222222.0,50839
17470,16.8,4.4,50840
17471,28.0,5.0,50841
17472,-666666666.0,-222222222.0,50842
17473,40.8,37.1,50843
17474,9.0,-333333333.0,50845
17475,17.0,3.1,50846
17476,-666666666.0,-222222222.0,50847
17477,18.6,8.3,50848
17478,24.1,7.0,50849
17479,23.2,7.1,50851
17480,23.5,11.5,50853
17481,29.3,4.9,50854
17482,-666666666.0,-222222222.0,50857
17483,18.1,14.5,50858
17484,42.5,51.8,50859
17485,-666666666.0,-222222222.0,50860
17486,22.5,15.2,50861
17487,-666666666.0,-222222222.0,50862
17488,27.8,5.7,50863
17489,19.0,4.7,50864
17490,20.0,5.6,51001
17491,37.1,10.5,51002
17492,18.1,2.3,51003
17493,24.2,13.1,51004
17494,19.3,16.9,51005
17495,17.9,5.3,51006
17496,22.5,45.3,51007
17497,42.9,19.7,51008
17498,-666666666.0,-222222222.0,51009
17499,9.0,-333333333.0,51010
17500,-666666666.0,-222222222.0,51011
17501,32.4,15.3,51012
17502,31.8,3.4,51014
17503,-666666666.0,-222222222.0,51015
17504,19.3,2.8,51016
17505,26.7,17.0,51018
17506,14.4,6.5,51019
17507,16.3,14.2,51020
17508,13.0,1.7,51022
17509,18.9,5.8,51023
17510,22.9,4.4,51024
17511,22.5,5.8,51025
17512,-666666666.0,-222222222.0,51026
17513,40.0,70.2,51027
17514,26.1,7.8,51028
17515,-666666666.0,-222222222.0,51029
17516,30.7,7.9,51030
17517,17.8,2.6,51031
17518,12.9,1.7,51033
17519,30.8,6.2,51034
17520,28.3,3.1,51035
17521,12.9,1.5,51036
17522,20.7,2.5,51037
17523,16.7,1.9,51038
17524,20.6,5.4,51039
17525,29.3,9.7,51040
17526,23.8,4.9,51041
17527,-666666666.0,-222222222.0,51044
17528,-666666666.0,-222222222.0,51045
17529,21.4,4.7,51046
17530,14.6,35.5,51047
17531,13.3,7.5,51048
17532,24.0,10.1,51049
17533,15.6,2.4,51050
17534,-666666666.0,-222222222.0,51051
17535,18.6,4.1,51052
17536,15.6,5.9,51053
17537,20.1,6.0,51054
17538,25.0,15.6,51055
17539,26.8,2.3,51056
17540,19.3,15.1,51058
17541,23.1,5.3,51060
17542,9.0,-333333333.0,51061
17543,14.4,30.9,51062
17544,19.8,13.6,51063
17545,38.3,19.5,51101
17546,27.2,4.6,51103
17547,25.9,3.2,51104
17548,23.8,4.6,51105
17549,28.7,3.8,51106
17550,36.0,19.6,51108
17551,13.6,2.4,51109
17552,-666666666.0,-222222222.0,51111
17553,19.6,2.6,51201
17554,-666666666.0,-222222222.0,51230
17555,-666666666.0,-222222222.0,51231
17556,9.0,-333333333.0,51232
17557,21.0,11.5,51234
17558,26.0,15.0,51235
17559,31.9,16.5,51237
17560,18.8,6.2,51238
17561,25.8,3.7,51239
17562,28.2,5.7,51240
17563,19.9,3.1,51241
17564,-666666666.0,-222222222.0,51242
17565,10.0,6.9,51243
17566,-666666666.0,-222222222.0,51244
17567,27.0,6.4,51245
17568,23.3,5.1,51246
17569,25.0,8.0,51247
17570,36.0,11.9,51248
17571,44.3,6.6,51249
17572,26.0,2.8,51250
17573,27.0,2.3,51301
17574,28.5,11.4,51331
17575,-666666666.0,-222222222.0,51333
17576,26.0,7.4,51334
17577,22.8,2.4,51338
17578,-666666666.0,-222222222.0,51340
17579,-666666666.0,-222222222.0,51341
17580,15.8,3.4,51342
17581,-666666666.0,-222222222.0,51343
17582,22.7,0.4,51345
17583,20.3,10.3,51346
17584,29.4,16.2,51347
17585,9.0,-333333333.0,51350
17586,28.3,3.4,51351
17587,51.0,-333333333.0,51354
17588,24.8,15.6,51355
17589,20.2,5.1,51357
17590,20.9,9.0,51358
17591,23.5,5.3,51360
17592,-666666666.0,-222222222.0,51363
17593,42.5,43.8,51364
17594,-666666666.0,-222222222.0,51365
17595,27.5,51.2,51366
17596,24.1,5.6,51401
17597,14.0,3.8,51430
17598,17.4,1.5,51431
17599,-666666666.0,-222222222.0,51432
17600,14.9,3.5,51433
17601,16.3,3.1,51436
17602,34.4,15.2,51439
17603,-666666666.0,-222222222.0,51440
17604,19.2,17.8,51441
17605,22.1,4.9,51442
17606,23.6,7.6,51443
17607,-666666666.0,-222222222.0,51444
17608,19.2,7.3,51445
17609,20.0,32.7,51446
17610,23.3,24.9,51447
17611,19.0,52.2,51448
17612,19.3,5.5,51449
17613,18.7,2.8,51450
17614,20.0,6.6,51451
17615,31.0,12.1,51452
17616,16.9,1.7,51453
17617,22.5,16.4,51454
17618,28.1,4.8,51455
17619,12.9,16.0,51458
17620,-666666666.0,-222222222.0,51459
17621,11.7,43.6,51460
17622,10.6,16.1,51461
17623,30.3,13.0,51462
17624,40.0,26.0,51463
17625,17.5,15.0,51465
17626,10.0,19.3,51466
17627,14.8,14.1,51467
17628,26.8,1.9,51501
17629,29.4,2.4,51503
17630,32.8,8.1,51510
17631,10.0,10.8,51520
17632,31.0,11.7,51521
17633,10.0,8.2,51523
17634,25.9,6.2,51525
17635,12.7,0.3,51526
17636,32.5,12.5,51527
17637,21.3,10.0,51528
17638,35.2,9.7,51529
17639,29.2,11.6,51530
17640,25.6,8.2,51531
17641,9.0,-333333333.0,51532
17642,19.2,17.8,51533
17643,26.7,3.3,51534
17644,14.8,12.6,51535
17645,51.0,-333333333.0,51536
17646,27.6,11.9,51537
17647,21.8,25.0,51540
17648,-666666666.0,-222222222.0,51541
17649,-666666666.0,-222222222.0,51542
17650,42.5,37.9,51543
17651,17.6,1.0,51544
17652,30.8,45.7,51545
17653,17.1,3.0,51546
17654,-666666666.0,-222222222.0,51548
17655,13.8,4.3,51549
17656,20.6,6.5,51550
17657,19.1,7.8,51551
17658,9.0,-333333333.0,51552
17659,14.7,3.3,51553
17660,-666666666.0,-222222222.0,51554
17661,21.8,2.8,51555
17662,26.3,7.3,51556
17663,30.4,7.3,51557
17664,30.8,31.0,51558
17665,23.0,4.9,51559
17666,21.1,5.2,51560
17667,17.7,1.1,51561
17668,32.9,3.3,51562
17669,17.8,1.8,51563
17670,18.0,8.4,51564
17671,13.3,17.5,51565
17672,36.7,9.0,51566
17673,33.7,6.9,51570
17674,9.0,-333333333.0,51571
17675,13.3,5.3,51572
17676,19.7,4.8,51573
17677,22.3,8.2,51575
17678,31.3,35.6,51576
17679,23.8,23.2,51577
17680,51.0,-333333333.0,51578
17681,27.4,2.7,51579
17682,29.1,3.5,51601
17683,-666666666.0,-222222222.0,51630
17684,31.7,35.4,51631
17685,25.0,4.9,51632
17686,30.0,23.5,51636
17687,-666666666.0,-222222222.0,51637
17688,22.7,3.5,51638
17689,12.6,4.2,51639
17690,20.0,7.1,51640
17691,-666666666.0,-222222222.0,51645
17692,25.6,9.5,51646
17693,-666666666.0,-222222222.0,51647
17694,16.5,11.4,51648
17695,21.3,23.2,51649
17696,9.0,-333333333.0,51650
17697,37.5,52.6,51651
17698,23.6,6.8,51652
17699,27.2,1.2,51653
17700,22.8,1.7,51654
17701,-666666666.0,-222222222.0,51656
17702,29.0,3.0,52001
17703,28.9,2.3,52002
17704,31.3,12.3,52003
17705,30.0,10.4,52030
17706,15.9,12.5,52031
17707,35.2,46.6,52032
17708,22.6,4.7,52033
17709,34.3,44.6,52035
17710,26.9,11.9,52036
17711,13.8,9.3,52037
17712,21.6,8.8,52038
17713,-666666666.0,-222222222.0,52039
17714,20.5,4.9,52040
17715,15.0,14.2,52041
17716,28.2,16.7,52042
17717,23.0,12.7,52043
17718,-666666666.0,-222222222.0,52044
17719,23.9,8.6,52045
17720,18.6,2.8,52046
17721,23.1,12.9,52047
17722,18.8,3.5,52048
17723,38.6,9.6,52049
17724,51.0,-333333333.0,52050
17725,31.9,19.3,52052
17726,12.1,6.5,52053
17727,-666666666.0,-222222222.0,52054
17728,-666666666.0,-222222222.0,52056
17729,29.5,8.4,52057
17730,35.6,8.5,52060
17731,27.8,16.3,52064
17732,43.3,18.9,52065
17733,25.5,29.1,52066
17734,30.7,23.1,52068
17735,18.1,13.9,52069
17736,27.6,6.0,52070
17737,51.0,-333333333.0,52071
17738,9.0,-333333333.0,52072
17739,14.3,7.0,52073
17740,-666666666.0,-222222222.0,52074
17741,-666666666.0,-222222222.0,52075
17742,19.9,7.9,52076
17743,-666666666.0,-222222222.0,52077
17744,23.8,7.9,52078
17745,32.5,82.1,52079
17746,26.7,2.6,52101
17747,16.8,2.7,52132
17748,-666666666.0,-222222222.0,52133
17749,15.4,11.0,52134
17750,9.0,-333333333.0,52135
17751,20.3,4.4,52136
17752,-666666666.0,-222222222.0,52140
17753,19.0,10.2,52141
17754,51.0,-333333333.0,52142
17755,24.5,20.4,52144
17756,21.3,26.7,52146
17757,22.7,4.5,52147
17758,25.8,16.4,52151
17759,20.6,21.7,52154
17760,18.5,4.3,52155
17761,27.5,50.9,52156
17762,24.5,11.4,52157
17763,-666666666.0,-222222222.0,52158
17764,30.2,9.1,52159
17765,9.0,-333333333.0,52160
17766,24.2,12.8,52161
17767,27.2,6.8,52162
17768,26.9,5.2,52163
17769,-666666666.0,-222222222.0,52164
17770,14.7,10.5,52165
17771,-666666666.0,-222222222.0,52166
17772,30.6,13.6,52168
17773,28.8,14.3,52169
17774,10.0,23.4,52170
17775,23.4,2.3,52171
17776,23.5,7.7,52172
17777,23.8,7.6,52175
17778,18.9,4.3,52201
17779,13.3,1.1,52202
17780,18.4,2.9,52203
17781,31.0,10.5,52205
17782,14.6,23.3,52206
17783,-666666666.0,-222222222.0,52207
17784,19.8,6.6,52208
17785,21.7,18.6,52209
17786,27.5,20.7,52210
17787,23.5,5.9,52211
17788,-666666666.0,-222222222.0,52212
17789,23.3,2.4,52213
17790,18.9,15.4,52214
17791,-666666666.0,-222222222.0,52215
17792,48.5,20.9,52216
17793,51.0,-333333333.0,52217
17794,19.9,3.1,52218
17795,-666666666.0,-222222222.0,52219
17796,-666666666.0,-222222222.0,52220
17797,21.9,1.5,52221
17798,20.4,4.9,52222
17799,24.2,21.1,52223
17800,27.6,2.2,52224
17801,-666666666.0,-222222222.0,52225
17802,25.6,8.7,52227
17803,19.7,6.8,52228
17804,18.1,14.7,52229
17805,27.5,44.4,52231
17806,-666666666.0,-222222222.0,52232
17807,26.4,4.0,52233
17808,23.5,5.1,52235
17809,-666666666.0,-222222222.0,52236
17810,22.8,10.4,52237
17811,37.1,5.8,52240
17812,31.8,1.8,52241
17813,-666666666.0,-222222222.0,52242
17814,36.8,5.2,52245
17815,35.4,3.7,52246
17816,16.4,4.0,52247
17817,27.0,4.2,52248
17818,29.3,35.7,52249
17819,15.0,16.5,52251
17820,-666666666.0,-222222222.0,52252
17821,18.8,4.5,52253
17822,23.1,7.5,52254
17823,25.6,14.1,52255
17824,-666666666.0,-222222222.0,52257
17825,22.5,6.8,52301
17826,31.8,3.7,52302
17827,25.0,15.4,52305
17828,35.3,24.9,52306
17829,17.7,2.7,52307
17830,51.0,-333333333.0,52308
17831,-666666666.0,-222222222.0,52309
17832,23.8,3.8,52310
17833,-666666666.0,-222222222.0,52312
17834,23.6,7.7,52313
17835,23.1,2.6,52314
17836,25.2,15.7,52315
17837,25.7,3.8,52316
17838,23.8,2.9,52317
17839,17.7,1.0,52318
17840,24.0,13.0,52320
17841,23.8,2.9,52321
17842,30.6,11.0,52322
17843,32.5,3.4,52323
17844,17.4,1.1,52324
17845,22.5,6.5,52325
17846,26.9,21.9,52326
17847,40.5,30.9,52327
17848,31.6,26.4,52328
17849,51.0,-333333333.0,52329
17850,31.4,7.3,52330
17851,22.5,16.4,52332
17852,37.5,25.1,52333
17853,-666666666.0,-222222222.0,52334
17854,17.1,5.8,52335
17855,14.6,6.8,52336
17856,24.3,29.0,52337
17857,31.9,17.4,52338
17858,22.8,11.3,52339
17859,22.9,4.4,52340
17860,-666666666.0,-222222222.0,52341
17861,27.7,2.9,52342
17862,-666666666.0,-222222222.0,52344
17863,31.6,6.5,52345
17864,22.1,17.9,52346
17865,20.9,7.5,52347
17866,-666666666.0,-222222222.0,52348
17867,28.0,15.7,52349
17868,28.0,6.7,52351
17869,43.7,7.5,52352
17870,27.5,2.6,52353
17871,-666666666.0,-222222222.0,52354
17872,-666666666.0,-222222222.0,52355
17873,22.0,1.1,52356
17874,22.6,2.8,52358
17875,27.5,77.2,52359
17876,22.2,3.3,52361
17877,18.3,1.9,52362
17878,27.3,5.4,52401
17879,27.2,2.8,52402
17880,27.9,3.2,52403
17881,26.8,2.5,52404
17882,30.9,4.5,52405
17883,19.5,13.4,52411
17884,28.8,3.9,52501
17885,25.4,9.3,52530
17886,33.1,6.2,52531
17887,22.8,3.7,52533
17888,19.3,25.3,52534
17889,32.4,2.1,52535
17890,33.8,40.8,52536
17891,22.9,1.8,52537
17892,23.7,6.5,52540
17893,36.3,10.0,52542
17894,-666666666.0,-222222222.0,52543
17895,28.6,3.1,52544
17896,-666666666.0,-222222222.0,52548
17897,22.5,3.3,52549
17898,24.2,5.4,52550
17899,-666666666.0,-222222222.0,52551
17900,22.3,0.5,52552
17901,17.4,4.7,52553
17902,33.3,5.2,52554
17903,34.1,36.1,52555
17904,35.3,7.4,52556
17905,-666666666.0,-222222222.0,52557
17906,-666666666.0,-222222222.0,52560
17907,13.7,2.5,52561
17908,-666666666.0,-222222222.0,52562
17909,26.3,5.5,52563
17910,24.0,5.0,52565
17911,-666666666.0,-222222222.0,52566
17912,25.7,13.7,52567
17913,10.0,44.6,52568
17914,-666666666.0,-222222222.0,52569
17915,13.5,19.2,52570
17916,28.2,14.6,52571
17917,18.8,7.0,52572
17918,-666666666.0,-222222222.0,52573
17919,33.1,20.8,52574
17920,-666666666.0,-222222222.0,52576
17921,24.6,3.1,52577
17922,25.0,12.7,52580
17923,-666666666.0,-222222222.0,52581
17924,40.5,33.2,52583
17925,30.0,20.5,52584
17926,31.9,11.3,52585
17927,51.0,-333333333.0,52586
17928,-666666666.0,-222222222.0,52588
17929,17.5,23.7,52590
17930,25.3,10.6,52591
17931,-666666666.0,-222222222.0,52593
17932,-666666666.0,-222222222.0,52594
17933,27.1,5.0,52595
17934,30.5,4.3,52601
17935,-666666666.0,-222222222.0,52619
17936,35.9,19.1,52620
17937,30.8,13.3,52621
17938,45.7,27.5,52623
17939,-666666666.0,-222222222.0,52624
17940,21.1,6.4,52625
17941,26.8,7.6,52626
17942,29.6,5.7,52627
17943,40.5,15.4,52630
17944,-666666666.0,-222222222.0,52631
17945,30.6,1.7,52632
17946,21.2,4.2,52635
17947,38.7,14.4,52637
17948,40.5,36.6,52638
17949,36.1,37.2,52639
17950,22.5,12.5,52640
17951,24.6,4.5,52641
17952,9.0,-333333333.0,52644
17953,27.6,3.2,52645
17954,16.7,10.2,52646
17955,17.5,4.4,52647
17956,28.5,14.6,52649
17957,17.5,1.9,52650
17958,42.0,16.1,52651
17959,-666666666.0,-222222222.0,52652
17960,22.6,5.1,52653
17961,22.9,3.0,52654
17962,34.3,6.3,52655
17963,21.4,5.9,52656
17964,-666666666.0,-222222222.0,52657
17965,-666666666.0,-222222222.0,52658
17966,25.1,6.6,52659
17967,-666666666.0,-222222222.0,52660
17968,-666666666.0,-222222222.0,52701
17969,20.0,16.4,52720
17970,24.1,13.6,52721
17971,26.9,1.5,52722
17972,19.6,6.8,52726
17973,-666666666.0,-222222222.0,52727
17974,23.9,11.0,52728
17975,18.1,12.1,52729
17976,24.7,4.9,52730
17977,45.0,37.0,52731
17978,31.6,2.9,52732
17979,-666666666.0,-222222222.0,52737
17980,23.3,7.3,52738
17981,16.3,42.1,52739
17982,27.4,6.8,52742
17983,27.5,18.2,52745
17984,51.0,-333333333.0,52746
17985,26.4,4.2,52747
17986,27.5,14.6,52748
17987,-666666666.0,-222222222.0,52749
17988,12.8,0.8,52750
17989,22.7,3.7,52751
17990,28.2,10.3,52752
17991,24.9,9.9,52753
17992,17.3,9.1,52754
17993,21.2,4.6,52755
17994,27.8,1.4,52756
17995,15.5,4.2,52757
17996,51.0,-333333333.0,52758
17997,-666666666.0,-222222222.0,52759
17998,-666666666.0,-222222222.0,52760
17999,30.4,3.9,52761
18000,12.5,11.5,52765
18001,25.3,24.6,52766
18002,-666666666.0,-222222222.0,52767
18003,24.0,12.8,52768
18004,18.2,1.0,52769
18005,-666666666.0,-222222222.0,52771
18006,36.9,9.7,52772
18007,19.5,8.3,52773
18008,32.0,5.8,52774
18009,22.0,2.2,52776
18010,25.8,12.8,52777
18011,18.4,6.8,52778
18012,28.5,6.8,52801
18013,31.7,9.8,52802
18014,30.8,3.2,52803
18015,29.7,4.1,52804
18016,30.4,3.6,52806
18017,29.3,4.7,52807
18018,22.6,3.2,53001
18019,18.1,18.0,53002
18020,-666666666.0,-222222222.0,53003
18021,27.0,2.8,53004
18022,19.6,4.5,53005
18023,25.1,9.5,53006
18024,25.3,9.6,53007
18025,22.2,3.1,53010
18026,16.1,3.5,53011
18027,26.3,3.6,53012
18028,27.7,11.2,53013
18029,27.0,7.9,53014
18030,18.6,10.3,53015
18031,31.3,15.3,53016
18032,12.8,1.0,53017
18033,35.1,9.0,53018
18034,21.3,3.5,53019
18035,25.8,3.8,53020
18036,16.4,3.0,53021
18037,31.5,4.1,53022
18038,20.0,9.4,53023
18039,23.9,3.6,53024
18040,28.5,3.7,53027
18041,28.1,2.9,53029
18042,-666666666.0,-222222222.0,53031
18043,24.4,4.7,53032
18044,22.0,12.3,53033
18045,19.5,4.3,53034
18046,14.8,7.9,53035
18047,20.4,10.9,53036
18048,21.1,11.9,53037
18049,17.5,3.2,53038
18050,23.4,10.2,53039
18051,21.6,8.1,53040
18052,20.8,4.9,53042
18053,14.0,9.7,53044
18054,27.3,3.6,53045
18055,11.1,16.0,53046
18056,21.5,19.5,53047
18057,24.6,4.9,53048
18058,9.0,-333333333.0,53049
18059,24.7,6.9,53050
18060,28.3,3.0,53051
18061,18.1,3.9,53057
18062,29.2,5.2,53058
18063,20.2,5.0,53059
18064,23.6,4.1,53061
18065,12.4,2.4,53063
18066,27.1,7.2,53065
18067,29.9,3.5,53066
18068,-666666666.0,-222222222.0,53069
18069,18.9,3.5,53070
18070,28.2,2.2,53072
18071,23.9,4.1,53073
18072,29.7,5.1,53074
18073,16.9,7.7,53075
18074,13.5,21.3,53076
18075,22.5,10.8,53078
18076,19.7,3.6,53079
18077,22.5,12.2,53080
18078,24.3,1.7,53081
18079,25.2,2.5,53083
18080,22.6,4.2,53085
18081,23.4,8.6,53086
18082,17.5,29.8,53088
18083,25.2,4.5,53089
18084,29.3,4.8,53090
18085,30.8,9.9,53091
18086,31.6,5.4,53092
18087,22.5,18.7,53093
18088,24.8,2.3,53094
18089,30.3,4.0,53095
18090,23.7,11.0,53097
18091,27.5,5.5,53098
18092,-666666666.0,-222222222.0,53099
18093,30.4,15.4,53103
18094,32.5,28.0,53104
18095,24.8,2.4,53105
18096,23.8,11.0,53108
18097,27.5,3.5,53110
18098,25.0,4.8,53114
18099,26.8,4.6,53115
18100,31.2,5.2,53118
18101,20.7,9.4,53119
18102,27.6,3.7,53120
18103,24.1,2.2,53121
18104,27.2,5.7,53122
18105,32.5,29.7,53125
18106,27.6,2.6,53126
18107,-666666666.0,-222222222.0,53127
18108,22.2,5.0,53128
18109,30.4,7.0,53129
18110,29.8,3.8,53130
18111,31.7,6.3,53132
18112,20.0,8.2,53137
18113,22.7,3.9,53139
18114,31.2,2.3,53140
18115,27.8,2.4,53142
18116,31.0,3.1,53143
18117,29.2,2.5,53144
18118,33.3,18.7,53146
18119,27.6,2.9,53147
18120,25.3,2.9,53149
18121,30.6,14.3,53150
18122,25.9,1.8,53151
18123,25.8,19.1,53153
18124,23.7,1.6,53154
18125,24.9,16.7,53156
18126,-666666666.0,-222222222.0,53157
18127,23.3,3.1,53158
18128,-666666666.0,-222222222.0,53167
18129,25.2,14.0,53168
18130,26.9,5.6,53170
18131,27.9,1.9,53172
18132,-666666666.0,-222222222.0,53176
18133,28.1,14.7,53177
18134,15.1,6.6,53178
18135,22.2,15.1,53179
18136,20.5,6.0,53181
18137,17.5,4.0,53182
18138,30.2,6.6,53183
18139,25.7,6.9,53184
18140,19.1,5.8,53185
18141,28.8,2.4,53186
18142,32.3,2.0,53188
18143,21.2,3.3,53189
18144,30.2,4.4,53190
18145,19.0,10.3,53191
18146,-666666666.0,-222222222.0,53192
18147,-666666666.0,-222222222.0,53195
18148,26.5,1.5,53202
18149,23.9,3.6,53203
18150,30.7,2.8,53204
18151,33.3,4.0,53205
18152,44.7,5.6,53206
18153,23.9,1.9,53207
18154,28.8,2.0,53208
18155,34.4,2.9,53209
18156,36.4,3.5,53210
18157,30.0,2.1,53211
18158,31.5,2.8,53212
18159,25.5,2.1,53213
18160,25.0,2.8,53214
18161,29.3,2.0,53215
18162,35.1,5.1,53216
18163,29.0,3.4,53217
18164,34.1,3.0,53218
18165,27.8,2.0,53219
18166,25.3,2.4,53220
18167,30.0,2.8,53221
18168,26.2,3.5,53222
18169,33.3,2.7,53223
18170,31.8,4.0,53224
18171,28.7,3.0,53225
18172,26.1,4.6,53226
18173,24.6,2.8,53227
18174,29.4,3.2,53228
18175,39.3,5.5,53233
18176,28.1,9.2,53235
18177,-666666666.0,-222222222.0,53295
18178,29.8,4.3,53402
18179,32.5,5.5,53403
18180,31.2,6.5,53404
18181,26.2,2.8,53405
18182,27.4,2.6,53406
18183,-666666666.0,-222222222.0,53501
18184,18.8,2.8,53502
18185,17.4,2.8,53503
18186,21.7,6.9,53504
18187,18.5,2.6,53505
18188,19.2,6.4,53506
18189,20.5,3.0,53507
18190,22.4,9.4,53508
18191,23.5,5.1,53510
18192,29.0,3.5,53511
18193,28.5,18.9,53515
18194,20.6,7.5,53516
18195,27.8,4.0,53517
18196,23.6,4.1,53518
18197,26.8,6.1,53520
18198,26.5,3.7,53521
18199,18.2,4.0,53522
18200,28.3,6.2,53523
18201,23.0,1.9,53525
18202,31.3,17.1,53526
18203,23.5,4.8,53527
18204,28.4,4.2,53528
18205,14.6,6.1,53529
18206,29.1,3.7,53530
18207,28.3,11.0,53531
18208,24.3,2.2,53532
18209,27.4,7.6,53533
18210,27.5,2.3,53534
18211,22.4,3.8,53536
18212,28.7,4.8,53537
18213,24.7,3.7,53538
18214,-666666666.0,-222222222.0,53540
18215,17.8,3.9,53541
18216,17.8,8.0,53543
18217,26.7,2.4,53544
18218,26.4,2.4,53545
18219,27.4,2.6,53546
18220,27.5,3.6,53548
18221,26.0,6.6,53549
18222,17.6,3.9,53550
18223,26.4,4.2,53551
18224,30.0,23.5,53553
18225,21.8,7.0,53554
18226,26.8,9.5,53555
18227,26.0,6.4,53556
18228,24.5,9.6,53557
18229,28.5,8.1,53558
18230,42.2,15.3,53559
18231,23.5,2.7,53560
18232,13.9,6.7,53561
18233,26.5,2.6,53562
18234,23.1,5.1,53563
18235,22.0,3.3,53565
18236,23.2,2.8,53566
18237,26.0,11.1,53569
18238,23.4,3.4,53570
18239,-666666666.0,-222222222.0,53571
18240,22.9,2.7,53572
18241,24.1,8.8,53573
18242,23.1,10.3,53574
18243,32.4,9.5,53575
18244,19.3,5.8,53576
18245,13.6,1.6,53577
18246,23.0,5.5,53578
18247,19.5,2.6,53579
18248,38.1,12.1,53580
18249,25.7,2.6,53581
18250,23.5,4.0,53582
18251,23.7,5.1,53583
18252,-666666666.0,-222222222.0,53584
18253,23.2,3.0,53585
18254,40.3,17.1,53586
18255,23.9,5.1,53587
18256,24.7,10.6,53588
18257,25.9,3.6,53589
18258,28.5,2.0,53590
18259,23.8,1.5,53593
18260,19.5,12.7,53594
18261,24.6,2.3,53597
18262,18.3,3.4,53598
18263,-666666666.0,-222222222.0,53599
18264,37.9,2.8,53703
18265,30.1,1.9,53704
18266,29.4,1.8,53705
18267,51.0,-333333333.0,53706
18268,27.5,1.4,53711
18269,29.9,2.8,53713
18270,27.0,2.7,53714
18271,44.6,11.5,53715
18272,30.3,2.7,53716
18273,24.4,3.2,53717
18274,25.0,1.9,53718
18275,26.7,1.7,53719
18276,46.4,12.2,53726
18277,-666666666.0,-222222222.0,53792
18278,10.4,6.9,53801
18279,13.4,1.4,53802
18280,15.8,12.5,53803
18281,16.5,2.2,53804
18282,23.9,2.9,53805
18283,19.2,5.3,53806
18284,27.4,6.1,53807
18285,24.7,2.7,53808
18286,30.7,9.2,53809
18287,19.2,4.3,53810
18288,19.4,3.1,53811
18289,-666666666.0,-222222222.0,53812
18290,21.6,6.2,53813
18291,25.0,9.4,53816
18292,21.4,5.3,53817
18293,32.6,3.9,53818
18294,20.8,7.1,53820
18295,22.8,1.9,53821
18296,42.3,24.5,53825
18297,16.4,4.2,53826
18298,27.5,24.0,53827
18299,24.2,2.9,53901
18300,23.0,6.3,53910
18301,19.8,4.8,53911
18302,29.0,2.0,53913
18303,22.4,2.6,53916
18304,19.7,5.2,53919
18305,24.5,28.4,53920
18306,26.3,14.2,53922
18307,22.3,1.6,53923
18308,17.2,2.1,53924
18309,22.5,6.1,53925
18310,19.4,4.2,53926
18311,-666666666.0,-222222222.0,53928
18312,29.4,5.5,53929
18313,22.8,1.5,53930
18314,23.8,7.8,53931
18315,23.9,2.1,53932
18316,19.0,0.9,53933
18317,26.9,5.6,53934
18318,11.5,5.0,53935
18319,26.8,20.5,53936
18320,17.4,2.0,53937
18321,20.5,4.7,53939
18322,-666666666.0,-222222222.0,53940
18323,19.6,4.3,53941
18324,14.7,50.5,53942
18325,18.3,12.4,53943
18326,35.9,20.0,53944
18327,22.8,3.3,53946
18328,51.0,-333333333.0,53947
18329,26.0,2.9,53948
18330,26.5,5.2,53949
18331,17.8,2.5,53950
18332,19.7,5.5,53951
18333,25.0,6.6,53952
18334,-666666666.0,-222222222.0,53953
18335,22.5,3.1,53954
18336,21.6,6.4,53955
18337,19.0,4.4,53956
18338,26.0,3.3,53959
18339,26.2,9.1,53960
18340,19.7,41.7,53961
18341,37.5,23.7,53962
18342,19.8,2.8,53963
18343,23.8,2.9,53964
18344,23.9,3.1,53965
18345,31.9,4.9,53968
18346,28.8,3.8,53969
18347,30.0,7.5,54001
18348,33.1,7.7,54002
18349,-666666666.0,-222222222.0,54003
18350,24.5,3.5,54004
18351,18.0,2.4,54005
18352,15.9,3.9,54006
18353,19.1,4.4,54007
18354,25.9,6.8,54009
18355,26.5,4.3,54011
18356,15.0,3.6,54013
18357,18.5,1.3,54014
18358,34.6,17.9,54015
18359,23.4,3.5,54016
18360,21.6,2.9,54017
18361,23.8,2.8,54020
18362,30.8,9.4,54021
18363,23.9,1.6,54022
18364,23.4,7.0,54023
18365,19.0,3.3,54024
18366,35.2,19.0,54025
18367,19.4,22.2,54026
18368,27.5,21.7,54027
18369,25.7,6.3,54028
18370,17.2,0.7,54082
18371,14.0,4.1,54101
18372,51.0,-333333333.0,54102
18373,-666666666.0,-222222222.0,54103
18374,-666666666.0,-222222222.0,54104
18375,27.5,18.5,54106
18376,22.8,3.2,54107
18377,19.8,6.3,54110
18378,23.0,13.7,54111
18379,26.8,1.2,54112
18380,16.8,19.5,54113
18381,19.9,6.8,54114
18382,22.7,1.3,54115
18383,18.3,15.8,54119
18384,-666666666.0,-222222222.0,54120
18385,27.8,3.7,54121
18386,-666666666.0,-222222222.0,54123
18387,38.0,9.0,54124
18388,22.3,3.1,54125
18389,26.1,9.6,54126
18390,-666666666.0,-222222222.0,54127
18391,16.5,8.7,54128
18392,32.4,5.3,54129
18393,24.5,2.7,54130
18394,25.8,17.1,54135
18395,26.1,2.9,54136
18396,36.5,15.6,54137
18397,-666666666.0,-222222222.0,54138
18398,28.2,14.7,54139
18399,22.1,2.1,54140
18400,23.2,13.5,54141
18401,25.4,3.6,54143
18402,51.0,-333333333.0,54149
18403,14.1,4.3,54150
18404,19.6,8.0,54151
18405,26.3,6.1,54152
18406,19.2,6.1,54153
18407,29.2,11.3,54154
18408,26.7,4.9,54155
18409,21.1,10.8,54156
18410,21.6,2.6,54157
18411,13.5,19.0,54159
18412,25.6,7.9,54160
18413,17.1,2.2,54161
18414,29.7,5.6,54162
18415,20.2,4.5,54165
18416,28.0,4.7,54166
18417,36.5,10.5,54169
18418,18.5,5.1,54170
18419,-666666666.0,-222222222.0,54171
18420,26.0,19.7,54173
18421,23.5,2.8,54174
18422,20.8,9.3,54175
18423,21.4,3.5,54177
18424,21.9,2.8,54180
18425,30.9,5.2,54201
18426,32.6,27.7,54202
18427,24.6,7.7,54204
18428,27.7,8.1,54205
18429,-666666666.0,-222222222.0,54207
18430,25.9,2.5,54208
18431,13.3,6.5,54209
18432,22.2,10.7,54210
18433,14.8,4.0,54211
18434,47.0,25.6,54212
18435,14.1,5.0,54213
18436,45.8,20.3,54214
18437,22.5,3.7,54215
18438,19.5,4.6,54216
18439,19.6,2.1,54217
18440,22.6,1.7,54220
18441,19.6,16.5,54227
18442,17.5,3.7,54228
18443,17.8,2.9,54229
18444,21.4,3.2,54230
18445,22.8,9.7,54232
18446,33.5,9.2,54234
18447,26.2,4.8,54235
18448,24.0,3.9,54241
18449,27.3,2.7,54245
18450,20.0,15.0,54246
18451,17.2,2.5,54247
18452,30.2,3.5,54301
18453,27.2,3.2,54302
18454,25.7,3.1,54303
18455,28.7,2.1,54304
18456,-666666666.0,-222222222.0,54307
18457,24.0,2.1,54311
18458,28.0,3.9,54313
18459,26.5,4.2,54401
18460,30.5,3.5,54403
18461,21.3,3.4,54405
18462,23.3,4.0,54406
18463,27.5,28.2,54407
18464,21.7,8.3,54408
18465,27.8,8.9,54409
18466,21.1,5.5,54410
18467,24.5,2.6,54411
18468,13.3,6.0,54412
18469,-666666666.0,-222222222.0,54413
18470,23.0,3.9,54414
18471,21.1,5.5,54416
18472,-666666666.0,-222222222.0,54417
18473,20.0,17.3,54418
18474,13.4,5.7,54420
18475,28.6,4.0,54421
18476,17.0,1.2,54422
18477,14.5,3.3,54423
18478,22.5,30.3,54424
18479,23.8,4.5,54425
18480,29.2,9.3,54426
18481,28.9,8.7,54427
18482,33.9,14.5,54428
18483,-666666666.0,-222222222.0,54430
18484,17.1,2.5,54433
18485,18.8,2.7,54435
18486,23.3,7.7,54436
18487,14.7,3.8,54437
18488,25.4,7.8,54440
18489,17.5,9.6,54441
18490,43.8,3.9,54442
18491,16.1,4.2,54443
18492,22.6,2.4,54446
18493,13.6,2.4,54447
18494,21.5,3.5,54448
18495,24.3,1.9,54449
18496,32.8,24.7,54450
18497,25.9,3.6,54451
18498,31.8,3.0,54452
18499,35.8,15.1,54454
18500,20.5,3.2,54455
18501,24.3,1.8,54456
18502,26.9,1.6,54457
18503,20.7,4.0,54458
18504,13.8,2.3,54459
18505,22.1,4.8,54460
18506,-666666666.0,-222222222.0,54462
18507,37.1,7.6,54463
18508,-666666666.0,-222222222.0,54464
18509,-666666666.0,-222222222.0,54465
18510,20.4,4.2,54466
18511,23.0,2.8,54467
18512,24.8,4.5,54469
18513,17.9,4.4,54470
18514,30.3,40.9,54471
18515,26.3,5.4,54473
18516,24.8,12.0,54474
18517,34.0,32.6,54475
18518,24.6,3.1,54476
18519,18.8,2.1,54479
18520,23.2,7.0,54480
18521,27.7,1.7,54481
18522,25.5,9.5,54482
18523,26.5,5.1,54484
18524,-666666666.0,-222222222.0,54485
18525,25.0,5.1,54486
18526,28.0,2.2,54487
18527,17.1,3.4,54488
18528,36.3,19.2,54489
18529,18.3,12.2,54490
18530,30.5,9.6,54491
18531,30.0,8.2,54493
18532,24.6,4.1,54494
18533,30.6,3.4,54495
18534,14.2,11.0,54498
18535,27.0,5.7,54499
18536,23.5,2.3,54501
18537,22.5,16.1,54511
18538,27.7,7.0,54512
18539,21.3,7.0,54513
18540,18.7,4.9,54514
18541,25.6,3.7,54515
18542,-666666666.0,-222222222.0,54517
18543,20.5,16.8,54519
18544,22.1,6.7,54520
18545,19.8,1.9,54521
18546,18.6,8.6,54524
18547,22.5,15.8,54525
18548,35.9,17.3,54526
18549,22.1,12.3,54527
18550,28.8,40.8,54529
18551,30.8,19.3,54530
18552,25.8,15.5,54531
18553,30.3,5.0,54534
18554,-666666666.0,-222222222.0,54536
18555,12.7,1.6,54537
18556,22.7,1.3,54538
18557,34.3,37.7,54539
18558,26.9,5.0,54540
18559,13.4,1.1,54541
18560,9.0,-333333333.0,54542
18561,18.7,2.8,54545
18562,28.3,11.2,54546
18563,20.2,2.7,54547
18564,31.2,8.0,54548
18565,21.8,4.8,54550
18566,21.9,3.7,54552
18567,36.3,13.3,54554
18568,24.9,5.4,54555
18569,26.5,2.7,54556
18570,23.5,3.1,54557
18571,23.0,6.3,54558
18572,11.8,4.6,54559
18573,-666666666.0,-222222222.0,54560
18574,-666666666.0,-222222222.0,54561
18575,45.6,14.7,54562
18576,20.8,12.1,54563
18577,19.0,7.5,54564
18578,-666666666.0,-222222222.0,54565
18579,20.7,4.5,54566
18580,24.6,20.0,54568
18581,29.0,1.4,54601
18582,24.7,3.0,54603
18583,25.4,4.4,54610
18584,20.6,4.1,54611
18585,18.2,6.0,54612
18586,23.9,20.7,54613
18587,22.4,3.3,54614
18588,24.1,4.7,54615
18589,19.2,4.2,54616
18590,22.0,3.8,54618
18591,18.8,3.4,54619
18592,14.0,4.1,54621
18593,28.2,4.3,54622
18594,26.0,4.7,54623
18595,28.9,6.8,54624
18596,51.0,-333333333.0,54625
18597,19.0,3.5,54626
18598,31.7,26.3,54627
18599,28.0,9.1,54628
18600,21.6,4.1,54629
18601,27.3,3.9,54630
18602,27.5,5.5,54631
18603,19.0,5.1,54632
18604,24.8,5.4,54634
18605,19.0,12.6,54635
18606,24.8,5.6,54636
18607,27.0,2.9,54637
18608,17.5,7.0,54638
18609,18.1,6.1,54639
18610,31.6,12.9,54642
18611,-666666666.0,-222222222.0,54643
18612,-666666666.0,-222222222.0,54644
18613,18.6,42.7,54645
18614,21.0,3.1,54646
18615,23.8,14.0,54648
18616,26.9,2.7,54650
18617,28.3,5.5,54651
18618,24.5,4.7,54652
18619,22.3,4.0,54653
18620,-666666666.0,-222222222.0,54654
18621,27.6,2.2,54655
18622,24.5,3.0,54656
18623,18.2,18.5,54657
18624,32.7,8.1,54658
18625,21.3,4.3,54659
18626,27.3,3.5,54660
18627,22.7,3.8,54661
18628,18.3,4.8,54664
18629,18.3,3.0,54665
18630,22.2,4.0,54666
18631,19.8,9.1,54667
18632,26.4,2.8,54669
18633,32.0,5.6,54670
18634,25.7,2.8,54701
18635,24.8,2.0,54703
18636,24.3,3.9,54720
18637,19.2,18.8,54721
18638,24.3,6.7,54722
18639,17.1,5.6,54723
18640,28.9,6.6,54724
18641,24.5,11.8,54725
18642,24.5,36.6,54726
18643,23.2,8.2,54727
18644,22.8,4.2,54728
18645,27.0,2.9,54729
18646,18.6,3.2,54730
18647,20.8,14.5,54731
18648,24.2,2.2,54732
18649,26.6,4.8,54733
18650,16.1,4.2,54734
18651,30.5,9.8,54736
18652,51.0,-333333333.0,54737
18653,13.6,3.5,54738
18654,18.4,2.4,54739
18655,19.3,4.7,54740
18656,31.0,10.0,54741
18657,23.7,4.6,54742
18658,18.9,6.1,54745
18659,17.5,8.2,54746
18660,22.9,3.4,54747
18661,32.3,28.4,54748
18662,32.5,25.8,54749
18663,13.6,1.4,54750
18664,26.6,2.0,54751
18665,25.5,5.9,54754
18666,23.5,4.0,54755
18667,25.7,7.1,54756
18668,35.5,19.1,54757
18669,26.3,7.5,54758
18670,27.7,3.5,54759
18671,25.0,17.4,54760
18672,16.4,10.3,54761
18673,24.6,6.8,54762
18674,28.5,5.4,54763
18675,29.4,6.0,54766
18676,27.6,5.0,54767
18677,26.1,5.2,54768
18678,27.5,33.7,54769
18679,26.4,1.8,54770
18680,20.0,2.8,54771
18681,25.7,6.4,54772
18682,24.0,5.0,54773
18683,31.1,2.4,54801
18684,26.9,9.9,54805
18685,26.6,3.2,54806
18686,19.2,11.4,54810
18687,27.3,6.1,54812
18688,22.5,23.6,54813
18689,21.1,6.6,54814
18690,23.1,6.8,54817
18691,24.7,4.5,54819
18692,19.5,5.0,54820
18693,19.4,15.5,54821
18694,30.4,8.5,54822
18695,27.9,11.0,54824
18696,12.9,1.4,54826
18697,-666666666.0,-222222222.0,54827
18698,16.6,21.4,54828
18699,31.2,6.8,54829
18700,17.7,1.0,54830
18701,22.3,4.9,54832
18702,27.8,6.6,54835
18703,-666666666.0,-222222222.0,54836
18704,29.8,4.6,54837
18705,24.5,3.9,54838
18706,-666666666.0,-222222222.0,54839
18707,31.9,4.4,54840
18708,31.4,25.5,54841
18709,51.0,-333333333.0,54842
18710,22.0,4.3,54843
18711,24.5,3.6,54844
18712,-666666666.0,-222222222.0,54845
18713,14.7,16.6,54846
18714,24.5,9.5,54847
18715,27.9,5.2,54848
18716,33.3,3.2,54849
18717,17.5,14.8,54850
18718,26.0,3.0,54853
18719,24.8,16.8,54854
18720,18.9,25.1,54855
18721,17.5,21.7,54856
18722,-666666666.0,-222222222.0,54857
18723,27.9,2.7,54858
18724,36.7,3.7,54859
18725,19.4,13.8,54861
18726,45.0,40.8,54862
18727,30.0,29.0,54864
18728,27.5,2.4,54865
18729,35.0,7.5,54867
18730,28.4,2.6,54868
18731,23.0,2.5,54870
18732,27.0,1.7,54871
18733,21.9,5.8,54872
18734,25.0,4.4,54873
18735,29.7,16.2,54874
18736,18.1,2.0,54875
18737,17.1,11.5,54876
18738,27.7,1.5,54880
18739,28.8,11.8,54888
18740,26.3,3.3,54889
18741,26.0,8.7,54891
18742,30.4,3.2,54893
18743,20.0,5.5,54895
18744,27.4,1.8,54896
18745,26.4,2.3,54901
18746,28.6,4.6,54902
18747,24.7,6.7,54904
18748,19.6,6.4,54909
18749,29.1,2.4,54911
18750,23.2,1.7,54913
18751,22.1,2.2,54914
18752,25.9,2.0,54915
18753,17.5,42.0,54921
18754,22.9,7.8,54922
18755,27.5,5.0,54923
18756,-666666666.0,-222222222.0,54926
18757,24.3,71.4,54927
18758,13.8,8.3,54928
18759,34.5,26.7,54929
18760,31.3,15.7,54930
18761,-666666666.0,-222222222.0,54931
18762,13.3,2.9,54932
18763,15.0,14.3,54933
18764,26.7,3.1,54935
18765,23.8,2.0,54937
18766,19.3,9.6,54940
18767,23.0,5.5,54941
18768,29.6,8.2,54942
18769,17.3,3.7,54943
18770,30.0,9.5,54944
18771,30.3,3.7,54945
18772,-666666666.0,-222222222.0,54946
18773,19.4,10.4,54947
18774,-666666666.0,-222222222.0,54948
18775,14.3,1.4,54949
18776,27.0,6.6,54950
18777,29.2,1.8,54952
18778,23.5,2.0,54956
18779,28.4,4.9,54960
18780,31.1,4.6,54961
18781,16.8,4.1,54962
18782,24.1,7.0,54963
18783,46.3,39.5,54964
18784,21.3,3.3,54965
18785,22.8,3.6,54966
18786,30.5,9.7,54967
18787,26.2,5.3,54968
18788,25.4,11.7,54970
18789,29.7,3.5,54971
18790,16.9,5.3,54974
18791,19.6,8.0,54977
18792,-666666666.0,-222222222.0,54978
18793,13.1,1.3,54979
18794,-666666666.0,-222222222.0,54980
18795,25.8,3.4,54981
18796,30.8,4.6,54982
18797,19.0,2.3,54983
18798,23.0,3.8,54984
18799,-666666666.0,-222222222.0,54985
18800,26.2,2.3,54986
18801,48.0,18.8,55001
18802,51.0,-333333333.0,55003
18803,26.7,3.9,55005
18804,29.2,5.5,55006
18805,42.7,31.4,55007
18806,33.0,5.7,55008
18807,38.1,18.7,55009
18808,35.9,6.9,55011
18809,32.8,8.6,55012
18810,48.9,20.3,55013
18811,30.2,4.6,55014
18812,33.4,4.8,55016
18813,51.0,-333333333.0,55017
18814,25.9,8.5,55018
18815,18.3,4.0,55019
18816,-666666666.0,-222222222.0,55020
18817,31.8,4.7,55021
18818,30.7,8.1,55024
18819,28.7,5.0,55025
18820,37.5,66.6,55026
18821,24.4,6.9,55027
18822,-666666666.0,-222222222.0,55029
18823,27.1,1.0,55030
18824,17.0,3.0,55031
18825,14.8,4.0,55032
18826,25.8,4.7,55033
18827,-666666666.0,-222222222.0,55036
18828,31.7,4.4,55037
18829,41.0,16.7,55038
18830,26.3,3.6,55040
18831,27.1,5.1,55041
18832,49.0,12.6,55042
18833,36.8,3.7,55043
18834,33.4,4.5,55044
18835,26.3,5.0,55045
18836,22.4,5.2,55046
18837,31.2,4.7,55047
18838,21.5,3.9,55049
18839,24.6,5.3,55051
18840,22.4,2.9,55052
18841,15.0,14.5,55053
18842,23.0,11.6,55054
18843,30.1,10.6,55055
18844,33.5,9.8,55056
18845,23.8,1.7,55057
18846,35.0,3.5,55060
18847,30.8,5.7,55063
18848,17.1,2.2,55065
18849,31.4,3.1,55066
18850,27.5,2.4,55068
18851,32.8,8.6,55069
18852,17.4,4.1,55070
18853,27.3,1.2,55071
18854,30.6,5.6,55072
18855,40.4,31.3,55073
18856,30.8,3.8,55074
18857,29.0,4.2,55075
18858,31.0,2.7,55076
18859,31.3,9.9,55077
18860,24.0,38.3,55079
18861,28.2,15.1,55080
18862,30.2,3.6,55082
18863,32.8,5.9,55084
18864,22.5,42.0,55085
18865,-666666666.0,-222222222.0,55087
18866,-666666666.0,-222222222.0,55088
18867,12.5,4.8,55089
18868,-666666666.0,-222222222.0,55090
18869,27.2,3.9,55092
18870,35.9,4.8,55101
18871,25.7,1.6,55102
18872,30.9,2.4,55103
18873,30.2,1.9,55104
18874,27.0,2.2,55105
18875,31.6,1.8,55106
18876,31.6,3.3,55107
18877,28.5,1.6,55108
18878,32.8,1.7,55109
18879,31.7,4.9,55110
18880,26.8,44.7,55111
18881,31.1,1.9,55112
18882,31.8,1.7,55113
18883,29.7,5.1,55114
18884,45.9,17.0,55115
18885,29.8,2.8,55116
18886,30.6,3.0,55117
18887,35.3,5.9,55118
18888,28.2,2.6,55119
18889,26.3,5.2,55120
18890,24.8,2.6,55121
18891,30.1,3.4,55122
18892,25.0,3.0,55123
18893,31.1,2.8,55124
18894,28.8,2.8,55125
18895,30.9,2.3,55126
18896,28.5,1.4,55127
18897,31.8,2.6,55128
18898,28.5,3.1,55129
18899,33.4,3.8,55130
18900,39.2,28.4,55150
18901,-666666666.0,-222222222.0,55155
18902,23.5,14.5,55301
18903,31.9,7.0,55302
18904,30.3,2.6,55303
18905,33.6,6.8,55304
18906,28.2,1.7,55305
18907,28.4,3.7,55306
18908,24.8,7.0,55307
18909,35.4,19.2,55308
18910,27.5,4.4,55309
18911,32.9,5.4,55310
18912,32.2,8.1,55311
18913,25.3,6.1,55312
18914,27.7,2.4,55313
18915,21.7,5.8,55314
18916,51.0,-333333333.0,55315
18917,33.3,7.2,55316
18918,29.1,7.2,55317
18919,26.4,3.2,55318
18920,31.9,56.8,55319
18921,26.7,7.0,55320
18922,34.9,5.9,55321
18923,32.2,8.5,55322
18924,24.7,29.4,55324
18925,33.3,10.4,55325
18926,-666666666.0,-222222222.0,55327
18927,28.3,4.4,55328
18928,23.9,3.6,55329
18929,27.7,3.7,55330
18930,25.6,7.3,55331
18931,30.7,10.1,55332
18932,35.0,3.4,55333
18933,32.9,11.5,55334
18934,20.5,8.9,55335
18935,23.9,4.5,55336
18936,30.5,2.5,55337
18937,14.7,9.1,55338
18938,24.2,4.1,55339
18939,30.6,54.5,55340
18940,23.6,8.9,55341
18941,25.1,4.1,55342
18942,28.6,1.6,55343
18943,27.0,2.2,55344
18944,34.7,5.9,55345
18945,22.2,7.0,55346
18946,29.6,4.9,55347
18947,23.1,4.9,55349
18948,26.7,3.2,55350
18949,27.1,26.7,55352
18950,24.3,4.4,55353
18951,25.0,6.4,55354
18952,29.2,6.2,55355
18953,50.0,12.4,55356
18954,25.6,4.3,55357
18955,15.7,14.4,55358
18956,31.4,5.1,55359
18957,24.3,73.9,55360
18958,27.7,3.3,55362
18959,21.7,3.3,55363
18960,24.7,2.5,55364
18961,31.4,5.8,55366
18962,24.4,23.8,55367
18963,39.3,6.0,55368
18964,27.8,2.3,55369
18965,-666666666.0,-222222222.0,55370
18966,27.6,6.8,55371
18967,32.3,3.7,55372
18968,20.1,8.1,55373
18969,26.0,4.2,55374
18970,27.7,8.0,55375
18971,23.2,3.7,55376
18972,32.1,4.1,55378
18973,30.0,2.2,55379
18974,15.0,12.9,55381
18975,18.3,6.3,55382
18976,33.5,3.4,55384
18977,24.4,23.2,55385
18978,21.6,2.3,55386
18979,28.1,3.5,55387
18980,19.7,5.9,55388
18981,19.1,7.7,55389
18982,21.4,12.0,55390
18983,30.9,6.2,55391
18984,34.8,12.9,55395
18985,20.2,4.2,55396
18986,20.7,40.2,55397
18987,33.2,6.9,55398
18988,24.7,1.5,55401
18989,33.8,10.6,55402
18990,30.3,2.0,55403
18991,31.9,2.4,55404
18992,26.8,2.1,55405
18993,27.8,2.0,55406
18994,33.3,4.0,55407
18995,27.7,1.2,55408
18996,26.7,3.5,55409
18997,24.9,2.3,55410
18998,43.6,4.6,55411
18999,33.3,5.3,55412
19000,25.2,1.3,55413
19001,35.6,2.1,55414
19002,26.3,4.9,55415
19003,26.3,1.5,55416
19004,24.5,2.4,55417
19005,27.1,1.8,55418
19006,26.0,3.2,55419
19007,30.6,2.9,55420
19008,38.3,4.3,55421
19009,39.8,5.9,55422
19010,26.8,3.0,55423
19011,27.9,3.5,55424
19012,25.8,5.3,55425
19013,26.1,1.8,55426
19014,28.2,1.9,55427
19015,34.0,5.3,55428
19016,32.4,4.2,55429
19017,28.7,3.8,55430
19018,28.2,2.2,55431
19019,28.2,1.9,55432
19020,33.4,2.5,55433
19021,27.2,8.4,55434
19022,29.8,2.7,55435
19023,33.4,6.2,55436
19024,28.5,3.2,55437
19025,29.0,2.9,55438
19026,23.3,3.9,55439
19027,27.9,3.1,55441
19028,26.0,3.2,55442
19029,36.1,3.2,55443
19030,20.8,3.2,55444
19031,27.1,15.8,55445
19032,26.7,2.9,55446
19033,24.8,5.9,55447
19034,30.7,4.1,55448
19035,26.5,5.4,55449
19036,-666666666.0,-222222222.0,55450
19037,34.5,2.6,55454
19038,-666666666.0,-222222222.0,55455
19039,-666666666.0,-222222222.0,55601
19040,-666666666.0,-222222222.0,55602
19041,26.9,1.5,55603
19042,29.7,5.0,55604
19043,14.9,2.2,55605
19044,-666666666.0,-222222222.0,55606
19045,-666666666.0,-222222222.0,55607
19046,-666666666.0,-222222222.0,55609
19047,47.5,55.0,55612
19048,-666666666.0,-222222222.0,55613
19049,19.3,10.2,55614
19050,9.0,-333333333.0,55615
19051,28.2,10.2,55616
19052,32.5,17.0,55702
19053,27.5,14.3,55703
19054,29.2,4.9,55704
19055,23.3,2.9,55705
19056,14.7,5.5,55706
19057,28.1,8.8,55707
19058,21.0,9.3,55708
19059,23.4,3.0,55709
19060,-666666666.0,-222222222.0,55710
19061,43.3,22.3,55711
19062,17.5,9.9,55712
19063,23.0,1.5,55713
19064,31.0,6.9,55716
19065,-666666666.0,-222222222.0,55717
19066,30.7,9.2,55718
19067,22.8,8.2,55719
19068,29.5,3.9,55720
19069,47.6,32.0,55721
19070,-666666666.0,-222222222.0,55722
19071,29.3,6.2,55723
19072,-666666666.0,-222222222.0,55724
19073,15.0,65.0,55725
19074,30.7,8.4,55726
19075,31.9,7.5,55731
19076,28.8,43.5,55732
19077,20.0,8.2,55733
19078,28.9,4.4,55734
19079,28.0,6.7,55735
19080,28.8,3.3,55736
19081,-666666666.0,-222222222.0,55738
19082,31.9,1.4,55741
19083,32.0,5.4,55742
19084,34.0,3.2,55744
19085,31.9,6.5,55746
19086,37.2,17.9,55748
19087,-666666666.0,-222222222.0,55749
19088,22.3,6.1,55750
19089,22.5,13.7,55751
19090,-666666666.0,-222222222.0,55752
19091,40.9,14.1,55753
19092,-666666666.0,-222222222.0,55756
19093,26.5,3.5,55757
19094,9.0,-333333333.0,55758
19095,26.5,3.0,55760
19096,-666666666.0,-222222222.0,55763
19097,26.8,1.2,55764
19098,20.0,5.5,55765
19099,26.7,7.3,55767
19100,22.2,14.1,55768
19101,33.4,9.2,55769
19102,17.0,10.9,55771
19103,31.3,13.8,55772
19104,47.1,9.7,55775
19105,13.7,12.1,55779
19106,12.1,16.5,55780
19107,21.3,15.3,55781
19108,19.4,22.3,55782
19109,25.0,11.5,55783
19110,-666666666.0,-222222222.0,55784
19111,-666666666.0,-222222222.0,55785
19112,-666666666.0,-222222222.0,55786
19113,19.0,6.3,55787
19114,17.4,3.7,55790
19115,30.8,3.9,55792
19116,37.0,7.5,55793
19117,22.3,2.8,55795
19118,32.5,9.4,55796
19119,29.2,10.5,55797
19120,27.5,70.0,55798
19121,30.1,4.1,55802
19122,26.7,8.3,55803
19123,29.1,10.2,55804
19124,32.9,2.4,55805
19125,29.3,2.5,55806
19126,36.9,5.2,55807
19127,25.6,4.1,55808
19128,36.5,3.2,55810
19129,36.8,3.5,55811
19130,32.4,3.7,55812
19131,-666666666.0,-222222222.0,55814
19132,29.3,1.8,55901
19133,30.5,2.7,55902
19134,-666666666.0,-222222222.0,55903
19135,27.8,3.4,55904
19136,-666666666.0,-222222222.0,55905
19137,27.8,4.9,55906
19138,21.3,12.5,55909
19139,25.0,6.0,55910
19140,27.7,2.5,55912
19141,26.2,6.0,55917
19142,48.3,11.1,55918
19143,21.3,5.1,55919
19144,34.6,12.9,55920
19145,29.2,13.0,55921
19146,19.2,8.9,55922
19147,31.9,7.1,55923
19148,30.0,12.6,55924
19149,18.7,12.3,55925
19150,17.5,26.3,55926
19151,18.8,1.6,55927
19152,23.8,18.9,55929
19153,18.1,5.7,55931
19154,19.2,8.6,55932
19155,27.5,31.6,55933
19156,28.0,4.6,55934
19157,10.4,6.9,55935
19158,25.9,6.0,55936
19159,29.4,20.0,55939
19160,28.9,25.1,55940
19161,26.5,4.8,55941
19162,30.5,12.4,55943
19163,35.8,17.7,55944
19164,22.3,1.5,55945
19165,30.6,4.9,55946
19166,32.2,4.1,55947
19167,23.3,9.6,55949
19168,-666666666.0,-222222222.0,55950
19169,37.7,17.8,55951
19170,29.3,6.2,55952
19171,22.9,4.6,55953
19172,16.5,3.2,55954
19173,24.5,4.0,55955
19174,28.2,4.4,55956
19175,18.3,16.6,55957
19176,18.9,16.8,55959
19177,26.5,5.4,55960
19178,19.8,24.7,55961
19179,15.0,9.3,55962
19180,27.7,5.6,55963
19181,29.6,9.6,55964
19182,25.3,4.5,55965
19183,22.5,9.3,55967
19184,27.5,48.1,55968
19185,37.0,2.9,55969
19186,32.5,43.5,55970
19187,22.8,6.3,55971
19188,25.8,3.3,55972
19189,-666666666.0,-222222222.0,55973
19190,28.6,3.5,55974
19191,32.8,4.5,55975
19192,31.0,9.6,55976
19193,24.2,9.6,55977
19194,51.0,-333333333.0,55979
19195,26.0,3.1,55981
19196,20.0,3.6,55982
19197,26.3,8.8,55983
19198,24.4,14.2,55985
19199,32.4,3.3,55987
19200,18.7,5.3,55990
19201,36.3,10.2,55991
19202,17.9,16.7,55992
19203,29.7,3.0,56001
19204,22.7,2.7,56003
19205,29.2,4.2,56007
19206,15.0,3.6,56009
19207,27.5,7.6,56010
19208,34.1,2.6,56011
19209,26.7,5.2,56013
19210,17.7,6.1,56014
19211,18.9,9.0,56016
19212,17.2,0.9,56017
19213,20.3,4.0,56019
19214,-666666666.0,-222222222.0,56020
19215,22.6,1.9,56021
19216,-666666666.0,-222222222.0,56022
19217,50.0,17.6,56023
19218,19.8,6.3,56024
19219,19.4,10.4,56025
19220,19.9,4.5,56026
19221,19.9,17.7,56027
19222,18.1,5.1,56028
19223,19.5,14.1,56029
19224,-666666666.0,-222222222.0,56030
19225,31.1,3.4,56031
19226,28.3,17.4,56032
19227,51.0,-333333333.0,56033
19228,11.1,6.1,56034
19229,18.6,6.5,56035
19230,31.9,15.7,56036
19231,25.3,15.1,56037
19232,12.8,4.8,56039
19233,29.2,22.1,56041
19234,17.0,9.6,56042
19235,16.9,4.4,56043
19236,18.1,15.4,56044
19237,25.4,9.0,56045
19238,-666666666.0,-222222222.0,56046
19239,21.7,1.8,56048
19240,21.2,2.1,56050
19241,14.5,14.6,56051
19242,-666666666.0,-222222222.0,56052
19243,24.2,4.3,56054
19244,26.1,11.4,56055
19245,-666666666.0,-222222222.0,56056
19246,24.2,4.1,56057
19247,35.0,8.8,56058
19248,38.8,7.9,56060
19249,18.8,5.5,56062
19250,29.6,6.0,56063
19251,30.2,4.5,56065
19252,19.1,7.8,56068
19253,29.8,4.7,56069
19254,23.6,4.8,56071
19255,17.5,17.8,56072
19256,28.2,3.8,56073
19257,22.7,2.8,56074
19258,15.0,7.4,56075
19259,43.0,20.9,56078
19260,31.7,12.4,56080
19261,27.3,3.8,56081
19262,32.7,5.1,56082
19263,15.9,4.7,56083
19264,32.4,23.0,56085
19265,31.3,6.3,56087
19266,24.9,14.5,56088
19267,16.3,10.2,56089
19268,13.0,3.9,56090
19269,-666666666.0,-222222222.0,56091
19270,28.2,2.3,56093
19271,26.6,5.8,56096
19272,27.7,6.0,56097
19273,27.5,4.8,56098
19274,22.4,2.5,56101
19275,15.0,8.1,56110
19276,31.3,14.7,56111
19277,-666666666.0,-222222222.0,56113
19278,16.3,2.9,56114
19279,26.0,17.3,56115
19280,14.4,10.9,56116
19281,9.0,-333333333.0,56117
19282,51.0,-333333333.0,56118
19283,12.4,1.6,56119
19284,14.6,4.6,56120
19285,43.3,9.6,56121
19286,13.5,2.0,56122
19287,22.5,42.2,56123
19288,-666666666.0,-222222222.0,56125
19289,17.5,12.1,56127
19290,28.8,60.0,56128
19291,16.6,4.9,56129
19292,24.7,5.7,56131
19293,25.8,19.4,56132
19294,27.5,10.1,56134
19295,26.3,8.6,56136
19296,17.8,3.8,56137
19297,17.1,9.0,56138
19298,23.0,6.6,56139
19299,-666666666.0,-222222222.0,56140
19300,27.9,4.0,56141
19301,20.7,7.2,56142
19302,21.2,9.2,56143
19303,21.4,11.4,56144
19304,19.0,18.4,56145
19305,13.1,2.9,56146
19306,-666666666.0,-222222222.0,56147
19307,39.2,5.6,56149
19308,17.6,3.6,56150
19309,30.5,9.6,56151
19310,24.1,12.7,56152
19311,-666666666.0,-222222222.0,56153
19312,41.7,10.9,56155
19313,28.7,9.2,56156
19314,18.1,0.9,56157
19315,9.0,-333333333.0,56158
19316,22.1,2.5,56159
19317,-666666666.0,-222222222.0,56160
19318,-666666666.0,-222222222.0,56161
19319,23.3,8.2,56162
19320,30.6,5.7,56164
19321,-666666666.0,-222222222.0,56165
19322,-666666666.0,-222222222.0,56166
19323,15.0,5.5,56167
19324,41.7,12.3,56168
19325,16.5,6.3,56169
19326,16.3,10.4,56170
19327,24.6,12.1,56171
19328,31.8,10.5,56172
19329,26.8,1.6,56173
19330,22.5,43.8,56174
19331,19.5,5.0,56175
19332,22.5,28.6,56176
19333,22.3,9.2,56178
19334,32.9,18.6,56180
19335,44.3,36.7,56181
19336,28.6,4.5,56183
19337,19.0,10.9,56185
19338,23.0,14.5,56186
19339,24.3,6.1,56187
19340,27.7,2.6,56201
19341,17.9,0.9,56207
19342,26.8,8.1,56208
19343,18.4,4.0,56209
19344,-666666666.0,-222222222.0,56210
19345,18.2,1.1,56211
19346,9.0,-333333333.0,56212
19347,32.5,43.5,56214
19348,34.4,8.2,56215
19349,17.5,1.2,56216
19350,17.5,1.6,56218
19351,28.3,49.6,56219
19352,20.6,3.5,56220
19353,51.0,-333333333.0,56221
19354,23.2,2.8,56222
19355,25.6,7.7,56223
19356,-666666666.0,-222222222.0,56224
19357,51.0,-333333333.0,56225
19358,-666666666.0,-222222222.0,56226
19359,-666666666.0,-222222222.0,56227
19360,20.0,4.7,56228
19361,27.7,13.3,56229
19362,51.0,-333333333.0,56230
19363,-666666666.0,-222222222.0,56231
19364,27.5,6.3,56232
19365,51.0,-333333333.0,56235
19366,-666666666.0,-222222222.0,56236
19367,30.4,12.5,56237
19368,36.8,12.8,56239
19369,25.0,6.1,56240
19370,24.7,4.5,56241
19371,22.7,2.0,56243
19372,18.5,2.4,56244
19373,18.6,2.6,56245
19374,19.0,10.1,56248
19375,26.3,35.4,56249
19376,24.0,5.9,56251
19377,34.6,20.0,56252
19378,15.0,6.9,56253
19379,51.0,-333333333.0,56255
19380,22.4,10.8,56256
19381,51.0,-333333333.0,56257
19382,27.4,4.0,56258
19383,24.1,37.4,56260
19384,18.9,9.6,56262
19385,42.5,54.5,56263
19386,22.2,10.9,56264
19387,28.6,12.0,56265
19388,34.4,33.8,56266
19389,28.0,3.6,56267
19390,38.4,10.8,56270
19391,51.0,-333333333.0,56271
19392,30.6,25.9,56273
19393,-666666666.0,-222222222.0,56274
19394,-666666666.0,-222222222.0,56276
19395,33.0,15.7,56277
19396,26.0,5.0,56278
19397,23.3,4.2,56279
19398,18.8,7.7,56280
19399,51.0,-333333333.0,56281
19400,21.3,5.4,56282
19401,26.5,10.3,56283
19402,23.2,4.9,56284
19403,25.0,8.6,56285
19404,-666666666.0,-222222222.0,56287
19405,23.5,1.7,56288
19406,51.0,-333333333.0,56289
19407,16.3,39.1,56291
19408,26.3,9.4,56292
19409,25.5,8.1,56293
19410,-666666666.0,-222222222.0,56294
19411,28.3,12.4,56295
19412,33.6,3.8,56296
19413,29.5,13.9,56297
19414,29.4,3.1,56301
19415,29.2,2.4,56303
19416,24.5,8.0,56304
19417,28.8,5.2,56307
19418,27.2,2.8,56308
19419,25.4,3.9,56309
19420,14.5,10.6,56310
19421,45.0,12.5,56311
19422,32.3,7.1,56312
19423,-666666666.0,-222222222.0,56313
19424,19.0,5.2,56314
19425,22.3,2.8,56315
19426,23.9,7.9,56316
19427,22.5,15.7,56318
19428,23.4,6.5,56319
19429,37.3,10.1,56320
19430,-666666666.0,-222222222.0,56321
19431,18.6,2.1,56323
19432,25.5,15.1,56324
19433,19.6,20.3,56325
19434,32.8,8.1,56326
19435,-666666666.0,-222222222.0,56327
19436,-666666666.0,-222222222.0,56328
19437,28.3,3.0,56329
19438,31.5,6.6,56330
19439,23.8,14.9,56331
19440,21.3,2.9,56332
19441,42.5,11.6,56334
19442,-666666666.0,-222222222.0,56335
19443,22.5,5.4,56336
19444,29.4,69.5,56338
19445,26.3,7.3,56339
19446,18.9,12.7,56340
19447,28.3,3.6,56342
19448,21.8,3.5,56343
19449,23.9,2.6,56345
19450,27.4,5.3,56347
19451,19.5,5.7,56349
19452,-666666666.0,-222222222.0,56350
19453,29.5,5.6,56352
19454,26.7,3.0,56353
19455,21.3,5.7,56354
19456,49.6,22.7,56355
19457,17.5,38.0,56356
19458,-666666666.0,-222222222.0,56357
19459,19.5,10.8,56358
19460,29.4,2.3,56359
19461,24.2,4.1,56360
19462,23.8,5.4,56361
19463,24.9,15.6,56362
19464,34.6,3.5,56363
19465,27.1,4.1,56364
19466,26.3,4.4,56367
19467,24.6,9.1,56368
19468,22.9,17.9,56369
19469,-666666666.0,-222222222.0,56371
19470,19.7,7.0,56373
19471,32.6,10.6,56374
19472,14.5,12.2,56375
19473,24.7,3.2,56376
19474,35.8,9.1,56377
19475,31.7,10.3,56378
19476,25.9,2.0,56379
19477,38.2,8.3,56381
19478,22.0,4.1,56382
19479,41.2,11.0,56384
19480,23.6,5.8,56385
19481,45.8,22.7,56386
19482,40.9,9.9,56387
19483,51.0,-333333333.0,56389
19484,26.7,2.3,56401
19485,31.6,3.6,56425
19486,29.6,2.8,56431
19487,27.5,24.8,56433
19488,27.5,9.5,56434
19489,15.0,4.6,56435
19490,25.4,4.0,56437
19491,29.1,11.3,56438
19492,25.7,5.9,56440
19493,31.3,3.4,56441
19494,34.3,13.4,56442
19495,13.7,11.7,56443
19496,24.9,5.7,56444
19497,27.7,2.0,56446
19498,17.8,0.7,56447
19499,-666666666.0,-222222222.0,56448
19500,32.5,16.3,56449
19501,18.4,8.8,56450
19502,25.3,4.7,56452
19503,14.6,13.7,56453
19504,21.4,8.4,56455
19505,27.5,23.3,56458
19506,13.5,1.5,56461
19507,22.2,1.0,56464
19508,22.7,3.8,56465
19509,29.4,8.2,56466
19510,27.5,13.5,56467
19511,18.9,7.7,56468
19512,27.5,22.4,56469
19513,30.6,9.4,56470
19514,27.1,3.0,56472
19515,19.3,1.6,56473
19516,26.1,4.4,56474
19517,24.4,12.8,56475
19518,19.4,8.7,56477
19519,31.4,6.0,56479
19520,15.0,10.0,56481
19521,23.3,3.7,56482
19522,34.3,7.4,56484
19523,29.5,3.2,56501
19524,22.0,8.5,56510
19525,37.5,28.0,56511
19526,20.9,3.5,56514
19527,28.4,3.7,56515
19528,17.5,9.4,56516
19529,-666666666.0,-222222222.0,56517
19530,23.3,10.2,56518
19531,-666666666.0,-222222222.0,56519
19532,27.2,7.1,56520
19533,15.0,7.7,56521
19534,12.5,10.6,56522
19535,37.5,30.3,56523
19536,13.8,13.4,56524
19537,-666666666.0,-222222222.0,56525
19538,30.2,9.5,56527
19539,18.5,1.2,56528
19540,38.1,27.6,56529
19541,27.6,5.4,56531
19542,-666666666.0,-222222222.0,56533
19543,12.5,7.3,56534
19544,33.3,42.2,56535
19545,41.3,33.2,56536
19546,28.4,2.6,56537
19547,23.5,4.7,56540
19548,-666666666.0,-222222222.0,56541
19549,23.3,8.5,56542
19550,-666666666.0,-222222222.0,56543
19551,27.6,2.9,56544
19552,12.5,1.9,56545
19553,-666666666.0,-222222222.0,56546
19554,19.5,21.2,56547
19555,18.6,1.4,56548
19556,22.6,6.5,56549
19557,51.0,-333333333.0,56550
19558,27.1,13.7,56551
19559,-666666666.0,-222222222.0,56552
19560,-666666666.0,-222222222.0,56553
19561,32.2,2.8,56554
19562,51.0,-333333333.0,56556
19563,22.8,4.4,56557
19564,32.2,2.5,56560
19565,-666666666.0,-222222222.0,56562
19566,-666666666.0,-222222222.0,56563
19567,-666666666.0,-222222222.0,56565
19568,13.6,1.6,56566
19569,25.0,4.3,56567
19570,-666666666.0,-222222222.0,56568
19571,29.7,4.4,56569
19572,40.9,21.2,56570
19573,23.0,3.5,56571
19574,26.7,4.4,56572
19575,29.5,4.8,56573
19576,-666666666.0,-222222222.0,56574
19577,40.7,14.6,56575
19578,22.0,8.3,56576
19579,-666666666.0,-222222222.0,56578
19580,23.1,3.1,56579
19581,18.5,15.3,56580
19582,51.0,-333333333.0,56581
19583,-666666666.0,-222222222.0,56583
19584,26.2,3.2,56584
19585,46.0,31.7,56585
19586,29.5,4.6,56586
19587,21.3,12.3,56587
19588,35.0,58.2,56588
19589,25.0,5.8,56589
19590,25.8,37.7,56590
19591,16.9,0.9,56591
19592,24.7,33.4,56592
19593,26.3,20.3,56594
19594,27.3,1.9,56601
19595,26.6,1.7,56621
19596,24.9,8.2,56623
19597,26.7,2.5,56626
19598,27.0,9.6,56627
19599,34.2,8.2,56628
19600,-666666666.0,-222222222.0,56629
19601,31.7,5.5,56630
19602,18.9,1.5,56633
19603,28.0,16.0,56634
19604,27.1,3.7,56636
19605,-666666666.0,-222222222.0,56637
19606,42.5,9.6,56639
19607,33.6,4.7,56641
19608,28.6,6.6,56644
19609,35.0,33.5,56646
19610,21.5,9.9,56647
19611,25.0,3.7,56649
19612,29.0,5.1,56650
19613,19.2,5.6,56651
19614,-666666666.0,-222222222.0,56652
19615,16.7,5.1,56653
19616,-666666666.0,-222222222.0,56654
19617,21.8,4.5,56655
19618,-666666666.0,-222222222.0,56657
19619,-666666666.0,-222222222.0,56658
19620,-666666666.0,-222222222.0,56659
19621,-666666666.0,-222222222.0,56660
19622,17.3,3.3,56661
19623,-666666666.0,-222222222.0,56662
19624,-666666666.0,-222222222.0,56663
19625,35.2,19.1,56666
19626,-666666666.0,-222222222.0,56667
19627,-666666666.0,-222222222.0,56668
19628,-666666666.0,-222222222.0,56669
19629,25.8,19.5,56670
19630,29.1,23.0,56671
19631,27.5,3.0,56672
19632,-666666666.0,-222222222.0,56673
19633,19.4,4.4,56676
19634,14.4,10.8,56678
19635,-666666666.0,-222222222.0,56680
19636,12.5,11.4,56681
19637,21.3,12.1,56683
19638,-666666666.0,-222222222.0,56684
19639,-666666666.0,-222222222.0,56685
19640,-666666666.0,-222222222.0,56686
19641,-666666666.0,-222222222.0,56688
19642,25.1,2.5,56701
19643,30.6,32.2,56710
19644,-666666666.0,-222222222.0,56711
19645,31.2,9.8,56713
19646,19.8,3.6,56714
19647,17.5,2.1,56715
19648,33.4,6.8,56716
19649,-666666666.0,-222222222.0,56720
19650,35.7,7.6,56721
19651,-666666666.0,-222222222.0,56722
19652,27.5,3.9,56723
19653,-666666666.0,-222222222.0,56724
19654,31.7,4.4,56725
19655,18.7,1.7,56726
19656,23.1,1.6,56727
19657,23.9,3.6,56728
19658,11.3,28.6,56729
19659,-666666666.0,-222222222.0,56731
19660,19.5,16.3,56732
19661,-666666666.0,-222222222.0,56733
19662,19.6,10.1,56734
19663,21.8,2.8,56735
19664,22.8,2.3,56736
19665,19.9,2.7,56737
19666,16.8,5.6,56738
19667,38.8,7.1,56742
19668,9.0,-333333333.0,56744
19669,10.8,6.1,56748
19670,18.4,1.3,56750
19671,21.7,6.7,56751
19672,23.5,14.6,56754
19673,-666666666.0,-222222222.0,56755
19674,13.5,16.0,56756
19675,33.2,7.6,56757
19676,10.6,3.7,56758
19677,-666666666.0,-222222222.0,56759
19678,-666666666.0,-222222222.0,56760
19679,-666666666.0,-222222222.0,56761
19680,24.8,7.4,56762
19681,25.7,3.2,56763
19682,22.0,1.9,57001
19683,22.2,4.3,57002
19684,22.4,2.6,57003
19685,18.3,5.3,57004
19686,24.4,3.2,57005
19687,24.9,2.8,57006
19688,-666666666.0,-222222222.0,57007
19689,-666666666.0,-222222222.0,57010
19690,16.3,16.5,57012
19691,22.6,6.9,57013
19692,19.8,29.1,57014
19693,24.7,3.9,57015
19694,25.6,3.2,57016
19695,19.6,13.3,57017
19696,17.9,17.0,57018
19697,30.3,12.9,57020
19698,-666666666.0,-222222222.0,57021
19699,26.5,5.3,57022
19700,36.3,23.3,57024
19701,32.1,8.9,57025
19702,46.7,8.5,57026
19703,-666666666.0,-222222222.0,57027
19704,25.1,8.6,57028
19705,24.3,6.1,57029
19706,20.6,3.6,57030
19707,17.5,44.5,57031
19708,25.3,5.7,57032
19709,27.4,5.0,57033
19710,13.3,12.9,57034
19711,15.5,11.0,57035
19712,21.8,6.4,57036
19713,17.0,6.2,57037
19714,17.1,1.3,57038
19715,32.9,3.2,57039
19716,23.2,26.3,57040
19717,-666666666.0,-222222222.0,57041
19718,29.5,4.1,57042
19719,14.9,15.6,57043
19720,21.5,4.9,57045
19721,15.6,16.2,57046
19722,23.3,9.6,57047
19723,25.8,5.1,57048
19724,26.9,4.4,57049
19725,-666666666.0,-222222222.0,57050
19726,-666666666.0,-222222222.0,57051
19727,-666666666.0,-222222222.0,57052
19728,26.6,3.7,57053
19729,25.8,25.5,57054
19730,-666666666.0,-222222222.0,57055
19731,-666666666.0,-222222222.0,57057
19732,26.9,5.4,57058
19733,20.9,8.0,57059
19734,23.5,41.6,57061
19735,19.5,16.6,57062
19736,9.0,-333333333.0,57063
19737,24.6,8.7,57064
19738,19.4,18.6,57065
19739,32.2,11.3,57066
19740,-666666666.0,-222222222.0,57067
19741,15.0,7.0,57068
19742,29.7,5.0,57069
19743,23.5,5.3,57070
19744,18.8,6.0,57071
19745,25.0,3.9,57072
19746,22.5,27.3,57073
19747,26.3,21.0,57075
19748,10.5,4.2,57076
19749,51.0,-333333333.0,57077
19750,23.4,2.3,57078
19751,29.2,3.7,57103
19752,24.8,2.0,57104
19753,26.0,2.2,57105
19754,27.6,2.1,57106
19755,25.1,2.5,57107
19756,25.8,1.8,57108
19757,27.3,4.3,57110
19758,-666666666.0,-222222222.0,57117
19759,-666666666.0,-222222222.0,57197
19760,24.0,1.6,57201
19761,23.8,7.7,57212
19762,51.0,-333333333.0,57213
19763,-666666666.0,-222222222.0,57214
19764,30.6,14.9,57216
19765,-666666666.0,-222222222.0,57217
19766,36.9,20.9,57218
19767,24.0,3.0,57219
19768,25.0,12.9,57220
19769,20.4,6.9,57221
19770,37.2,21.1,57223
19771,45.0,38.6,57224
19772,18.6,6.8,57225
19773,17.6,4.7,57226
19774,-666666666.0,-222222222.0,57227
19775,25.2,3.1,57231
19776,17.5,12.6,57232
19777,-666666666.0,-222222222.0,57233
19778,27.5,29.0,57234
19779,26.0,7.1,57235
19780,-666666666.0,-222222222.0,57236
19781,15.6,8.4,57237
19782,14.7,25.4,57238
19783,-666666666.0,-222222222.0,57239
19784,21.9,3.7,57241
19785,12.8,0.9,57242
19786,18.8,86.6,57243
19787,-666666666.0,-222222222.0,57245
19788,10.6,4.4,57246
19789,-666666666.0,-222222222.0,57247
19790,20.2,3.4,57248
19791,35.9,6.9,57249
19792,-666666666.0,-222222222.0,57251
19793,24.8,4.4,57252
19794,14.1,3.2,57255
19795,-666666666.0,-222222222.0,57256
19796,21.1,9.3,57257
19797,-666666666.0,-222222222.0,57258
19798,24.4,23.0,57259
19799,26.4,7.6,57260
19800,23.3,50.9,57261
19801,20.5,2.9,57262
19802,21.9,50.2,57263
19803,-666666666.0,-222222222.0,57264
19804,-666666666.0,-222222222.0,57265
19805,20.8,10.2,57266
19806,18.3,6.2,57268
19807,-666666666.0,-222222222.0,57269
19808,13.9,1.5,57270
19809,-666666666.0,-222222222.0,57271
19810,9.0,-333333333.0,57272
19811,22.5,16.7,57273
19812,24.4,4.3,57274
19813,23.2,3.3,57276
19814,20.0,12.9,57278
19815,24.0,7.5,57279
19816,27.6,1.8,57301
19817,17.1,0.8,57311
19818,20.5,8.5,57312
19819,14.7,8.4,57313
19820,17.8,2.8,57314
19821,27.8,8.3,57315
19822,19.4,13.5,57317
19823,34.4,16.1,57319
19824,-666666666.0,-222222222.0,57321
19825,-666666666.0,-222222222.0,57322
19826,-666666666.0,-222222222.0,57323
19827,-666666666.0,-222222222.0,57324
19828,23.4,6.8,57325
19829,32.5,25.9,57328
19830,22.5,16.6,57329
19831,15.9,4.6,57330
19832,51.0,-333333333.0,57331
19833,20.6,10.4,57332
19834,17.7,4.9,57334
19835,25.7,20.4,57335
19836,-666666666.0,-222222222.0,57337
19837,22.9,7.8,57339
19838,29.2,6.8,57340
19839,-666666666.0,-222222222.0,57341
19840,17.3,2.3,57342
19841,-666666666.0,-222222222.0,57344
19842,22.2,4.0,57345
19843,-666666666.0,-222222222.0,57346
19844,9.0,-333333333.0,57348
19845,22.3,5.8,57349
19846,27.7,2.2,57350
19847,21.0,3.8,57353
19848,-666666666.0,-222222222.0,57354
19849,35.4,19.2,57355
19850,22.7,3.4,57356
19851,-666666666.0,-222222222.0,57358
19852,50.0,34.2,57359
19853,21.5,34.8,57361
19854,25.1,3.8,57362
19855,17.1,2.0,57363
19856,-666666666.0,-222222222.0,57364
19857,19.4,5.1,57365
19858,21.8,8.4,57366
19859,22.0,3.4,57367
19860,27.9,16.6,57368
19861,16.1,7.3,57369
19862,18.0,2.3,57370
19863,-666666666.0,-222222222.0,57371
19864,-666666666.0,-222222222.0,57373
19865,26.0,14.9,57374
19866,18.1,2.0,57375
19867,22.0,1.1,57376
19868,-666666666.0,-222222222.0,57379
19869,23.4,4.5,57380
19870,27.0,3.7,57381
19871,18.7,2.0,57382
19872,21.4,7.8,57383
19873,34.4,8.3,57384
19874,31.2,6.4,57385
19875,9.0,-333333333.0,57386
19876,27.6,3.4,57401
19877,-666666666.0,-222222222.0,57420
19878,-666666666.0,-222222222.0,57421
19879,23.8,3.5,57422
19880,-666666666.0,-222222222.0,57424
19881,-666666666.0,-222222222.0,57426
19882,-666666666.0,-222222222.0,57427
19883,21.7,9.2,57428
19884,-666666666.0,-222222222.0,57429
19885,25.6,11.1,57430
19886,-666666666.0,-222222222.0,57432
19887,-666666666.0,-222222222.0,57433
19888,17.8,1.0,57434
19889,24.4,18.9,57435
19890,17.5,6.8,57436
19891,27.0,10.7,57437
19892,18.8,8.9,57438
19893,-666666666.0,-222222222.0,57439
19894,-666666666.0,-222222222.0,57440
19895,16.7,8.7,57441
19896,40.0,54.0,57442
19897,24.1,5.3,57445
19898,-666666666.0,-222222222.0,57446
19899,-666666666.0,-222222222.0,57448
19900,-666666666.0,-222222222.0,57449
19901,14.4,25.5,57450
19902,14.1,8.4,57451
19903,-666666666.0,-222222222.0,57452
19904,9.0,-333333333.0,57454
19905,-666666666.0,-222222222.0,57455
19906,10.0,10.5,57456
19907,-666666666.0,-222222222.0,57457
19908,-666666666.0,-222222222.0,57460
19909,15.8,4.0,57461
19910,-666666666.0,-222222222.0,57465
19911,-666666666.0,-222222222.0,57466
19912,-666666666.0,-222222222.0,57467
19913,15.4,3.5,57468
19914,20.9,3.0,57469
19915,-666666666.0,-222222222.0,57470
19916,-666666666.0,-222222222.0,57471
19917,18.2,25.1,57472
19918,-666666666.0,-222222222.0,57473
19919,-666666666.0,-222222222.0,57474
19920,-666666666.0,-222222222.0,57475
19921,22.5,11.8,57476
19922,13.8,2.2,57477
19923,30.7,30.7,57479
19924,-666666666.0,-222222222.0,57481
19925,24.4,2.5,57501
19926,9.0,-333333333.0,57520
19927,-666666666.0,-222222222.0,57521
19928,18.6,11.5,57522
19929,21.1,2.6,57523
19930,20.0,23.4,57528
19931,-666666666.0,-222222222.0,57529
19932,-666666666.0,-222222222.0,57531
19933,27.7,14.8,57532
19934,24.1,5.1,57533
19935,-666666666.0,-222222222.0,57534
19936,25.8,11.1,57536
19937,-666666666.0,-222222222.0,57537
19938,-666666666.0,-222222222.0,57538
19939,-666666666.0,-222222222.0,57540
19940,-666666666.0,-222222222.0,57541
19941,22.5,18.4,57543
19942,20.1,5.7,57544
19943,-666666666.0,-222222222.0,57547
19944,15.8,7.0,57548
19945,16.6,7.7,57551
19946,9.0,-333333333.0,57552
19947,-666666666.0,-222222222.0,57553
19948,18.8,11.8,57555
19949,16.9,7.1,57559
19950,31.3,24.5,57560
19951,-666666666.0,-222222222.0,57562
19952,-666666666.0,-222222222.0,57563
19953,29.3,19.1,57564
19954,27.8,6.0,57566
19955,25.2,9.0,57567
19956,12.7,23.9,57568
19957,31.7,26.3,57569
19958,16.4,2.3,57570
19959,-666666666.0,-222222222.0,57571
19960,17.5,14.0,57572
19961,-666666666.0,-222222222.0,57574
19962,-666666666.0,-222222222.0,57576
19963,25.4,22.7,57577
19964,19.5,9.1,57579
19965,38.4,7.4,57580
19966,-666666666.0,-222222222.0,57584
19967,22.5,8.0,57585
19968,22.8,9.6,57601
19969,27.1,8.9,57620
19970,22.5,13.1,57621
19971,14.7,17.2,57622
19972,22.9,6.1,57623
19973,27.7,3.4,57625
19974,20.3,12.5,57626
19975,-666666666.0,-222222222.0,57630
19976,-666666666.0,-222222222.0,57631
19977,19.6,11.9,57632
19978,12.6,0.5,57633
19979,-666666666.0,-222222222.0,57634
19980,-666666666.0,-222222222.0,57636
19981,22.2,4.5,57638
19982,14.2,10.2,57639
19983,-666666666.0,-222222222.0,57640
19984,21.3,12.7,57641
19985,19.2,7.0,57642
19986,-666666666.0,-222222222.0,57644
19987,-666666666.0,-222222222.0,57645
19988,-666666666.0,-222222222.0,57646
19989,40.9,57.4,57648
19990,-666666666.0,-222222222.0,57649
19991,-666666666.0,-222222222.0,57650
19992,-666666666.0,-222222222.0,57651
19993,23.5,4.7,57652
19994,17.3,4.8,57656
19995,-666666666.0,-222222222.0,57657
19996,35.0,11.4,57658
19997,-666666666.0,-222222222.0,57659
19998,-666666666.0,-222222222.0,57660
19999,20.5,14.9,57661
20000,31.1,1.4,57701
20001,27.0,2.0,57702
20002,28.0,4.3,57703
20003,30.9,6.6,57706
20004,18.8,17.2,57714
20005,-666666666.0,-222222222.0,57716
20006,28.3,4.6,57717
20007,30.5,11.9,57718
20008,27.9,2.0,57719
20009,18.3,8.7,57720
20010,-666666666.0,-222222222.0,57722
20011,9.0,-333333333.0,57724
20012,-666666666.0,-222222222.0,57725
20013,18.8,5.6,57730
20014,21.3,3.1,57732
20015,36.8,6.8,57735
20016,-666666666.0,-222222222.0,57737
20017,-666666666.0,-222222222.0,57738
20018,-666666666.0,-222222222.0,57741
20019,26.4,5.4,57744
20020,22.4,6.3,57745
20021,23.7,7.7,57747
20022,37.9,20.0,57748
20023,51.0,-333333333.0,57750
20024,20.5,7.7,57751
20025,9.0,-333333333.0,57752
20026,25.1,4.9,57754
20027,-666666666.0,-222222222.0,57755
20028,33.7,34.9,57756
20029,-666666666.0,-222222222.0,57758
20030,-666666666.0,-222222222.0,57759
20031,25.8,13.0,57760
20032,51.0,-333333333.0,57761
20033,45.0,17.8,57762
20034,15.0,42.5,57763
20035,22.9,9.9,57764
20036,-666666666.0,-222222222.0,57766
20037,-666666666.0,-222222222.0,57767
20038,25.0,18.6,57769
20039,17.8,9.5,57770
20040,-666666666.0,-222222222.0,57772
20041,-666666666.0,-222222222.0,57773
20042,-666666666.0,-222222222.0,57775
20043,-666666666.0,-222222222.0,57776
20044,-666666666.0,-222222222.0,57779
20045,-666666666.0,-222222222.0,57780
20046,-666666666.0,-222222222.0,57782
20047,26.2,1.8,57783
20048,24.8,6.0,57785
20049,17.6,6.8,57787
20050,-666666666.0,-222222222.0,57788
20051,10.0,12.2,57790
20052,38.8,24.4,57791
20053,-666666666.0,-222222222.0,57792
20054,28.2,2.8,57793
20055,-666666666.0,-222222222.0,57794
20056,-666666666.0,-222222222.0,57799
20057,37.5,37.0,58001
20058,-666666666.0,-222222222.0,58002
20059,-666666666.0,-222222222.0,58004
20060,-666666666.0,-222222222.0,58005
20061,17.8,1.6,58006
20062,-666666666.0,-222222222.0,58007
20063,-666666666.0,-222222222.0,58008
20064,-666666666.0,-222222222.0,58009
20065,51.0,-333333333.0,58011
20066,16.2,3.9,58012
20067,-666666666.0,-222222222.0,58013
20068,-666666666.0,-222222222.0,58015
20069,9.0,-333333333.0,58016
20070,13.8,10.6,58017
20071,-666666666.0,-222222222.0,58018
20072,-666666666.0,-222222222.0,58021
20073,20.2,3.6,58027
20074,-666666666.0,-222222222.0,58029
20075,17.1,3.7,58030
20076,-666666666.0,-222222222.0,58031
20077,18.5,2.4,58032
20078,12.5,20.4,58033
20079,-666666666.0,-222222222.0,58035
20080,-666666666.0,-222222222.0,58036
20081,14.3,4.3,58038
20082,21.9,2.7,58040
20083,13.1,6.3,58041
20084,-666666666.0,-222222222.0,58042
20085,-666666666.0,-222222222.0,58043
20086,24.3,2.6,58045
20087,21.3,13.4,58046
20088,18.6,11.4,58047
20089,20.7,2.1,58048
20090,-666666666.0,-222222222.0,58049
20091,9.0,-333333333.0,58051
20092,14.4,2.6,58052
20093,18.3,4.3,58053
20094,24.8,11.6,58054
20095,-666666666.0,-222222222.0,58056
20096,-666666666.0,-222222222.0,58057
20097,-666666666.0,-222222222.0,58058
20098,29.7,63.7,58059
20099,17.9,1.6,58060
20100,23.3,22.6,58061
20101,-666666666.0,-222222222.0,58062
20102,13.1,5.8,58063
20103,20.0,11.7,58064
20104,-666666666.0,-222222222.0,58065
20105,25.6,17.1,58067
20106,-666666666.0,-222222222.0,58068
20107,-666666666.0,-222222222.0,58069
20108,12.2,1.7,58071
20109,22.8,2.9,58072
20110,-666666666.0,-222222222.0,58074
20111,19.4,2.1,58075
20112,-666666666.0,-222222222.0,58076
20113,-666666666.0,-222222222.0,58077
20114,26.7,2.1,58078
20115,-666666666.0,-222222222.0,58079
20116,11.3,33.6,58081
20117,28.0,2.1,58102
20118,25.7,1.7,58103
20119,26.2,1.5,58104
20120,-666666666.0,-222222222.0,58105
20121,27.0,2.2,58201
20122,51.0,-333333333.0,58202
20123,28.9,2.4,58203
20124,26.4,2.4,58204
20125,-666666666.0,-222222222.0,58205
20126,22.5,93.0,58210
20127,27.1,26.0,58212
20128,-666666666.0,-222222222.0,58214
20129,-666666666.0,-222222222.0,58216
20130,13.8,8.4,58218
20131,-666666666.0,-222222222.0,58219
20132,17.1,8.4,58220
20133,-666666666.0,-222222222.0,58222
20134,-666666666.0,-222222222.0,58223
20135,-666666666.0,-222222222.0,58224
20136,20.5,13.3,58225
20137,14.4,5.2,58227
20138,14.1,6.1,58228
20139,-666666666.0,-222222222.0,58229
20140,13.3,20.8,58230
20141,24.0,70.4,58231
20142,9.0,-333333333.0,58233
20143,-666666666.0,-222222222.0,58235
20144,-666666666.0,-222222222.0,58236
20145,21.8,5.1,58237
20146,-666666666.0,-222222222.0,58238
20147,-666666666.0,-222222222.0,58239
20148,15.4,6.2,58240
20149,51.0,-333333333.0,58241
20150,9.0,-333333333.0,58243
20151,-666666666.0,-222222222.0,58244
20152,23.7,27.1,58249
20153,9.0,-333333333.0,58250
20154,26.7,27.8,58251
20155,22.8,10.3,58254
20156,-666666666.0,-222222222.0,58255
20157,21.1,5.6,58256
20158,30.3,12.8,58257
20159,-666666666.0,-222222222.0,58258
20160,13.3,2.9,58259
20161,-666666666.0,-222222222.0,58260
20162,22.5,24.6,58261
20163,25.0,44.2,58262
20164,-666666666.0,-222222222.0,58265
20165,-666666666.0,-222222222.0,58266
20166,22.7,17.3,58267
20167,51.0,-333333333.0,58269
20168,21.3,7.1,58270
20169,20.7,4.6,58271
20170,-666666666.0,-222222222.0,58272
20171,-666666666.0,-222222222.0,58273
20172,18.1,10.3,58274
20173,16.8,27.5,58275
20174,17.5,58.5,58276
20175,-666666666.0,-222222222.0,58277
20176,40.0,23.2,58278
20177,-666666666.0,-222222222.0,58281
20178,27.5,8.3,58282
20179,27.7,6.7,58301
20180,-666666666.0,-222222222.0,58310
20181,-666666666.0,-222222222.0,58311
20182,-666666666.0,-222222222.0,58313
20183,12.0,4.9,58316
20184,-666666666.0,-222222222.0,58317
20185,21.6,2.4,58318
20186,-666666666.0,-222222222.0,58321
20187,-666666666.0,-222222222.0,58323
20188,22.6,2.0,58324
20189,-666666666.0,-222222222.0,58325
20190,-666666666.0,-222222222.0,58327
20191,25.5,9.8,58329
20192,12.0,3.8,58330
20193,-666666666.0,-222222222.0,58331
20194,35.0,68.6,58332
20195,41.1,49.1,58335
20196,-666666666.0,-222222222.0,58338
20197,-666666666.0,-222222222.0,58339
20198,29.0,7.2,58341
20199,-666666666.0,-222222222.0,58343
20200,15.9,2.8,58344
20201,-666666666.0,-222222222.0,58345
20202,27.2,20.5,58346
20203,21.3,13.9,58348
20204,36.1,19.7,58351
20205,-666666666.0,-222222222.0,58352
20206,17.5,20.9,58353
20207,-666666666.0,-222222222.0,58355
20208,18.4,1.5,58356
20209,-666666666.0,-222222222.0,58357
20210,11.7,6.3,58361
20211,-666666666.0,-222222222.0,58362
20212,-666666666.0,-222222222.0,58363
20213,14.1,4.8,58365
20214,10.3,3.3,58366
20215,28.7,5.7,58367
20216,25.3,11.3,58368
20217,21.5,15.2,58369
20218,-666666666.0,-222222222.0,58370
20219,-666666666.0,-222222222.0,58372
20220,13.5,5.6,58374
20221,-666666666.0,-222222222.0,58377
20222,10.0,72.9,58379
20223,21.3,3.2,58380
20224,-666666666.0,-222222222.0,58381
20225,-666666666.0,-222222222.0,58382
20226,9.0,-333333333.0,58384
20227,-666666666.0,-222222222.0,58385
20228,-666666666.0,-222222222.0,58386
20229,31.4,3.6,58401
20230,-666666666.0,-222222222.0,58402
20231,-666666666.0,-222222222.0,58405
20232,23.3,2.1,58413
20233,-666666666.0,-222222222.0,58415
20234,18.6,20.8,58416
20235,-666666666.0,-222222222.0,58418
20236,-666666666.0,-222222222.0,58420
20237,35.5,20.6,58421
20238,-666666666.0,-222222222.0,58422
20239,-666666666.0,-222222222.0,58423
20240,-666666666.0,-222222222.0,58424
20241,24.6,5.2,58425
20242,-666666666.0,-222222222.0,58426
20243,-666666666.0,-222222222.0,58428
20244,-666666666.0,-222222222.0,58429
20245,-666666666.0,-222222222.0,58430
20246,-666666666.0,-222222222.0,58431
20247,22.4,1.2,58433
20248,24.5,8.2,58436
20249,30.6,10.5,58438
20250,-666666666.0,-222222222.0,58439
20251,-666666666.0,-222222222.0,58440
20252,-666666666.0,-222222222.0,58441
20253,13.8,10.2,58442
20254,-666666666.0,-222222222.0,58443
20255,18.8,23.6,58444
20256,-666666666.0,-222222222.0,58445
20257,18.1,11.1,58448
20258,-666666666.0,-222222222.0,58451
20259,-666666666.0,-222222222.0,58452
20260,-666666666.0,-222222222.0,58454
20261,-666666666.0,-222222222.0,58455
20262,42.5,42.9,58456
20263,22.5,8.8,58458
20264,-666666666.0,-222222222.0,58460
20265,-666666666.0,-222222222.0,58461
20266,18.8,4.5,58463
20267,-666666666.0,-222222222.0,58464
20268,18.8,7.2,58466
20269,48.6,26.2,58467
20270,-666666666.0,-222222222.0,58472
20271,23.8,12.9,58474
20272,-666666666.0,-222222222.0,58475
20273,-666666666.0,-222222222.0,58476
20274,-666666666.0,-222222222.0,58477
20275,-666666666.0,-222222222.0,58478
20276,-666666666.0,-222222222.0,58479
20277,-666666666.0,-222222222.0,58480
20278,-666666666.0,-222222222.0,58481
20279,23.9,4.9,58482
20280,16.3,6.8,58483
20281,-666666666.0,-222222222.0,58484
20282,-666666666.0,-222222222.0,58486
20283,12.1,3.7,58487
20284,-666666666.0,-222222222.0,58488
20285,-666666666.0,-222222222.0,58490
20286,9.0,-333333333.0,58492
20287,14.4,7.3,58494
20288,14.8,5.6,58495
20289,12.7,0.6,58496
20290,-666666666.0,-222222222.0,58497
20291,24.4,2.1,58501
20292,23.8,1.8,58503
20293,25.1,3.1,58504
20294,-666666666.0,-222222222.0,58505
20295,-666666666.0,-222222222.0,58520
20296,-666666666.0,-222222222.0,58521
20297,38.9,6.8,58523
20298,-666666666.0,-222222222.0,58524
20299,19.5,8.5,58528
20300,32.5,2.1,58529
20301,11.5,4.4,58530
20302,-666666666.0,-222222222.0,58531
20303,-666666666.0,-222222222.0,58532
20304,37.5,32.5,58533
20305,20.6,12.2,58535
20306,17.6,4.9,58538
20307,18.1,9.1,58540
20308,18.4,25.2,58541
20309,27.1,5.1,58542
20310,32.5,9.2,58544
20311,26.7,23.2,58545
20312,-666666666.0,-222222222.0,58549
20313,30.6,5.3,58552
20314,27.4,5.2,58554
20315,21.7,4.6,58558
20316,-666666666.0,-222222222.0,58559
20317,27.5,12.3,58560
20318,32.0,16.4,58561
20319,51.0,-333333333.0,58562
20320,23.0,13.0,58563
20321,-666666666.0,-222222222.0,58564
20322,-666666666.0,-222222222.0,58565
20323,-666666666.0,-222222222.0,58566
20324,15.8,11.1,58568
20325,-666666666.0,-222222222.0,58569
20326,-666666666.0,-222222222.0,58570
20327,-666666666.0,-222222222.0,58571
20328,9.0,-333333333.0,58572
20329,33.8,6.1,58573
20330,19.3,6.1,58575
20331,18.6,6.8,58576
20332,23.0,11.4,58577
20333,22.4,0.9,58579
20334,13.8,9.5,58580
20335,9.0,-333333333.0,58581
20336,26.6,2.7,58601
20337,-666666666.0,-222222222.0,58620
20338,18.6,6.1,58621
20339,18.2,2.7,58622
20340,21.9,2.7,58623
20341,-666666666.0,-222222222.0,58625
20342,14.8,3.1,58626
20343,-666666666.0,-222222222.0,58627
20344,18.1,5.4,58630
20345,16.8,11.7,58631
20346,22.5,5.8,58632
20347,-666666666.0,-222222222.0,58634
20348,26.0,11.6,58636
20349,27.9,12.5,58638
20350,21.4,3.2,58639
20351,20.1,4.2,58640
20352,-666666666.0,-222222222.0,58641
20353,-666666666.0,-222222222.0,58642
20354,11.3,34.8,58643
20355,-666666666.0,-222222222.0,58644
20356,13.5,9.8,58645
20357,26.9,15.3,58646
20358,13.5,2.7,58647
20359,33.3,34.1,58649
20360,28.1,4.5,58650
20361,21.0,11.5,58651
20362,18.1,16.5,58652
20363,14.5,65.8,58653
20364,-666666666.0,-222222222.0,58654
20365,20.2,24.3,58655
20366,14.2,19.8,58656
20367,24.8,2.7,58701
20368,23.4,2.0,58703
20369,28.9,3.2,58704
20370,-666666666.0,-222222222.0,58705
20371,-666666666.0,-222222222.0,58707
20372,24.0,7.7,58710
20373,-666666666.0,-222222222.0,58711
20374,-666666666.0,-222222222.0,58712
20375,-666666666.0,-222222222.0,58713
20376,-666666666.0,-222222222.0,58716
20377,23.5,5.1,58718
20378,27.4,3.7,58721
20379,25.8,5.0,58722
20380,-666666666.0,-222222222.0,58723
20381,40.0,25.6,58725
20382,-666666666.0,-222222222.0,58727
20383,14.3,4.4,58730
20384,-666666666.0,-222222222.0,58731
20385,-666666666.0,-222222222.0,58733
20386,-666666666.0,-222222222.0,58734
20387,51.0,-333333333.0,58735
20388,32.2,24.3,58736
20389,-666666666.0,-222222222.0,58737
20390,31.3,4.5,58740
20391,9.0,-333333333.0,58741
20392,-666666666.0,-222222222.0,58744
20393,24.0,5.9,58746
20394,-666666666.0,-222222222.0,58748
20395,23.2,20.8,58750
20396,11.3,2.0,58752
20397,-666666666.0,-222222222.0,58755
20398,12.7,1.0,58756
20399,12.6,2.2,58757
20400,-666666666.0,-222222222.0,58758
20401,16.8,3.2,58759
20402,-666666666.0,-222222222.0,58760
20403,17.1,6.7,58761
20404,12.9,32.9,58762
20405,21.7,4.8,58763
20406,-666666666.0,-222222222.0,58765
20407,-666666666.0,-222222222.0,58768
20408,26.3,28.9,58769
20409,19.5,7.3,58770
20410,18.7,11.6,58771
20411,9.0,-333333333.0,58772
20412,17.8,9.6,58773
20413,20.0,4.9,58775
20414,20.4,19.3,58776
20415,-666666666.0,-222222222.0,58778
20416,25.0,51.5,58779
20417,41.1,12.9,58781
20418,27.1,31.2,58782
20419,9.0,-333333333.0,58783
20420,18.4,3.4,58784
20421,9.0,-333333333.0,58785
20422,-666666666.0,-222222222.0,58787
20423,18.7,2.0,58788
20424,13.1,22.3,58789
20425,20.4,3.8,58790
20426,-666666666.0,-222222222.0,58792
20427,13.2,7.8,58793
20428,-666666666.0,-222222222.0,58794
20429,-666666666.0,-222222222.0,58795
20430,23.5,2.2,58801
20431,-666666666.0,-222222222.0,58830
20432,17.3,0.9,58831
20433,-666666666.0,-222222222.0,58833
20434,-666666666.0,-222222222.0,58835
20435,43.5,2.3,58838
20436,10.5,4.1,58843
20437,-666666666.0,-222222222.0,58844
20438,45.0,43.1,58845
20439,-666666666.0,-222222222.0,58847
20440,26.5,16.1,58849
20441,20.6,6.9,58852
20442,9.0,-333333333.0,58853
20443,19.5,3.2,58854
20444,-666666666.0,-222222222.0,58856
20445,14.3,14.6,59001
20446,37.5,1.7,59002
20447,16.5,7.5,59003
20448,-666666666.0,-222222222.0,59006
20449,15.0,78.0,59007
20450,-666666666.0,-222222222.0,59008
20451,-666666666.0,-222222222.0,59010
20452,26.7,10.0,59011
20453,-666666666.0,-222222222.0,59012
20454,-666666666.0,-222222222.0,59013
20455,31.1,11.2,59014
20456,-666666666.0,-222222222.0,59015
20457,12.3,3.1,59016
20458,22.0,2.8,59018
20459,26.5,3.9,59019
20460,38.8,8.7,59020
20461,15.4,7.0,59022
20462,14.4,4.8,59024
20463,-666666666.0,-222222222.0,59025
20464,-666666666.0,-222222222.0,59026
20465,-666666666.0,-222222222.0,59027
20466,19.3,15.3,59028
20467,51.0,-333333333.0,59029
20468,16.4,10.2,59030
20469,-666666666.0,-222222222.0,59031
20470,19.2,41.5,59032
20471,-666666666.0,-222222222.0,59033
20472,18.1,5.3,59034
20473,-666666666.0,-222222222.0,59035
20474,18.8,6.5,59036
20475,-666666666.0,-222222222.0,59037
20476,27.3,10.6,59038
20477,-666666666.0,-222222222.0,59039
20478,17.4,3.6,59041
20479,19.2,9.7,59043
20480,22.7,4.0,59044
20481,9.0,-333333333.0,59046
20482,31.6,3.8,59047
20483,14.9,10.7,59050
20484,23.8,3.5,59052
20485,-666666666.0,-222222222.0,59053
20486,-666666666.0,-222222222.0,59054
20487,-666666666.0,-222222222.0,59055
20488,35.6,42.8,59057
20489,-666666666.0,-222222222.0,59058
20490,-666666666.0,-222222222.0,59059
20491,14.6,5.0,59061
20492,-666666666.0,-222222222.0,59062
20493,26.8,3.7,59063
20494,-666666666.0,-222222222.0,59064
20495,-666666666.0,-222222222.0,59065
20496,17.0,1.4,59066
20497,9.0,-333333333.0,59067
20498,23.4,6.4,59068
20499,18.9,13.0,59069
20500,21.8,7.4,59070
20501,-666666666.0,-222222222.0,59071
20502,32.9,4.6,59072
20503,26.9,7.8,59074
20504,-666666666.0,-222222222.0,59075
20505,-666666666.0,-222222222.0,59076
20506,-666666666.0,-222222222.0,59077
20507,-666666666.0,-222222222.0,59078
20508,35.5,16.9,59079
20509,-666666666.0,-222222222.0,59081
20510,-666666666.0,-222222222.0,59082
20511,-666666666.0,-222222222.0,59083
20512,-666666666.0,-222222222.0,59085
20513,34.8,16.8,59086
20514,19.2,16.6,59087
20515,33.4,4.7,59088
20516,27.8,3.9,59089
20517,29.4,1.8,59101
20518,29.2,1.8,59102
20519,29.7,3.3,59105
20520,22.1,12.9,59106
20521,21.8,7.3,59201
20522,-666666666.0,-222222222.0,59211
20523,25.8,9.4,59212
20524,13.1,4.1,59213
20525,-666666666.0,-222222222.0,59214
20526,18.1,25.4,59215
20527,-666666666.0,-222222222.0,59217
20528,18.5,13.2,59218
20529,-666666666.0,-222222222.0,59219
20530,14.7,6.2,59221
20531,-666666666.0,-222222222.0,59222
20532,-666666666.0,-222222222.0,59223
20533,17.8,4.3,59225
20534,15.0,12.9,59226
20535,27.6,6.2,59230
20536,-666666666.0,-222222222.0,59231
20537,-666666666.0,-222222222.0,59240
20538,35.4,38.1,59241
20539,-666666666.0,-222222222.0,59242
20540,17.5,7.0,59243
20541,-666666666.0,-222222222.0,59244
20542,9.0,-333333333.0,59247
20543,21.7,22.9,59248
20544,12.9,1.8,59250
20545,-666666666.0,-222222222.0,59252
20546,-666666666.0,-222222222.0,59253
20547,36.0,14.0,59254
20548,16.9,3.2,59255
20549,-666666666.0,-222222222.0,59256
20550,-666666666.0,-222222222.0,59257
20551,-666666666.0,-222222222.0,59258
20552,9.0,-333333333.0,59259
20553,-666666666.0,-222222222.0,59260
20554,13.7,13.1,59261
20555,13.6,8.1,59262
20556,22.0,8.9,59263
20557,21.4,2.2,59270
20558,-666666666.0,-222222222.0,59273
20559,-666666666.0,-222222222.0,59274
20560,13.3,3.1,59275
20561,-666666666.0,-222222222.0,59276
20562,26.5,2.1,59301
20563,-666666666.0,-222222222.0,59311
20564,-666666666.0,-222222222.0,59312
20565,21.0,5.0,59313
20566,25.6,10.1,59314
20567,-666666666.0,-222222222.0,59315
20568,-666666666.0,-222222222.0,59316
20569,15.0,3.3,59317
20570,-666666666.0,-222222222.0,59318
20571,-666666666.0,-222222222.0,59319
20572,-666666666.0,-222222222.0,59322
20573,15.0,4.2,59323
20574,26.6,5.9,59324
20575,-666666666.0,-222222222.0,59326
20576,34.7,12.6,59327
20577,19.0,9.0,59330
20578,-666666666.0,-222222222.0,59332
20579,-666666666.0,-222222222.0,59333
20580,13.8,19.8,59336
20581,18.4,7.7,59337
20582,-666666666.0,-222222222.0,59338
20583,-666666666.0,-222222222.0,59339
20584,-666666666.0,-222222222.0,59343
20585,9.0,-333333333.0,59344
20586,-666666666.0,-222222222.0,59345
20587,-666666666.0,-222222222.0,59347
20588,15.6,4.6,59349
20589,-666666666.0,-222222222.0,59351
20590,11.8,2.0,59353
20591,-666666666.0,-222222222.0,59354
20592,31.2,2.5,59401
20593,26.1,3.6,59404
20594,26.1,2.3,59405
20595,17.3,10.9,59410
20596,-666666666.0,-222222222.0,59411
20597,25.0,14.4,59412
20598,20.8,8.6,59414
20599,18.0,2.8,59416
20600,22.9,3.9,59417
20601,35.2,23.5,59418
20602,-666666666.0,-222222222.0,59419
20603,-666666666.0,-222222222.0,59420
20604,27.5,6.1,59421
20605,31.0,8.8,59422
20606,-666666666.0,-222222222.0,59424
20607,23.4,4.1,59425
20608,28.9,14.7,59427
20609,27.0,4.4,59430
20610,-666666666.0,-222222222.0,59432
20611,16.2,10.6,59433
20612,17.9,6.8,59434
20613,-666666666.0,-222222222.0,59435
20614,17.5,7.7,59436
20615,-666666666.0,-222222222.0,59440
20616,-666666666.0,-222222222.0,59441
20617,30.3,4.3,59442
20618,36.0,31.4,59443
20619,12.5,20.7,59444
20620,18.2,2.0,59446
20621,11.3,3.2,59447
20622,14.5,2.8,59448
20623,51.0,-333333333.0,59450
20624,-666666666.0,-222222222.0,59451
20625,13.3,1.8,59452
20626,18.8,37.0,59453
20627,-666666666.0,-222222222.0,59454
20628,-666666666.0,-222222222.0,59456
20629,23.7,3.1,59457
20630,-666666666.0,-222222222.0,59460
20631,-666666666.0,-222222222.0,59461
20632,-666666666.0,-222222222.0,59462
20633,-666666666.0,-222222222.0,59463
20634,14.2,14.8,59464
20635,-666666666.0,-222222222.0,59465
20636,-666666666.0,-222222222.0,59466
20637,-666666666.0,-222222222.0,59467
20638,-666666666.0,-222222222.0,59468
20639,-666666666.0,-222222222.0,59469
20640,30.0,37.4,59471
20641,-666666666.0,-222222222.0,59472
20642,26.1,12.1,59474
20643,-666666666.0,-222222222.0,59477
20644,21.9,60.5,59479
20645,29.5,14.5,59480
20646,14.0,50.3,59482
20647,-666666666.0,-222222222.0,59483
20648,-666666666.0,-222222222.0,59484
20649,32.0,5.1,59485
20650,41.8,20.9,59486
20651,51.0,-333333333.0,59487
20652,9.0,-333333333.0,59489
20653,29.0,3.8,59501
20654,9.0,-333333333.0,59520
20655,9.0,-333333333.0,59521
20656,23.3,18.5,59522
20657,21.5,8.1,59523
20658,13.1,10.4,59524
20659,15.5,3.7,59525
20660,18.1,3.6,59526
20661,10.9,3.7,59527
20662,-666666666.0,-222222222.0,59528
20663,-666666666.0,-222222222.0,59529
20664,-666666666.0,-222222222.0,59530
20665,-666666666.0,-222222222.0,59531
20666,-666666666.0,-222222222.0,59532
20667,51.0,-333333333.0,59535
20668,-666666666.0,-222222222.0,59537
20669,24.9,19.9,59538
20670,17.5,27.7,59540
20671,9.0,-333333333.0,59542
20672,11.1,3.1,59544
20673,-666666666.0,-222222222.0,59545
20674,-666666666.0,-222222222.0,59546
20675,-666666666.0,-222222222.0,59547
20676,26.1,1.8,59601
20677,24.2,3.3,59602
20678,-666666666.0,-222222222.0,59623
20679,-666666666.0,-222222222.0,59625
20680,23.2,19.3,59631
20681,13.8,6.4,59632
20682,-666666666.0,-222222222.0,59633
20683,21.2,7.7,59634
20684,43.0,6.0,59635
20685,-666666666.0,-222222222.0,59636
20686,-666666666.0,-222222222.0,59638
20687,10.2,5.5,59639
20688,-666666666.0,-222222222.0,59640
20689,-666666666.0,-222222222.0,59642
20690,-666666666.0,-222222222.0,59643
20691,42.8,10.3,59644
20692,14.6,13.3,59645
20693,-666666666.0,-222222222.0,59647
20694,-666666666.0,-222222222.0,59648
20695,28.9,1.8,59701
20696,37.5,46.7,59710
20697,26.4,4.1,59711
20698,9.0,-333333333.0,59713
20699,28.8,3.5,59714
20700,29.7,2.4,59715
20701,26.8,4.4,59716
20702,29.4,2.3,59718
20703,-666666666.0,-222222222.0,59720
20704,17.1,5.4,59721
20705,22.0,2.5,59722
20706,-666666666.0,-222222222.0,59724
20707,26.0,4.7,59725
20708,51.0,-333333333.0,59727
20709,11.3,5.7,59728
20710,28.8,6.8,59729
20711,23.4,5.7,59730
20712,-666666666.0,-222222222.0,59731
20713,18.8,60.3,59732
20714,-666666666.0,-222222222.0,59733
20715,25.8,5.2,59735
20716,14.0,28.1,59736
20717,-666666666.0,-222222222.0,59739
20718,-666666666.0,-222222222.0,59740
20719,31.0,13.9,59741
20720,13.9,28.0,59743
20721,-666666666.0,-222222222.0,59745
20722,-666666666.0,-222222222.0,59746
20723,-666666666.0,-222222222.0,59747
20724,-666666666.0,-222222222.0,59748
20725,18.3,1.7,59749
20726,-666666666.0,-222222222.0,59750
20727,-666666666.0,-222222222.0,59751
20728,23.7,6.1,59752
20729,24.5,17.5,59754
20730,-666666666.0,-222222222.0,59755
20731,-666666666.0,-222222222.0,59756
20732,23.2,12.1,59758
20733,30.7,5.0,59759
20734,-666666666.0,-222222222.0,59760
20735,31.3,26.5,59761
20736,17.5,4.5,59762
20737,31.6,2.5,59801
20738,29.7,3.3,59802
20739,23.3,3.3,59803
20740,27.3,3.0,59804
20741,29.3,2.6,59808
20742,-666666666.0,-222222222.0,59812
20743,23.2,14.6,59820
20744,20.0,5.7,59821
20745,15.4,6.8,59823
20746,23.5,6.2,59824
20747,18.6,8.2,59825
20748,23.1,7.5,59826
20749,22.8,12.3,59827
20750,30.5,11.8,59828
20751,24.9,13.8,59829
20752,-666666666.0,-222222222.0,59830
20753,22.5,4.5,59831
20754,19.1,13.4,59832
20755,31.7,19.3,59833
20756,27.5,5.7,59834
20757,19.5,4.2,59837
20758,28.8,3.3,59840
20759,23.3,10.4,59841
20760,-666666666.0,-222222222.0,59842
20761,17.5,21.3,59843
20762,51.0,-333333333.0,59844
20763,39.4,9.9,59845
20764,-666666666.0,-222222222.0,59846
20765,33.7,14.7,59847
20766,-666666666.0,-222222222.0,59848
20767,-666666666.0,-222222222.0,59851
20768,15.0,6.9,59853
20769,15.8,9.6,59854
20770,26.4,4.9,59855
20771,-666666666.0,-222222222.0,59856
20772,41.9,21.6,59858
20773,45.0,4.4,59859
20774,29.6,7.4,59860
20775,-666666666.0,-222222222.0,59863
20776,25.9,5.6,59864
20777,19.5,7.6,59865
20778,26.9,10.5,59866
20779,-666666666.0,-222222222.0,59867
20780,34.7,56.0,59868
20781,21.8,4.7,59870
20782,-666666666.0,-222222222.0,59871
20783,23.8,11.0,59872
20784,22.9,5.8,59873
20785,27.2,6.5,59874
20786,22.3,8.3,59875
20787,30.1,1.9,59901
20788,-666666666.0,-222222222.0,59910
20789,30.8,6.5,59911
20790,28.9,4.7,59912
20791,-666666666.0,-222222222.0,59913
20792,46.3,21.6,59914
20793,-666666666.0,-222222222.0,59915
20794,-666666666.0,-222222222.0,59916
20795,19.5,24.1,59917
20796,25.0,15.8,59918
20797,-666666666.0,-222222222.0,59919
20798,32.8,13.2,59920
20799,35.4,30.8,59922
20800,29.0,5.8,59923
20801,23.8,3.6,59925
20802,-666666666.0,-222222222.0,59926
20803,9.0,-333333333.0,59927
20804,-666666666.0,-222222222.0,59928
20805,-666666666.0,-222222222.0,59929
20806,25.5,7.6,59930
20807,-666666666.0,-222222222.0,59931
20808,22.8,1.7,59932
20809,-666666666.0,-222222222.0,59933
20810,30.4,13.4,59934
20811,33.8,6.6,59935
20812,16.2,5.7,59936
20813,33.0,2.2,59937
20814,28.4,3.3,60002
20815,27.7,2.6,60004
20816,25.8,1.9,60005
20817,32.6,4.3,60007
20818,28.2,3.3,60008
20819,27.8,3.2,60010
20820,25.0,42.1,60012
20821,33.2,4.8,60013
20822,31.3,2.7,60014
20823,37.8,4.8,60015
20824,28.6,2.6,60016
20825,20.6,3.2,60018
20826,33.7,2.4,60020
20827,33.3,20.4,60021
20828,28.2,16.4,60022
20829,35.0,6.6,60025
20830,49.7,16.0,60026
20831,-666666666.0,-222222222.0,60029
20832,30.4,4.2,60030
20833,31.3,2.8,60031
20834,32.0,4.7,60033
20835,14.3,5.9,60034
20836,35.7,3.2,60035
20837,27.7,7.3,60040
20838,36.5,35.0,60041
20839,30.8,7.6,60042
20840,35.0,74.9,60043
20841,29.0,9.9,60044
20842,27.6,2.1,60045
20843,25.7,3.1,60046
20844,27.1,6.5,60047
20845,30.4,4.9,60048
20846,30.7,3.4,60050
20847,31.4,10.0,60051
20848,30.2,17.4,60053
20849,30.4,2.8,60056
20850,28.4,3.7,60060
20851,29.3,3.8,60061
20852,29.9,3.6,60062
20853,33.0,6.0,60064
20854,28.8,2.6,60067
20855,27.7,3.4,60068
20856,37.8,15.8,60069
20857,25.6,4.3,60070
20858,24.7,3.7,60071
20859,31.3,54.0,60072
20860,29.8,4.9,60073
20861,32.3,2.2,60074
20862,-666666666.0,-222222222.0,60075
20863,32.8,3.1,60076
20864,35.8,4.1,60077
20865,14.9,19.3,60081
20866,36.0,14.8,60083
20867,22.3,3.7,60084
20868,29.8,2.6,60085
20869,28.5,3.1,60087
20870,32.2,8.7,60088
20871,24.7,1.7,60089
20872,28.5,2.3,60090
20873,28.4,4.1,60091
20874,38.2,12.7,60093
20875,32.2,21.3,60096
20876,21.1,13.9,60097
20877,31.1,2.6,60098
20878,31.6,2.0,60099
20879,23.8,2.5,60101
20880,24.0,7.2,60102
20881,30.6,7.5,60103
20882,33.3,6.5,60104
20883,26.6,1.9,60106
20884,34.4,10.6,60107
20885,29.0,4.1,60108
20886,41.3,27.6,60109
20887,27.1,2.8,60110
20888,-666666666.0,-222222222.0,60111
20889,34.5,10.6,60112
20890,19.2,59.4,60113
20891,40.9,5.9,60115
20892,29.1,3.6,60118
20893,36.0,12.4,60119
20894,27.9,3.2,60120
20895,30.3,4.1,60123
20896,36.2,13.1,60124
20897,29.0,3.1,60126
20898,9.0,-333333333.0,60129
20899,28.4,4.9,60130
20900,28.0,4.1,60131
20901,29.0,3.4,60133
20902,31.5,4.5,60134
20903,22.6,9.5,60135
20904,17.0,6.5,60136
20905,29.5,5.5,60137
20906,27.7,3.9,60139
20907,27.8,17.6,60140
20908,30.1,23.9,60141
20909,23.8,13.3,60142
20910,24.7,3.8,60143
20911,30.5,7.0,60144
20912,23.8,7.6,60145
20913,29.8,56.5,60146
20914,31.7,2.2,60148
20915,24.4,3.7,60150
20916,27.3,4.0,60151
20917,36.3,18.3,60152
20918,32.6,3.9,60153
20919,23.0,6.1,60154
20920,28.6,6.6,60155
20921,30.1,3.4,60156
20922,-666666666.0,-222222222.0,60157
20923,25.0,3.8,60160
20924,35.3,27.5,60162
20925,33.3,22.3,60163
20926,32.2,9.7,60164
20927,34.6,5.8,60165
20928,28.9,4.2,60169
20929,24.4,3.9,60171
20930,26.1,3.9,60172
20931,23.5,2.0,60173
20932,32.7,2.7,60174
20933,51.0,-333333333.0,60175
20934,28.2,6.1,60176
20935,32.5,12.2,60177
20936,26.5,1.5,60178
20937,17.7,0.8,60180
20938,24.9,1.9,60181
20939,-666666666.0,-222222222.0,60183
20940,41.7,31.1,60184
20941,36.6,11.8,60185
20942,28.4,3.0,60187
20943,27.2,2.2,60188
20944,27.1,2.8,60189
20945,20.8,26.8,60190
20946,28.6,1.9,60191
20947,31.2,10.5,60192
20948,25.2,2.8,60193
20949,34.1,4.9,60194
20950,24.6,7.5,60195
20951,39.8,4.0,60201
20952,25.3,1.9,60202
20953,9.0,-333333333.0,60203
20954,-666666666.0,-222222222.0,60208
20955,26.4,5.0,60301
20956,28.4,1.8,60302
20957,25.3,2.9,60304
20958,37.8,1.1,60305
20959,26.6,8.3,60401
20960,32.3,3.0,60402
20961,29.0,3.1,60403
20962,41.5,17.3,60404
20963,32.9,8.5,60406
20964,25.7,7.5,60407
20965,36.5,16.7,60408
20966,39.9,6.4,60409
20967,24.8,5.6,60410
20968,31.1,3.0,60411
20969,28.1,4.5,60415
20970,25.2,3.6,60416
20971,36.2,5.4,60417
20972,33.1,36.6,60418
20973,47.6,6.2,60419
20974,24.0,3.7,60420
20975,26.0,11.5,60421
20976,22.4,1.5,60422
20977,26.7,6.0,60423
20978,23.2,6.9,60424
20979,34.6,10.9,60425
20980,39.7,6.4,60426
20981,49.4,16.1,60428
20982,25.7,11.1,60429
20983,33.0,2.1,60430
20984,28.5,6.8,60431
20985,32.0,6.1,60432
20986,29.7,5.1,60433
20987,32.0,2.5,60435
20988,34.5,3.6,60436
20989,-666666666.0,-222222222.0,60437
20990,31.2,5.0,60438
20991,32.0,11.6,60439
20992,36.1,4.3,60440
20993,29.6,8.7,60441
20994,38.3,27.6,60442
20995,30.1,5.7,60443
20996,33.9,3.7,60444
20997,46.8,10.1,60445
20998,33.7,5.0,60446
20999,36.8,25.3,60447
21000,21.8,2.2,60448
21001,34.5,52.0,60449
21002,22.9,3.9,60450
21003,28.7,2.8,60451
21004,25.7,8.7,60452
21005,29.6,3.5,60453
21006,32.0,5.6,60455
21007,20.0,8.1,60456
21008,27.4,9.5,60457
21009,29.9,3.6,60458
21010,38.0,8.1,60459
21011,36.1,16.2,60460
21012,48.6,14.5,60461
21013,33.5,3.2,60462
21014,49.1,40.0,60463
21015,45.7,28.4,60464
21016,34.9,10.8,60465
21017,28.8,7.3,60466
21018,28.6,4.5,60467
21019,26.5,13.7,60468
21020,28.0,7.0,60469
21021,15.0,7.3,60470
21022,32.0,2.3,60471
21023,29.3,15.5,60472
21024,51.0,-333333333.0,60473
21025,23.3,3.7,60474
21026,32.6,6.1,60475
21027,45.6,27.7,60476
21028,29.7,3.8,60477
21029,46.6,26.1,60478
21030,20.0,19.9,60479
21031,32.7,20.2,60480
21032,29.1,4.3,60481
21033,39.6,11.9,60482
21034,41.7,11.7,60484
21035,27.8,10.4,60487
21036,27.5,22.6,60490
21037,45.8,17.4,60491
21038,32.2,3.5,60501
21039,26.8,5.3,60502
21040,22.6,2.8,60503
21041,28.3,2.0,60504
21042,28.0,3.3,60505
21043,30.0,2.5,60506
21044,35.8,4.1,60510
21045,17.6,8.4,60511
21046,-666666666.0,-222222222.0,60512
21047,26.8,7.0,60513
21048,29.0,4.8,60514
21049,30.1,3.9,60515
21050,31.2,4.0,60516
21051,30.3,3.0,60517
21052,36.3,13.0,60518
21053,-666666666.0,-222222222.0,60519
21054,33.3,14.4,60520
21055,29.4,8.1,60521
21056,36.9,6.3,60523
21057,25.6,2.7,60525
21058,32.2,4.3,60526
21059,28.5,3.5,60527
21060,35.8,46.4,60530
21061,51.0,-333333333.0,60531
21062,26.0,2.1,60532
21063,30.5,5.4,60534
21064,-666666666.0,-222222222.0,60536
21065,27.5,13.3,60537
21066,28.2,2.9,60538
21067,-666666666.0,-222222222.0,60539
21068,25.0,3.2,60540
21069,25.8,8.7,60541
21070,27.8,2.8,60542
21071,33.6,2.7,60543
21072,31.9,6.5,60544
21073,27.5,7.6,60545
21074,27.8,3.3,60546
21075,29.7,9.5,60548
21076,12.6,34.2,60549
21077,17.9,24.2,60550
21078,28.2,28.2,60551
21079,19.4,10.2,60552
21080,33.8,37.2,60553
21081,24.3,8.5,60554
21082,26.8,5.3,60555
21083,20.2,14.8,60556
21084,-666666666.0,-222222222.0,60557
21085,23.6,5.9,60558
21086,28.2,2.1,60559
21087,32.4,2.0,60560
21088,28.4,4.5,60561
21089,25.8,3.0,60563
21090,22.9,4.1,60564
21091,26.3,5.1,60565
21092,27.5,5.8,60585
21093,23.9,3.4,60586
21094,28.1,3.4,60601
21095,29.8,15.7,60602
21096,37.2,20.0,60603
21097,51.0,-333333333.0,60604
21098,28.3,3.2,60605
21099,25.8,4.7,60606
21100,26.7,3.3,60607
21101,26.8,1.0,60608
21102,30.8,2.8,60609
21103,26.3,1.9,60610
21104,27.3,4.0,60611
21105,31.3,2.3,60612
21106,26.7,1.0,60613
21107,26.5,0.9,60614
21108,35.6,3.2,60615
21109,28.7,1.8,60616
21110,34.6,5.0,60617
21111,24.8,1.1,60618
21112,38.9,3.2,60619
21113,37.4,3.4,60620
21114,34.1,4.3,60621
21115,24.3,1.1,60622
21116,32.5,2.0,60623
21117,43.5,5.9,60624
21118,26.9,1.5,60625
21119,30.1,1.6,60626
21120,42.9,4.4,60628
21121,33.9,2.3,60629
21122,25.7,3.7,60630
21123,28.6,3.9,60631
21124,29.1,3.6,60632
21125,34.0,12.0,60633
21126,29.6,3.7,60634
21127,46.2,4.6,60636
21128,34.0,2.5,60637
21129,30.5,5.3,60638
21130,33.0,2.7,60639
21131,28.8,0.9,60640
21132,29.1,1.8,60641
21133,23.5,1.3,60642
21134,37.5,6.3,60643
21135,36.9,5.7,60644
21136,33.2,5.1,60645
21137,28.5,4.3,60646
21138,24.7,0.8,60647
21139,31.8,2.2,60649
21140,38.9,3.6,60651
21141,39.9,20.8,60652
21142,33.9,1.5,60653
21143,23.2,1.4,60654
21144,26.6,4.1,60655
21145,26.2,2.9,60656
21146,25.2,1.1,60657
21147,29.8,2.5,60659
21148,29.8,1.8,60660
21149,24.4,2.4,60661
21150,27.2,6.4,60706
21151,30.7,4.5,60707
21152,51.0,-333333333.0,60712
21153,29.1,9.5,60714
21154,29.4,7.8,60803
21155,28.8,2.1,60804
21156,29.7,4.4,60805
21157,40.5,5.7,60827
21158,31.3,5.3,60901
21159,17.5,26.2,60910
21160,24.7,10.2,60911
21161,9.0,-333333333.0,60912
21162,20.9,10.7,60913
21163,25.0,3.3,60914
21164,25.8,4.0,60915
21165,13.0,2.6,60917
21166,35.5,25.2,60918
21167,33.3,2.4,60919
21168,12.5,30.4,60920
21169,29.6,5.7,60921
21170,28.3,3.8,60922
21171,28.8,4.7,60924
21172,-666666666.0,-222222222.0,60926
21173,30.7,18.1,60927
21174,27.5,8.8,60928
21175,26.4,5.5,60929
21176,31.6,13.4,60930
21177,32.1,11.3,60931
21178,-666666666.0,-222222222.0,60932
21179,23.9,5.0,60933
21180,17.5,13.4,60934
21181,10.0,4.1,60935
21182,36.9,32.1,60936
21183,17.9,3.1,60938
21184,-666666666.0,-222222222.0,60939
21185,23.8,10.6,60940
21186,33.9,17.2,60941
21187,25.9,8.6,60942
21188,23.1,45.1,60945
21189,27.0,5.4,60946
21190,19.6,28.4,60948
21191,20.7,9.8,60949
21192,31.0,7.4,60950
21193,16.9,2.2,60951
21194,14.1,6.9,60952
21195,22.1,8.8,60953
21196,28.8,8.1,60954
21197,16.6,3.1,60955
21198,12.9,0.9,60956
21199,24.9,2.3,60957
21200,38.0,11.3,60958
21201,32.5,19.7,60959
21202,41.2,42.8,60960
21203,51.0,-333333333.0,60961
21204,51.0,-333333333.0,60962
21205,30.0,19.4,60963
21206,26.7,5.5,60964
21207,29.0,4.9,60966
21208,-666666666.0,-222222222.0,60967
21209,33.3,34.2,60968
21210,-666666666.0,-222222222.0,60969
21211,30.4,11.4,60970
21212,12.5,15.6,60973
21213,25.3,8.8,60974
21214,38.8,28.9,61001
21215,24.1,2.8,61006
21216,-666666666.0,-222222222.0,61007
21217,26.9,6.8,61008
21218,25.9,6.5,61010
21219,42.0,33.2,61011
21220,24.4,9.0,61012
21221,-666666666.0,-222222222.0,61013
21222,17.6,1.2,61014
21223,51.0,-333333333.0,61015
21224,27.9,9.3,61016
21225,22.5,15.8,61018
21226,23.4,19.8,61019
21227,14.5,12.3,61020
21228,27.0,5.9,61021
21229,24.4,14.4,61024
21230,26.8,1.9,61025
21231,-666666666.0,-222222222.0,61027
21232,29.3,8.9,61028
21233,25.2,4.1,61030
21234,18.3,5.8,61031
21235,27.3,2.1,61032
21236,27.3,5.3,61036
21237,-666666666.0,-222222222.0,61037
21238,-666666666.0,-222222222.0,61038
21239,27.6,3.8,61039
21240,31.7,7.2,61041
21241,10.7,6.3,61042
21242,12.5,23.0,61043
21243,-666666666.0,-222222222.0,61044
21244,22.9,3.4,61046
21245,20.0,12.4,61047
21246,23.6,8.2,61048
21247,27.0,4.8,61049
21248,-666666666.0,-222222222.0,61050
21249,11.4,9.1,61051
21250,16.7,7.9,61052
21251,20.8,6.0,61053
21252,27.6,3.6,61054
21253,-666666666.0,-222222222.0,61057
21254,27.7,0.5,61059
21255,26.1,8.8,61060
21256,25.3,10.6,61061
21257,31.5,2.5,61062
21258,16.9,5.1,61063
21259,19.4,8.7,61064
21260,29.3,40.7,61065
21261,26.3,16.6,61067
21262,24.0,4.2,61068
21263,26.7,11.5,61070
21264,28.8,3.9,61071
21265,27.6,3.0,61072
21266,25.8,6.8,61073
21267,30.8,10.4,61074
21268,17.2,7.0,61075
21269,-666666666.0,-222222222.0,61077
21270,26.7,3.8,61078
21271,-666666666.0,-222222222.0,61079
21272,22.8,3.6,61080
21273,28.3,3.8,61081
21274,13.9,10.7,61084
21275,23.6,8.0,61085
21276,31.9,10.1,61087
21277,29.1,10.2,61088
21278,17.3,11.1,61089
21279,-666666666.0,-222222222.0,61091
21280,36.2,5.1,61101
21281,30.9,5.7,61102
21282,32.0,2.0,61103
21283,33.2,3.5,61104
21284,30.1,3.3,61107
21285,32.2,5.2,61108
21286,32.2,3.8,61109
21287,26.2,2.2,61111
21288,51.0,-333333333.0,61112
21289,24.1,2.1,61114
21290,27.7,3.7,61115
21291,31.8,2.5,61201
21292,25.5,9.4,61230
21293,23.7,6.3,61231
21294,24.4,12.9,61232
21295,41.3,14.6,61233
21296,19.7,3.0,61234
21297,23.0,4.8,61235
21298,-666666666.0,-222222222.0,61236
21299,-666666666.0,-222222222.0,61237
21300,33.9,24.8,61238
21301,43.6,4.5,61239
21302,14.4,12.7,61240
21303,16.5,3.3,61241
21304,22.5,3.4,61242
21305,-666666666.0,-222222222.0,61243
21306,29.5,3.2,61244
21307,24.4,6.8,61250
21308,-666666666.0,-222222222.0,61251
21309,36.0,5.7,61252
21310,29.6,7.4,61254
21311,21.3,11.6,61256
21312,26.8,27.1,61257
21313,-666666666.0,-222222222.0,61258
21314,-666666666.0,-222222222.0,61259
21315,31.3,7.9,61260
21316,-666666666.0,-222222222.0,61261
21317,13.1,1.3,61262
21318,37.3,2.5,61263
21319,26.3,10.0,61264
21320,28.7,2.0,61265
21321,21.8,2.2,61270
21322,14.0,29.7,61272
21323,19.3,19.6,61273
21324,-666666666.0,-222222222.0,61274
21325,26.3,8.4,61275
21326,-666666666.0,-222222222.0,61276
21327,22.0,9.9,61277
21328,-666666666.0,-222222222.0,61278
21329,20.8,47.0,61279
21330,25.6,14.5,61281
21331,24.3,3.2,61282
21332,23.3,18.4,61283
21333,14.1,2.9,61284
21334,27.5,5.1,61285
21335,27.3,2.8,61301
21336,31.9,7.1,61310
21337,-666666666.0,-222222222.0,61311
21338,23.8,6.0,61312
21339,-666666666.0,-222222222.0,61313
21340,9.0,-333333333.0,61314
21341,24.5,17.1,61315
21342,32.2,4.5,61316
21343,32.5,20.7,61317
21344,21.8,4.0,61318
21345,14.8,6.6,61319
21346,21.3,15.9,61320
21347,37.5,24.6,61321
21348,14.7,25.7,61322
21349,17.0,2.0,61323
21350,-666666666.0,-222222222.0,61324
21351,22.5,9.0,61325
21352,21.6,2.9,61326
21353,14.8,5.2,61327
21354,-666666666.0,-222222222.0,61328
21355,21.8,9.3,61329
21356,27.8,2.3,61330
21357,-666666666.0,-222222222.0,61331
21358,51.0,-333333333.0,61332
21359,-666666666.0,-222222222.0,61333
21360,14.6,16.0,61334
21361,21.7,7.4,61335
21362,9.0,-333333333.0,61336
21363,18.7,3.5,61337
21364,23.8,11.4,61338
21365,27.5,25.0,61340
21366,28.2,7.6,61341
21367,26.5,3.2,61342
21368,35.0,6.2,61344
21369,22.9,4.4,61345
21370,-666666666.0,-222222222.0,61346
21371,21.0,9.4,61348
21372,32.2,4.1,61349
21373,29.7,4.7,61350
21374,19.1,9.7,61353
21375,24.8,4.6,61354
21376,26.5,1.7,61356
21377,21.3,8.8,61358
21378,32.2,1.2,61359
21379,17.5,3.7,61360
21380,33.5,21.0,61361
21381,21.8,1.5,61362
21382,48.3,31.9,61363
21383,26.7,4.1,61364
21384,27.4,4.6,61367
21385,20.4,13.0,61368
21386,22.6,5.0,61369
21387,23.1,4.7,61370
21388,-666666666.0,-222222222.0,61371
21389,39.4,59.8,61372
21390,21.3,4.3,61373
21391,-666666666.0,-222222222.0,61374
21392,23.8,43.3,61375
21393,51.0,-333333333.0,61376
21394,29.3,4.6,61377
21395,18.8,8.6,61378
21396,19.6,21.1,61379
21397,31.5,2.0,61401
21398,-666666666.0,-222222222.0,61402
21399,30.6,11.2,61410
21400,-666666666.0,-222222222.0,61411
21401,27.0,12.9,61412
21402,18.4,9.9,61413
21403,18.0,3.1,61414
21404,11.4,3.8,61415
21405,-666666666.0,-222222222.0,61416
21406,-666666666.0,-222222222.0,61417
21407,47.0,28.2,61418
21408,-666666666.0,-222222222.0,61419
21409,13.5,6.1,61420
21410,20.7,6.7,61421
21411,27.1,6.8,61422
21412,-666666666.0,-222222222.0,61423
21413,-666666666.0,-222222222.0,61424
21414,29.9,13.8,61425
21415,-666666666.0,-222222222.0,61426
21416,31.8,13.7,61427
21417,22.5,23.9,61428
21418,32.5,10.4,61430
21419,-666666666.0,-222222222.0,61431
21420,22.5,1.2,61432
21421,-666666666.0,-222222222.0,61433
21422,27.0,6.9,61434
21423,18.3,13.3,61435
21424,-666666666.0,-222222222.0,61436
21425,18.1,1.3,61437
21426,20.0,21.2,61438
21427,19.0,10.9,61439
21428,51.0,-333333333.0,61440
21429,33.0,4.2,61441
21430,26.1,10.9,61442
21431,30.1,6.1,61443
21432,26.1,12.1,61447
21433,40.6,15.0,61448
21434,-666666666.0,-222222222.0,61449
21435,18.8,15.7,61450
21436,-666666666.0,-222222222.0,61451
21437,-666666666.0,-222222222.0,61452
21438,36.3,20.5,61453
21439,36.6,15.1,61454
21440,29.4,5.0,61455
21441,26.4,4.0,61458
21442,-666666666.0,-222222222.0,61459
21443,-666666666.0,-222222222.0,61460
21444,19.4,2.8,61462
21445,30.2,21.9,61465
21446,-666666666.0,-222222222.0,61466
21447,19.8,3.9,61467
21448,-666666666.0,-222222222.0,61468
21449,26.7,2.1,61469
21450,26.3,6.5,61470
21451,23.8,67.3,61471
21452,28.0,22.4,61472
21453,24.0,3.8,61473
21454,-666666666.0,-222222222.0,61474
21455,9.0,-333333333.0,61475
21456,18.1,8.2,61476
21457,-666666666.0,-222222222.0,61477
21458,-666666666.0,-222222222.0,61478
21459,-666666666.0,-222222222.0,61479
21460,23.4,2.8,61480
21461,51.0,-333333333.0,61482
21462,22.2,9.2,61483
21463,18.9,18.6,61484
21464,51.0,-333333333.0,61485
21465,23.9,4.9,61486
21466,24.4,10.0,61488
21467,14.4,5.9,61489
21468,26.0,2.8,61490
21469,29.7,14.3,61491
21470,23.9,8.6,61501
21471,21.7,5.1,61516
21472,19.2,9.8,61517
21473,37.5,8.0,61519
21474,29.5,4.8,61520
21475,27.7,2.5,61523
21476,26.7,21.6,61524
21477,24.2,4.7,61525
21478,-666666666.0,-222222222.0,61526
21479,-666666666.0,-222222222.0,61528
21480,42.7,26.6,61529
21481,32.5,5.8,61530
21482,21.2,9.5,61531
21483,13.8,3.5,61532
21484,51.0,-333333333.0,61533
21485,19.1,6.2,61534
21486,-666666666.0,-222222222.0,61535
21487,28.9,9.6,61536
21488,25.8,9.5,61537
21489,11.3,9.2,61539
21490,31.8,12.8,61540
21491,39.4,26.4,61541
21492,25.1,5.1,61542
21493,-666666666.0,-222222222.0,61543
21494,35.7,35.4,61544
21495,38.8,45.6,61545
21496,26.4,3.5,61546
21497,20.0,20.3,61547
21498,23.0,2.3,61548
21499,22.6,3.8,61550
21500,-666666666.0,-222222222.0,61552
21501,13.0,3.9,61553
21502,24.8,2.1,61554
21503,23.6,29.6,61559
21504,-666666666.0,-222222222.0,61560
21505,18.9,10.6,61561
21506,-666666666.0,-222222222.0,61562
21507,25.0,35.1,61563
21508,24.3,17.2,61564
21509,17.9,1.6,61565
21510,44.1,13.3,61567
21511,23.7,9.3,61568
21512,43.1,24.3,61569
21513,19.7,14.0,61570
21514,30.2,3.2,61571
21515,26.0,18.6,61572
21516,33.6,14.6,61602
21517,29.9,6.1,61603
21518,29.7,2.8,61604
21519,46.0,10.1,61605
21520,43.5,11.6,61606
21521,24.1,6.1,61607
21522,23.1,8.8,61610
21523,36.2,7.1,61611
21524,28.1,3.4,61614
21525,24.2,1.7,61615
21526,21.1,2.2,61616
21527,-666666666.0,-222222222.0,61625
21528,27.1,2.4,61701
21529,21.4,3.2,61704
21530,30.6,16.3,61705
21531,-666666666.0,-222222222.0,61720
21532,22.8,1.8,61721
21533,14.0,2.5,61722
21534,22.7,3.9,61723
21535,16.3,32.0,61724
21536,9.0,-333333333.0,61725
21537,19.1,2.5,61726
21538,19.5,4.8,61727
21539,22.2,5.2,61728
21540,17.5,3.9,61729
21541,20.8,9.4,61730
21542,-666666666.0,-222222222.0,61731
21543,42.9,5.2,61732
21544,18.8,5.8,61733
21545,26.3,6.1,61734
21546,-666666666.0,-222222222.0,61735
21547,12.9,11.9,61736
21548,32.5,1.8,61737
21549,25.9,6.2,61738
21550,22.8,4.7,61739
21551,23.8,8.2,61740
21552,19.5,6.1,61741
21553,13.0,10.5,61742
21554,9.0,-333333333.0,61743
21555,21.6,8.8,61744
21556,10.1,3.4,61745
21557,32.5,30.2,61747
21558,11.4,8.1,61748
21559,41.0,38.6,61749
21560,-666666666.0,-222222222.0,61750
21561,-666666666.0,-222222222.0,61751
21562,25.9,6.1,61752
21563,15.3,16.6,61753
21564,14.3,9.1,61754
21565,26.9,3.3,61755
21566,19.4,4.9,61756
21567,24.1,11.1,61759
21568,24.4,8.4,61760
21569,37.7,3.8,61761
21570,24.1,2.9,61764
21571,-666666666.0,-222222222.0,61769
21572,23.4,5.6,61770
21573,12.5,72.0,61771
21574,-666666666.0,-222222222.0,61772
21575,41.3,36.7,61773
21576,22.7,2.3,61774
21577,-666666666.0,-222222222.0,61775
21578,22.5,8.4,61776
21579,13.8,16.1,61777
21580,-666666666.0,-222222222.0,61778
21581,41.5,4.6,61801
21582,29.9,6.1,61802
21583,23.3,16.3,61810
21584,20.8,4.5,61811
21585,-666666666.0,-222222222.0,61812
21586,16.2,4.9,61813
21587,45.6,15.5,61814
21588,21.3,6.1,61815
21589,22.5,81.3,61816
21590,24.5,10.4,61817
21591,24.5,12.3,61818
21592,44.9,7.6,61820
21593,29.4,4.5,61821
21594,24.0,3.0,61822
21595,31.0,8.5,61830
21596,-666666666.0,-222222222.0,61831
21597,29.4,1.8,61832
21598,32.2,39.9,61833
21599,23.5,6.1,61834
21600,28.0,12.3,61839
21601,-666666666.0,-222222222.0,61840
21602,31.4,10.6,61841
21603,24.8,5.2,61842
21604,14.7,4.2,61843
21605,50.0,35.4,61844
21606,-666666666.0,-222222222.0,61845
21607,27.2,7.3,61846
21608,14.4,11.8,61847
21609,43.3,17.1,61848
21610,21.3,52.3,61849
21611,20.9,3.4,61850
21612,-666666666.0,-222222222.0,61851
21613,-666666666.0,-222222222.0,61852
21614,35.5,12.5,61853
21615,23.1,13.4,61854
21616,-666666666.0,-222222222.0,61855
21617,22.1,4.0,61856
21618,-666666666.0,-222222222.0,61857
21619,29.9,22.1,61858
21620,24.3,24.3,61859
21621,21.3,23.4,61862
21622,18.5,10.6,61863
21623,20.3,10.7,61864
21624,22.0,3.1,61865
21625,25.4,7.8,61866
21626,27.4,3.0,61870
21627,16.3,25.6,61871
21628,33.1,8.6,61872
21629,23.7,2.4,61873
21630,24.8,3.3,61874
21631,25.1,9.7,61875
21632,13.1,7.5,61876
21633,21.9,5.7,61877
21634,21.6,3.1,61878
21635,32.8,5.0,61880
21636,10.6,18.3,61882
21637,24.2,4.1,61883
21638,-666666666.0,-222222222.0,61884
21639,30.4,11.0,61910
21640,17.1,4.6,61911
21641,21.0,10.4,61912
21642,27.5,12.5,61913
21643,23.1,2.6,61914
21644,-666666666.0,-222222222.0,61917
21645,16.7,2.9,61919
21646,30.9,5.0,61920
21647,22.4,2.7,61924
21648,15.1,5.2,61925
21649,9.0,-333333333.0,61928
21650,14.6,11.7,61929
21651,27.8,1.4,61930
21652,26.4,20.3,61931
21653,17.6,2.8,61932
21654,22.2,5.3,61933
21655,-666666666.0,-222222222.0,61936
21656,24.0,5.9,61937
21657,23.5,2.3,61938
21658,13.8,8.3,61940
21659,-666666666.0,-222222222.0,61941
21660,19.6,8.5,61942
21661,24.7,14.5,61943
21662,21.8,6.2,61944
21663,33.3,3.7,61949
21664,27.7,8.4,61951
21665,19.0,6.9,61953
21666,17.5,37.8,61955
21667,23.0,14.7,61956
21668,16.7,3.9,61957
21669,30.0,13.4,62001
21670,31.4,2.0,62002
21671,-666666666.0,-222222222.0,62006
21672,27.2,6.2,62009
21673,28.7,4.4,62010
21674,-666666666.0,-222222222.0,62011
21675,22.8,33.2,62012
21676,26.0,12.3,62013
21677,12.8,6.7,62014
21678,-666666666.0,-222222222.0,62015
21679,21.2,12.4,62016
21680,25.8,14.2,62017
21681,40.8,15.5,62018
21682,17.5,12.6,62019
21683,-666666666.0,-222222222.0,62021
21684,-666666666.0,-222222222.0,62022
21685,-666666666.0,-222222222.0,62023
21686,30.0,11.0,62024
21687,29.7,3.5,62025
21688,-666666666.0,-222222222.0,62026
21689,16.5,7.4,62027
21690,33.5,2.6,62028
21691,-666666666.0,-222222222.0,62030
21692,26.7,29.0,62031
21693,51.0,-333333333.0,62032
21694,13.7,2.2,62033
21695,25.9,5.8,62034
21696,30.2,5.6,62035
21697,21.9,23.2,62036
21698,18.8,9.3,62037
21699,28.1,2.7,62040
21700,24.7,10.6,62044
21701,-666666666.0,-222222222.0,62045
21702,26.7,9.7,62046
21703,14.7,36.1,62047
21704,51.0,-333333333.0,62048
21705,27.2,3.7,62049
21706,-666666666.0,-222222222.0,62050
21707,31.7,15.9,62051
21708,25.6,4.7,62052
21709,13.1,11.8,62053
21710,14.7,46.3,62054
21711,30.9,6.4,62056
21712,25.4,22.0,62058
21713,29.1,20.3,62059
21714,40.7,25.9,62060
21715,19.5,8.4,62061
21716,19.5,3.0,62062
21717,13.1,1.2,62063
21718,33.0,4.6,62067
21719,43.3,7.1,62069
21720,40.0,40.6,62074
21721,31.7,4.8,62075
21722,-666666666.0,-222222222.0,62076
21723,21.8,3.3,62077
21724,-666666666.0,-222222222.0,62078
21725,-666666666.0,-222222222.0,62079
21726,37.7,3.5,62080
21727,17.5,20.2,62081
21728,30.3,14.7,62082
21729,-666666666.0,-222222222.0,62083
21730,17.8,1.9,62084
21731,-666666666.0,-222222222.0,62085
21732,22.5,9.2,62086
21733,21.3,18.9,62087
21734,29.5,15.5,62088
21735,23.4,4.0,62089
21736,31.5,12.1,62090
21737,-666666666.0,-222222222.0,62091
21738,19.6,7.4,62092
21739,51.0,-333333333.0,62093
21740,15.9,8.7,62094
21741,27.7,4.9,62095
21742,51.0,-333333333.0,62097
21743,-666666666.0,-222222222.0,62098
21744,33.2,4.4,62201
21745,40.8,30.1,62203
21746,44.0,10.9,62204
21747,33.9,6.4,62205
21748,42.7,8.5,62206
21749,31.6,6.1,62207
21750,22.6,4.4,62208
21751,12.5,26.6,62214
21752,21.1,3.3,62215
21753,17.0,4.5,62216
21754,51.0,-333333333.0,62217
21755,26.5,2.6,62218
21756,18.5,3.2,62219
21757,32.4,5.3,62220
21758,27.0,2.1,62221
21759,42.2,14.8,62223
21760,21.1,2.6,62225
21761,27.0,2.5,62226
21762,23.1,2.6,62230
21763,30.0,6.7,62231
21764,24.0,7.4,62232
21765,24.7,13.4,62233
21766,27.7,4.4,62234
21767,30.2,8.0,62236
21768,31.9,4.8,62237
21769,37.9,39.6,62238
21770,21.2,12.9,62239
21771,18.2,3.9,62240
21772,18.3,7.9,62241
21773,25.6,18.5,62242
21774,28.7,6.0,62243
21775,49.1,34.8,62244
21776,14.2,9.2,62245
21777,20.0,5.1,62246
21778,16.8,3.8,62248
21779,28.7,2.8,62249
21780,21.4,3.8,62250
21781,24.7,14.8,62253
21782,26.9,6.4,62254
21783,31.3,20.6,62255
21784,-666666666.0,-222222222.0,62256
21785,40.9,20.5,62257
21786,29.2,4.7,62258
21787,25.7,23.2,62260
21788,-666666666.0,-222222222.0,62261
21789,19.8,15.3,62262
21790,22.6,1.3,62263
21791,33.4,1.8,62264
21792,27.5,7.2,62265
21793,-666666666.0,-222222222.0,62266
21794,22.5,9.3,62268
21795,27.6,4.1,62269
21796,30.9,12.3,62271
21797,22.3,7.0,62272
21798,49.0,38.0,62273
21799,34.0,10.2,62274
21800,18.3,9.3,62275
21801,21.7,4.3,62277
21802,21.7,3.9,62278
21803,-666666666.0,-222222222.0,62279
21804,-666666666.0,-222222222.0,62280
21805,37.5,9.2,62281
21806,21.3,50.8,62282
21807,-666666666.0,-222222222.0,62284
21808,34.6,66.2,62285
21809,32.7,3.0,62286
21810,25.9,7.2,62288
21811,22.5,26.7,62289
21812,37.5,31.1,62292
21813,20.9,8.7,62293
21814,21.3,3.7,62294
21815,17.7,2.8,62295
21816,-666666666.0,-222222222.0,62297
21817,28.4,8.4,62298
21818,27.2,2.2,62301
21819,24.2,4.1,62305
21820,21.3,6.6,62311
21821,22.7,5.3,62312
21822,-666666666.0,-222222222.0,62313
21823,10.6,2.7,62314
21824,22.1,2.7,62316
21825,-666666666.0,-222222222.0,62319
21826,22.9,7.3,62320
21827,18.1,3.5,62321
21828,-666666666.0,-222222222.0,62323
21829,15.0,24.0,62324
21830,19.5,3.6,62325
21831,19.2,33.8,62326
21832,28.4,16.1,62330
21833,33.8,42.7,62334
21834,-666666666.0,-222222222.0,62336
21835,-666666666.0,-222222222.0,62338
21836,26.3,14.1,62339
21837,31.9,23.0,62340
21838,32.4,10.1,62341
21839,14.7,7.8,62343
21840,-666666666.0,-222222222.0,62344
21841,28.5,39.6,62345
21842,-666666666.0,-222222222.0,62346
21843,33.9,47.6,62347
21844,-666666666.0,-222222222.0,62348
21845,17.5,9.7,62349
21846,28.7,12.4,62351
21847,-666666666.0,-222222222.0,62352
21848,27.3,6.0,62353
21849,51.0,-333333333.0,62354
21850,20.0,10.5,62355
21851,30.3,8.8,62356
21852,51.0,-333333333.0,62357
21853,22.1,6.6,62358
21854,-666666666.0,-222222222.0,62359
21855,22.3,1.6,62360
21856,-666666666.0,-222222222.0,62361
21857,27.1,3.9,62362
21858,24.7,7.0,62363
21859,-666666666.0,-222222222.0,62365
21860,33.0,2.8,62366
21861,35.5,8.5,62367
21862,-666666666.0,-222222222.0,62370
21863,-666666666.0,-222222222.0,62373
21864,25.2,6.2,62374
21865,-666666666.0,-222222222.0,62375
21866,38.5,26.0,62376
21867,22.1,3.6,62378
21868,30.0,10.4,62379
21869,17.5,27.5,62380
21870,23.8,3.0,62401
21871,17.5,22.3,62410
21872,21.0,15.1,62411
21873,-666666666.0,-222222222.0,62413
21874,18.2,6.1,62414
21875,19.9,19.9,62417
21876,32.5,2.5,62418
21877,-666666666.0,-222222222.0,62419
21878,25.6,5.5,62420
21879,27.5,7.5,62421
21880,18.0,18.1,62422
21881,-666666666.0,-222222222.0,62423
21882,24.0,33.4,62424
21883,-666666666.0,-222222222.0,62425
21884,45.0,55.3,62426
21885,9.0,-333333333.0,62427
21886,23.2,4.8,62428
21887,13.8,4.8,62431
21888,26.1,3.6,62432
21889,50.0,54.3,62433
21890,-666666666.0,-222222222.0,62434
21891,-666666666.0,-222222222.0,62436
21892,-666666666.0,-222222222.0,62438
21893,24.1,2.0,62439
21894,19.4,15.2,62440
21895,29.8,9.7,62441
21896,29.0,15.9,62442
21897,43.3,27.6,62443
21898,-666666666.0,-222222222.0,62444
21899,13.8,12.8,62445
21900,-666666666.0,-222222222.0,62446
21901,32.7,14.2,62447
21902,26.4,6.3,62448
21903,14.4,9.8,62449
21904,28.4,4.6,62450
21905,21.7,6.0,62451
21906,-666666666.0,-222222222.0,62452
21907,21.6,5.4,62454
21908,22.9,2.4,62458
21909,22.5,8.3,62459
21910,26.9,27.1,62460
21911,24.7,27.7,62461
21912,21.8,2.9,62462
21913,23.2,2.1,62463
21914,-666666666.0,-222222222.0,62464
21915,18.0,3.1,62465
21916,27.9,21.5,62466
21917,17.5,15.0,62467
21918,26.6,10.8,62468
21919,-666666666.0,-222222222.0,62469
21920,30.7,10.8,62471
21921,13.9,9.3,62473
21922,22.5,21.7,62474
21923,-666666666.0,-222222222.0,62475
21924,24.4,6.4,62476
21925,-666666666.0,-222222222.0,62477
21926,-666666666.0,-222222222.0,62478
21927,13.0,4.2,62479
21928,37.5,49.9,62480
21929,-666666666.0,-222222222.0,62481
21930,26.2,3.3,62501
21931,18.4,6.0,62510
21932,-666666666.0,-222222222.0,62512
21933,28.1,14.5,62513
21934,-666666666.0,-222222222.0,62514
21935,26.9,12.9,62515
21936,25.0,36.2,62517
21937,-666666666.0,-222222222.0,62518
21938,-666666666.0,-222222222.0,62519
21939,26.0,11.2,62520
21940,26.1,3.9,62521
21941,26.0,5.4,62522
21942,29.1,3.8,62523
21943,26.4,2.4,62526
21944,25.0,10.8,62530
21945,14.7,30.0,62531
21946,-666666666.0,-222222222.0,62532
21947,26.1,6.7,62533
21948,25.4,9.2,62534
21949,24.9,19.1,62535
21950,-666666666.0,-222222222.0,62536
21951,-666666666.0,-222222222.0,62537
21952,17.8,6.4,62538
21953,16.8,4.1,62539
21954,24.7,3.9,62540
21955,-666666666.0,-222222222.0,62541
21956,11.9,4.2,62543
21957,28.3,22.5,62544
21958,51.0,-333333333.0,62545
21959,13.0,9.2,62546
21960,16.8,3.8,62547
21961,22.2,6.0,62548
21962,21.4,3.8,62549
21963,21.3,3.8,62550
21964,26.8,34.9,62551
21965,32.5,15.4,62553
21966,21.8,5.3,62554
21967,18.2,4.9,62555
21968,17.0,7.3,62556
21969,24.5,4.9,62557
21970,22.0,5.4,62558
21971,19.1,13.2,62560
21972,19.2,3.8,62561
21973,23.3,18.4,62563
21974,23.7,2.9,62565
21975,22.5,7.5,62567
21976,26.2,4.9,62568
21977,26.3,9.2,62570
21978,13.8,22.2,62571
21979,17.5,11.0,62572
21980,26.9,6.4,62573
21981,-666666666.0,-222222222.0,62601
21982,12.2,1.2,62610
21983,21.3,8.3,62611
21984,11.2,2.8,62612
21985,31.5,4.7,62613
21986,43.2,37.1,62615
21987,20.4,9.6,62617
21988,22.7,1.6,62618
21989,15.3,5.7,62621
21990,-666666666.0,-222222222.0,62622
21991,-666666666.0,-222222222.0,62624
21992,30.9,33.3,62625
21993,23.6,8.3,62626
21994,43.1,22.7,62627
21995,21.0,10.0,62628
21996,25.2,3.0,62629
21997,-666666666.0,-222222222.0,62630
21998,-666666666.0,-222222222.0,62631
21999,25.0,42.8,62633
22000,20.4,6.2,62634
22001,17.5,9.5,62635
22002,20.5,3.9,62638
22003,36.8,3.0,62639
22004,23.5,4.3,62640
22005,33.6,28.5,62642
22006,22.9,3.0,62643
22007,51.0,-333333333.0,62644
22008,17.5,16.6,62649
22009,24.5,1.8,62650
22010,14.6,3.6,62655
22011,30.6,3.3,62656
22012,31.2,4.9,62661
22013,20.0,13.6,62663
22014,44.8,10.3,62664
22015,27.5,18.3,62665
22016,27.5,32.7,62666
22017,12.6,0.4,62667
22018,24.8,10.5,62668
22019,33.8,12.6,62670
22020,-666666666.0,-222222222.0,62671
22021,-666666666.0,-222222222.0,62672
22022,14.6,47.6,62673
22023,26.3,15.5,62674
22024,32.4,5.2,62675
22025,27.2,12.3,62677
22026,24.1,2.9,62681
22027,38.8,62.5,62682
22028,22.8,3.2,62684
22029,27.4,1.2,62685
22030,21.7,18.1,62688
22031,28.1,7.1,62689
22032,19.4,5.0,62690
22033,26.1,4.2,62691
22034,21.9,5.7,62692
22035,23.3,3.3,62693
22036,17.3,5.5,62694
22037,29.6,7.9,62695
22038,25.1,5.4,62701
22039,30.4,2.4,62702
22040,36.8,4.6,62703
22041,26.9,2.0,62704
22042,-666666666.0,-222222222.0,62706
22043,24.1,6.2,62707
22044,28.2,6.4,62711
22045,20.3,4.5,62712
22046,29.1,3.6,62801
22047,26.3,13.0,62803
22048,31.8,13.9,62806
22049,20.0,6.7,62807
22050,19.8,20.5,62808
22051,-666666666.0,-222222222.0,62809
22052,19.2,11.4,62810
22053,-666666666.0,-222222222.0,62811
22054,35.1,8.9,62812
22055,27.7,3.9,62814
22056,36.0,20.2,62815
22057,14.1,57.6,62816
22058,26.4,7.9,62817
22059,23.8,56.3,62818
22060,31.3,26.2,62819
22061,-666666666.0,-222222222.0,62820
22062,32.4,10.3,62821
22063,31.8,3.5,62822
22064,17.3,8.4,62823
22065,51.0,-333333333.0,62824
22066,-666666666.0,-222222222.0,62825
22067,28.9,11.0,62827
22068,9.0,-333333333.0,62828
22069,-666666666.0,-222222222.0,62829
22070,31.8,3.9,62830
22071,-666666666.0,-222222222.0,62831
22072,24.0,7.1,62832
22073,-666666666.0,-222222222.0,62833
22074,20.3,9.2,62835
22075,13.5,3.5,62836
22076,29.5,5.4,62837
22077,32.9,1.0,62838
22078,14.6,8.8,62839
22079,-666666666.0,-222222222.0,62841
22080,30.0,27.3,62842
22081,-666666666.0,-222222222.0,62843
22082,21.6,4.8,62844
22083,23.9,11.1,62846
22084,28.1,6.9,62848
22085,30.3,24.9,62849
22086,-666666666.0,-222222222.0,62850
22087,-666666666.0,-222222222.0,62851
22088,-666666666.0,-222222222.0,62852
22089,20.9,7.1,62853
22090,28.5,13.9,62854
22091,-666666666.0,-222222222.0,62856
22092,20.7,5.8,62858
22093,19.7,4.2,62859
22094,27.5,64.3,62860
22095,-666666666.0,-222222222.0,62861
22096,13.5,13.2,62862
22097,24.1,3.8,62863
22098,27.3,3.1,62864
22099,21.0,7.2,62865
22100,25.0,11.1,62867
22101,37.5,30.1,62868
22102,26.1,5.7,62869
22103,22.4,8.1,62870
22104,51.0,-333333333.0,62871
22105,-666666666.0,-222222222.0,62872
22106,51.0,-333333333.0,62874
22107,29.7,20.6,62875
22108,27.5,1.2,62876
22109,14.6,35.5,62877
22110,-666666666.0,-222222222.0,62878
22111,-666666666.0,-222222222.0,62879
22112,26.8,4.8,62880
22113,26.7,3.4,62881
22114,28.6,10.9,62882
22115,-666666666.0,-222222222.0,62883
22116,36.1,25.7,62884
22117,-666666666.0,-222222222.0,62885
22118,21.8,6.7,62886
22119,-666666666.0,-222222222.0,62887
22120,21.4,5.0,62888
22121,-666666666.0,-222222222.0,62889
22122,19.0,11.9,62890
22123,51.0,-333333333.0,62891
22124,9.0,-333333333.0,62892
22125,21.9,14.2,62893
22126,26.9,7.6,62894
22127,23.3,2.9,62895
22128,30.2,2.6,62896
22129,33.9,53.9,62897
22130,22.0,5.4,62898
22131,34.6,42.4,62899
22132,32.1,2.9,62901
22133,22.2,3.8,62902
22134,35.9,32.1,62903
22135,9.0,-333333333.0,62905
22136,29.5,10.7,62906
22137,20.8,10.2,62907
22138,-666666666.0,-222222222.0,62908
22139,23.0,14.3,62910
22140,23.8,33.1,62912
22141,18.2,2.9,62914
22142,28.3,37.0,62915
22143,9.0,-333333333.0,62916
22144,46.4,25.6,62917
22145,21.0,3.3,62918
22146,20.0,12.2,62919
22147,43.7,5.0,62920
22148,32.5,48.2,62921
22149,21.2,4.1,62922
22150,13.9,24.8,62923
22151,19.7,2.8,62924
22152,22.6,10.0,62926
22153,-666666666.0,-222222222.0,62927
22154,17.5,20.2,62928
22155,27.8,5.9,62930
22156,22.7,1.8,62931
22157,31.7,8.9,62932
22158,30.9,5.1,62933
22159,29.5,21.0,62934
22160,26.6,3.1,62935
22161,19.1,6.7,62938
22162,23.2,5.8,62939
22163,12.7,0.8,62940
22164,21.9,7.2,62941
22165,46.8,17.9,62942
22166,-666666666.0,-222222222.0,62943
22167,34.8,14.9,62946
22168,-666666666.0,-222222222.0,62947
22169,31.0,5.5,62948
22170,24.7,6.8,62949
22171,-666666666.0,-222222222.0,62950
22172,35.5,10.0,62951
22173,23.9,15.3,62952
22174,28.1,22.7,62953
22175,-666666666.0,-222222222.0,62954
22176,24.6,9.9,62956
22177,24.1,6.2,62957
22178,27.4,12.4,62958
22179,29.9,2.8,62959
22180,30.6,6.6,62960
22181,-666666666.0,-222222222.0,62961
22182,-666666666.0,-222222222.0,62962
22183,26.5,11.1,62963
22184,27.9,4.3,62964
22185,51.0,-333333333.0,62965
22186,26.9,8.8,62966
22187,-666666666.0,-222222222.0,62967
22188,-666666666.0,-222222222.0,62969
22189,26.3,7.9,62970
22190,23.5,6.1,62972
22191,22.3,3.7,62974
22192,-666666666.0,-222222222.0,62975
22193,25.9,11.4,62976
22194,44.2,3.0,62977
22195,22.3,3.3,62979
22196,13.5,2.2,62982
22197,21.0,4.2,62983
22198,18.1,1.9,62984
22199,-666666666.0,-222222222.0,62985
22200,13.8,5.6,62987
22201,26.2,3.6,62988
22202,22.1,3.1,62990
22203,-666666666.0,-222222222.0,62992
22204,23.8,4.8,62994
22205,28.7,11.9,62995
22206,-666666666.0,-222222222.0,62996
22207,42.0,21.4,62997
22208,-666666666.0,-222222222.0,62998
22209,41.6,18.0,62999
22210,20.4,3.1,63005
22211,25.7,3.8,63010
22212,33.1,9.2,63011
22213,22.3,1.6,63012
22214,-666666666.0,-222222222.0,63013
22215,22.3,3.1,63014
22216,15.5,34.5,63015
22217,41.0,41.6,63016
22218,24.5,2.6,63017
22219,26.5,4.1,63019
22220,22.8,2.0,63020
22221,24.9,3.3,63021
22222,43.4,8.0,63023
22223,25.2,5.0,63025
22224,27.2,1.9,63026
22225,20.5,4.1,63028
22226,-666666666.0,-222222222.0,63030
22227,29.6,2.8,63031
22228,30.2,3.3,63033
22229,25.7,12.4,63034
22230,-666666666.0,-222222222.0,63036
22231,24.4,9.8,63037
22232,19.3,4.5,63038
22233,21.0,3.5,63039
22234,32.7,16.2,63040
22235,-666666666.0,-222222222.0,63041
22236,31.3,2.4,63042
22237,22.1,2.4,63043
22238,28.7,2.1,63044
22239,-666666666.0,-222222222.0,63045
22240,-666666666.0,-222222222.0,63047
22241,43.1,22.1,63048
22242,29.7,4.0,63049
22243,23.4,6.7,63050
22244,23.5,11.7,63051
22245,30.7,6.6,63052
22246,17.5,6.9,63053
22247,21.2,6.3,63055
22248,22.5,4.1,63056
22249,26.8,33.3,63060
22250,-666666666.0,-222222222.0,63061
22251,23.1,6.6,63068
22252,28.9,7.5,63069
22253,32.9,9.9,63070
22254,35.2,10.6,63071
22255,23.5,10.0,63072
22256,-666666666.0,-222222222.0,63073
22257,29.6,2.8,63074
22258,29.7,5.0,63077
22259,-666666666.0,-222222222.0,63079
22260,26.8,4.2,63080
22261,20.9,3.3,63084
22262,17.8,1.1,63087
22263,31.1,3.7,63088
22264,24.1,4.2,63089
22265,27.7,5.0,63090
22266,16.9,6.0,63091
22267,32.2,7.2,63101
22268,22.0,5.6,63102
22269,29.4,2.5,63103
22270,27.8,3.6,63104
22271,25.4,4.1,63105
22272,31.7,4.4,63106
22273,28.3,3.5,63107
22274,30.1,4.0,63108
22275,26.4,1.5,63109
22276,24.7,2.6,63110
22277,26.7,2.7,63111
22278,30.3,2.3,63112
22279,32.0,4.4,63113
22280,29.0,2.8,63114
22281,41.8,12.3,63115
22282,27.1,2.6,63116
22283,21.5,3.3,63117
22284,26.9,2.8,63118
22285,32.8,12.0,63119
22286,39.2,12.7,63120
22287,33.3,3.3,63121
22288,30.0,4.5,63122
22289,25.1,2.0,63123
22290,20.7,5.9,63124
22291,27.8,2.2,63125
22292,24.2,7.0,63126
22293,51.0,-333333333.0,63127
22294,32.6,6.8,63128
22295,28.3,3.0,63129
22296,26.8,2.8,63130
22297,33.0,17.9,63131
22298,27.6,4.2,63132
22299,33.4,11.7,63133
22300,35.9,5.0,63134
22301,34.8,3.4,63135
22302,39.7,3.7,63136
22303,39.7,13.1,63137
22304,33.5,3.1,63138
22305,23.5,1.9,63139
22306,21.9,9.7,63140
22307,27.4,5.4,63141
22308,22.7,1.7,63143
22309,19.7,3.8,63144
22310,26.1,2.6,63146
22311,35.5,8.1,63147
22312,-666666666.0,-222222222.0,63155
22313,27.4,1.8,63301
22314,25.4,1.6,63303
22315,35.2,7.8,63304
22316,-666666666.0,-222222222.0,63330
22317,9.0,-333333333.0,63332
22318,23.8,12.6,63333
22319,27.1,3.4,63334
22320,18.7,4.9,63336
22321,13.3,48.5,63339
22322,-666666666.0,-222222222.0,63341
22323,24.2,5.4,63343
22324,24.6,23.9,63344
22325,26.6,1.7,63345
22326,13.0,7.2,63347
22327,26.7,2.8,63348
22328,34.7,26.4,63349
22329,18.8,3.0,63350
22330,14.6,8.9,63351
22331,29.8,39.5,63352
22332,26.0,3.5,63353
22333,21.1,8.1,63357
22334,9.0,-333333333.0,63359
22335,25.3,8.6,63361
22336,23.6,9.2,63362
22337,24.7,15.6,63363
22338,-666666666.0,-222222222.0,63365
22339,29.2,2.1,63366
22340,21.6,2.7,63367
22341,21.9,2.8,63368
22342,22.8,7.7,63369
22343,23.9,13.9,63373
22344,27.4,2.4,63376
22345,24.4,16.1,63377
22346,24.8,6.2,63379
22347,29.8,17.8,63380
22348,12.1,2.8,63381
22349,28.5,15.0,63382
22350,30.1,3.5,63383
22351,18.0,1.9,63384
22352,31.4,2.6,63385
22353,14.2,21.1,63386
22354,16.3,20.5,63387
22355,-666666666.0,-222222222.0,63388
22356,18.5,8.6,63389
22357,22.1,7.8,63390
22358,26.4,3.1,63401
22359,19.2,7.8,63430
22360,-666666666.0,-222222222.0,63431
22361,-666666666.0,-222222222.0,63432
22362,-666666666.0,-222222222.0,63433
22363,22.3,11.7,63434
22364,22.8,3.4,63435
22365,22.5,16.2,63436
22366,24.9,5.9,63437
22367,-666666666.0,-222222222.0,63438
22368,-666666666.0,-222222222.0,63439
22369,26.1,18.1,63440
22370,22.3,9.2,63441
22371,41.3,29.9,63443
22372,28.4,7.4,63445
22373,27.5,42.6,63446
22374,25.0,11.5,63447
22375,21.8,2.2,63448
22376,-666666666.0,-222222222.0,63450
22377,-666666666.0,-222222222.0,63451
22378,23.8,3.5,63452
22379,-666666666.0,-222222222.0,63453
22380,11.3,4.2,63454
22381,24.3,3.4,63456
22382,23.8,33.6,63457
22383,-666666666.0,-222222222.0,63458
22384,24.4,6.4,63459
22385,-666666666.0,-222222222.0,63460
22386,19.5,3.4,63461
22387,19.5,11.1,63462
22388,31.3,6.6,63463
22389,22.6,0.8,63465
22390,-666666666.0,-222222222.0,63466
22391,-666666666.0,-222222222.0,63467
22392,21.5,3.2,63468
22393,21.3,4.7,63469
22394,-666666666.0,-222222222.0,63471
22395,18.8,68.5,63472
22396,-666666666.0,-222222222.0,63473
22397,14.8,20.7,63474
22398,24.8,2.4,63501
22399,17.7,3.9,63530
22400,-666666666.0,-222222222.0,63531
22401,25.7,5.7,63532
22402,30.4,9.3,63533
22403,23.0,10.0,63534
22404,-666666666.0,-222222222.0,63535
22405,25.9,4.8,63536
22406,22.3,3.9,63537
22407,-666666666.0,-222222222.0,63538
22408,-666666666.0,-222222222.0,63539
22409,-666666666.0,-222222222.0,63540
22410,22.5,60.3,63541
22411,35.6,22.5,63543
22412,16.8,2.5,63544
22413,29.3,15.2,63545
22414,11.5,2.3,63546
22415,23.1,7.1,63547
22416,21.6,3.8,63548
22417,22.2,11.9,63549
22418,-666666666.0,-222222222.0,63551
22419,29.9,8.7,63552
22420,18.5,3.1,63555
22421,18.2,3.4,63556
22422,-666666666.0,-222222222.0,63557
22423,16.3,5.7,63558
22424,18.0,4.8,63559
22425,15.8,9.8,63560
22426,14.6,16.0,63561
22427,9.0,-333333333.0,63563
22428,36.3,23.1,63565
22429,-666666666.0,-222222222.0,63566
22430,-666666666.0,-222222222.0,63567
22431,25.0,3.7,63601
22432,40.8,23.1,63620
22433,29.6,12.7,63621
22434,9.0,-333333333.0,63622
22435,11.2,15.8,63623
22436,27.4,3.4,63624
22437,-666666666.0,-222222222.0,63625
22438,-666666666.0,-222222222.0,63626
22439,35.2,5.2,63627
22440,27.9,3.3,63628
22441,28.5,14.5,63629
22442,32.5,0.7,63630
22443,31.4,15.2,63631
22444,9.0,-333333333.0,63633
22445,-666666666.0,-222222222.0,63636
22446,-666666666.0,-222222222.0,63637
22447,21.9,4.5,63638
22448,26.4,3.7,63640
22449,26.5,4.6,63645
22450,29.1,5.2,63648
22451,31.3,14.3,63650
22452,51.0,-333333333.0,63653
22453,16.6,2.5,63654
22454,10.9,11.5,63655
22455,10.6,4.5,63656
22456,51.0,-333333333.0,63660
22457,-666666666.0,-222222222.0,63662
22458,23.6,5.9,63663
22459,33.7,4.2,63664
22460,-666666666.0,-222222222.0,63665
22461,20.4,3.8,63670
22462,19.7,31.0,63673
22463,-666666666.0,-222222222.0,63674
22464,-666666666.0,-222222222.0,63675
22465,28.0,2.4,63701
22466,34.3,5.9,63703
22467,26.9,3.1,63730
22468,9.0,-333333333.0,63732
22469,24.0,5.6,63735
22470,24.2,35.2,63736
22471,-666666666.0,-222222222.0,63738
22472,-666666666.0,-222222222.0,63739
22473,30.0,5.7,63740
22474,-666666666.0,-222222222.0,63742
22475,-666666666.0,-222222222.0,63743
22476,17.5,64.6,63744
22477,-666666666.0,-222222222.0,63745
22478,-666666666.0,-222222222.0,63746
22479,-666666666.0,-222222222.0,63747
22480,21.0,4.1,63748
22481,-666666666.0,-222222222.0,63750
22482,-666666666.0,-222222222.0,63751
22483,25.7,2.4,63755
22484,20.9,13.1,63758
22485,-666666666.0,-222222222.0,63760
22486,-666666666.0,-222222222.0,63763
22487,36.1,10.6,63764
22488,51.0,-333333333.0,63766
22489,22.1,2.8,63767
22490,18.0,19.8,63769
22491,-666666666.0,-222222222.0,63770
22492,29.7,17.5,63771
22493,19.0,23.2,63774
22494,32.6,4.2,63775
22495,23.7,3.4,63780
22496,42.6,24.2,63781
22497,-666666666.0,-222222222.0,63782
22498,-666666666.0,-222222222.0,63783
22499,19.7,5.5,63784
22500,13.4,3.3,63785
22501,-666666666.0,-222222222.0,63787
22502,28.7,3.6,63801
22503,27.5,31.3,63820
22504,14.7,14.5,63821
22505,26.9,11.5,63822
22506,17.3,2.3,63823
22507,50.0,48.9,63824
22508,30.8,4.7,63825
22509,-666666666.0,-222222222.0,63826
22510,-666666666.0,-222222222.0,63827
22511,-666666666.0,-222222222.0,63828
22512,40.0,31.4,63829
22513,36.3,4.0,63830
22514,-666666666.0,-222222222.0,63833
22515,34.8,39.5,63834
22516,19.6,13.6,63837
22517,20.1,8.2,63839
22518,-666666666.0,-222222222.0,63840
22519,22.8,1.6,63841
22520,24.0,9.7,63845
22521,27.1,20.7,63846
22522,-666666666.0,-222222222.0,63847
22523,30.9,21.5,63848
22524,-666666666.0,-222222222.0,63849
22525,-666666666.0,-222222222.0,63850
22526,33.1,6.6,63851
22527,19.5,19.6,63852
22528,-666666666.0,-222222222.0,63853
22529,37.7,9.4,63855
22530,24.7,1.8,63857
22531,-666666666.0,-222222222.0,63860
22532,20.0,10.6,63862
22533,24.5,6.2,63863
22534,33.3,21.9,63866
22535,22.8,2.6,63867
22536,26.6,8.8,63868
22537,26.5,5.0,63869
22538,28.4,4.7,63870
22539,32.2,10.5,63873
22540,22.1,13.5,63874
22541,32.3,2.6,63876
22542,28.8,20.6,63877
22543,-666666666.0,-222222222.0,63878
22544,44.1,15.9,63879
22545,-666666666.0,-222222222.0,63880
22546,31.3,24.9,63882
22547,29.7,3.3,63901
22548,27.7,21.4,63932
22549,31.0,9.7,63933
22550,-666666666.0,-222222222.0,63934
22551,33.0,2.7,63935
22552,13.7,8.2,63936
22553,16.0,5.8,63937
22554,37.9,29.4,63939
22555,29.5,21.9,63940
22556,-666666666.0,-222222222.0,63941
22557,-666666666.0,-222222222.0,63942
22558,37.5,28.9,63943
22559,19.4,18.4,63944
22560,23.1,6.9,63945
22561,-666666666.0,-222222222.0,63950
22562,-666666666.0,-222222222.0,63951
22563,27.5,21.4,63952
22564,51.0,-333333333.0,63953
22565,43.4,4.5,63954
22566,-666666666.0,-222222222.0,63955
22567,13.9,23.2,63956
22568,36.5,8.3,63957
22569,19.7,14.9,63960
22570,33.2,3.0,63961
22571,-666666666.0,-222222222.0,63962
22572,-666666666.0,-222222222.0,63964
22573,31.6,5.7,63965
22574,14.0,5.1,63966
22575,20.8,6.0,63967
22576,23.0,39.2,64001
22577,51.0,-333333333.0,64011
22578,29.7,3.2,64012
22579,25.2,3.6,64014
22580,26.4,2.4,64015
22581,28.4,3.4,64016
22582,13.0,1.3,64017
22583,14.2,11.3,64018
22584,22.1,17.0,64019
22585,22.5,11.9,64020
22586,13.1,3.1,64021
22587,-666666666.0,-222222222.0,64022
22588,25.7,6.9,64024
22589,10.6,5.1,64028
22590,26.6,3.3,64029
22591,31.9,4.3,64030
22592,18.0,4.3,64034
22593,19.3,16.5,64035
22594,51.0,-333333333.0,64036
22595,23.4,6.9,64037
22596,19.6,15.2,64040
22597,18.8,4.4,64048
22598,30.0,3.3,64050
22599,28.4,2.6,64052
22600,24.7,8.9,64053
22601,23.8,13.0,64054
22602,36.1,4.4,64055
22603,34.8,8.7,64056
22604,31.7,5.9,64057
22605,23.2,7.8,64058
22606,27.3,4.3,64060
22607,18.1,4.7,64061
22608,20.3,3.7,64062
22609,27.6,3.6,64063
22610,28.4,4.9,64064
22611,9.0,-333333333.0,64065
22612,12.8,1.1,64066
22613,27.7,8.1,64067
22614,27.8,2.3,64068
22615,16.7,4.5,64070
22616,32.5,40.6,64071
22617,30.0,40.0,64072
22618,42.9,22.6,64074
22619,27.9,3.2,64075
22620,25.2,3.6,64076
22621,22.8,3.6,64077
22622,29.8,4.6,64078
22623,24.4,6.9,64079
22624,26.4,6.0,64080
22625,41.1,13.4,64081
22626,25.0,4.9,64082
22627,33.6,6.6,64083
22628,-666666666.0,-222222222.0,64084
22629,28.6,4.8,64085
22630,32.0,3.7,64086
22631,15.0,29.6,64088
22632,21.3,4.2,64089
22633,47.5,17.3,64090
22634,-666666666.0,-222222222.0,64092
22635,28.4,1.4,64093
22636,22.9,2.4,64096
22637,21.3,6.2,64097
22638,25.3,8.2,64098
22639,33.4,15.0,64101
22640,-666666666.0,-222222222.0,64102
22641,27.2,3.1,64105
22642,29.2,3.1,64106
22643,27.8,2.1,64108
22644,34.6,3.4,64109
22645,31.1,4.0,64110
22646,28.9,1.8,64111
22647,25.6,2.6,64112
22648,26.3,10.1,64113
22649,30.0,2.5,64114
22650,28.8,3.1,64116
22651,28.5,5.6,64117
22652,29.0,2.0,64118
22653,26.3,2.8,64119
22654,22.7,4.0,64120
22655,29.5,4.6,64123
22656,34.0,5.6,64124
22657,35.6,7.3,64125
22658,31.8,12.2,64126
22659,51.0,-333333333.0,64127
22660,39.4,4.8,64128
22661,32.9,4.0,64129
22662,33.1,2.9,64130
22663,29.1,3.7,64131
22664,36.9,5.3,64132
22665,30.1,4.6,64133
22666,29.1,3.8,64134
22667,29.9,14.5,64136
22668,31.7,4.0,64137
22669,29.9,2.7,64138
22670,27.8,10.3,64139
22671,51.0,-333333333.0,64145
22672,51.0,-333333333.0,64146
22673,-666666666.0,-222222222.0,64147
22674,-666666666.0,-222222222.0,64149
22675,28.1,2.3,64150
22676,25.8,4.0,64151
22677,25.6,3.3,64152
22678,27.2,3.9,64153
22679,26.9,2.2,64154
22680,29.6,3.5,64155
22681,23.5,5.0,64156
22682,25.7,11.3,64157
22683,29.6,4.4,64158
22684,51.0,-333333333.0,64161
22685,29.6,10.7,64163
22686,-666666666.0,-222222222.0,64164
22687,-666666666.0,-222222222.0,64165
22688,-666666666.0,-222222222.0,64166
22689,-666666666.0,-222222222.0,64167
22690,13.1,15.9,64401
22691,22.9,4.8,64402
22692,-666666666.0,-222222222.0,64420
22693,19.7,19.6,64421
22694,-666666666.0,-222222222.0,64422
22695,20.1,2.9,64423
22696,29.4,8.3,64424
22697,35.9,31.4,64426
22698,14.1,2.3,64427
22699,20.8,3.7,64428
22700,23.8,2.4,64429
22701,23.8,6.7,64430
22702,19.8,17.3,64431
22703,-666666666.0,-222222222.0,64432
22704,-666666666.0,-222222222.0,64433
22705,15.0,10.6,64434
22706,13.2,5.1,64436
22707,51.0,-333333333.0,64437
22708,-666666666.0,-222222222.0,64438
22709,31.1,19.5,64439
22710,15.0,33.5,64440
22711,-666666666.0,-222222222.0,64441
22712,43.6,38.1,64442
22713,14.8,26.3,64443
22714,30.8,29.9,64444
22715,18.3,27.3,64445
22716,19.8,6.8,64446
22717,-666666666.0,-222222222.0,64448
22718,26.7,9.1,64449
22719,17.5,1.3,64451
22720,-666666666.0,-222222222.0,64453
22721,29.6,4.1,64454
22722,20.0,13.4,64455
22723,19.1,2.4,64456
22724,-666666666.0,-222222222.0,64457
22725,-666666666.0,-222222222.0,64458
22726,-666666666.0,-222222222.0,64459
22727,17.0,3.6,64461
22728,21.9,11.9,64463
22729,17.8,5.4,64465
22730,27.7,9.0,64466
22731,-666666666.0,-222222222.0,64467
22732,29.2,3.3,64468
22733,17.3,5.7,64469
22734,17.2,3.5,64470
22735,41.0,33.8,64471
22736,17.7,1.9,64473
22737,14.8,8.6,64474
22738,18.8,16.7,64475
22739,13.6,49.7,64476
22740,29.1,11.1,64477
22741,25.3,5.6,64479
22742,-666666666.0,-222222222.0,64480
22743,18.8,12.0,64481
22744,21.1,5.3,64482
22745,21.5,8.9,64483
22746,37.2,8.2,64484
22747,25.3,3.3,64485
22748,25.4,28.9,64486
22749,25.4,14.9,64487
22750,21.7,7.8,64489
22751,22.9,4.7,64490
22752,16.9,3.5,64491
22753,21.5,4.2,64492
22754,51.0,-333333333.0,64493
22755,17.3,4.4,64494
22756,-666666666.0,-222222222.0,64496
22757,9.0,-333333333.0,64497
22758,-666666666.0,-222222222.0,64498
22759,-666666666.0,-222222222.0,64499
22760,33.3,3.5,64501
22761,31.2,6.0,64503
22762,26.7,6.9,64504
22763,27.5,3.3,64505
22764,30.2,4.5,64506
22765,30.4,6.7,64507
22766,24.2,3.4,64601
22767,12.7,1.4,64620
22768,18.3,20.6,64622
22769,22.9,1.0,64623
22770,20.8,14.1,64624
22771,26.7,1.9,64625
22772,27.1,2.5,64628
22773,14.2,10.5,64630
22774,13.9,2.6,64631
22775,29.2,23.0,64632
22776,27.7,2.8,64633
22777,16.4,4.0,64635
22778,-666666666.0,-222222222.0,64636
22779,21.2,4.4,64637
22780,12.3,4.1,64638
22781,-666666666.0,-222222222.0,64639
22782,23.7,4.0,64640
22783,32.5,14.6,64641
22784,17.0,9.5,64642
22785,26.3,5.9,64643
22786,19.6,3.9,64644
22787,9.0,-333333333.0,64645
22788,11.3,4.0,64646
22789,9.0,-333333333.0,64647
22790,26.3,9.4,64648
22791,20.0,10.4,64649
22792,20.0,4.3,64650
22793,17.1,5.5,64651
22794,17.5,3.5,64652
22795,25.3,9.6,64653
22796,-666666666.0,-222222222.0,64654
22797,-666666666.0,-222222222.0,64655
22798,9.0,-333333333.0,64656
22799,35.9,20.5,64657
22800,31.5,5.8,64658
22801,14.3,2.4,64659
22802,32.1,2.6,64660
22803,26.6,8.2,64661
22804,14.4,14.2,64664
22805,27.5,27.0,64667
22806,17.0,10.7,64668
22807,17.9,1.9,64670
22808,22.2,6.5,64671
22809,-666666666.0,-222222222.0,64672
22810,21.6,4.4,64673
22811,20.4,6.2,64674
22812,-666666666.0,-222222222.0,64676
22813,17.9,2.3,64679
22814,-666666666.0,-222222222.0,64681
22815,42.7,34.5,64682
22816,25.3,5.4,64683
22817,-666666666.0,-222222222.0,64686
22818,19.2,16.8,64688
22819,20.0,18.8,64689
22820,26.0,2.5,64701
22821,19.0,2.0,64720
22822,12.5,2.2,64722
22823,13.6,18.4,64723
22824,25.4,5.6,64724
22825,24.0,2.7,64725
22826,-666666666.0,-222222222.0,64726
22827,18.2,3.3,64728
22828,36.0,7.3,64730
22829,20.8,13.9,64733
22830,27.3,0.7,64734
22831,33.1,2.8,64735
22832,34.3,53.2,64738
22833,34.0,21.2,64739
22834,19.6,17.6,64740
22835,-666666666.0,-222222222.0,64741
22836,24.8,7.6,64742
22837,17.7,2.2,64743
22838,30.8,9.9,64744
22839,36.5,24.1,64745
22840,25.1,11.6,64746
22841,27.2,3.7,64747
22842,25.8,4.1,64748
22843,-666666666.0,-222222222.0,64750
22844,35.5,36.5,64752
22845,21.3,2.8,64755
22846,9.0,-333333333.0,64756
22847,32.2,8.7,64759
22848,22.7,5.1,64761
22849,20.9,6.4,64762
22850,30.1,20.3,64763
22851,-666666666.0,-222222222.0,64765
22852,-666666666.0,-222222222.0,64767
22853,23.1,2.4,64769
22854,17.4,2.9,64770
22855,20.0,10.7,64771
22856,25.8,4.0,64772
22857,29.2,3.0,64776
22858,-666666666.0,-222222222.0,64778
22859,24.9,12.1,64779
22860,17.5,12.5,64780
22861,-666666666.0,-222222222.0,64781
22862,17.0,6.1,64783
22863,14.4,4.1,64784
22864,18.1,7.1,64788
22865,21.9,2.1,64790
22866,30.4,2.0,64801
22867,27.4,2.6,64804
22868,28.2,23.8,64830
22869,25.5,3.4,64831
22870,18.8,7.6,64832
22871,-666666666.0,-222222222.0,64833
22872,28.3,5.2,64834
22873,28.5,8.7,64835
22874,33.9,5.1,64836
22875,19.1,12.4,64840
22876,24.4,24.1,64841
22877,15.9,3.7,64842
22878,35.0,22.4,64843
22879,31.3,15.9,64844
22880,31.2,5.3,64847
22881,-666666666.0,-222222222.0,64848
22882,-666666666.0,-222222222.0,64849
22883,23.4,4.6,64850
22884,22.6,1.9,64854
22885,23.9,11.2,64855
22886,27.4,8.5,64856
22887,22.0,8.1,64857
22888,-666666666.0,-222222222.0,64858
22889,30.1,37.1,64859
22890,40.3,45.5,64861
22891,31.8,5.5,64862
22892,20.4,13.1,64863
22893,30.5,8.4,64865
22894,29.7,22.0,64866
22895,37.5,21.1,64867
22896,-666666666.0,-222222222.0,64868
22897,26.4,5.2,64870
22898,27.5,15.2,64873
22899,26.1,3.1,64874
22900,-666666666.0,-222222222.0,65001
22901,19.7,8.1,65010
22902,20.3,9.5,65011
22903,20.1,9.1,65013
22904,27.3,1.3,65014
22905,15.4,6.7,65016
22906,22.2,5.4,65017
22907,22.2,9.0,65018
22908,30.1,7.2,65020
22909,26.9,2.7,65023
22910,46.2,15.6,65024
22911,24.3,42.2,65025
22912,22.6,4.7,65026
22913,22.5,24.7,65032
22914,-666666666.0,-222222222.0,65034
22915,18.7,13.5,65035
22916,22.5,4.2,65037
22917,23.3,4.7,65039
22918,-666666666.0,-222222222.0,65040
22919,22.8,3.5,65041
22920,27.2,12.3,65043
22921,16.9,7.2,65046
22922,26.7,3.9,65047
22923,-666666666.0,-222222222.0,65048
22924,26.6,4.0,65049
22925,18.8,29.7,65050
22926,28.5,6.0,65051
22927,23.1,10.1,65052
22928,9.0,-333333333.0,65053
22929,-666666666.0,-222222222.0,65054
22930,41.7,37.8,65058
22931,51.0,-333333333.0,65059
22932,-666666666.0,-222222222.0,65061
22933,-666666666.0,-222222222.0,65062
22934,22.6,3.7,65063
22935,-666666666.0,-222222222.0,65064
22936,26.1,1.9,65065
22937,27.9,11.0,65066
22938,-666666666.0,-222222222.0,65067
22939,20.7,4.3,65068
22940,12.3,5.2,65069
22941,16.5,31.8,65072
22942,22.4,8.5,65074
22943,26.3,44.3,65075
22944,15.6,4.1,65076
22945,-666666666.0,-222222222.0,65077
22946,25.3,12.1,65078
22947,32.6,3.8,65079
22948,-666666666.0,-222222222.0,65080
22949,24.3,3.5,65081
22950,27.9,9.1,65082
22951,-666666666.0,-222222222.0,65083
22952,28.8,9.2,65084
22953,19.6,7.1,65085
22954,20.9,3.3,65101
22955,22.7,2.0,65109
22956,36.3,2.9,65201
22957,25.7,2.6,65202
22958,27.9,1.9,65203
22959,-666666666.0,-222222222.0,65215
22960,-666666666.0,-222222222.0,65216
22961,16.9,5.6,65230
22962,22.9,6.3,65231
22963,-666666666.0,-222222222.0,65232
22964,24.6,4.2,65233
22965,26.1,4.9,65236
22966,25.3,13.3,65237
22967,20.4,13.1,65239
22968,25.2,6.3,65240
22969,18.2,8.8,65243
22970,-666666666.0,-222222222.0,65244
22971,-666666666.0,-222222222.0,65246
22972,-666666666.0,-222222222.0,65247
22973,26.1,7.7,65248
22974,23.2,23.8,65250
22975,25.0,3.1,65251
22976,35.2,16.4,65254
22977,22.3,11.1,65255
22978,32.1,3.3,65256
22979,33.3,13.5,65257
22980,12.7,2.9,65258
22981,18.1,8.5,65259
22982,9.0,-333333333.0,65260
22983,24.4,10.7,65261
22984,36.3,32.0,65262
22985,19.5,8.5,65263
22986,25.6,19.3,65264
22987,27.4,7.1,65265
22988,29.5,3.7,65270
22989,24.5,5.5,65274
22990,22.8,5.1,65275
22991,18.1,5.2,65276
22992,22.5,13.3,65278
22993,23.0,3.7,65279
22994,-666666666.0,-222222222.0,65280
22995,16.3,3.8,65281
22996,-666666666.0,-222222222.0,65282
22997,-666666666.0,-222222222.0,65283
22998,18.0,11.9,65284
22999,-666666666.0,-222222222.0,65285
23000,-666666666.0,-222222222.0,65286
23001,-666666666.0,-222222222.0,65287
23002,27.9,2.2,65301
23003,27.3,1.9,65305
23004,-666666666.0,-222222222.0,65320
23005,16.6,3.2,65321
23006,28.5,21.8,65322
23007,22.5,11.7,65323
23008,-666666666.0,-222222222.0,65324
23009,28.3,15.5,65325
23010,51.0,-333333333.0,65326
23011,18.8,8.4,65327
23012,-666666666.0,-222222222.0,65329
23013,20.0,26.0,65330
23014,18.7,3.3,65332
23015,-666666666.0,-222222222.0,65333
23016,22.4,0.3,65334
23017,-666666666.0,-222222222.0,65335
23018,22.8,3.2,65336
23019,20.7,9.6,65337
23020,19.8,8.2,65338
23021,10.0,5.7,65339
23022,29.6,3.4,65340
23023,-666666666.0,-222222222.0,65344
23024,21.5,9.3,65345
23025,-666666666.0,-222222222.0,65347
23026,42.3,16.0,65348
23027,32.6,2.3,65349
23028,50.0,36.3,65350
23029,26.2,3.2,65351
23030,51.0,-333333333.0,65354
23031,37.5,25.3,65355
23032,23.0,5.4,65360
23033,30.0,2.2,65401
23034,-666666666.0,-222222222.0,65409
23035,-666666666.0,-222222222.0,65436
23036,32.5,7.1,65438
23037,-666666666.0,-222222222.0,65439
23038,-666666666.0,-222222222.0,65440
23039,14.6,9.6,65441
23040,-666666666.0,-222222222.0,65443
23041,27.6,1.2,65444
23042,-666666666.0,-222222222.0,65446
23043,-666666666.0,-222222222.0,65449
23044,14.6,9.1,65452
23045,27.9,5.6,65453
23046,-666666666.0,-222222222.0,65456
23047,-666666666.0,-222222222.0,65457
23048,34.8,12.1,65459
23049,-666666666.0,-222222222.0,65461
23050,13.8,3.2,65462
23051,9.0,-333333333.0,65463
23052,-666666666.0,-222222222.0,65464
23053,22.9,7.5,65466
23054,-666666666.0,-222222222.0,65468
23055,48.9,24.2,65470
23056,22.6,2.4,65473
23057,-666666666.0,-222222222.0,65479
23058,33.6,8.1,65483
23059,-666666666.0,-222222222.0,65484
23060,40.0,59.1,65486
23061,-666666666.0,-222222222.0,65501
23062,-666666666.0,-222222222.0,65529
23063,-666666666.0,-222222222.0,65534
23064,17.4,6.0,65535
23065,27.5,2.6,65536
23066,-666666666.0,-222222222.0,65541
23067,32.2,10.5,65542
23068,22.5,36.0,65543
23069,28.5,3.8,65548
23070,24.4,9.3,65550
23071,19.0,16.5,65552
23072,31.8,19.1,65555
23073,28.5,1.7,65556
23074,-666666666.0,-222222222.0,65557
23075,30.3,9.7,65559
23076,26.8,3.6,65560
23077,-666666666.0,-222222222.0,65564
23078,25.2,6.3,65565
23079,33.1,2.9,65566
23080,19.5,87.9,65567
23081,29.7,26.8,65570
23082,20.6,2.9,65571
23083,-666666666.0,-222222222.0,65580
23084,25.3,13.9,65582
23085,22.1,7.7,65583
23086,23.4,1.4,65584
23087,-666666666.0,-222222222.0,65586
23088,25.1,3.9,65588
23089,-666666666.0,-222222222.0,65589
23090,14.4,3.5,65590
23091,51.0,-333333333.0,65591
23092,33.8,15.1,65601
23093,-666666666.0,-222222222.0,65603
23094,25.8,4.0,65604
23095,22.8,3.4,65605
23096,19.4,10.6,65606
23097,22.3,6.4,65608
23098,20.4,17.8,65609
23099,34.4,24.5,65610
23100,34.0,18.1,65611
23101,23.1,3.1,65612
23102,30.5,2.2,65613
23103,34.2,43.4,65614
23104,26.8,2.7,65616
23105,13.8,2.3,65617
23106,-666666666.0,-222222222.0,65618
23107,24.5,12.8,65619
23108,-666666666.0,-222222222.0,65620
23109,26.6,2.1,65622
23110,-666666666.0,-222222222.0,65623
23111,-666666666.0,-222222222.0,65624
23112,27.9,8.8,65625
23113,-666666666.0,-222222222.0,65626
23114,-666666666.0,-222222222.0,65627
23115,14.8,89.2,65629
23116,-666666666.0,-222222222.0,65630
23117,28.2,15.5,65631
23118,19.0,6.9,65632
23119,31.9,2.3,65633
23120,-666666666.0,-222222222.0,65634
23121,15.0,3.7,65635
23122,34.2,18.4,65637
23123,-666666666.0,-222222222.0,65638
23124,-666666666.0,-222222222.0,65640
23125,-666666666.0,-222222222.0,65641
23126,51.0,-333333333.0,65644
23127,32.5,9.7,65646
23128,51.0,-333333333.0,65647
23129,30.9,8.7,65648
23130,29.1,47.2,65649
23131,51.0,-333333333.0,65650
23132,19.6,3.6,65652
23133,28.3,3.1,65653
23134,33.1,9.7,65654
23135,28.5,3.2,65655
23136,30.0,12.5,65656
23137,-666666666.0,-222222222.0,65657
23138,32.1,8.8,65658
23139,-666666666.0,-222222222.0,65660
23140,23.0,4.0,65661
23141,-666666666.0,-222222222.0,65662
23142,13.9,9.7,65663
23143,43.0,16.0,65664
23144,-666666666.0,-222222222.0,65666
23145,32.5,4.0,65667
23146,51.0,-333333333.0,65668
23147,33.0,10.0,65669
23148,31.2,6.6,65672
23149,20.6,12.2,65674
23150,-666666666.0,-222222222.0,65675
23151,-666666666.0,-222222222.0,65676
23152,30.6,14.9,65679
23153,12.2,8.7,65680
23154,-666666666.0,-222222222.0,65681
23155,24.2,3.8,65682
23156,28.3,45.9,65685
23157,29.9,11.6,65686
23158,-666666666.0,-222222222.0,65688
23159,25.7,6.8,65689
23160,-666666666.0,-222222222.0,65690
23161,29.0,3.3,65692
23162,-666666666.0,-222222222.0,65702
23163,25.6,4.9,65704
23164,28.7,6.5,65705
23165,20.2,5.9,65706
23166,51.0,-333333333.0,65707
23167,27.1,5.3,65708
23168,14.9,13.6,65710
23169,25.8,5.1,65711
23170,27.0,5.7,65712
23171,15.6,8.7,65713
23172,26.6,2.6,65714
23173,-666666666.0,-222222222.0,65715
23174,14.5,7.0,65717
23175,-666666666.0,-222222222.0,65720
23176,27.3,1.7,65721
23177,27.0,2.9,65722
23178,33.1,26.4,65723
23179,21.1,7.3,65724
23180,16.4,4.7,65725
23181,-666666666.0,-222222222.0,65726
23182,-666666666.0,-222222222.0,65727
23183,-666666666.0,-222222222.0,65728
23184,-666666666.0,-222222222.0,65729
23185,-666666666.0,-222222222.0,65730
23186,-666666666.0,-222222222.0,65731
23187,13.8,3.1,65732
23188,-666666666.0,-222222222.0,65733
23189,26.2,7.1,65734
23190,-666666666.0,-222222222.0,65735
23191,22.4,3.7,65737
23192,27.2,2.5,65738
23193,28.3,22.7,65739
23194,23.3,14.9,65740
23195,-666666666.0,-222222222.0,65741
23196,25.1,9.2,65742
23197,-666666666.0,-222222222.0,65744
23198,26.8,2.5,65745
23199,23.5,9.5,65746
23200,27.6,12.9,65747
23201,27.0,9.7,65752
23202,19.9,10.5,65753
23203,-666666666.0,-222222222.0,65754
23204,-666666666.0,-222222222.0,65755
23205,-666666666.0,-222222222.0,65756
23206,21.3,3.8,65757
23207,51.0,-333333333.0,65759
23208,-666666666.0,-222222222.0,65760
23209,18.7,18.0,65761
23210,-666666666.0,-222222222.0,65762
23211,-666666666.0,-222222222.0,65764
23212,-666666666.0,-222222222.0,65766
23213,51.0,-333333333.0,65767
23214,-666666666.0,-222222222.0,65768
23215,19.2,20.0,65769
23216,20.9,7.3,65770
23217,41.0,32.0,65771
23218,14.7,6.0,65772
23219,-666666666.0,-222222222.0,65773
23220,40.0,38.0,65774
23221,28.1,5.0,65775
23222,-666666666.0,-222222222.0,65777
23223,51.0,-333333333.0,65778
23224,28.7,7.4,65779
23225,20.4,4.9,65781
23226,-666666666.0,-222222222.0,65783
23227,-666666666.0,-222222222.0,65784
23228,26.8,2.2,65785
23229,23.1,2.2,65786
23230,30.3,15.1,65787
23231,10.8,3.7,65788
23232,24.8,24.0,65789
23233,-666666666.0,-222222222.0,65790
23234,31.8,2.8,65791
23235,22.1,3.5,65793
23236,-666666666.0,-222222222.0,65801
23237,27.7,2.2,65802
23238,28.6,3.3,65803
23239,27.5,1.5,65804
23240,36.1,4.9,65806
23241,29.0,1.6,65807
23242,30.5,16.5,65809
23243,25.4,3.0,65810
23244,-666666666.0,-222222222.0,65897
23245,29.3,4.1,66002
23246,28.5,4.1,66006
23247,34.2,6.9,66007
23248,-666666666.0,-222222222.0,66008
23249,44.4,1.1,66010
23250,24.1,5.3,66012
23251,9.0,-333333333.0,66013
23252,-666666666.0,-222222222.0,66014
23253,16.8,7.0,66015
23254,-666666666.0,-222222222.0,66016
23255,-666666666.0,-222222222.0,66017
23256,30.8,18.5,66018
23257,51.0,-333333333.0,66020
23258,26.1,11.3,66021
23259,14.1,2.8,66023
23260,18.4,3.7,66024
23261,24.4,16.8,66025
23262,31.8,5.2,66026
23263,23.6,2.6,66027
23264,27.0,2.4,66030
23265,-666666666.0,-222222222.0,66031
23266,35.1,9.3,66032
23267,9.0,-333333333.0,66033
23268,19.6,10.4,66035
23269,17.5,29.1,66039
23270,21.9,2.3,66040
23271,17.5,1.1,66041
23272,18.3,4.7,66042
23273,28.3,3.4,66043
23274,32.4,2.6,66044
23275,51.0,-333333333.0,66045
23276,27.5,5.9,66046
23277,31.8,3.9,66047
23278,26.8,2.4,66048
23279,30.4,3.0,66049
23280,28.8,7.8,66050
23281,18.0,6.8,66052
23282,31.6,9.3,66053
23283,28.0,6.2,66054
23284,28.9,2.6,66056
23285,22.5,14.5,66058
23286,39.0,15.2,66060
23287,28.3,1.6,66061
23288,27.0,2.2,66062
23289,27.1,3.9,66064
23290,16.8,13.1,66066
23291,24.0,3.8,66067
23292,24.3,3.2,66070
23293,27.1,4.8,66071
23294,13.8,14.3,66072
23295,16.7,2.2,66073
23296,21.1,3.3,66075
23297,24.2,19.1,66076
23298,19.4,31.5,66078
23299,31.3,4.1,66079
23300,32.5,18.6,66080
23301,30.7,18.7,66083
23302,28.1,7.4,66085
23303,21.1,9.5,66086
23304,21.1,4.7,66087
23305,32.4,1.0,66088
23306,28.0,10.1,66090
23307,44.3,19.0,66091
23308,28.9,11.3,66092
23309,-666666666.0,-222222222.0,66093
23310,11.3,3.3,66094
23311,18.5,5.9,66095
23312,18.1,17.5,66097
23313,27.9,3.6,66101
23314,30.5,4.4,66102
23315,29.5,2.5,66103
23316,32.5,4.3,66104
23317,43.0,4.5,66105
23318,25.2,2.8,66106
23319,26.9,4.0,66109
23320,30.0,4.9,66111
23321,26.3,3.5,66112
23322,-666666666.0,-222222222.0,66115
23323,-666666666.0,-222222222.0,66118
23324,-666666666.0,-222222222.0,66160
23325,28.1,4.6,66202
23326,29.0,2.0,66203
23327,27.9,2.5,66204
23328,26.8,4.0,66205
23329,51.0,-333333333.0,66206
23330,24.4,6.8,66207
23331,27.7,4.5,66208
23332,23.8,4.3,66209
23333,26.4,2.1,66210
23334,30.4,6.9,66211
23335,28.1,1.9,66212
23336,25.6,2.6,66213
23337,24.1,1.6,66214
23338,29.6,2.9,66215
23339,25.0,4.4,66216
23340,25.0,5.8,66217
23341,23.5,2.3,66218
23342,23.6,1.4,66219
23343,20.1,2.5,66220
23344,28.0,7.8,66221
23345,25.9,2.3,66223
23346,21.8,3.9,66224
23347,22.2,3.7,66226
23348,20.3,7.6,66227
23349,-666666666.0,-222222222.0,66251
23350,15.6,3.8,66401
23351,23.8,7.5,66402
23352,20.3,5.3,66403
23353,-666666666.0,-222222222.0,66404
23354,31.4,24.3,66406
23355,21.9,6.6,66407
23356,10.0,20.8,66408
23357,-666666666.0,-222222222.0,66409
23358,22.5,3.3,66411
23359,-666666666.0,-222222222.0,66412
23360,20.2,7.0,66413
23361,37.7,6.7,66414
23362,38.3,26.1,66415
23363,45.0,55.6,66416
23364,-666666666.0,-222222222.0,66417
23365,43.3,33.6,66418
23366,30.3,43.0,66419
23367,32.9,12.0,66422
23368,37.5,8.8,66423
23369,34.4,3.7,66424
23370,30.0,20.0,66425
23371,23.8,12.8,66427
23372,-666666666.0,-222222222.0,66428
23373,-666666666.0,-222222222.0,66429
23374,14.0,12.7,66431
23375,14.8,9.0,66432
23376,24.6,6.8,66434
23377,28.8,4.8,66436
23378,-666666666.0,-222222222.0,66438
23379,20.8,2.7,66439
23380,27.1,7.5,66440
23381,25.7,2.2,66441
23382,28.2,3.1,66442
23383,28.3,19.6,66449
23384,21.1,10.9,66451
23385,13.4,3.8,66501
23386,33.6,2.4,66502
23387,25.3,2.1,66503
23388,-666666666.0,-222222222.0,66506
23389,32.1,5.7,66507
23390,32.6,5.9,66508
23391,16.9,9.0,66509
23392,17.0,4.2,66510
23393,20.3,4.0,66512
23394,21.6,11.2,66514
23395,-666666666.0,-222222222.0,66515
23396,11.7,8.3,66516
23397,26.3,16.9,66517
23398,-666666666.0,-222222222.0,66518
23399,18.6,12.5,66520
23400,25.6,14.2,66521
23401,-666666666.0,-222222222.0,66522
23402,29.8,11.6,66523
23403,24.3,5.8,66524
23404,-666666666.0,-222222222.0,66526
23405,22.2,9.6,66527
23406,41.0,8.2,66528
23407,23.9,18.2,66531
23408,18.8,17.6,66532
23409,26.4,3.5,66533
23410,26.6,7.0,66534
23411,43.5,2.4,66535
23412,20.8,3.1,66536
23413,21.3,9.9,66537
23414,24.9,4.3,66538
23415,20.9,3.0,66539
23416,22.5,23.6,66540
23417,-666666666.0,-222222222.0,66541
23418,22.1,2.2,66542
23419,26.7,2.0,66543
23420,36.8,2.5,66544
23421,27.0,4.7,66546
23422,21.5,3.9,66547
23423,24.5,11.6,66548
23424,13.3,1.1,66549
23425,9.0,-333333333.0,66550
23426,17.5,7.8,66552
23427,12.5,2.2,66554
23428,23.0,4.7,66603
23429,28.2,2.0,66604
23430,25.1,3.6,66605
23431,27.1,2.6,66606
23432,35.6,11.0,66607
23433,29.5,4.3,66608
23434,21.8,3.2,66609
23435,26.7,7.3,66610
23436,33.8,4.6,66611
23437,29.3,7.4,66612
23438,26.0,2.8,66614
23439,22.2,3.3,66615
23440,27.0,3.1,66616
23441,33.6,6.4,66617
23442,34.2,17.4,66618
23443,41.2,18.5,66619
23444,-666666666.0,-222222222.0,66621
23445,-666666666.0,-222222222.0,66622
23446,26.7,2.5,66701
23447,27.5,3.7,66710
23448,51.0,-333333333.0,66711
23449,31.6,1.8,66712
23450,22.7,3.6,66713
23451,-666666666.0,-222222222.0,66714
23452,36.3,30.5,66716
23453,-666666666.0,-222222222.0,66717
23454,33.7,7.8,66720
23455,35.9,17.6,66724
23456,32.6,4.2,66725
23457,-666666666.0,-222222222.0,66732
23458,26.9,2.5,66733
23459,-666666666.0,-222222222.0,66734
23460,15.5,17.2,66735
23461,22.0,4.0,66736
23462,17.5,7.0,66738
23463,31.6,8.7,66739
23464,-666666666.0,-222222222.0,66740
23465,-666666666.0,-222222222.0,66741
23466,-666666666.0,-222222222.0,66742
23467,27.9,13.6,66743
23468,-666666666.0,-222222222.0,66746
23469,20.1,4.2,66748
23470,24.1,4.9,66749
23471,24.0,12.0,66751
23472,22.5,16.6,66753
23473,41.4,37.6,66754
23474,40.5,30.9,66755
23475,20.0,13.1,66756
23476,28.5,8.8,66757
23477,51.0,-333333333.0,66758
23478,-666666666.0,-222222222.0,66760
23479,-666666666.0,-222222222.0,66761
23480,31.3,2.9,66762
23481,23.6,5.3,66763
23482,51.0,-333333333.0,66767
23483,-666666666.0,-222222222.0,66769
23484,-666666666.0,-222222222.0,66770
23485,27.5,1.1,66771
23486,26.9,1.3,66772
23487,35.8,4.2,66773
23488,-666666666.0,-222222222.0,66775
23489,51.0,-333333333.0,66776
23490,51.0,-333333333.0,66777
23491,-666666666.0,-222222222.0,66778
23492,18.8,12.4,66779
23493,28.3,48.6,66780
23494,23.3,7.4,66781
23495,30.3,11.5,66782
23496,28.6,2.7,66783
23497,26.2,3.1,66801
23498,25.8,6.6,66830
23499,14.1,7.3,66833
23500,26.8,13.1,66834
23501,23.6,3.7,66835
23502,-666666666.0,-222222222.0,66838
23503,27.0,5.5,66839
23504,19.2,14.7,66840
23505,-666666666.0,-222222222.0,66842
23506,-666666666.0,-222222222.0,66843
23507,22.6,1.5,66845
23508,20.4,3.2,66846
23509,26.0,20.0,66849
23510,-666666666.0,-222222222.0,66850
23511,37.3,2.2,66851
23512,19.5,4.2,66852
23513,22.9,10.3,66853
23514,20.4,10.0,66854
23515,37.5,14.4,66856
23516,25.0,27.7,66857
23517,9.0,-333333333.0,66858
23518,-666666666.0,-222222222.0,66859
23519,15.3,5.1,66860
23520,27.2,2.9,66861
23521,32.5,18.0,66862
23522,-666666666.0,-222222222.0,66863
23523,-666666666.0,-222222222.0,66864
23524,20.3,15.5,66865
23525,16.8,6.7,66866
23526,24.4,78.1,66868
23527,25.6,7.9,66869
23528,-666666666.0,-222222222.0,66870
23529,17.9,5.8,66871
23530,17.3,7.2,66872
23531,-666666666.0,-222222222.0,66873
23532,27.3,4.1,66901
23533,-666666666.0,-222222222.0,66930
23534,-666666666.0,-222222222.0,66932
23535,17.5,6.4,66933
23536,17.6,7.1,66935
23537,-666666666.0,-222222222.0,66936
23538,19.4,15.8,66937
23539,20.0,5.4,66938
23540,21.3,5.2,66939
23541,12.5,23.4,66940
23542,35.5,49.1,66941
23543,-666666666.0,-222222222.0,66942
23544,31.9,27.4,66943
23545,-666666666.0,-222222222.0,66944
23546,27.3,2.2,66945
23547,-666666666.0,-222222222.0,66946
23548,-666666666.0,-222222222.0,66948
23549,17.8,1.2,66949
23550,23.9,5.9,66951
23551,27.5,32.9,66952
23552,9.0,-333333333.0,66953
23553,-666666666.0,-222222222.0,66955
23554,24.0,9.1,66956
23555,35.0,66.6,66958
23556,-666666666.0,-222222222.0,66959
23557,-666666666.0,-222222222.0,66960
23558,-666666666.0,-222222222.0,66961
23559,11.5,1.1,66962
23560,-666666666.0,-222222222.0,66963
23561,-666666666.0,-222222222.0,66964
23562,44.0,2.0,66966
23563,31.4,3.9,66967
23564,18.7,3.7,66968
23565,-666666666.0,-222222222.0,66970
23566,25.0,5.7,67001
23567,27.0,1.1,67002
23568,24.3,13.7,67003
23569,22.2,18.3,67004
23570,31.8,6.5,67005
23571,28.3,19.6,67008
23572,25.1,4.5,67009
23573,31.6,4.0,67010
23574,-666666666.0,-222222222.0,67012
23575,24.6,14.3,67013
23576,21.9,4.5,67016
23577,23.8,9.5,67017
23578,-666666666.0,-222222222.0,67018
23579,38.5,26.6,67019
23580,23.7,7.3,67020
23581,-666666666.0,-222222222.0,67021
23582,32.8,29.1,67022
23583,9.0,-333333333.0,67023
23584,29.2,17.6,67024
23585,22.3,3.7,67025
23586,24.1,3.7,67026
23587,-666666666.0,-222222222.0,67028
23588,27.2,18.8,67029
23589,33.9,21.0,67030
23590,18.9,4.5,67031
23591,9.0,-333333333.0,67035
23592,-666666666.0,-222222222.0,67036
23593,26.9,3.0,67037
23594,9.0,-333333333.0,67038
23595,25.0,13.3,67039
23596,-666666666.0,-222222222.0,67041
23597,24.7,4.0,67042
23598,33.8,10.8,67045
23599,12.5,18.3,67047
23600,-666666666.0,-222222222.0,67049
23601,29.7,20.1,67050
23602,11.3,11.8,67051
23603,32.9,7.6,67052
23604,36.3,14.9,67053
23605,32.7,2.7,67054
23606,-666666666.0,-222222222.0,67055
23607,23.8,14.7,67056
23608,17.5,0.9,67057
23609,27.9,9.2,67058
23610,16.7,2.9,67059
23611,20.0,5.9,67060
23612,-666666666.0,-222222222.0,67061
23613,13.9,1.9,67062
23614,17.5,3.2,67063
23615,-666666666.0,-222222222.0,67065
23616,44.2,2.0,67066
23617,19.3,7.6,67067
23618,23.8,4.9,67068
23619,22.2,1.9,67070
23620,-666666666.0,-222222222.0,67071
23621,51.0,-333333333.0,67072
23622,14.2,7.3,67073
23623,18.3,2.9,67074
23624,31.9,7.4,67101
23625,-666666666.0,-222222222.0,67102
23626,21.3,11.0,67103
23627,30.6,2.6,67104
23628,-666666666.0,-222222222.0,67105
23629,-666666666.0,-222222222.0,67106
23630,25.2,10.5,67107
23631,19.3,2.3,67108
23632,12.9,0.7,67109
23633,30.3,19.5,67110
23634,51.0,-333333333.0,67111
23635,14.5,71.8,67112
23636,27.1,3.8,67114
23637,25.9,2.0,67117
23638,26.5,7.3,67118
23639,22.0,5.5,67119
23640,-666666666.0,-222222222.0,67120
23641,-666666666.0,-222222222.0,67122
23642,24.5,5.3,67123
23643,27.8,5.9,67124
23644,18.8,8.9,67127
23645,-666666666.0,-222222222.0,67131
23646,-666666666.0,-222222222.0,67132
23647,24.0,6.2,67133
23648,17.5,19.1,67134
23649,20.9,5.8,67135
23650,-666666666.0,-222222222.0,67137
23651,-666666666.0,-222222222.0,67138
23652,16.9,5.1,67140
23653,12.7,0.6,67142
23654,-666666666.0,-222222222.0,67143
23655,24.8,7.4,67144
23656,20.4,3.9,67146
23657,24.2,4.2,67147
23658,-666666666.0,-222222222.0,67149
23659,-666666666.0,-222222222.0,67150
23660,13.5,12.4,67151
23661,23.5,4.4,67152
23662,12.6,5.1,67154
23663,-666666666.0,-222222222.0,67155
23664,30.4,4.9,67156
23665,-666666666.0,-222222222.0,67159
23666,23.3,4.3,67202
23667,26.2,1.8,67203
23668,25.9,4.0,67204
23669,35.9,14.7,67205
23670,31.2,2.3,67206
23671,25.7,2.8,67207
23672,26.6,2.6,67208
23673,29.5,6.9,67209
23674,27.9,1.9,67210
23675,27.9,2.2,67211
23676,24.9,1.6,67212
23677,28.3,2.9,67213
23678,35.3,5.3,67214
23679,13.2,4.3,67215
23680,29.0,5.9,67216
23681,25.4,4.0,67217
23682,30.0,3.6,67218
23683,25.8,3.8,67219
23684,31.0,3.0,67220
23685,-666666666.0,-222222222.0,67221
23686,-666666666.0,-222222222.0,67223
23687,26.6,3.1,67226
23688,-666666666.0,-222222222.0,67227
23689,-666666666.0,-222222222.0,67228
23690,33.3,21.3,67230
23691,-666666666.0,-222222222.0,67232
23692,31.4,4.3,67235
23693,-666666666.0,-222222222.0,67260
23694,25.8,5.2,67301
23695,22.4,1.6,67330
23696,-666666666.0,-222222222.0,67332
23697,26.1,11.1,67333
23698,-666666666.0,-222222222.0,67334
23699,29.1,21.7,67335
23700,38.0,14.3,67336
23701,32.1,3.3,67337
23702,28.8,14.4,67340
23703,-666666666.0,-222222222.0,67341
23704,36.8,9.6,67342
23705,17.9,4.4,67344
23706,-666666666.0,-222222222.0,67345
23707,20.0,33.5,67346
23708,-666666666.0,-222222222.0,67347
23709,34.0,11.7,67349
23710,9.0,-333333333.0,67351
23711,-666666666.0,-222222222.0,67352
23712,32.5,8.2,67353
23713,30.3,6.4,67354
23714,-666666666.0,-222222222.0,67355
23715,25.4,7.1,67356
23716,23.5,2.5,67357
23717,26.0,29.0,67360
23718,24.4,4.6,67361
23719,-666666666.0,-222222222.0,67363
23720,-666666666.0,-222222222.0,67364
23721,26.4,2.2,67401
23722,32.4,7.8,67410
23723,24.8,27.0,67416
23724,-666666666.0,-222222222.0,67417
23725,-666666666.0,-222222222.0,67418
23726,25.4,5.8,67420
23727,14.6,8.3,67422
23728,17.3,3.1,67423
23729,51.0,-333333333.0,67425
23730,31.0,14.5,67427
23731,22.2,1.3,67428
23732,24.1,17.7,67430
23733,32.9,14.0,67431
23734,32.2,4.9,67432
23735,51.0,-333333333.0,67436
23736,26.8,7.2,67437
23737,-666666666.0,-222222222.0,67438
23738,28.9,11.5,67439
23739,17.5,2.7,67441
23740,-666666666.0,-222222222.0,67442
23741,23.3,12.9,67443
23742,12.9,7.1,67444
23743,17.9,18.3,67445
23744,18.7,7.3,67446
23745,-666666666.0,-222222222.0,67447
23746,12.5,10.3,67448
23747,18.5,2.9,67449
23748,38.1,14.1,67450
23749,15.8,8.4,67451
23750,-666666666.0,-222222222.0,67452
23751,32.1,9.4,67454
23752,24.5,3.5,67455
23753,31.5,12.8,67456
23754,22.5,8.9,67457
23755,-666666666.0,-222222222.0,67458
23756,-666666666.0,-222222222.0,67459
23757,26.6,3.2,67460
23758,22.1,10.7,67464
23759,13.9,4.2,67466
23760,27.8,5.9,67467
23761,-666666666.0,-222222222.0,67468
23762,17.9,0.9,67470
23763,25.5,6.0,67473
23764,-666666666.0,-222222222.0,67474
23765,20.4,3.3,67475
23766,-666666666.0,-222222222.0,67476
23767,-666666666.0,-222222222.0,67478
23768,32.8,5.0,67480
23769,41.7,21.6,67481
23770,-666666666.0,-222222222.0,67482
23771,12.9,0.7,67483
23772,14.4,70.6,67484
23773,12.5,0.8,67485
23774,21.1,2.5,67487
23775,24.8,33.9,67490
23776,23.2,10.6,67491
23777,17.5,3.1,67492
23778,26.3,2.6,67501
23779,29.9,8.6,67502
23780,30.2,7.3,67505
23781,25.8,19.1,67510
23782,-666666666.0,-222222222.0,67511
23783,-666666666.0,-222222222.0,67512
23784,-666666666.0,-222222222.0,67513
23785,51.0,-333333333.0,67514
23786,-666666666.0,-222222222.0,67515
23787,13.4,2.4,67516
23788,-666666666.0,-222222222.0,67518
23789,38.1,17.3,67519
23790,-666666666.0,-222222222.0,67520
23791,-666666666.0,-222222222.0,67521
23792,29.5,11.1,67522
23793,36.4,6.6,67523
23794,23.1,8.8,67524
23795,9.0,-333333333.0,67525
23796,19.8,9.1,67526
23797,9.0,-333333333.0,67529
23798,25.5,2.6,67530
23799,17.7,2.6,67543
23800,26.0,6.0,67544
23801,-666666666.0,-222222222.0,67545
23802,35.1,15.6,67546
23803,23.3,10.1,67547
23804,22.5,13.4,67548
23805,26.2,4.5,67550
23806,26.7,31.8,67552
23807,-666666666.0,-222222222.0,67553
23808,14.6,6.8,67554
23809,38.9,11.8,67556
23810,25.6,18.1,67557
23811,-666666666.0,-222222222.0,67559
23812,23.2,8.8,67560
23813,22.3,3.5,67561
23814,22.5,54.0,67563
23815,-666666666.0,-222222222.0,67564
23816,51.0,-333333333.0,67565
23817,20.3,12.1,67566
23818,16.0,11.5,67567
23819,-666666666.0,-222222222.0,67568
23820,26.8,8.1,67570
23821,12.9,1.1,67572
23822,31.3,34.4,67573
23823,-666666666.0,-222222222.0,67574
23824,48.0,40.5,67575
23825,31.6,2.0,67576
23826,21.5,4.4,67578
23827,25.8,4.3,67579
23828,-666666666.0,-222222222.0,67581
23829,29.0,11.5,67583
23830,-666666666.0,-222222222.0,67584
23831,32.7,2.5,67601
23832,41.8,12.4,67621
23833,18.8,17.2,67622
23834,10.8,3.2,67623
23835,-666666666.0,-222222222.0,67625
23836,37.7,2.2,67626
23837,-666666666.0,-222222222.0,67627
23838,-666666666.0,-222222222.0,67628
23839,-666666666.0,-222222222.0,67629
23840,-666666666.0,-222222222.0,67631
23841,16.3,5.4,67632
23842,10.0,5.9,67634
23843,-666666666.0,-222222222.0,67635
23844,16.8,15.9,67637
23845,45.0,31.5,67638
23846,-666666666.0,-222222222.0,67639
23847,19.4,7.4,67640
23848,32.8,15.7,67642
23849,10.0,3.8,67643
23850,-666666666.0,-222222222.0,67644
23851,23.0,24.7,67645
23852,22.5,22.7,67646
23853,26.6,8.2,67647
23854,18.1,1.0,67648
23855,12.5,10.7,67649
23856,-666666666.0,-222222222.0,67650
23857,9.0,-333333333.0,67651
23858,-666666666.0,-222222222.0,67653
23859,27.2,9.4,67654
23860,-666666666.0,-222222222.0,67656
23861,15.0,15.0,67657
23862,-666666666.0,-222222222.0,67658
23863,-666666666.0,-222222222.0,67659
23864,-666666666.0,-222222222.0,67660
23865,23.4,9.8,67661
23866,18.4,5.1,67663
23867,-666666666.0,-222222222.0,67664
23868,23.4,3.4,67665
23869,-666666666.0,-222222222.0,67667
23870,24.5,6.9,67669
23871,18.1,3.8,67671
23872,28.9,9.5,67672
23873,-666666666.0,-222222222.0,67673
23874,-666666666.0,-222222222.0,67674
23875,-666666666.0,-222222222.0,67675
23876,33.2,3.9,67701
23877,18.1,10.3,67730
23878,17.1,4.2,67731
23879,26.5,9.3,67732
23880,-666666666.0,-222222222.0,67733
23881,-666666666.0,-222222222.0,67734
23882,30.6,5.4,67735
23883,-666666666.0,-222222222.0,67736
23884,21.9,11.8,67737
23885,17.5,38.8,67738
23886,42.5,50.0,67739
23887,23.1,5.5,67740
23888,12.5,88.3,67741
23889,-666666666.0,-222222222.0,67743
23890,-666666666.0,-222222222.0,67744
23891,-666666666.0,-222222222.0,67745
23892,-666666666.0,-222222222.0,67747
23893,22.9,13.1,67748
23894,23.4,6.7,67749
23895,-666666666.0,-222222222.0,67751
23896,21.4,4.1,67752
23897,17.0,9.9,67753
23898,19.4,19.0,67756
23899,18.8,13.9,67757
23900,14.2,4.3,67758
23901,-666666666.0,-222222222.0,67761
23902,15.6,10.6,67762
23903,23.2,26.0,67764
23904,20.6,2.7,67801
23905,23.3,8.1,67831
23906,17.4,4.4,67834
23907,20.2,3.4,67835
23908,-666666666.0,-222222222.0,67836
23909,9.0,-333333333.0,67837
23910,18.6,5.3,67838
23911,19.4,11.1,67839
23912,-666666666.0,-222222222.0,67840
23913,13.9,18.0,67841
23914,22.5,37.0,67842
23915,-666666666.0,-222222222.0,67843
23916,27.5,7.6,67844
23917,19.8,2.4,67846
23918,11.7,5.4,67849
23919,25.0,36.9,67850
23920,41.0,30.5,67851
23921,20.0,4.3,67853
23922,30.8,14.4,67854
23923,17.1,8.8,67855
23924,-666666666.0,-222222222.0,67857
23925,17.9,2.6,67859
23926,24.7,13.1,67860
23927,22.7,16.4,67861
23928,17.5,5.9,67862
23929,-666666666.0,-222222222.0,67863
23930,22.3,3.3,67864
23931,19.1,2.4,67865
23932,31.4,16.9,67867
23933,-666666666.0,-222222222.0,67868
23934,14.5,11.1,67869
23935,20.6,4.9,67870
23936,24.1,7.2,67871
23937,51.0,-333333333.0,67876
23938,21.6,5.7,67877
23939,18.7,11.5,67878
23940,18.4,2.1,67879
23941,14.0,2.2,67880
23942,-666666666.0,-222222222.0,67882
23943,22.1,3.4,67901
23944,28.4,9.9,67950
23945,24.5,5.2,67951
23946,17.8,3.1,67952
23947,-666666666.0,-222222222.0,67953
23948,18.7,10.9,67954
23949,-666666666.0,-222222222.0,68001
23950,27.9,6.4,68002
23951,22.0,6.4,68003
23952,26.2,2.8,68004
23953,29.4,2.4,68005
23954,27.6,4.1,68007
23955,31.9,3.6,68008
23956,32.5,19.1,68010
23957,41.0,30.5,68014
23958,18.9,10.1,68015
23959,-666666666.0,-222222222.0,68016
23960,18.9,4.0,68017
23961,35.0,70.4,68018
23962,18.1,2.6,68019
23963,33.0,9.0,68020
23964,26.7,3.2,68022
23965,26.5,10.5,68023
23966,25.9,1.7,68025
23967,35.8,19.9,68028
23968,9.0,-333333333.0,68029
23969,19.4,13.3,68030
23970,21.9,1.5,68031
23971,41.0,50.9,68033
23972,9.0,-333333333.0,68034
23973,-666666666.0,-222222222.0,68036
23974,29.5,5.5,68037
23975,29.9,4.1,68038
23976,22.3,5.9,68039
23977,-666666666.0,-222222222.0,68040
23978,32.1,24.4,68041
23979,-666666666.0,-222222222.0,68042
23980,26.4,6.4,68044
23981,26.9,3.7,68045
23982,26.7,2.1,68046
23983,19.6,14.7,68047
23984,22.9,3.0,68048
23985,51.0,-333333333.0,68050
23986,18.1,11.3,68055
23987,-666666666.0,-222222222.0,68056
23988,22.5,10.1,68057
23989,15.0,20.3,68058
23990,28.2,7.4,68059
23991,21.7,6.2,68061
23992,25.6,8.6,68062
23993,25.0,12.5,68063
23994,26.4,4.3,68064
23995,21.6,4.2,68065
23996,29.5,17.0,68066
23997,15.4,4.3,68067
23998,-666666666.0,-222222222.0,68068
23999,18.3,14.5,68069
24000,23.3,33.2,68070
24001,16.1,1.9,68071
24002,-666666666.0,-222222222.0,68072
24003,35.5,14.7,68073
24004,28.0,3.2,68102
24005,31.1,2.4,68104
24006,28.4,1.9,68105
24007,29.7,2.3,68106
24008,27.7,3.1,68107
24009,28.6,2.6,68108
24010,32.7,5.5,68110
24011,40.8,4.9,68111
24012,36.9,7.5,68112
24013,25.5,4.9,68113
24014,31.0,2.5,68114
24015,24.8,3.7,68116
24016,27.2,5.5,68117
24017,32.9,7.0,68118
24018,45.4,15.2,68122
24019,26.2,1.4,68123
24020,28.9,3.4,68124
24021,28.5,2.3,68127
24022,29.5,2.9,68128
24023,29.1,2.8,68130
24024,31.5,2.5,68131
24025,27.2,3.4,68132
24026,23.0,3.9,68133
24027,30.7,3.1,68134
24028,21.3,3.2,68135
24029,26.1,5.9,68136
24030,27.2,3.8,68137
24031,31.7,7.2,68138
24032,27.1,18.6,68142
24033,34.7,4.0,68144
24034,33.0,7.2,68147
24035,48.6,10.2,68152
24036,30.2,2.8,68154
24037,22.5,2.2,68157
24038,30.1,2.6,68164
24039,32.0,51.8,68178
24040,-666666666.0,-222222222.0,68182
24041,-666666666.0,-222222222.0,68183
24042,15.3,5.3,68301
24043,14.4,2.6,68303
24044,16.3,7.9,68304
24045,24.1,4.1,68305
24046,11.7,11.0,68307
24047,-666666666.0,-222222222.0,68309
24048,26.7,2.8,68310
24049,15.0,3.1,68313
24050,22.1,0.8,68314
24051,-666666666.0,-222222222.0,68315
24052,15.0,19.5,68316
24053,21.3,30.5,68317
24054,18.0,1.3,68318
24055,16.7,2.7,68319
24056,21.9,8.9,68320
24057,9.0,-333333333.0,68321
24058,22.5,30.4,68322
24059,-666666666.0,-222222222.0,68323
24060,-666666666.0,-222222222.0,68324
24061,16.9,4.3,68325
24062,-666666666.0,-222222222.0,68326
24063,11.8,3.5,68327
24064,24.2,25.2,68328
24065,22.5,9.2,68329
24066,-666666666.0,-222222222.0,68330
24067,24.1,13.0,68331
24068,-666666666.0,-222222222.0,68332
24069,27.5,4.2,68333
24070,26.4,17.2,68335
24071,-666666666.0,-222222222.0,68336
24072,37.5,14.0,68337
24073,10.0,9.6,68338
24074,31.1,8.0,68339
24075,31.4,9.2,68340
24076,17.5,8.0,68341
24077,38.3,20.6,68342
24078,18.3,3.4,68343
24079,9.0,-333333333.0,68344
24080,16.3,29.7,68345
24081,14.5,19.0,68346
24082,13.7,7.2,68347
24083,9.0,-333333333.0,68348
24084,20.0,20.2,68349
24085,-666666666.0,-222222222.0,68350
24086,18.2,7.5,68351
24087,23.3,4.2,68352
24088,23.3,9.4,68354
24089,26.0,4.5,68355
24090,-666666666.0,-222222222.0,68357
24091,19.8,10.5,68358
24092,25.0,15.9,68359
24093,-666666666.0,-222222222.0,68360
24094,21.9,3.3,68361
24095,-666666666.0,-222222222.0,68362
24096,-666666666.0,-222222222.0,68364
24097,-666666666.0,-222222222.0,68365
24098,39.2,11.8,68366
24099,15.9,3.9,68367
24100,51.0,-333333333.0,68368
24101,17.2,5.4,68370
24102,36.3,32.1,68371
24103,30.4,14.6,68372
24104,-666666666.0,-222222222.0,68375
24105,18.4,2.9,68376
24106,22.5,65.7,68377
24107,21.3,9.7,68378
24108,-666666666.0,-222222222.0,68379
24109,-666666666.0,-222222222.0,68380
24110,-666666666.0,-222222222.0,68381
24111,-666666666.0,-222222222.0,68382
24112,18.6,9.3,68401
24113,20.8,9.1,68402
24114,17.5,7.4,68403
24115,-666666666.0,-222222222.0,68404
24116,21.8,4.9,68405
24117,20.0,11.0,68406
24118,24.2,10.6,68407
24119,25.8,8.5,68409
24120,22.1,2.9,68410
24121,26.3,14.5,68413
24122,12.5,79.0,68414
24123,18.6,5.2,68415
24124,13.8,11.7,68416
24125,31.9,14.8,68417
24126,36.6,12.9,68418
24127,25.6,6.3,68419
24128,26.7,22.6,68420
24129,23.8,5.1,68421
24130,31.7,6.8,68422
24131,19.0,16.7,68423
24132,30.0,53.9,68424
24133,9.0,-333333333.0,68428
24134,13.3,5.8,68429
24135,32.2,1.8,68430
24136,-666666666.0,-222222222.0,68431
24137,9.0,-333333333.0,68433
24138,28.7,2.6,68434
24139,10.0,5.6,68436
24140,32.5,30.3,68437
24141,47.5,46.9,68438
24142,9.0,-333333333.0,68439
24143,9.0,-333333333.0,68440
24144,-666666666.0,-222222222.0,68441
24145,14.6,54.1,68442
24146,18.7,6.5,68443
24147,-666666666.0,-222222222.0,68444
24148,18.0,1.0,68445
24149,19.1,6.7,68446
24150,15.2,12.4,68447
24151,36.7,35.0,68448
24152,27.2,2.7,68450
24153,-666666666.0,-222222222.0,68452
24154,-666666666.0,-222222222.0,68453
24155,16.6,6.6,68454
24156,36.7,16.6,68455
24157,18.1,8.5,68456
24158,-666666666.0,-222222222.0,68457
24159,51.0,-333333333.0,68458
24160,-666666666.0,-222222222.0,68460
24161,-666666666.0,-222222222.0,68461
24162,14.6,5.7,68462
24163,23.9,4.9,68463
24164,22.5,37.3,68464
24165,15.4,5.0,68465
24166,16.2,5.1,68466
24167,24.9,3.8,68467
24168,27.5,2.7,68502
24169,29.0,2.6,68503
24170,26.5,1.7,68504
24171,27.9,1.7,68505
24172,31.3,3.1,68506
24173,30.7,3.9,68507
24174,34.8,4.1,68508
24175,24.9,2.7,68510
24176,23.8,2.9,68512
24177,-666666666.0,-222222222.0,68514
24178,28.2,1.7,68516
24179,-666666666.0,-222222222.0,68517
24180,27.6,9.0,68520
24181,34.9,3.9,68521
24182,30.4,5.3,68522
24183,-666666666.0,-222222222.0,68523
24184,23.5,4.5,68524
24185,39.2,5.8,68526
24186,-666666666.0,-222222222.0,68527
24187,26.6,2.2,68528
24188,-666666666.0,-222222222.0,68531
24189,-666666666.0,-222222222.0,68532
24190,-666666666.0,-222222222.0,68588
24191,24.8,3.1,68601
24192,26.1,5.3,68620
24193,-666666666.0,-222222222.0,68621
24194,13.2,3.3,68622
24195,9.0,-333333333.0,68623
24196,18.8,4.3,68624
24197,35.0,31.1,68626
24198,42.5,35.6,68627
24199,26.1,3.0,68628
24200,13.6,7.0,68629
24201,14.2,3.7,68631
24202,26.8,3.3,68632
24203,21.7,5.1,68633
24204,36.3,45.1,68634
24205,10.0,5.2,68635
24206,12.7,2.6,68636
24207,12.1,6.7,68637
24208,24.7,9.6,68638
24209,27.5,6.6,68640
24210,10.6,3.1,68641
24211,18.9,7.5,68642
24212,14.3,4.0,68643
24213,12.9,1.4,68644
24214,27.5,21.2,68647
24215,-666666666.0,-222222222.0,68648
24216,26.1,10.1,68649
24217,19.6,9.7,68651
24218,26.0,12.7,68652
24219,18.3,4.3,68653
24220,25.0,10.6,68654
24221,11.3,12.9,68655
24222,17.5,10.5,68658
24223,-666666666.0,-222222222.0,68659
24224,17.7,5.6,68660
24225,17.4,5.3,68661
24226,13.0,5.2,68662
24227,12.3,3.5,68663
24228,32.5,13.2,68664
24229,24.0,17.3,68665
24230,29.9,5.7,68666
24231,-666666666.0,-222222222.0,68667
24232,51.0,-333333333.0,68669
24233,26.3,2.0,68701
24234,25.8,13.9,68710
24235,-666666666.0,-222222222.0,68711
24236,15.8,5.3,68713
24237,26.6,2.8,68714
24238,19.1,9.5,68715
24239,26.7,5.1,68716
24240,14.2,13.6,68717
24241,32.8,2.5,68718
24242,-666666666.0,-222222222.0,68719
24243,11.3,10.8,68720
24244,30.0,11.4,68722
24245,23.4,4.6,68723
24246,17.5,8.3,68724
24247,36.9,34.0,68725
24248,15.4,11.5,68726
24249,31.9,2.5,68727
24250,-666666666.0,-222222222.0,68728
24251,21.1,2.7,68729
24252,18.1,4.8,68730
24253,14.9,9.7,68731
24254,-666666666.0,-222222222.0,68732
24255,17.5,7.6,68733
24256,-666666666.0,-222222222.0,68734
24257,11.4,1.7,68735
24258,21.4,4.1,68736
24259,16.7,2.3,68739
24260,20.0,32.5,68740
24261,17.9,3.9,68741
24262,10.0,9.0,68742
24263,51.0,-333333333.0,68743
24264,24.7,5.7,68745
24265,-666666666.0,-222222222.0,68746
24266,-666666666.0,-222222222.0,68747
24267,22.6,6.3,68748
24268,-666666666.0,-222222222.0,68749
24269,-666666666.0,-222222222.0,68751
24270,11.5,9.2,68752
24271,-666666666.0,-222222222.0,68753
24272,25.4,25.2,68755
24273,25.0,5.1,68756
24274,20.0,26.5,68757
24275,18.5,2.2,68758
24276,-666666666.0,-222222222.0,68759
24277,13.9,2.3,68760
24278,17.5,15.8,68761
24279,26.4,3.6,68763
24280,26.7,17.2,68764
24281,19.3,4.7,68765
24282,-666666666.0,-222222222.0,68766
24283,30.5,13.9,68767
24284,49.2,39.9,68768
24285,27.0,12.4,68769
24286,19.4,11.9,68770
24287,16.0,3.1,68771
24288,-666666666.0,-222222222.0,68773
24289,-666666666.0,-222222222.0,68774
24290,28.1,4.6,68776
24291,24.1,6.4,68777
24292,28.0,6.2,68778
24293,23.0,9.4,68779
24294,26.3,6.2,68780
24295,23.2,2.5,68781
24296,29.3,12.2,68783
24297,25.9,7.7,68784
24298,-666666666.0,-222222222.0,68785
24299,32.9,16.2,68786
24300,30.3,14.0,68787
24301,21.4,3.6,68788
24302,-666666666.0,-222222222.0,68789
24303,19.4,6.3,68790
24304,19.7,11.5,68791
24305,9.0,-333333333.0,68792
24306,27.3,4.0,68801
24307,30.2,2.6,68803
24308,21.7,16.7,68810
24309,20.0,14.3,68812
24310,13.1,1.3,68813
24311,17.7,1.7,68814
24312,19.6,5.6,68815
24313,-666666666.0,-222222222.0,68816
24314,14.1,2.8,68817
24315,20.1,6.3,68818
24316,13.2,23.8,68820
24317,-666666666.0,-222222222.0,68821
24318,21.8,8.3,68822
24319,23.1,3.8,68823
24320,23.9,12.3,68824
24321,19.4,9.3,68825
24322,26.8,6.0,68826
24323,21.6,4.0,68827
24324,-666666666.0,-222222222.0,68828
24325,27.1,1.8,68831
24326,18.1,6.8,68832
24327,51.0,-333333333.0,68833
24328,9.0,-333333333.0,68834
24329,41.0,35.0,68835
24330,24.2,3.8,68836
24331,-666666666.0,-222222222.0,68837
24332,9.0,-333333333.0,68838
24333,19.5,6.9,68840
24334,30.0,28.2,68841
24335,29.6,5.9,68842
24336,47.1,22.4,68843
24337,-666666666.0,-222222222.0,68844
24338,27.2,3.1,68845
24339,18.3,16.3,68846
24340,25.8,3.1,68847
24341,-666666666.0,-222222222.0,68849
24342,19.3,3.6,68850
24343,26.3,37.8,68852
24344,33.3,15.1,68853
24345,30.0,54.4,68854
24346,19.1,4.6,68855
24347,41.9,11.9,68856
24348,12.8,15.1,68858
24349,18.8,12.2,68859
24350,13.3,24.4,68860
24351,-666666666.0,-222222222.0,68861
24352,16.6,2.4,68862
24353,9.0,-333333333.0,68863
24354,17.7,2.8,68864
24355,9.0,-333333333.0,68865
24356,20.5,10.1,68866
24357,21.0,5.6,68869
24358,-666666666.0,-222222222.0,68870
24359,-666666666.0,-222222222.0,68871
24360,41.7,57.8,68872
24361,19.3,5.5,68873
24362,22.2,2.7,68874
24363,16.9,5.8,68875
24364,36.7,15.5,68876
24365,25.4,15.9,68878
24366,13.3,2.2,68879
24367,-666666666.0,-222222222.0,68881
24368,17.8,4.7,68882
24369,19.6,5.9,68883
24370,31.2,2.8,68901
24371,21.0,6.6,68920
24372,42.1,13.5,68922
24373,-666666666.0,-222222222.0,68923
24374,15.8,10.8,68924
24375,12.5,7.1,68925
24376,15.8,3.7,68926
24377,27.5,17.3,68927
24378,10.0,5.9,68928
24379,-666666666.0,-222222222.0,68929
24380,21.9,10.9,68930
24381,14.2,52.7,68932
24382,18.3,6.5,68933
24383,-666666666.0,-222222222.0,68934
24384,22.7,2.5,68935
24385,-666666666.0,-222222222.0,68936
24386,13.3,1.1,68937
24387,13.5,4.2,68938
24388,24.2,17.5,68939
24389,14.6,3.8,68940
24390,21.3,15.6,68941
24391,-666666666.0,-222222222.0,68942
24392,9.0,-333333333.0,68943
24393,28.9,11.7,68944
24394,15.0,12.5,68945
24395,-666666666.0,-222222222.0,68946
24396,21.1,6.5,68947
24397,20.8,16.8,68948
24398,28.1,3.4,68949
24399,17.9,12.8,68950
24400,-666666666.0,-222222222.0,68952
24401,-666666666.0,-222222222.0,68954
24402,22.9,16.5,68955
24403,18.4,8.8,68956
24404,-666666666.0,-222222222.0,68957
24405,14.3,4.0,68958
24406,23.3,2.3,68959
24407,-666666666.0,-222222222.0,68960
24408,20.3,6.8,68961
24409,-666666666.0,-222222222.0,68964
24410,27.5,16.4,68966
24411,25.4,17.2,68967
24412,20.9,3.8,68970
24413,-666666666.0,-222222222.0,68971
24414,18.5,35.3,68972
24415,51.0,-333333333.0,68973
24416,-666666666.0,-222222222.0,68974
24417,-666666666.0,-222222222.0,68975
24418,24.4,19.5,68976
24419,-666666666.0,-222222222.0,68977
24420,14.5,12.9,68978
24421,18.8,12.3,68979
24422,9.0,-333333333.0,68980
24423,-666666666.0,-222222222.0,68981
24424,13.6,5.2,68982
24425,30.5,6.2,69001
24426,32.3,2.0,69020
24427,29.4,6.7,69021
24428,25.2,8.7,69022
24429,12.1,27.8,69023
24430,23.8,12.2,69024
24431,35.5,11.7,69025
24432,-666666666.0,-222222222.0,69026
24433,-666666666.0,-222222222.0,69027
24434,26.3,6.4,69028
24435,28.1,10.3,69029
24436,14.7,28.2,69030
24437,14.2,17.1,69032
24438,21.8,4.4,69033
24439,19.2,33.5,69034
24440,-666666666.0,-222222222.0,69036
24441,-666666666.0,-222222222.0,69037
24442,23.3,17.2,69038
24443,-666666666.0,-222222222.0,69039
24444,17.5,26.0,69040
24445,-666666666.0,-222222222.0,69041
24446,-666666666.0,-222222222.0,69042
24447,22.5,32.0,69043
24448,23.8,7.7,69044
24449,22.1,1.9,69045
24450,-666666666.0,-222222222.0,69046
24451,28.8,2.3,69101
24452,22.8,3.3,69120
24453,28.8,4.3,69121
24454,11.5,2.4,69122
24455,13.0,3.5,69123
24456,-666666666.0,-222222222.0,69125
24457,23.3,2.4,69127
24458,36.9,3.4,69128
24459,26.6,5.1,69129
24460,29.0,5.9,69130
24461,15.8,9.5,69131
24462,-666666666.0,-222222222.0,69132
24463,-666666666.0,-222222222.0,69133
24464,22.0,8.9,69134
24465,-666666666.0,-222222222.0,69135
24466,28.1,7.8,69138
24467,21.3,10.9,69140
24468,15.0,44.1,69141
24469,11.6,2.3,69142
24470,16.4,5.6,69143
24471,-666666666.0,-222222222.0,69144
24472,29.5,5.7,69145
24473,-666666666.0,-222222222.0,69146
24474,14.9,29.1,69147
24475,-666666666.0,-222222222.0,69148
24476,28.1,7.4,69149
24477,-666666666.0,-222222222.0,69150
24478,16.4,4.0,69151
24479,11.5,3.5,69152
24480,27.2,4.3,69153
24481,30.2,10.1,69154
24482,29.2,5.1,69155
24483,38.1,11.1,69156
24484,-666666666.0,-222222222.0,69157
24485,-666666666.0,-222222222.0,69161
24486,27.1,4.2,69162
24487,26.9,16.4,69163
24488,26.4,13.3,69165
24489,20.0,4.9,69166
24490,20.4,3.7,69167
24491,22.0,9.4,69168
24492,17.9,1.1,69169
24493,23.9,3.0,69170
24494,-666666666.0,-222222222.0,69171
24495,24.5,4.6,69201
24496,44.7,11.1,69210
24497,25.8,15.5,69211
24498,21.0,17.9,69212
24499,-666666666.0,-222222222.0,69214
24500,-666666666.0,-222222222.0,69216
24501,13.4,12.7,69217
24502,-666666666.0,-222222222.0,69218
24503,-666666666.0,-222222222.0,69219
24504,-666666666.0,-222222222.0,69220
24505,-666666666.0,-222222222.0,69221
24506,22.5,18.9,69301
24507,-666666666.0,-222222222.0,69331
24508,-666666666.0,-222222222.0,69333
24509,27.1,17.4,69334
24510,-666666666.0,-222222222.0,69335
24511,28.8,16.0,69336
24512,32.1,19.1,69337
24513,25.3,13.1,69339
24514,-666666666.0,-222222222.0,69340
24515,29.4,7.1,69341
24516,21.2,10.7,69343
24517,17.5,12.1,69345
24518,20.0,8.6,69346
24519,19.4,15.6,69347
24520,17.4,7.9,69348
24521,30.0,14.1,69350
24522,-666666666.0,-222222222.0,69351
24523,17.8,0.9,69352
24524,-666666666.0,-222222222.0,69353
24525,-666666666.0,-222222222.0,69354
24526,50.0,36.8,69355
24527,28.2,9.5,69356
24528,21.7,3.1,69357
24529,32.5,3.7,69358
24530,24.3,6.4,69360
24531,31.0,2.6,69361
24532,-666666666.0,-222222222.0,69365
24533,17.5,1.4,69366
24534,-666666666.0,-222222222.0,69367
24535,30.0,3.7,70001
24536,31.4,3.8,70002
24537,31.2,3.3,70003
24538,24.7,3.1,70005
24539,32.1,6.3,70006
24540,28.1,16.4,70030
24541,36.3,5.9,70031
24542,40.8,13.6,70032
24543,-666666666.0,-222222222.0,70036
24544,34.4,8.0,70037
24545,-666666666.0,-222222222.0,70038
24546,27.4,15.3,70039
24547,-666666666.0,-222222222.0,70040
24548,51.0,-333333333.0,70041
24549,32.9,2.9,70043
24550,34.9,17.5,70047
24551,-666666666.0,-222222222.0,70049
24552,-666666666.0,-222222222.0,70050
24553,17.8,16.2,70051
24554,51.0,-333333333.0,70052
24555,51.0,-333333333.0,70053
24556,34.4,5.1,70056
24557,-666666666.0,-222222222.0,70057
24558,42.8,4.9,70058
24559,41.0,6.9,70062
24560,29.0,5.6,70065
24561,25.9,54.5,70067
24562,38.1,7.1,70068
24563,51.0,-333333333.0,70070
24564,32.9,2.2,70071
24565,37.1,7.5,70072
24566,36.0,15.8,70075
24567,-666666666.0,-222222222.0,70076
24568,51.0,-333333333.0,70079
24569,-666666666.0,-222222222.0,70080
24570,-666666666.0,-222222222.0,70082
24571,-666666666.0,-222222222.0,70083
24572,19.4,2.7,70084
24573,39.9,32.0,70085
24574,46.7,30.5,70086
24575,51.0,-333333333.0,70087
24576,36.5,14.8,70090
24577,-666666666.0,-222222222.0,70091
24578,51.0,-333333333.0,70092
24579,37.3,6.3,70094
24580,44.0,10.4,70112
24581,29.2,4.2,70113
24582,39.2,6.2,70114
24583,29.4,2.3,70115
24584,31.1,4.1,70116
24585,41.2,4.9,70117
24586,38.1,4.1,70118
24587,34.4,2.2,70119
24588,33.6,3.2,70121
24589,41.8,4.4,70122
24590,26.3,2.5,70123
24591,28.0,4.1,70124
24592,40.1,7.0,70125
24593,44.3,10.0,70126
24594,47.1,5.6,70127
24595,49.2,15.4,70128
24596,32.9,5.7,70129
24597,27.3,2.9,70130
24598,29.0,4.2,70131
24599,-666666666.0,-222222222.0,70139
24600,-666666666.0,-222222222.0,70148
24601,-666666666.0,-222222222.0,70163
24602,33.8,6.1,70301
24603,-666666666.0,-222222222.0,70310
24604,51.0,-333333333.0,70339
24605,-666666666.0,-222222222.0,70340
24606,-666666666.0,-222222222.0,70341
24607,23.6,2.8,70342
24608,21.1,2.6,70343
24609,41.2,38.4,70344
24610,22.1,27.8,70345
24611,39.4,8.5,70346
24612,-666666666.0,-222222222.0,70352
24613,40.0,60.5,70353
24614,37.2,29.3,70354
24615,-666666666.0,-222222222.0,70355
24616,51.0,-333333333.0,70356
24617,15.3,19.2,70357
24618,-666666666.0,-222222222.0,70358
24619,18.3,5.9,70359
24620,24.2,3.3,70360
24621,37.7,2.7,70363
24622,22.7,4.8,70364
24623,19.0,67.9,70372
24624,22.0,3.3,70373
24625,31.5,19.3,70374
24626,-666666666.0,-222222222.0,70375
24627,18.7,4.5,70377
24628,25.2,6.1,70380
24629,38.2,21.0,70390
24630,-666666666.0,-222222222.0,70391
24631,42.1,8.3,70392
24632,-666666666.0,-222222222.0,70393
24633,35.9,40.1,70394
24634,28.0,12.9,70395
24635,-666666666.0,-222222222.0,70397
24636,38.7,4.5,70401
24637,-666666666.0,-222222222.0,70402
24638,37.5,5.7,70403
24639,33.9,10.6,70420
24640,22.7,5.5,70422
24641,42.2,7.8,70426
24642,36.4,3.3,70427
24643,21.8,10.0,70431
24644,29.5,4.1,70433
24645,36.4,19.0,70435
24646,-666666666.0,-222222222.0,70436
24647,31.0,4.0,70437
24648,28.8,4.7,70438
24649,25.8,3.1,70441
24650,-666666666.0,-222222222.0,70442
24651,33.6,5.3,70443
24652,27.8,7.6,70444
24653,51.0,-333333333.0,70445
24654,51.0,-333333333.0,70446
24655,41.7,18.7,70447
24656,27.9,3.2,70448
24657,30.2,12.3,70449
24658,-666666666.0,-222222222.0,70450
24659,-666666666.0,-222222222.0,70451
24660,34.9,5.7,70452
24661,-666666666.0,-222222222.0,70453
24662,31.3,7.6,70454
24663,-666666666.0,-222222222.0,70455
24664,51.0,-333333333.0,70456
24665,-666666666.0,-222222222.0,70457
24666,33.6,3.6,70458
24667,30.8,4.8,70460
24668,32.1,9.6,70461
24669,51.0,-333333333.0,70462
24670,-666666666.0,-222222222.0,70463
24671,-666666666.0,-222222222.0,70464
24672,47.7,20.5,70465
24673,19.4,9.4,70466
24674,29.5,6.8,70471
24675,39.3,5.5,70501
24676,25.1,5.4,70503
24677,28.7,3.0,70506
24678,27.9,3.5,70507
24679,31.5,4.6,70508
24680,33.4,5.8,70510
24681,28.8,25.6,70512
24682,11.9,2.4,70513
24683,37.8,0.9,70514
24684,19.6,4.6,70515
24685,24.4,4.9,70516
24686,26.1,3.1,70517
24687,29.5,16.6,70518
24688,-666666666.0,-222222222.0,70519
24689,41.4,8.8,70520
24690,-666666666.0,-222222222.0,70522
24691,22.7,0.8,70523
24692,51.0,-333333333.0,70524
24693,35.4,25.1,70525
24694,36.6,2.8,70526
24695,26.6,4.2,70528
24696,34.1,18.5,70529
24697,32.2,26.1,70531
24698,26.4,1.7,70532
24699,32.0,3.0,70533
24700,29.9,9.1,70534
24701,34.6,5.5,70535
24702,-666666666.0,-222222222.0,70537
24703,27.7,4.9,70538
24704,18.9,25.0,70541
24705,38.1,22.5,70542
24706,42.2,16.6,70543
24707,24.2,16.4,70544
24708,32.3,6.5,70546
24709,46.7,25.0,70548
24710,19.2,18.6,70549
24711,-666666666.0,-222222222.0,70550
24712,-666666666.0,-222222222.0,70551
24713,38.6,33.3,70552
24714,31.5,2.6,70554
24715,30.7,9.7,70555
24716,44.5,17.5,70556
24717,-666666666.0,-222222222.0,70558
24718,11.5,26.3,70559
24719,32.6,3.6,70560
24720,26.4,3.5,70563
24721,29.0,2.6,70570
24722,-666666666.0,-222222222.0,70575
24723,28.9,12.6,70576
24724,25.4,8.0,70577
24725,29.1,2.9,70578
24726,-666666666.0,-222222222.0,70580
24727,-666666666.0,-222222222.0,70581
24728,35.4,10.9,70582
24729,26.2,6.4,70583
24730,28.2,16.5,70584
24731,17.5,28.9,70585
24732,32.4,9.0,70586
24733,18.9,7.6,70589
24734,18.6,3.9,70591
24735,39.3,12.9,70592
24736,32.1,3.9,70601
24737,30.0,5.3,70605
24738,38.1,9.2,70607
24739,-666666666.0,-222222222.0,70609
24740,9.0,-333333333.0,70611
24741,41.6,19.3,70615
24742,-666666666.0,-222222222.0,70629
24743,-666666666.0,-222222222.0,70630
24744,-666666666.0,-222222222.0,70631
24745,-666666666.0,-222222222.0,70632
24746,25.7,7.7,70633
24747,26.1,2.8,70634
24748,-666666666.0,-222222222.0,70637
24749,25.4,9.9,70638
24750,-666666666.0,-222222222.0,70639
24751,27.5,21.5,70640
24752,-666666666.0,-222222222.0,70643
24753,-666666666.0,-222222222.0,70644
24754,-666666666.0,-222222222.0,70645
24755,-666666666.0,-222222222.0,70646
24756,32.0,1.4,70647
24757,43.0,13.3,70648
24758,-666666666.0,-222222222.0,70650
24759,-666666666.0,-222222222.0,70651
24760,51.0,-333333333.0,70652
24761,30.7,4.0,70653
24762,-666666666.0,-222222222.0,70654
24763,28.6,12.1,70655
24764,35.6,26.4,70656
24765,40.9,53.8,70657
24766,34.0,13.3,70658
24767,20.3,9.7,70659
24768,-666666666.0,-222222222.0,70660
24769,24.8,20.0,70661
24770,-666666666.0,-222222222.0,70662
24771,22.0,3.3,70663
24772,51.0,-333333333.0,70665
24773,34.8,14.7,70668
24774,31.3,9.6,70669
24775,23.7,7.1,70706
24776,32.7,16.2,70710
24777,28.3,9.9,70711
24778,-666666666.0,-222222222.0,70712
24779,29.6,12.0,70714
24780,51.0,-333333333.0,70715
24781,14.9,3.7,70719
24782,-666666666.0,-222222222.0,70721
24783,42.1,9.4,70722
24784,19.6,6.4,70723
24785,-666666666.0,-222222222.0,70725
24786,27.9,2.1,70726
24787,-666666666.0,-222222222.0,70729
24788,14.1,4.5,70730
24789,16.4,5.0,70732
24790,24.3,20.2,70733
24791,13.6,19.5,70734
24792,-666666666.0,-222222222.0,70736
24793,26.6,7.9,70737
24794,25.0,4.7,70739
24795,-666666666.0,-222222222.0,70740
24796,-666666666.0,-222222222.0,70743
24797,27.3,34.4,70744
24798,-666666666.0,-222222222.0,70747
24799,29.6,8.5,70748
24800,-666666666.0,-222222222.0,70749
24801,28.5,34.3,70750
24802,-666666666.0,-222222222.0,70752
24803,-666666666.0,-222222222.0,70753
24804,38.8,2.2,70754
24805,19.4,81.8,70755
24806,-666666666.0,-222222222.0,70756
24807,47.0,23.4,70757
24808,-666666666.0,-222222222.0,70759
24809,42.0,12.3,70760
24810,29.0,54.2,70761
24811,-666666666.0,-222222222.0,70762
24812,28.8,50.7,70763
24813,31.7,9.7,70764
24814,25.7,7.5,70767
24815,29.6,4.0,70769
24816,-666666666.0,-222222222.0,70770
24817,38.3,39.9,70772
24818,-666666666.0,-222222222.0,70773
24819,28.2,8.1,70774
24820,51.0,-333333333.0,70775
24821,25.1,16.7,70776
24822,18.0,1.7,70777
24823,41.0,64.9,70778
24824,-666666666.0,-222222222.0,70780
24825,-666666666.0,-222222222.0,70782
24826,-666666666.0,-222222222.0,70783
24827,30.9,6.4,70785
24828,-666666666.0,-222222222.0,70786
24829,-666666666.0,-222222222.0,70787
24830,35.7,12.7,70788
24831,40.9,14.0,70789
24832,32.5,12.5,70791
24833,22.5,2.6,70801
24834,32.2,5.7,70802
24835,-666666666.0,-222222222.0,70803
24836,40.7,6.7,70805
24837,33.1,3.4,70806
24838,45.0,6.8,70807
24839,39.2,7.4,70808
24840,30.8,3.1,70809
24841,30.4,2.8,70810
24842,34.6,9.1,70811
24843,28.7,9.8,70812
24844,-666666666.0,-222222222.0,70813
24845,36.7,17.3,70814
24846,40.8,8.1,70815
24847,28.6,2.5,70816
24848,35.0,3.8,70817
24849,51.0,-333333333.0,70818
24850,32.5,22.7,70819
24851,36.9,3.3,70820
24852,-666666666.0,-222222222.0,70825
24853,39.7,13.4,70836
24854,28.6,12.1,71001
24855,-666666666.0,-222222222.0,71002
24856,51.0,-333333333.0,71003
24857,16.5,3.1,71004
24858,27.6,8.6,71006
24859,-666666666.0,-222222222.0,71007
24860,51.0,-333333333.0,71008
24861,-666666666.0,-222222222.0,71009
24862,25.0,54.4,71016
24863,24.4,13.1,71018
24864,30.5,4.0,71019
24865,43.3,29.2,71021
24866,23.4,3.1,71023
24867,9.0,-333333333.0,71024
24868,-666666666.0,-222222222.0,71027
24869,30.6,25.3,71028
24870,-666666666.0,-222222222.0,71029
24871,19.8,21.3,71030
24872,30.4,12.4,71031
24873,11.3,4.1,71032
24874,25.3,5.3,71033
24875,46.3,39.2,71034
24876,32.0,1.8,71037
24877,34.1,3.9,71038
24878,51.0,-333333333.0,71039
24879,51.0,-333333333.0,71040
24880,51.0,-333333333.0,71043
24881,-666666666.0,-222222222.0,71044
24882,-666666666.0,-222222222.0,71045
24883,18.3,20.5,71046
24884,24.1,3.8,71047
24885,-666666666.0,-222222222.0,71048
24886,29.3,3.6,71049
24887,51.0,-333333333.0,71051
24888,40.0,10.8,71052
24889,45.7,5.1,71055
24890,18.8,8.7,71060
24891,30.9,13.0,71061
24892,-666666666.0,-222222222.0,71063
24893,28.0,13.2,71064
24894,34.8,18.5,71065
24895,-666666666.0,-222222222.0,71066
24896,51.0,-333333333.0,71067
24897,32.7,2.4,71068
24898,43.9,16.3,71069
24899,29.3,4.2,71070
24900,32.3,1.2,71071
24901,19.4,21.2,71072
24902,38.7,28.3,71073
24903,40.2,18.8,71075
24904,30.2,19.3,71078
24905,-666666666.0,-222222222.0,71079
24906,33.6,10.4,71082
24907,33.6,6.0,71101
24908,37.4,3.5,71103
24909,25.5,7.1,71104
24910,30.5,4.6,71105
24911,33.8,5.4,71106
24912,39.4,5.7,71107
24913,42.0,7.8,71108
24914,35.4,7.2,71109
24915,31.7,2.1,71110
24916,30.6,2.7,71111
24917,30.7,4.6,71112
24918,24.5,8.4,71115
24919,36.4,7.8,71118
24920,24.7,4.1,71119
24921,30.0,8.3,71129
24922,33.1,4.7,71201
24923,44.4,3.8,71202
24924,40.3,4.0,71203
24925,-666666666.0,-222222222.0,71209
24926,-666666666.0,-222222222.0,71212
24927,-666666666.0,-222222222.0,71218
24928,11.3,14.9,71219
24929,34.7,6.0,71220
24930,28.1,14.1,71222
24931,44.3,11.0,71223
24932,44.0,38.2,71225
24933,25.0,11.7,71226
24934,32.4,14.8,71227
24935,27.8,7.0,71229
24936,-666666666.0,-222222222.0,71230
24937,23.7,4.1,71232
24938,51.0,-333333333.0,71233
24939,43.8,31.5,71234
24940,27.5,8.9,71235
24941,21.3,17.8,71237
24942,51.0,-333333333.0,71238
24943,33.7,18.8,71241
24944,-666666666.0,-222222222.0,71242
24945,-666666666.0,-222222222.0,71243
24946,51.0,-333333333.0,71245
24947,32.2,5.4,71247
24948,-666666666.0,-222222222.0,71250
24949,29.8,10.9,71251
24950,-666666666.0,-222222222.0,71253
24951,45.3,6.8,71254
24952,38.5,11.4,71256
24953,26.6,23.4,71259
24954,26.9,4.0,71260
24955,29.8,22.7,71261
24956,27.5,6.5,71263
24957,-666666666.0,-222222222.0,71264
24958,16.0,8.9,71266
24959,21.8,21.4,71268
24960,33.2,6.9,71269
24961,45.2,6.7,71270
24962,-666666666.0,-222222222.0,71272
24963,42.1,9.3,71275
24964,-666666666.0,-222222222.0,71276
24965,-666666666.0,-222222222.0,71277
24966,-666666666.0,-222222222.0,71279
24967,26.0,4.9,71280
24968,32.9,5.1,71282
24969,-666666666.0,-222222222.0,71286
24970,27.7,3.1,71291
24971,38.6,18.3,71292
24972,26.9,5.9,71295
24973,38.4,3.6,71301
24974,38.5,7.9,71302
24975,27.6,3.6,71303
24976,-666666666.0,-222222222.0,71316
24977,-666666666.0,-222222222.0,71320
24978,37.9,11.7,71322
24979,-666666666.0,-222222222.0,71323
24980,16.7,4.0,71325
24981,44.1,8.4,71326
24982,38.6,32.5,71327
24983,14.2,4.9,71328
24984,-666666666.0,-222222222.0,71330
24985,-666666666.0,-222222222.0,71331
24986,36.0,9.9,71333
24987,42.9,8.1,71334
24988,16.3,17.4,71336
24989,-666666666.0,-222222222.0,71339
24990,27.0,20.8,71340
24991,32.9,11.6,71341
24992,23.6,5.0,71342
24993,44.4,7.2,71343
24994,-666666666.0,-222222222.0,71345
24995,19.7,5.2,71346
24996,26.0,14.6,71350
24997,28.5,4.1,71351
24998,33.5,20.9,71353
24999,24.4,84.4,71354
25000,23.8,8.1,71355
25001,-666666666.0,-222222222.0,71356
25002,34.7,5.7,71357
25003,51.0,-333333333.0,71358
25004,-666666666.0,-222222222.0,71359
25005,32.3,3.5,71360
25006,24.0,14.1,71362
25007,28.6,28.5,71366
25008,9.0,-333333333.0,71367
25009,41.4,20.6,71368
25010,37.1,3.5,71369
25011,-666666666.0,-222222222.0,71371
25012,27.8,4.9,71373
25013,51.0,-333333333.0,71375
25014,41.9,9.3,71378
25015,-666666666.0,-222222222.0,71401
25016,25.8,6.2,71403
25017,-666666666.0,-222222222.0,71404
25018,40.1,20.6,71405
25019,-666666666.0,-222222222.0,71406
25020,-666666666.0,-222222222.0,71407
25021,22.9,3.0,71409
25022,-666666666.0,-222222222.0,71410
25023,32.5,14.0,71411
25024,51.0,-333333333.0,71414
25025,33.6,8.6,71415
25026,12.5,28.6,71416
25027,31.9,3.5,71417
25028,34.4,9.9,71418
25029,22.5,23.8,71419
25030,36.3,15.9,71422
25031,27.9,7.8,71423
25032,-666666666.0,-222222222.0,71424
25033,-666666666.0,-222222222.0,71425
25034,-666666666.0,-222222222.0,71426
25035,-666666666.0,-222222222.0,71427
25036,-666666666.0,-222222222.0,71428
25037,14.6,24.5,71429
25038,31.7,14.0,71430
25039,51.0,-333333333.0,71432
25040,28.3,12.1,71433
25041,-666666666.0,-222222222.0,71434
25042,51.0,-333333333.0,71435
25043,-666666666.0,-222222222.0,71438
25044,23.8,17.3,71439
25045,-666666666.0,-222222222.0,71441
25046,28.8,1.7,71446
25047,-666666666.0,-222222222.0,71447
25048,27.3,4.9,71449
25049,-666666666.0,-222222222.0,71450
25050,-666666666.0,-222222222.0,71452
25051,24.6,36.4,71454
25052,-666666666.0,-222222222.0,71455
25053,51.0,-333333333.0,71456
25054,35.9,2.9,71457
25055,25.8,3.0,71459
25056,24.1,2.7,71461
25057,26.3,11.3,71462
25058,44.6,19.5,71463
25059,31.0,2.3,71465
25060,-666666666.0,-222222222.0,71466
25061,26.1,9.6,71467
25062,13.6,5.0,71468
25063,36.1,17.1,71469
25064,-666666666.0,-222222222.0,71472
25065,-666666666.0,-222222222.0,71473
25066,-666666666.0,-222222222.0,71474
25067,-666666666.0,-222222222.0,71475
25068,51.0,-333333333.0,71479
25069,29.7,15.4,71480
25070,22.8,7.1,71483
25071,35.7,11.2,71485
25072,36.5,6.2,71486
25073,51.0,-333333333.0,71497
25074,29.1,6.4,71601
25075,26.0,3.4,71602
25076,28.6,3.5,71603
25077,17.6,1.7,71630
25078,-666666666.0,-222222222.0,71631
25079,30.7,12.3,71635
25080,24.4,8.7,71638
25081,28.1,4.5,71639
25082,18.8,6.4,71640
25083,-666666666.0,-222222222.0,71642
25084,19.9,15.1,71643
25085,51.0,-333333333.0,71644
25086,27.1,4.1,71646
25087,25.0,16.1,71647
25088,-666666666.0,-222222222.0,71651
25089,21.0,26.1,71652
25090,29.5,8.9,71653
25091,30.6,4.9,71654
25092,27.8,5.6,71655
25093,-666666666.0,-222222222.0,71658
25094,-666666666.0,-222222222.0,71659
25095,-666666666.0,-222222222.0,71660
25096,-666666666.0,-222222222.0,71661
25097,-666666666.0,-222222222.0,71662
25098,32.5,23.9,71663
25099,39.7,7.0,71665
25100,-666666666.0,-222222222.0,71666
25101,25.0,6.8,71667
25102,38.3,5.3,71670
25103,29.4,9.2,71671
25104,51.0,-333333333.0,71674
25105,27.3,2.1,71675
25106,47.0,18.5,71676
25107,-666666666.0,-222222222.0,71677
25108,-666666666.0,-222222222.0,71678
25109,31.4,5.5,71701
25110,15.2,12.5,71720
25111,-666666666.0,-222222222.0,71721
25112,-666666666.0,-222222222.0,71722
25113,-666666666.0,-222222222.0,71724
25114,26.8,35.7,71725
25115,51.0,-333333333.0,71726
25116,-666666666.0,-222222222.0,71728
25117,27.4,3.3,71730
25118,23.0,55.1,71740
25119,25.8,10.8,71742
25120,27.3,6.6,71743
25121,23.2,6.2,71744
25122,-666666666.0,-222222222.0,71745
25123,18.0,51.6,71747
25124,-666666666.0,-222222222.0,71748
25125,33.6,8.7,71749
25126,34.0,9.2,71751
25127,33.8,45.8,71752
25128,25.0,3.0,71753
25129,-666666666.0,-222222222.0,71758
25130,-666666666.0,-222222222.0,71759
25131,23.7,15.3,71762
25132,21.9,9.3,71763
25133,15.8,22.4,71764
25134,32.5,39.4,71765
25135,11.9,3.1,71766
25136,19.6,11.2,71770
25137,-666666666.0,-222222222.0,71772
25138,35.3,5.1,71801
25139,-666666666.0,-222222222.0,71820
25140,30.8,17.2,71822
25141,-666666666.0,-222222222.0,71823
25142,22.5,11.8,71825
25143,28.3,6.6,71826
25144,-666666666.0,-222222222.0,71827
25145,-666666666.0,-222222222.0,71831
25146,22.6,12.2,71832
25147,38.4,12.0,71833
25148,-666666666.0,-222222222.0,71834
25149,23.8,29.4,71835
25150,24.8,9.9,71836
25151,18.9,6.2,71837
25152,-666666666.0,-222222222.0,71838
25153,18.9,39.6,71839
25154,19.7,5.6,71841
25155,30.8,6.6,71842
25156,15.0,3.3,71845
25157,25.2,11.7,71846
25158,-666666666.0,-222222222.0,71847
25159,32.5,4.6,71851
25160,28.2,9.1,71852
25161,22.5,1.9,71853
25162,32.1,3.4,71854
25163,-666666666.0,-222222222.0,71855
25164,41.9,28.0,71857
25165,32.5,22.2,71858
25166,-666666666.0,-222222222.0,71859
25167,28.3,9.6,71860
25168,23.8,8.3,71861
25169,51.0,-333333333.0,71862
25170,-666666666.0,-222222222.0,71864
25171,-666666666.0,-222222222.0,71865
25172,25.9,3.7,71866
25173,28.8,4.3,71901
25174,30.5,10.2,71909
25175,25.9,3.8,71913
25176,38.5,26.0,71921
25177,51.0,-333333333.0,71922
25178,28.9,6.7,71923
25179,41.6,27.7,71929
25180,23.8,3.8,71933
25181,-666666666.0,-222222222.0,71935
25182,20.0,5.2,71937
25183,33.0,22.4,71940
25184,14.6,22.7,71941
25185,-666666666.0,-222222222.0,71942
25186,39.0,28.3,71943
25187,21.3,4.3,71944
25188,22.9,0.7,71945
25189,-666666666.0,-222222222.0,71949
25190,-666666666.0,-222222222.0,71950
25191,-666666666.0,-222222222.0,71952
25192,22.8,9.6,71953
25193,51.0,-333333333.0,71956
25194,37.1,5.0,71957
25195,26.0,15.7,71958
25196,-666666666.0,-222222222.0,71959
25197,30.4,19.1,71960
25198,20.7,23.6,71961
25199,-666666666.0,-222222222.0,71962
25200,51.0,-333333333.0,71964
25201,-666666666.0,-222222222.0,71965
25202,18.8,2.7,71968
25203,-666666666.0,-222222222.0,71969
25204,-666666666.0,-222222222.0,71970
25205,-666666666.0,-222222222.0,71971
25206,-666666666.0,-222222222.0,71972
25207,26.5,5.4,71973
25208,-666666666.0,-222222222.0,71998
25209,-666666666.0,-222222222.0,71999
25210,20.4,13.8,72001
25211,30.7,15.7,72002
25212,-666666666.0,-222222222.0,72003
25213,26.9,34.2,72004
25214,-666666666.0,-222222222.0,72005
25215,18.3,8.1,72006
25216,18.4,7.9,72007
25217,37.6,6.2,72010
25218,14.0,4.2,72011
25219,26.7,2.5,72012
25220,9.0,-333333333.0,72013
25221,-666666666.0,-222222222.0,72014
25222,26.2,4.8,72015
25223,13.3,11.4,72016
25224,-666666666.0,-222222222.0,72017
25225,24.6,4.3,72019
25226,32.4,6.9,72020
25227,22.6,3.0,72021
25228,25.7,2.2,72022
25229,26.7,5.7,72023
25230,25.1,6.7,72024
25231,19.0,10.0,72025
25232,-666666666.0,-222222222.0,72026
25233,13.8,11.0,72027
25234,-666666666.0,-222222222.0,72028
25235,30.9,5.6,72029
25236,-666666666.0,-222222222.0,72030
25237,30.3,7.5,72031
25238,28.1,2.1,72032
25239,28.6,1.7,72034
25240,-666666666.0,-222222222.0,72035
25241,51.0,-333333333.0,72036
25242,-666666666.0,-222222222.0,72038
25243,34.9,18.7,72039
25244,27.6,4.5,72040
25245,25.6,11.2,72041
25246,35.6,9.0,72042
25247,-666666666.0,-222222222.0,72044
25248,-666666666.0,-222222222.0,72045
25249,23.2,2.7,72046
25250,51.0,-333333333.0,72047
25251,-666666666.0,-222222222.0,72048
25252,-666666666.0,-222222222.0,72051
25253,-666666666.0,-222222222.0,72052
25254,-666666666.0,-222222222.0,72053
25255,22.5,67.6,72055
25256,-666666666.0,-222222222.0,72057
25257,26.8,5.8,72058
25258,-666666666.0,-222222222.0,72059
25259,51.0,-333333333.0,72060
25260,-666666666.0,-222222222.0,72061
25261,17.8,1.3,72063
25262,33.6,18.5,72064
25263,36.7,14.1,72065
25264,-666666666.0,-222222222.0,72066
25265,51.0,-333333333.0,72067
25266,42.9,34.9,72068
25267,29.8,5.1,72069
25268,28.2,2.4,72070
25269,51.0,-333333333.0,72072
25270,33.8,22.3,72073
25271,-666666666.0,-222222222.0,72074
25272,-666666666.0,-222222222.0,72075
25273,29.4,3.2,72076
25274,-666666666.0,-222222222.0,72079
25275,-666666666.0,-222222222.0,72080
25276,25.0,14.5,72081
25277,37.9,2.3,72082
25278,19.2,39.0,72083
25279,25.3,13.7,72084
25280,15.8,5.0,72085
25281,22.9,1.9,72086
25282,28.4,9.3,72087
25283,51.0,-333333333.0,72088
25284,-666666666.0,-222222222.0,72099
25285,26.0,9.0,72101
25286,31.4,4.4,72102
25287,34.5,12.8,72103
25288,24.1,3.4,72104
25289,19.7,9.0,72106
25290,-666666666.0,-222222222.0,72107
25291,-666666666.0,-222222222.0,72108
25292,36.3,6.2,72110
25293,12.7,1.1,72111
25294,29.7,4.2,72112
25295,25.9,2.8,72113
25296,32.3,4.2,72114
25297,26.9,3.3,72116
25298,51.0,-333333333.0,72117
25299,29.1,4.7,72118
25300,-666666666.0,-222222222.0,72119
25301,24.5,5.3,72120
25302,51.0,-333333333.0,72121
25303,51.0,-333333333.0,72122
25304,28.5,16.5,72123
25305,12.9,8.2,72125
25306,31.1,14.5,72126
25307,24.5,7.1,72127
25308,23.6,8.9,72128
25309,17.5,8.3,72129
25310,-666666666.0,-222222222.0,72130
25311,21.2,5.2,72131
25312,25.5,9.6,72132
25313,-666666666.0,-222222222.0,72133
25314,-666666666.0,-222222222.0,72134
25315,25.6,13.3,72135
25316,-666666666.0,-222222222.0,72136
25317,25.3,23.5,72137
25318,32.4,2.9,72139
25319,-666666666.0,-222222222.0,72140
25320,48.4,20.5,72141
25321,30.8,4.3,72142
25322,29.8,2.6,72143
25323,32.6,5.3,72150
25324,-666666666.0,-222222222.0,72152
25325,13.8,5.8,72153
25326,-666666666.0,-222222222.0,72156
25327,24.2,37.1,72157
25328,28.1,10.1,72160
25329,-666666666.0,-222222222.0,72165
25330,-666666666.0,-222222222.0,72166
25331,45.9,10.6,72167
25332,-666666666.0,-222222222.0,72168
25333,-666666666.0,-222222222.0,72169
25334,-666666666.0,-222222222.0,72170
25335,34.6,17.7,72173
25336,37.8,1.1,72175
25337,22.9,8.0,72176
25338,-666666666.0,-222222222.0,72178
25339,-666666666.0,-222222222.0,72179
25340,-666666666.0,-222222222.0,72180
25341,-666666666.0,-222222222.0,72181
25342,-666666666.0,-222222222.0,72182
25343,-666666666.0,-222222222.0,72183
25344,-666666666.0,-222222222.0,72199
25345,15.0,6.0,72201
25346,27.8,2.3,72202
25347,38.5,4.8,72204
25348,26.8,3.4,72205
25349,31.7,6.7,72206
25350,23.8,2.0,72207
25351,31.8,2.1,72209
25352,29.1,3.0,72210
25353,28.1,2.8,72211
25354,18.5,4.6,72212
25355,29.1,2.4,72223
25356,33.9,8.5,72227
25357,29.7,3.2,72301
25358,-666666666.0,-222222222.0,72311
25359,-666666666.0,-222222222.0,72313
25360,35.3,6.0,72315
25361,-666666666.0,-222222222.0,72320
25362,-666666666.0,-222222222.0,72322
25363,39.8,14.0,72324
25364,-666666666.0,-222222222.0,72325
25365,30.1,6.5,72326
25366,33.1,21.1,72327
25367,-666666666.0,-222222222.0,72328
25368,-666666666.0,-222222222.0,72329
25369,51.0,-333333333.0,72330
25370,28.7,15.4,72331
25371,51.0,-333333333.0,72332
25372,37.5,14.0,72333
25373,31.7,5.0,72335
25374,-666666666.0,-222222222.0,72338
25375,-666666666.0,-222222222.0,72339
25376,-666666666.0,-222222222.0,72340
25377,-666666666.0,-222222222.0,72341
25378,37.9,7.7,72342
25379,-666666666.0,-222222222.0,72346
25380,24.4,8.9,72347
25381,37.8,7.0,72348
25382,34.1,6.3,72350
25383,22.5,22.6,72351
25384,-666666666.0,-222222222.0,72352
25385,-666666666.0,-222222222.0,72353
25386,27.0,4.0,72354
25387,29.2,45.7,72355
25388,30.2,24.7,72358
25389,24.5,13.1,72359
25390,39.5,8.9,72360
25391,25.1,1.9,72364
25392,24.7,13.6,72365
25393,19.3,27.5,72366
25394,-666666666.0,-222222222.0,72367
25395,21.9,2.3,72368
25396,-666666666.0,-222222222.0,72369
25397,26.2,6.7,72370
25398,32.9,3.9,72372
25399,30.5,3.5,72373
25400,-666666666.0,-222222222.0,72374
25401,19.2,8.4,72376
25402,-666666666.0,-222222222.0,72377
25403,-666666666.0,-222222222.0,72379
25404,-666666666.0,-222222222.0,72383
25405,17.8,2.1,72384
25406,26.8,8.4,72386
25407,-666666666.0,-222222222.0,72387
25408,16.4,10.4,72389
25409,37.9,10.1,72390
25410,-666666666.0,-222222222.0,72391
25411,36.3,5.2,72392
25412,45.0,46.0,72394
25413,23.7,13.2,72395
25414,28.4,6.4,72396
25415,35.8,3.3,72401
25416,25.3,4.5,72404
25417,33.0,4.0,72405
25418,-666666666.0,-222222222.0,72410
25419,21.1,2.8,72411
25420,-666666666.0,-222222222.0,72412
25421,19.4,17.5,72413
25422,40.0,50.8,72414
25423,13.0,11.2,72415
25424,28.2,8.7,72416
25425,28.2,9.5,72417
25426,22.3,2.3,72419
25427,16.7,6.5,72421
25428,26.6,2.9,72422
25429,-666666666.0,-222222222.0,72424
25430,-666666666.0,-222222222.0,72425
25431,31.7,6.9,72426
25432,-666666666.0,-222222222.0,72427
25433,-666666666.0,-222222222.0,72428
25434,-666666666.0,-222222222.0,72429
25435,31.5,18.5,72430
25436,34.2,21.9,72431
25437,28.0,6.0,72432
25438,33.2,20.3,72433
25439,30.4,3.8,72434
25440,-666666666.0,-222222222.0,72435
25441,31.7,19.5,72436
25442,20.8,7.4,72437
25443,30.3,38.0,72438
25444,32.8,13.1,72440
25445,-666666666.0,-222222222.0,72441
25446,23.2,4.2,72442
25447,27.5,12.1,72443
25448,31.6,10.1,72444
25449,-666666666.0,-222222222.0,72445
25450,19.3,4.0,72447
25451,-666666666.0,-222222222.0,72449
25452,29.9,3.8,72450
25453,-666666666.0,-222222222.0,72453
25454,24.5,5.5,72454
25455,29.2,5.2,72455
25456,51.0,-333333333.0,72456
25457,35.0,19.2,72457
25458,15.0,76.3,72458
25459,23.2,1.2,72459
25460,15.7,15.0,72460
25461,24.8,16.1,72461
25462,16.5,6.5,72462
25463,-666666666.0,-222222222.0,72464
25464,13.2,22.8,72466
25465,-666666666.0,-222222222.0,72467
25466,24.7,11.7,72469
25467,11.5,6.6,72470
25468,30.5,5.1,72471
25469,30.6,4.0,72472
25470,22.3,8.0,72473
25471,27.8,2.1,72476
25472,-666666666.0,-222222222.0,72478
25473,32.3,7.0,72479
25474,44.3,1.1,72482
25475,28.0,2.0,72501
25476,25.1,3.8,72512
25477,26.7,2.5,72513
25478,-666666666.0,-222222222.0,72515
25479,-666666666.0,-222222222.0,72517
25480,30.6,3.0,72519
25481,-666666666.0,-222222222.0,72520
25482,29.1,6.4,72521
25483,-666666666.0,-222222222.0,72522
25484,-666666666.0,-222222222.0,72523
25485,-666666666.0,-222222222.0,72524
25486,-666666666.0,-222222222.0,72526
25487,-666666666.0,-222222222.0,72527
25488,-666666666.0,-222222222.0,72528
25489,29.5,31.2,72529
25490,13.5,12.9,72530
25491,-666666666.0,-222222222.0,72531
25492,31.6,4.6,72532
25493,45.0,26.7,72533
25494,-666666666.0,-222222222.0,72534
25495,-666666666.0,-222222222.0,72536
25496,51.0,-333333333.0,72537
25497,-666666666.0,-222222222.0,72538
25498,-666666666.0,-222222222.0,72539
25499,-666666666.0,-222222222.0,72540
25500,22.2,8.2,72542
25501,28.0,2.5,72543
25502,-666666666.0,-222222222.0,72544
25503,-666666666.0,-222222222.0,72546
25504,-666666666.0,-222222222.0,72550
25505,31.8,19.8,72553
25506,27.5,5.4,72554
25507,-666666666.0,-222222222.0,72555
25508,26.2,2.7,72556
25509,28.5,5.6,72560
25510,11.5,8.3,72561
25511,26.3,8.2,72562
25512,42.0,12.1,72564
25513,18.4,9.5,72565
25514,46.4,3.8,72566
25515,21.3,15.0,72567
25516,13.9,8.6,72568
25517,-666666666.0,-222222222.0,72569
25518,-666666666.0,-222222222.0,72571
25519,-666666666.0,-222222222.0,72572
25520,-666666666.0,-222222222.0,72573
25521,28.0,4.0,72576
25522,9.0,-333333333.0,72577
25523,-666666666.0,-222222222.0,72578
25524,16.7,3.0,72579
25525,38.6,7.4,72581
25526,40.0,39.4,72583
25527,-666666666.0,-222222222.0,72584
25528,-666666666.0,-222222222.0,72585
25529,-666666666.0,-222222222.0,72587
25530,26.6,3.4,72601
25531,18.2,14.3,72611
25532,-666666666.0,-222222222.0,72615
25533,32.1,5.0,72616
25534,-666666666.0,-222222222.0,72617
25535,28.9,4.5,72619
25536,-666666666.0,-222222222.0,72623
25537,-666666666.0,-222222222.0,72624
25538,38.3,16.5,72626
25539,-666666666.0,-222222222.0,72628
25540,-666666666.0,-222222222.0,72629
25541,-666666666.0,-222222222.0,72630
25542,18.7,4.0,72631
25543,29.5,12.9,72632
25544,12.8,1.1,72633
25545,28.2,3.3,72634
25546,23.2,2.9,72635
25547,-666666666.0,-222222222.0,72636
25548,27.8,6.0,72638
25549,-666666666.0,-222222222.0,72639
25550,-666666666.0,-222222222.0,72640
25551,32.9,6.5,72641
25552,37.0,43.7,72642
25553,27.7,7.1,72644
25554,32.4,6.0,72645
25555,-666666666.0,-222222222.0,72648
25556,33.2,14.5,72650
25557,51.0,-333333333.0,72651
25558,30.5,2.9,72653
25559,-666666666.0,-222222222.0,72655
25560,48.2,21.6,72658
25561,35.6,15.4,72660
25562,-666666666.0,-222222222.0,72661
25563,11.3,8.1,72662
25564,-666666666.0,-222222222.0,72663
25565,-666666666.0,-222222222.0,72666
25566,-666666666.0,-222222222.0,72668
25567,-666666666.0,-222222222.0,72669
25568,-666666666.0,-222222222.0,72670
25569,-666666666.0,-222222222.0,72672
25570,-666666666.0,-222222222.0,72675
25571,29.7,21.4,72677
25572,-666666666.0,-222222222.0,72679
25573,19.2,58.2,72680
25574,-666666666.0,-222222222.0,72682
25575,-666666666.0,-222222222.0,72683
25576,31.9,4.2,72685
25577,-666666666.0,-222222222.0,72686
25578,21.4,11.3,72687
25579,32.3,3.4,72701
25580,29.1,2.7,72703
25581,24.4,4.4,72704
25582,23.8,1.5,72712
25583,18.2,1.7,72713
25584,18.2,7.3,72714
25585,22.9,2.3,72715
25586,37.5,0.4,72717
25587,16.2,5.7,72718
25588,18.8,1.7,72719
25589,-666666666.0,-222222222.0,72721
25590,26.7,1.7,72722
25591,17.6,2.8,72727
25592,-666666666.0,-222222222.0,72729
25593,26.5,7.3,72730
25594,25.8,10.5,72732
25595,27.4,10.0,72734
25596,24.8,6.7,72736
25597,14.0,13.8,72738
25598,-666666666.0,-222222222.0,72739
25599,24.9,5.6,72740
25600,-666666666.0,-222222222.0,72742
25601,25.6,7.3,72744
25602,26.0,3.6,72745
25603,-666666666.0,-222222222.0,72747
25604,-666666666.0,-222222222.0,72749
25605,27.5,2.4,72751
25606,-666666666.0,-222222222.0,72752
25607,29.8,8.2,72753
25608,26.9,2.6,72756
25609,22.9,2.0,72758
25610,-666666666.0,-222222222.0,72760
25611,25.0,3.2,72761
25612,24.3,1.6,72762
25613,25.3,1.8,72764
25614,46.0,34.1,72768
25615,23.0,7.7,72769
25616,12.1,9.9,72773
25617,22.3,5.3,72774
25618,-666666666.0,-222222222.0,72776
25619,27.3,2.1,72801
25620,29.7,4.4,72802
25621,41.3,24.1,72821
25622,20.1,5.6,72823
25623,12.1,5.5,72824
25624,-666666666.0,-222222222.0,72826
25625,-666666666.0,-222222222.0,72827
25626,-666666666.0,-222222222.0,72828
25627,-666666666.0,-222222222.0,72829
25628,29.2,3.4,72830
25629,32.9,3.4,72832
25630,22.8,10.4,72833
25631,22.8,4.7,72834
25632,-666666666.0,-222222222.0,72835
25633,27.9,7.3,72837
25634,-666666666.0,-222222222.0,72838
25635,-666666666.0,-222222222.0,72839
25636,34.5,15.7,72840
25637,-666666666.0,-222222222.0,72841
25638,51.0,-333333333.0,72842
25639,12.8,12.6,72843
25640,9.0,-333333333.0,72845
25641,33.1,9.5,72846
25642,45.0,59.9,72847
25643,-666666666.0,-222222222.0,72851
25644,-666666666.0,-222222222.0,72852
25645,29.6,8.0,72853
25646,-666666666.0,-222222222.0,72854
25647,29.8,7.4,72855
25648,-666666666.0,-222222222.0,72856
25649,24.7,12.8,72857
25650,31.7,16.8,72858
25651,-666666666.0,-222222222.0,72860
25652,22.7,5.8,72863
25653,27.9,11.5,72865
25654,27.6,3.3,72901
25655,23.8,2.0,72903
25656,28.0,6.3,72904
25657,-666666666.0,-222222222.0,72905
25658,25.4,4.8,72908
25659,24.3,3.4,72916
25660,21.8,7.9,72921
25661,24.4,13.3,72923
25662,-666666666.0,-222222222.0,72926
25663,19.8,4.5,72927
25664,51.0,-333333333.0,72928
25665,-666666666.0,-222222222.0,72930
25666,18.6,25.5,72932
25667,29.7,10.9,72933
25668,23.5,7.6,72934
25669,19.6,10.0,72935
25670,25.0,12.6,72936
25671,26.7,35.1,72937
25672,49.0,33.2,72938
25673,19.5,13.8,72940
25674,18.2,4.0,72941
25675,21.4,3.0,72943
25676,41.0,8.7,72944
25677,32.6,0.3,72945
25678,26.0,14.6,72946
25679,19.6,9.0,72947
25680,-666666666.0,-222222222.0,72948
25681,19.9,6.7,72949
25682,-666666666.0,-222222222.0,72950
25683,27.6,1.8,72951
25684,19.2,49.4,72952
25685,-666666666.0,-222222222.0,72955
25686,26.7,3.3,72956
25687,30.1,8.9,72958
25688,18.1,4.1,72959
25689,-666666666.0,-222222222.0,73001
25690,19.9,3.0,73002
25691,31.8,2.4,73003
25692,24.4,4.5,73004
25693,24.8,4.5,73005
25694,26.2,7.8,73006
25695,51.0,-333333333.0,73007
25696,32.8,3.4,73008
25697,20.3,4.7,73009
25698,23.5,2.4,73010
25699,-666666666.0,-222222222.0,73011
25700,29.3,3.3,73012
25701,27.6,2.7,73013
25702,27.9,9.6,73014
25703,25.8,7.8,73015
25704,23.6,4.3,73016
25705,22.4,2.3,73017
25706,26.1,2.6,73018
25707,-666666666.0,-222222222.0,73019
25708,27.1,6.4,73020
25709,24.4,39.4,73021
25710,-666666666.0,-222222222.0,73022
25711,26.8,4.2,73024
25712,23.8,26.7,73025
25713,26.0,12.2,73026
25714,18.2,2.0,73027
25715,22.6,6.7,73028
25716,27.3,8.6,73029
25717,26.4,4.2,73030
25718,-666666666.0,-222222222.0,73031
25719,31.7,3.7,73032
25720,28.1,9.2,73033
25721,31.1,5.0,73034
25722,32.0,2.9,73036
25723,22.5,9.4,73038
25724,26.7,14.0,73040
25725,26.3,8.9,73041
25726,21.8,4.6,73042
25727,-666666666.0,-222222222.0,73043
25728,32.8,3.2,73044
25729,28.0,5.8,73045
25730,26.5,2.9,73047
25731,13.6,1.4,73048
25732,25.6,4.8,73049
25733,25.4,6.2,73050
25734,22.0,5.5,73051
25735,22.8,4.2,73052
25736,14.4,8.5,73053
25737,18.7,3.8,73054
25738,22.5,4.3,73055
25739,-666666666.0,-222222222.0,73056
25740,24.3,6.9,73057
25741,-666666666.0,-222222222.0,73058
25742,18.3,1.2,73059
25743,19.4,9.3,73061
25744,17.7,4.5,73062
25745,-666666666.0,-222222222.0,73063
25746,28.0,2.1,73064
25747,30.7,4.6,73065
25748,-666666666.0,-222222222.0,73066
25749,15.4,10.0,73067
25750,33.2,7.2,73068
25751,34.8,2.8,73069
25752,-666666666.0,-222222222.0,73070
25753,27.3,1.9,73071
25754,31.1,3.8,73072
25755,12.5,16.7,73073
25756,24.0,7.3,73074
25757,24.2,2.8,73075
25758,30.3,5.3,73077
25759,24.2,11.0,73078
25760,12.6,1.3,73079
25761,33.9,10.4,73080
25762,24.3,5.2,73082
25763,21.8,6.2,73084
25764,21.4,3.7,73086
25765,19.4,2.3,73089
25766,29.7,31.2,73090
25767,25.6,7.4,73092
25768,32.5,10.3,73093
25769,24.7,5.7,73095
25770,30.9,2.8,73096
25771,-666666666.0,-222222222.0,73097
25772,21.7,5.4,73098
25773,28.0,1.8,73099
25774,27.9,5.9,73102
25775,27.7,1.8,73103
25776,31.3,2.6,73104
25777,32.4,3.6,73105
25778,28.1,1.7,73106
25779,28.7,3.9,73107
25780,34.5,5.9,73108
25781,36.4,5.2,73109
25782,28.2,1.9,73110
25783,42.8,4.5,73111
25784,29.3,2.4,73112
25785,27.5,2.3,73114
25786,31.3,3.9,73115
25787,29.8,4.8,73116
25788,45.8,13.0,73117
25789,27.8,2.2,73118
25790,28.0,2.1,73119
25791,28.8,2.5,73120
25792,29.5,10.8,73121
25793,34.5,11.2,73122
25794,29.2,2.8,73127
25795,29.5,12.5,73128
25796,26.3,2.7,73129
25797,29.1,3.7,73130
25798,20.2,10.8,73131
25799,31.9,2.8,73132
25800,27.0,2.0,73134
25801,34.1,5.5,73135
25802,30.6,3.0,73139
25803,34.0,12.6,73141
25804,29.4,3.1,73142
25805,36.1,8.0,73145
25806,29.4,3.4,73149
25807,12.9,1.1,73150
25808,-666666666.0,-222222222.0,73151
25809,29.9,3.8,73159
25810,27.1,2.4,73160
25811,32.1,5.4,73162
25812,16.4,3.4,73165
25813,51.0,-333333333.0,73169
25814,29.5,2.5,73170
25815,9.0,-333333333.0,73173
25816,26.7,11.5,73179
25817,26.4,2.5,73401
25818,-666666666.0,-222222222.0,73425
25819,17.3,3.0,73430
25820,17.7,4.3,73432
25821,25.7,5.6,73433
25822,51.0,-333333333.0,73434
25823,17.0,9.0,73435
25824,46.0,17.0,73436
25825,-666666666.0,-222222222.0,73437
25826,22.9,5.5,73438
25827,25.4,9.1,73439
25828,-666666666.0,-222222222.0,73440
25829,21.3,9.3,73441
25830,35.0,22.5,73442
25831,32.3,11.4,73443
25832,-666666666.0,-222222222.0,73444
25833,24.8,4.0,73446
25834,25.0,10.8,73447
25835,22.4,3.0,73448
25836,21.1,7.0,73449
25837,31.3,7.3,73450
25838,51.0,-333333333.0,73453
25839,31.9,16.4,73455
25840,17.5,6.6,73456
25841,27.5,22.6,73458
25842,26.0,4.5,73459
25843,25.3,4.8,73460
25844,24.2,19.6,73461
25845,29.0,11.6,73463
25846,46.7,8.3,73481
25847,21.7,22.6,73487
25848,-666666666.0,-222222222.0,73488
25849,36.6,16.0,73491
25850,27.7,2.5,73501
25851,24.3,1.3,73503
25852,28.0,1.8,73505
25853,28.2,2.7,73507
25854,13.0,7.0,73520
25855,23.3,1.7,73521
25856,-666666666.0,-222222222.0,73523
25857,20.8,3.0,73526
25858,22.8,2.3,73527
25859,22.5,5.1,73528
25860,32.5,9.8,73529
25861,30.0,16.1,73530
25862,22.3,1.4,73531
25863,22.0,4.7,73532
25864,28.4,2.3,73533
25865,27.5,8.7,73537
25866,23.1,1.8,73538
25867,-666666666.0,-222222222.0,73539
25868,16.9,14.8,73540
25869,32.5,30.2,73541
25870,46.2,12.7,73542
25871,23.7,4.8,73543
25872,-666666666.0,-222222222.0,73544
25873,17.7,0.8,73546
25874,22.5,15.0,73547
25875,-666666666.0,-222222222.0,73548
25876,-666666666.0,-222222222.0,73549
25877,23.6,5.8,73550
25878,-666666666.0,-222222222.0,73551
25879,19.8,11.3,73552
25880,-666666666.0,-222222222.0,73553
25881,28.0,9.8,73554
25882,-666666666.0,-222222222.0,73555
25883,12.5,6.9,73556
25884,25.0,33.0,73557
25885,32.5,18.9,73559
25886,13.6,1.0,73560
25887,36.3,20.7,73562
25888,16.7,9.2,73564
25889,29.0,7.4,73565
25890,35.7,5.5,73566
25891,31.3,8.3,73567
25892,31.1,5.2,73568
25893,22.5,7.5,73569
25894,18.9,11.6,73570
25895,-666666666.0,-222222222.0,73571
25896,26.2,10.9,73572
25897,27.6,4.3,73573
25898,25.0,7.0,73601
25899,13.4,9.9,73620
25900,16.7,9.1,73622
25901,20.7,4.2,73624
25902,42.5,30.6,73625
25903,22.8,1.9,73626
25904,13.7,41.9,73627
25905,30.3,9.8,73628
25906,25.4,10.8,73632
25907,-666666666.0,-222222222.0,73638
25908,22.5,1.2,73639
25909,23.5,17.8,73641
25910,-666666666.0,-222222222.0,73642
25911,29.8,3.0,73644
25912,19.4,6.5,73645
25913,-666666666.0,-222222222.0,73646
25914,12.5,20.8,73647
25915,13.6,2.1,73650
25916,43.2,3.5,73651
25917,32.5,27.4,73654
25918,23.6,3.2,73655
25919,17.5,10.4,73658
25920,-666666666.0,-222222222.0,73659
25921,-666666666.0,-222222222.0,73660
25922,35.0,18.3,73661
25923,31.8,11.7,73662
25924,31.3,4.7,73663
25925,23.8,9.5,73664
25926,35.0,74.5,73666
25927,25.0,19.4,73667
25928,-666666666.0,-222222222.0,73668
25929,40.4,12.0,73669
25930,37.1,10.2,73673
25931,29.3,4.4,73701
25932,23.7,2.1,73703
25933,-666666666.0,-222222222.0,73705
25934,9.0,-333333333.0,73716
25935,36.0,8.1,73717
25936,-666666666.0,-222222222.0,73718
25937,-666666666.0,-222222222.0,73719
25938,-666666666.0,-222222222.0,73720
25939,-666666666.0,-222222222.0,73722
25940,23.3,9.5,73724
25941,35.8,12.1,73726
25942,-666666666.0,-222222222.0,73727
25943,25.5,5.2,73728
25944,19.3,21.7,73729
25945,12.2,3.3,73730
25946,-666666666.0,-222222222.0,73731
25947,-666666666.0,-222222222.0,73733
25948,17.8,2.8,73734
25949,13.1,5.5,73735
25950,51.0,-333333333.0,73736
25951,29.0,5.5,73737
25952,11.4,6.1,73738
25953,18.1,5.2,73739
25954,35.6,17.0,73741
25955,25.0,17.9,73742
25956,-666666666.0,-222222222.0,73743
25957,18.1,13.6,73744
25958,-666666666.0,-222222222.0,73746
25959,-666666666.0,-222222222.0,73747
25960,13.2,3.9,73749
25961,21.4,6.9,73750
25962,13.8,32.2,73753
25963,14.2,3.5,73754
25964,-666666666.0,-222222222.0,73755
25965,11.9,19.4,73756
25966,-666666666.0,-222222222.0,73757
25967,-666666666.0,-222222222.0,73758
25968,20.5,12.2,73759
25969,-666666666.0,-222222222.0,73760
25970,-666666666.0,-222222222.0,73761
25971,22.8,7.0,73762
25972,28.8,39.4,73763
25973,9.0,-333333333.0,73764
25974,26.9,1.9,73766
25975,16.8,5.7,73768
25976,-666666666.0,-222222222.0,73770
25977,12.9,1.3,73771
25978,29.5,7.8,73772
25979,17.9,0.8,73773
25980,22.9,3.3,73801
25981,21.5,3.9,73832
25982,17.5,11.1,73834
25983,20.6,9.9,73835
25984,-666666666.0,-222222222.0,73838
25985,19.6,42.5,73840
25986,14.0,7.4,73841
25987,27.5,19.8,73842
25988,17.0,2.4,73843
25989,-666666666.0,-222222222.0,73844
25990,17.1,1.8,73848
25991,-666666666.0,-222222222.0,73851
25992,18.6,7.3,73852
25993,-666666666.0,-222222222.0,73853
25994,-666666666.0,-222222222.0,73855
25995,14.3,4.3,73857
25996,21.7,7.4,73858
25997,21.7,1.9,73859
25998,35.9,17.8,73860
25999,-666666666.0,-222222222.0,73901
26000,12.7,4.2,73931
26001,27.9,9.8,73932
26002,42.1,26.4,73933
26003,-666666666.0,-222222222.0,73937
26004,15.6,6.1,73938
26005,14.3,1.8,73939
26006,25.9,3.5,73942
26007,23.8,60.8,73944
26008,51.0,-333333333.0,73945
26009,-666666666.0,-222222222.0,73946
26010,-666666666.0,-222222222.0,73947
26011,16.4,6.3,73949
26012,29.3,21.0,73950
26013,45.4,23.6,73951
26014,-666666666.0,-222222222.0,73960
26015,-666666666.0,-222222222.0,74001
26016,21.4,3.1,74002
26017,28.9,1.4,74003
26018,31.9,2.3,74006
26019,27.0,1.9,74008
26020,25.8,2.5,74010
26021,27.4,2.6,74011
26022,27.2,1.4,74012
26023,24.5,1.8,74014
26024,24.3,3.9,74015
26025,23.1,4.2,74016
26026,28.8,1.7,74017
26027,27.3,3.8,74019
26028,26.8,4.5,74020
26029,22.4,2.4,74021
26030,16.6,6.8,74022
26031,21.3,4.1,74023
26032,23.3,4.7,74026
26033,27.5,13.8,74027
26034,25.5,2.0,74028
26035,37.3,13.6,74029
26036,29.3,6.8,74030
26037,28.0,4.5,74032
26038,24.8,4.4,74033
26039,26.7,18.0,74034
26040,26.4,6.4,74035
26041,26.6,3.4,74036
26042,23.3,1.8,74037
26043,25.6,4.1,74038
26044,19.1,5.2,74039
26045,24.6,2.6,74041
26046,36.7,15.7,74042
26047,31.6,4.8,74044
26048,-666666666.0,-222222222.0,74045
26049,-666666666.0,-222222222.0,74046
26050,23.9,3.1,74047
26051,24.6,5.2,74048
26052,13.6,16.2,74050
26053,24.6,3.6,74051
26054,28.8,6.6,74052
26055,24.6,6.4,74053
26056,9.0,-333333333.0,74054
26057,27.5,1.5,74055
26058,21.4,7.5,74056
26059,31.4,7.7,74058
26060,38.3,22.5,74059
26061,14.4,9.4,74060
26062,43.2,12.0,74061
26063,24.7,10.6,74062
26064,24.8,2.7,74063
26065,27.7,1.8,74066
26066,-666666666.0,-222222222.0,74068
26067,27.6,2.1,74070
26068,-666666666.0,-222222222.0,74071
26069,31.6,6.5,74072
26070,30.5,9.5,74073
26071,44.2,4.4,74074
26072,32.2,2.5,74075
26073,-666666666.0,-222222222.0,74077
26074,-666666666.0,-222222222.0,74078
26075,26.2,7.5,74079
26076,26.8,7.1,74080
26077,23.6,19.9,74081
26078,20.8,18.5,74082
26079,-666666666.0,-222222222.0,74083
26080,32.5,19.5,74084
26081,19.8,5.8,74085
26082,21.0,5.3,74103
26083,31.8,1.8,74104
26084,28.3,2.1,74105
26085,32.4,4.0,74106
26086,28.7,2.8,74107
26087,28.1,4.0,74108
26088,31.5,4.0,74110
26089,27.7,1.3,74112
26090,22.2,3.0,74114
26091,29.8,3.1,74115
26092,23.6,11.0,74116
26093,-666666666.0,-222222222.0,74117
26094,25.1,3.1,74119
26095,24.4,2.5,74120
26096,34.9,4.0,74126
26097,32.3,4.2,74127
26098,30.2,4.5,74128
26099,28.7,2.5,74129
26100,27.4,9.5,74130
26101,16.9,8.7,74131
26102,24.0,5.3,74132
26103,28.9,1.0,74133
26104,28.7,2.1,74134
26105,30.7,2.0,74135
26106,30.6,2.5,74136
26107,28.3,2.7,74137
26108,29.4,1.8,74145
26109,29.0,1.1,74146
26110,-666666666.0,-222222222.0,74171
26111,27.4,1.8,74301
26112,27.1,6.9,74330
26113,26.5,3.1,74331
26114,30.0,26.7,74332
26115,21.3,5.0,74333
26116,23.1,2.8,74337
26117,22.3,7.1,74338
26118,31.1,3.2,74339
26119,22.5,35.3,74340
26120,32.9,14.3,74342
26121,32.1,4.1,74343
26122,27.9,3.6,74344
26123,30.3,8.6,74346
26124,19.5,9.3,74347
26125,21.7,29.2,74349
26126,21.5,7.6,74350
26127,22.5,4.9,74352
26128,28.6,1.5,74354
26129,18.1,6.8,74358
26130,50.0,56.3,74359
26131,-666666666.0,-222222222.0,74360
26132,27.5,3.3,74361
26133,23.0,5.4,74363
26134,51.0,-333333333.0,74364
26135,21.1,13.6,74365
26136,51.0,-333333333.0,74366
26137,-666666666.0,-222222222.0,74367
26138,-666666666.0,-222222222.0,74368
26139,23.9,6.0,74369
26140,19.1,2.3,74370
26141,32.6,3.9,74401
26142,28.2,1.7,74403
26143,29.2,8.6,74421
26144,17.3,7.3,74422
26145,51.0,-333333333.0,74423
26146,31.3,8.1,74425
26147,26.1,4.1,74426
26148,20.3,22.8,74427
26149,25.0,33.4,74428
26150,28.7,2.0,74429
26151,13.1,23.3,74430
26152,25.0,12.1,74431
26153,30.9,4.2,74432
26154,34.9,14.7,74434
26155,26.1,3.9,74435
26156,32.1,8.8,74436
26157,27.0,3.8,74437
26158,29.0,12.7,74438
26159,24.4,4.1,74441
26160,23.9,15.7,74442
26161,19.6,3.5,74445
26162,41.7,21.9,74446
26163,31.1,3.8,74447
26164,18.1,8.7,74450
26165,33.3,4.2,74451
26166,30.6,24.0,74452
26167,22.7,15.3,74454
26168,24.8,24.9,74455
26169,-666666666.0,-222222222.0,74456
26170,-666666666.0,-222222222.0,74457
26171,-666666666.0,-222222222.0,74458
26172,-666666666.0,-222222222.0,74459
26173,27.5,13.3,74460
26174,30.6,2.6,74462
26175,31.8,2.4,74463
26176,26.3,2.5,74464
26177,26.7,2.1,74467
26178,22.0,2.0,74468
26179,19.9,4.5,74469
26180,13.8,15.4,74470
26181,25.7,19.4,74471
26182,18.6,3.6,74472
26183,-666666666.0,-222222222.0,74477
26184,29.6,1.8,74501
26185,15.0,3.8,74521
26186,-666666666.0,-222222222.0,74522
26187,26.4,4.5,74523
26188,26.5,4.2,74525
26189,-666666666.0,-222222222.0,74528
26190,27.5,41.1,74530
26191,21.3,13.6,74531
26192,20.0,11.8,74533
26193,-666666666.0,-222222222.0,74534
26194,-666666666.0,-222222222.0,74535
26195,38.0,5.8,74536
26196,23.7,4.0,74538
26197,-666666666.0,-222222222.0,74540
26198,-666666666.0,-222222222.0,74543
26199,24.3,5.1,74546
26200,39.1,12.5,74547
26201,-666666666.0,-222222222.0,74549
26202,15.5,8.4,74552
26203,30.4,10.2,74553
26204,33.9,13.6,74554
26205,25.8,3.2,74555
26206,22.5,42.5,74556
26207,27.5,50.2,74557
26208,51.0,-333333333.0,74558
26209,29.2,17.4,74560
26210,27.5,5.8,74561
26211,27.1,12.6,74562
26212,31.5,4.5,74563
26213,30.5,6.0,74565
26214,-666666666.0,-222222222.0,74567
26215,17.5,9.7,74569
26216,22.5,7.2,74570
26217,28.2,1.4,74571
26218,19.3,20.8,74572
26219,18.3,25.9,74574
26220,-666666666.0,-222222222.0,74576
26221,21.7,3.7,74577
26222,33.0,7.3,74578
26223,25.1,2.0,74601
26224,27.2,6.3,74604
26225,25.4,8.5,74630
26226,23.3,2.4,74631
26227,17.5,13.4,74632
26228,-666666666.0,-222222222.0,74633
26229,22.9,16.7,74636
26230,22.5,6.8,74637
26231,17.5,3.7,74640
26232,26.3,19.1,74641
26233,51.0,-333333333.0,74643
26234,13.1,54.3,74644
26235,-666666666.0,-222222222.0,74646
26236,27.5,2.5,74647
26237,25.8,21.1,74650
26238,12.2,2.4,74651
26239,19.4,4.5,74652
26240,26.7,4.0,74653
26241,29.6,2.2,74701
26242,24.7,19.1,74720
26243,-666666666.0,-222222222.0,74721
26244,21.3,18.9,74722
26245,35.0,15.0,74723
26246,-666666666.0,-222222222.0,74724
26247,31.3,3.7,74726
26248,24.9,5.1,74727
26249,25.9,4.0,74728
26250,21.7,8.6,74729
26251,25.3,5.1,74730
26252,24.6,36.1,74731
26253,22.4,6.5,74733
26254,17.5,70.0,74734
26255,24.4,7.6,74735
26256,13.3,7.9,74736
26257,-666666666.0,-222222222.0,74737
26258,36.0,15.1,74738
26259,29.1,6.2,74740
26260,16.5,17.5,74741
26261,28.2,2.7,74743
26262,28.3,2.3,74745
26263,38.2,1.5,74747
26264,32.3,15.7,74748
26265,45.0,9.5,74750
26266,-666666666.0,-222222222.0,74753
26267,-666666666.0,-222222222.0,74754
26268,-666666666.0,-222222222.0,74755
26269,22.5,22.4,74756
26270,19.8,19.0,74759
26271,45.0,19.4,74760
26272,-666666666.0,-222222222.0,74761
26273,30.5,7.1,74764
26274,18.3,3.1,74766
26275,27.5,1.8,74801
26276,26.2,2.2,74804
26277,25.5,1.7,74820
26278,24.4,3.3,74824
26279,39.3,38.9,74825
26280,27.5,19.0,74826
26281,17.5,32.7,74827
26282,31.1,12.8,74829
26283,17.5,34.1,74830
26284,15.2,7.1,74831
26285,36.8,9.6,74832
26286,14.5,8.7,74833
26287,28.3,5.9,74834
26288,-666666666.0,-222222222.0,74836
26289,32.5,40.8,74837
26290,45.0,39.5,74839
26291,32.8,13.0,74840
26292,-666666666.0,-222222222.0,74842
26293,-666666666.0,-222222222.0,74843
26294,13.8,7.1,74844
26295,29.2,15.2,74845
26296,23.3,7.6,74848
26297,26.4,3.1,74849
26298,40.0,53.9,74850
26299,21.1,4.8,74851
26300,26.7,20.1,74852
26301,29.3,4.3,74854
26302,22.8,2.3,74855
26303,24.8,8.4,74856
26304,24.5,5.3,74857
26305,22.6,4.2,74859
26306,27.3,8.8,74860
26307,26.5,3.9,74864
26308,18.7,4.1,74865
26309,-666666666.0,-222222222.0,74866
26310,17.5,17.6,74867
26311,28.4,2.1,74868
26312,9.0,-333333333.0,74869
26313,19.0,2.9,74871
26314,21.1,2.1,74872
26315,25.6,4.4,74873
26316,18.5,16.5,74875
26317,30.6,3.7,74878
26318,19.7,3.2,74880
26319,32.6,0.9,74881
26320,33.1,7.7,74883
26321,31.3,8.0,74884
26322,27.0,5.3,74901
26323,25.2,3.9,74902
26324,23.5,3.6,74930
26325,15.4,7.0,74931
26326,24.8,13.5,74932
26327,23.2,2.6,74935
26328,27.5,6.4,74936
26329,30.2,4.5,74937
26330,21.3,24.5,74939
26331,24.6,12.3,74940
26332,22.8,4.2,74941
26333,27.0,5.1,74942
26334,-666666666.0,-222222222.0,74943
26335,24.4,11.9,74944
26336,51.0,-333333333.0,74945
26337,-666666666.0,-222222222.0,74946
26338,27.5,31.9,74947
26339,28.6,5.7,74948
26340,-666666666.0,-222222222.0,74949
26341,32.2,7.9,74951
26342,29.2,3.6,74953
26343,24.3,2.7,74954
26344,27.3,2.9,74955
26345,19.8,2.9,74956
26346,20.5,9.5,74957
26347,28.8,3.6,74959
26348,29.2,2.5,74960
26349,25.4,5.7,74962
26350,-666666666.0,-222222222.0,74963
26351,19.9,12.5,74964
26352,21.0,4.4,74965
26353,27.5,7.5,74966
26354,29.8,1.9,75001
26355,35.8,4.3,75002
26356,29.1,2.0,75006
26357,30.5,2.1,75007
26358,36.8,8.9,75009
26359,28.6,2.3,75010
26360,30.0,3.7,75013
26361,25.4,1.9,75019
26362,30.6,3.6,75020
26363,28.4,7.8,75021
26364,30.4,10.4,75022
26365,29.0,2.4,75023
26366,24.4,1.4,75024
26367,27.6,3.4,75025
26368,27.9,2.2,75028
26369,29.3,3.1,75032
26370,27.8,2.6,75033
26371,28.3,1.6,75034
26372,27.2,2.3,75035
26373,24.4,8.1,75036
26374,28.2,1.6,75038
26375,23.7,1.7,75039
26376,33.8,1.7,75040
26377,32.5,3.3,75041
26378,37.4,3.6,75042
26379,34.9,2.8,75043
26380,30.8,3.4,75044
26381,30.7,6.3,75048
26382,31.5,3.3,75050
26383,35.3,2.9,75051
26384,34.7,1.9,75052
26385,28.0,5.0,75054
26386,27.5,1.3,75056
26387,27.8,2.5,75057
26388,22.5,2.0,75058
26389,31.2,3.7,75060
26390,34.0,2.6,75061
26391,31.0,2.6,75062
26392,23.7,1.3,75063
26393,28.7,12.6,75065
26394,31.3,2.2,75067
26395,27.4,2.9,75068
26396,32.0,3.1,75069
26397,28.3,1.6,75070
26398,35.7,6.0,75071
26399,28.1,3.1,75072
26400,28.6,1.3,75074
26401,29.1,2.3,75075
26402,27.8,8.7,75076
26403,35.2,3.8,75077
26404,28.6,5.6,75078
26405,31.3,2.1,75080
26406,30.0,2.4,75081
26407,28.9,2.3,75082
26408,31.6,3.4,75087
26409,29.9,5.7,75088
26410,36.2,16.7,75089
26411,34.7,3.3,75090
26412,32.9,6.4,75092
26413,28.1,1.4,75093
26414,51.0,-333333333.0,75094
26415,30.8,3.8,75098
26416,24.1,10.8,75101
26417,17.1,1.9,75102
26418,32.0,2.7,75103
26419,36.3,7.3,75104
26420,-666666666.0,-222222222.0,75105
26421,38.6,18.2,75109
26422,28.5,3.4,75110
26423,19.6,12.2,75114
26424,39.6,3.8,75115
26425,33.6,12.7,75116
26426,29.5,7.3,75117
26427,29.7,4.9,75119
26428,30.2,19.2,75124
26429,24.9,10.3,75125
26430,34.0,3.1,75126
26431,18.6,6.4,75127
26432,-666666666.0,-222222222.0,75132
26433,40.9,8.4,75134
26434,26.0,6.2,75135
26435,40.8,7.4,75137
26436,32.2,20.5,75140
26437,45.2,14.7,75141
26438,24.9,5.9,75142
26439,35.7,9.8,75143
26440,29.0,3.3,75144
26441,44.4,7.0,75146
26442,33.8,5.7,75147
26443,25.3,5.6,75148
26444,34.4,4.3,75149
26445,34.7,4.0,75150
26446,18.7,3.0,75152
26447,21.2,3.7,75153
26448,42.3,5.7,75154
26449,19.0,9.2,75155
26450,37.3,4.6,75156
26451,-666666666.0,-222222222.0,75157
26452,26.4,26.4,75158
26453,34.9,18.5,75159
26454,34.9,6.6,75160
26455,33.0,1.4,75161
26456,32.7,3.3,75163
26457,26.6,4.8,75164
26458,28.2,1.3,75165
26459,26.4,10.7,75166
26460,27.8,8.7,75167
26461,25.9,6.3,75169
26462,28.6,19.1,75172
26463,18.2,1.5,75173
26464,33.4,4.5,75180
26465,51.0,-333333333.0,75181
26466,51.0,-333333333.0,75182
26467,39.8,7.3,75189
26468,25.5,1.9,75201
26469,21.9,4.3,75202
26470,30.3,3.6,75203
26471,26.8,1.3,75204
26472,26.2,3.5,75205
26473,27.2,1.0,75206
26474,26.7,2.6,75207
26475,31.4,1.8,75208
26476,28.3,5.9,75209
26477,32.7,5.6,75210
26478,34.0,1.9,75211
26479,27.1,4.0,75212
26480,29.6,2.8,75214
26481,33.8,8.1,75215
26482,34.8,3.6,75216
26483,35.2,4.1,75217
26484,30.0,4.6,75218
26485,25.3,1.8,75219
26486,29.2,2.5,75220
26487,23.8,4.3,75223
26488,37.4,5.7,75224
26489,29.7,8.8,75225
26490,33.2,3.1,75226
26491,29.6,2.8,75227
26492,34.4,3.8,75228
26493,28.7,4.0,75229
26494,31.0,3.2,75230
26495,31.4,2.2,75231
26496,34.5,6.6,75232
26497,49.2,9.6,75233
26498,28.5,3.0,75234
26499,32.0,3.4,75235
26500,38.3,2.4,75236
26501,37.9,3.6,75237
26502,35.2,3.3,75238
26503,33.3,3.8,75240
26504,43.3,4.7,75241
26505,35.5,1.9,75243
26506,26.6,3.6,75244
26507,27.4,2.3,75246
26508,51.0,-333333333.0,75247
26509,27.4,1.6,75248
26510,43.8,6.1,75249
26511,22.9,1.6,75251
26512,33.2,3.3,75252
26513,38.8,6.1,75253
26514,29.3,2.1,75254
26515,-666666666.0,-222222222.0,75261
26516,-666666666.0,-222222222.0,75270
26517,31.5,1.6,75287
26518,-666666666.0,-222222222.0,75390
26519,29.5,4.0,75401
26520,30.8,3.8,75402
26521,27.3,4.3,75407
26522,34.2,13.0,75409
26523,21.3,3.0,75410
26524,19.6,4.2,75411
26525,25.6,14.3,75412
26526,39.4,19.9,75413
26527,34.4,8.7,75414
26528,-666666666.0,-222222222.0,75415
26529,24.0,5.4,75416
26530,43.0,4.4,75417
26531,24.9,9.3,75418
26532,-666666666.0,-222222222.0,75420
26533,19.3,25.2,75421
26534,22.3,1.3,75422
26535,27.8,3.0,75423
26536,41.7,10.1,75424
26537,42.2,12.4,75426
26538,31.9,4.3,75428
26539,-666666666.0,-222222222.0,75429
26540,47.9,36.5,75431
26541,32.7,5.5,75432
26542,31.5,2.1,75433
26543,-666666666.0,-222222222.0,75434
26544,30.3,4.1,75435
26545,28.0,9.9,75436
26546,43.1,7.5,75437
26547,25.2,16.6,75438
26548,30.8,9.7,75439
26549,31.4,3.8,75440
26550,-666666666.0,-222222222.0,75441
26551,20.0,6.1,75442
26552,28.3,2.8,75446
26553,-666666666.0,-222222222.0,75447
26554,17.0,1.9,75448
26555,14.7,22.7,75449
26556,-666666666.0,-222222222.0,75450
26557,-666666666.0,-222222222.0,75451
26558,30.8,11.7,75452
26559,19.9,12.8,75453
26560,29.4,8.9,75454
26561,31.0,4.5,75455
26562,22.7,6.6,75457
26563,38.5,6.6,75459
26564,29.4,2.7,75460
26565,23.4,9.8,75462
26566,-666666666.0,-222222222.0,75468
26567,-666666666.0,-222222222.0,75469
26568,-666666666.0,-222222222.0,75470
26569,44.3,1.6,75471
26570,26.1,4.3,75472
26571,18.1,3.0,75473
26572,33.2,5.4,75474
26573,-666666666.0,-222222222.0,75475
26574,-666666666.0,-222222222.0,75476
26575,51.0,-333333333.0,75477
26576,-666666666.0,-222222222.0,75478
26577,19.0,3.9,75479
26578,-666666666.0,-222222222.0,75480
26579,-666666666.0,-222222222.0,75481
26580,25.6,3.6,75482
26581,-666666666.0,-222222222.0,75486
26582,34.5,24.4,75487
26583,-666666666.0,-222222222.0,75488
26584,24.9,3.1,75489
26585,45.0,42.8,75490
26586,24.4,4.8,75491
26587,-666666666.0,-222222222.0,75492
26588,37.9,41.1,75493
26589,31.9,4.3,75494
26590,26.7,4.1,75495
26591,22.1,7.4,75496
26592,41.7,23.9,75497
26593,31.0,3.9,75501
26594,30.7,2.6,75503
26595,18.5,16.7,75550
26596,32.9,16.6,75551
26597,20.0,10.3,75554
26598,19.3,82.1,75555
26599,23.7,4.8,75556
26600,-666666666.0,-222222222.0,75558
26601,25.0,6.6,75559
26602,9.0,-333333333.0,75560
26603,37.2,8.0,75561
26604,-666666666.0,-222222222.0,75562
26605,24.9,19.2,75563
26606,-666666666.0,-222222222.0,75564
26607,-666666666.0,-222222222.0,75565
26608,-666666666.0,-222222222.0,75566
26609,31.5,2.6,75567
26610,28.8,4.7,75568
26611,40.9,9.3,75569
26612,18.8,5.2,75570
26613,19.1,7.0,75571
26614,32.3,7.4,75572
26615,13.3,1.4,75573
26616,-666666666.0,-222222222.0,75574
26617,29.4,6.8,75601
26618,34.6,3.5,75602
26619,23.4,8.6,75603
26620,30.1,3.6,75604
26621,28.9,3.2,75605
26622,41.1,10.2,75630
26623,37.6,6.4,75631
26624,27.6,2.8,75633
26625,23.7,7.5,75638
26626,-666666666.0,-222222222.0,75639
26627,18.5,7.6,75640
26628,-666666666.0,-222222222.0,75641
26629,-666666666.0,-222222222.0,75642
26630,15.0,5.4,75643
26631,27.3,1.7,75644
26632,37.7,7.5,75645
26633,23.5,3.7,75647
26634,19.4,4.8,75650
26635,28.4,3.7,75651
26636,26.4,4.4,75652
26637,29.3,7.4,75654
26638,31.7,3.0,75656
26639,32.2,8.2,75657
26640,-666666666.0,-222222222.0,75658
26641,-666666666.0,-222222222.0,75659
26642,36.0,11.2,75661
26643,29.3,5.8,75662
26644,17.5,17.0,75667
26645,32.9,15.7,75668
26646,-666666666.0,-222222222.0,75669
26647,33.1,5.5,75670
26648,-666666666.0,-222222222.0,75671
26649,23.7,5.0,75672
26650,-666666666.0,-222222222.0,75680
26651,28.6,46.5,75681
26652,-666666666.0,-222222222.0,75682
26653,34.3,26.1,75683
26654,20.3,8.8,75684
26655,29.4,3.4,75686
26656,-666666666.0,-222222222.0,75687
26657,-666666666.0,-222222222.0,75689
26658,24.2,23.7,75691
26659,30.0,18.3,75692
26660,17.3,10.0,75693
26661,-666666666.0,-222222222.0,75694
26662,27.7,3.3,75701
26663,30.6,5.1,75702
26664,29.8,1.9,75703
26665,51.0,-333333333.0,75704
26666,18.6,2.1,75705
26667,23.9,23.1,75706
26668,29.9,6.9,75707
26669,23.4,12.6,75708
26670,22.5,4.0,75709
26671,-666666666.0,-222222222.0,75711
26672,22.6,2.7,75750
26673,30.0,4.6,75751
26674,32.9,45.4,75752
26675,27.6,44.5,75754
26676,24.3,3.3,75755
26677,25.6,11.2,75756
26678,26.3,3.8,75757
26679,34.4,7.8,75758
26680,-666666666.0,-222222222.0,75759
26681,40.3,24.1,75760
26682,24.2,13.8,75762
26683,21.1,3.3,75763
26684,9.0,-333333333.0,75764
26685,37.6,5.6,75765
26686,28.8,5.7,75766
26687,22.1,13.6,75770
26688,27.1,2.8,75771
26689,27.3,6.2,75773
26690,24.1,13.1,75778
26691,-666666666.0,-222222222.0,75779
26692,45.0,31.2,75780
26693,-666666666.0,-222222222.0,75782
26694,30.1,8.1,75783
26695,-666666666.0,-222222222.0,75784
26696,19.9,4.1,75785
26697,-666666666.0,-222222222.0,75788
26698,23.7,11.3,75789
26699,26.8,3.9,75790
26700,28.7,8.3,75791
26701,27.9,7.0,75792
26702,35.1,10.3,75801
26703,51.0,-333333333.0,75803
26704,24.6,6.2,75831
26705,22.2,6.3,75833
26706,30.9,4.3,75835
26707,-666666666.0,-222222222.0,75838
26708,26.5,15.3,75839
26709,36.1,13.2,75840
26710,27.8,3.6,75844
26711,25.3,10.4,75845
26712,32.0,9.5,75846
26713,13.8,9.6,75847
26714,-666666666.0,-222222222.0,75848
26715,-666666666.0,-222222222.0,75849
26716,-666666666.0,-222222222.0,75850
26717,22.5,13.7,75851
26718,14.0,101.5,75852
26719,-666666666.0,-222222222.0,75853
26720,29.3,6.4,75855
26721,-666666666.0,-222222222.0,75856
26722,-666666666.0,-222222222.0,75858
26723,51.0,-333333333.0,75859
26724,22.5,11.9,75860
26725,39.0,37.3,75861
26726,31.2,9.1,75862
26727,-666666666.0,-222222222.0,75865
26728,-666666666.0,-222222222.0,75884
26729,-666666666.0,-222222222.0,75886
26730,29.7,2.7,75901
26731,21.4,7.0,75903
26732,33.1,3.1,75904
26733,23.7,19.4,75925
26734,9.0,-333333333.0,75926
26735,-666666666.0,-222222222.0,75928
26736,40.9,39.4,75929
26737,21.6,3.2,75930
26738,19.1,6.7,75931
26739,26.7,3.5,75932
26740,-666666666.0,-222222222.0,75933
26741,-666666666.0,-222222222.0,75934
26742,22.7,1.7,75935
26743,12.9,1.5,75936
26744,12.0,3.3,75937
26745,9.0,-333333333.0,75938
26746,27.6,3.4,75939
26747,24.3,11.5,75941
26748,-666666666.0,-222222222.0,75942
26749,51.0,-333333333.0,75943
26750,-666666666.0,-222222222.0,75944
26751,29.4,10.8,75946
26752,23.2,3.3,75948
26753,21.4,7.6,75949
26754,34.8,6.2,75951
26755,51.0,-333333333.0,75954
26756,28.7,4.5,75956
26757,-666666666.0,-222222222.0,75959
26758,-666666666.0,-222222222.0,75960
26759,43.3,9.6,75961
26760,-666666666.0,-222222222.0,75962
26761,31.0,6.6,75964
26762,34.5,5.6,75965
26763,32.1,18.6,75966
26764,29.6,7.2,75968
26765,26.8,4.5,75969
26766,35.4,7.2,75972
26767,9.0,-333333333.0,75973
26768,25.5,7.9,75974
26769,26.0,4.5,75975
26770,28.8,4.0,75976
26771,-666666666.0,-222222222.0,75977
26772,29.7,10.1,75979
26773,27.8,4.5,75980
26774,37.5,5.4,76001
26775,40.9,7.7,76002
26776,24.7,8.6,76005
26777,33.6,2.2,76006
26778,25.4,5.2,76008
26779,23.5,8.1,76009
26780,39.1,2.1,76010
26781,32.5,1.6,76011
26782,33.7,10.1,76012
26783,33.1,3.7,76013
26784,37.7,3.7,76014
26785,30.5,2.5,76015
26786,38.0,5.6,76016
26787,32.3,2.4,76017
26788,34.8,8.4,76018
26789,32.6,3.2,76020
26790,33.4,2.6,76021
26791,30.6,2.6,76022
26792,24.8,9.0,76023
26793,28.9,1.6,76028
26794,35.2,6.0,76031
26795,30.1,4.9,76033
26796,31.2,27.7,76034
26797,22.4,5.9,76035
26798,28.8,3.1,76036
26799,27.5,2.4,76039
26800,32.0,1.9,76040
26801,-666666666.0,-222222222.0,76041
26802,26.6,5.9,76043
26803,34.9,16.9,76044
26804,30.1,3.5,76048
26805,25.0,4.9,76049
26806,23.2,4.0,76050
26807,27.4,2.3,76051
26808,32.9,2.9,76052
26809,31.2,2.8,76053
26810,27.6,13.4,76054
26811,20.2,12.7,76055
26812,36.6,4.1,76058
26813,30.6,17.4,76059
26814,29.5,6.8,76060
26815,-666666666.0,-222222222.0,76061
26816,32.3,2.4,76063
26817,26.6,8.5,76064
26818,29.7,4.6,76065
26819,16.8,6.5,76066
26820,31.1,3.5,76067
26821,-666666666.0,-222222222.0,76070
26822,28.9,5.0,76071
26823,27.5,15.7,76073
26824,-666666666.0,-222222222.0,76077
26825,24.8,3.9,76078
26826,32.1,11.8,76082
26827,31.5,4.6,76084
26828,34.0,6.2,76085
26829,33.5,3.3,76086
26830,33.4,9.2,76087
26831,24.9,8.5,76088
26832,27.7,4.1,76092
26833,30.6,3.0,76093
26834,29.1,2.1,76102
26835,34.5,5.1,76103
26836,31.6,1.7,76104
26837,34.4,2.4,76105
26838,37.4,2.4,76106
26839,30.1,2.2,76107
26840,30.5,2.9,76108
26841,30.6,3.3,76109
26842,34.8,6.8,76110
26843,33.1,3.2,76111
26844,38.5,2.9,76112
26845,29.8,4.1,76114
26846,35.7,3.0,76115
26847,37.5,3.8,76116
26848,33.5,2.1,76117
26849,34.6,6.9,76118
26850,35.5,4.1,76119
26851,34.6,4.5,76120
26852,31.9,4.0,76123
26853,26.4,6.3,76126
26854,-666666666.0,-222222222.0,76127
26855,-666666666.0,-222222222.0,76129
26856,37.1,7.1,76131
26857,34.7,2.3,76132
26858,34.5,4.7,76133
26859,39.5,10.3,76134
26860,35.2,4.5,76135
26861,30.7,2.1,76137
26862,42.6,10.5,76140
26863,30.1,3.2,76148
26864,27.3,3.4,76155
26865,33.5,4.6,76164
26866,30.5,3.6,76177
26867,29.4,4.1,76179
26868,30.2,2.4,76180
26869,29.0,3.7,76182
26870,40.5,4.0,76201
26871,-666666666.0,-222222222.0,76203
26872,34.3,4.6,76205
26873,33.1,4.2,76207
26874,38.4,6.4,76208
26875,33.9,5.3,76209
26876,33.5,2.4,76210
26877,30.3,12.8,76225
26878,25.4,7.8,76226
26879,31.0,3.3,76227
26880,29.0,7.0,76228
26881,32.6,10.5,76230
26882,33.3,19.0,76233
26883,27.2,4.3,76234
26884,12.2,2.6,76238
26885,17.3,2.7,76239
26886,27.9,2.2,76240
26887,-666666666.0,-222222222.0,76241
26888,28.0,2.8,76244
26889,18.1,1.7,76245
26890,28.8,7.0,76247
26891,36.1,5.6,76248
26892,29.3,7.9,76249
26893,27.7,7.7,76250
26894,-666666666.0,-222222222.0,76251
26895,24.2,7.8,76252
26896,-666666666.0,-222222222.0,76253
26897,28.6,31.8,76255
26898,22.0,3.0,76258
26899,38.6,18.0,76259
26900,-666666666.0,-222222222.0,76261
26901,27.4,4.0,76262
26902,-666666666.0,-222222222.0,76263
26903,22.3,5.3,76264
26904,46.1,21.2,76265
26905,32.8,8.3,76266
26906,-666666666.0,-222222222.0,76267
26907,-666666666.0,-222222222.0,76268
26908,-666666666.0,-222222222.0,76270
26909,31.2,12.7,76271
26910,25.9,7.3,76272
26911,25.5,3.7,76273
26912,27.1,3.1,76301
26913,27.4,4.6,76302
26914,19.2,20.7,76305
26915,25.1,3.3,76306
26916,28.3,2.0,76308
26917,31.4,6.9,76309
26918,28.8,4.5,76310
26919,21.9,1.7,76311
26920,24.0,24.2,76351
26921,29.6,6.6,76354
26922,-666666666.0,-222222222.0,76357
26923,25.7,5.0,76360
26924,-666666666.0,-222222222.0,76363
26925,18.1,3.0,76364
26926,41.0,29.4,76365
26927,26.5,5.0,76366
26928,30.4,7.2,76367
26929,25.4,20.9,76370
26930,18.7,1.7,76371
26931,23.5,6.9,76372
26932,-666666666.0,-222222222.0,76373
26933,25.8,3.6,76374
26934,26.4,13.0,76377
26935,18.8,11.6,76379
26936,27.2,5.3,76380
26937,25.1,8.0,76384
26938,-666666666.0,-222222222.0,76388
26939,40.6,34.0,76389
26940,34.3,3.9,76401
26941,-666666666.0,-222222222.0,76402
26942,26.1,3.5,76424
26943,26.1,4.9,76426
26944,19.3,7.2,76427
26945,-666666666.0,-222222222.0,76429
26946,27.3,7.8,76430
26947,25.6,10.0,76431
26948,51.0,-333333333.0,76432
26949,16.7,3.5,76433
26950,19.3,13.6,76435
26951,-666666666.0,-222222222.0,76436
26952,28.1,8.8,76437
26953,-666666666.0,-222222222.0,76439
26954,28.8,1.9,76442
26955,26.6,11.1,76443
26956,26.0,13.5,76444
26957,-666666666.0,-222222222.0,76445
26958,30.9,13.1,76446
26959,28.3,5.5,76448
26960,23.5,2.8,76449
26961,30.7,6.6,76450
26962,-666666666.0,-222222222.0,76452
26963,18.3,7.7,76453
26964,37.0,16.4,76454
26965,23.3,5.6,76455
26966,34.4,7.9,76457
26967,31.1,8.6,76458
26968,-666666666.0,-222222222.0,76459
26969,-666666666.0,-222222222.0,76460
26970,18.1,1.5,76462
26971,33.5,17.3,76463
26972,38.8,32.8,76464
26973,-666666666.0,-222222222.0,76466
26974,-666666666.0,-222222222.0,76469
26975,18.5,1.2,76470
26976,28.3,6.3,76471
26977,-666666666.0,-222222222.0,76472
26978,9.0,-333333333.0,76474
26979,13.0,10.1,76475
26980,40.8,25.3,76476
26981,-666666666.0,-222222222.0,76481
26982,28.9,8.8,76483
26983,-666666666.0,-222222222.0,76484
26984,31.0,11.1,76486
26985,31.1,5.6,76487
26986,-666666666.0,-222222222.0,76490
26987,18.5,10.2,76491
26988,27.8,1.4,76501
26989,31.4,2.6,76502
26990,29.9,2.0,76504
26991,21.9,2.9,76511
26992,32.6,2.2,76513
26993,36.4,17.2,76518
26994,-666666666.0,-222222222.0,76519
26995,27.1,5.7,76520
26996,27.2,1.6,76522
26997,-666666666.0,-222222222.0,76523
26998,51.0,-333333333.0,76524
26999,22.3,11.2,76525
27000,12.5,23.5,76527
27001,26.8,2.1,76528
27002,21.7,7.3,76530
27003,32.5,10.2,76531
27004,36.5,15.5,76534
27005,32.5,3.1,76537
27006,12.9,1.7,76538
27007,16.0,4.0,76539
27008,30.6,2.8,76541
27009,29.7,3.0,76542
27010,34.6,2.5,76543
27011,27.9,1.3,76544
27012,29.6,4.4,76548
27013,31.0,2.7,76549
27014,24.5,3.3,76550
27015,25.0,9.9,76554
27016,9.0,-333333333.0,76556
27017,22.9,6.9,76557
27018,24.4,14.3,76559
27019,21.3,14.7,76561
27020,-666666666.0,-222222222.0,76565
27021,27.0,19.6,76566
27022,30.5,3.9,76567
27023,26.3,8.0,76569
27024,19.6,20.1,76570
27025,29.5,7.8,76571
27026,-666666666.0,-222222222.0,76573
27027,30.5,2.7,76574
27028,51.0,-333333333.0,76577
27029,51.0,-333333333.0,76578
27030,28.2,8.0,76579
27031,-666666666.0,-222222222.0,76596
27032,-666666666.0,-222222222.0,76597
27033,-666666666.0,-222222222.0,76598
27034,-666666666.0,-222222222.0,76599
27035,17.6,2.1,76621
27036,24.2,6.1,76622
27037,-666666666.0,-222222222.0,76623
27038,12.5,21.5,76624
27039,13.0,9.7,76626
27040,26.3,6.4,76627
27041,-666666666.0,-222222222.0,76628
27042,21.7,6.5,76629
27043,38.3,20.9,76630
27044,23.1,6.2,76631
27045,19.3,15.0,76632
27046,51.0,-333333333.0,76633
27047,25.5,6.6,76634
27048,27.2,24.2,76635
27049,13.9,17.4,76636
27050,15.3,3.3,76637
27051,18.3,2.7,76638
27052,28.2,5.1,76639
27053,19.2,21.4,76640
27054,23.4,13.5,76641
27055,25.6,6.9,76642
27056,29.2,5.8,76643
27057,32.3,3.0,76645
27058,41.1,6.0,76648
27059,32.5,23.9,76649
27060,-666666666.0,-222222222.0,76650
27061,28.7,18.0,76651
27062,-666666666.0,-222222222.0,76652
27063,9.0,-333333333.0,76653
27064,13.5,7.9,76654
27065,25.9,7.3,76655
27066,17.5,1.4,76656
27067,29.1,6.6,76657
27068,24.5,36.9,76660
27069,28.2,7.6,76661
27070,32.4,4.0,76664
27071,19.6,7.3,76665
27072,17.3,0.5,76666
27073,32.9,3.2,76667
27074,51.0,-333333333.0,76670
27075,32.1,14.2,76671
27076,32.3,8.8,76673
27077,12.5,12.4,76676
27078,-666666666.0,-222222222.0,76678
27079,-666666666.0,-222222222.0,76679
27080,-666666666.0,-222222222.0,76680
27081,37.1,25.5,76681
27082,34.6,11.2,76682
27083,-666666666.0,-222222222.0,76685
27084,13.8,8.9,76686
27085,21.4,13.3,76687
27086,36.4,5.8,76689
27087,36.6,9.4,76690
27088,32.9,15.6,76691
27089,39.3,17.9,76692
27090,29.7,7.4,76693
27091,34.1,10.2,76701
27092,30.1,12.0,76704
27093,33.3,4.4,76705
27094,45.1,5.5,76706
27095,35.2,7.0,76707
27096,28.4,2.8,76708
27097,33.1,3.1,76710
27098,32.0,3.4,76711
27099,32.1,5.5,76712
27100,-666666666.0,-222222222.0,76798
27101,36.6,5.9,76801
27102,27.9,6.6,76802
27103,-666666666.0,-222222222.0,76820
27104,19.7,9.5,76821
27105,33.6,3.8,76823
27106,-666666666.0,-222222222.0,76824
27107,28.7,4.8,76825
27108,15.7,3.3,76827
27109,-666666666.0,-222222222.0,76828
27110,-666666666.0,-222222222.0,76831
27111,45.0,7.1,76832
27112,28.4,4.7,76834
27113,-666666666.0,-222222222.0,76836
27114,41.7,22.1,76837
27115,-666666666.0,-222222222.0,76841
27116,-666666666.0,-222222222.0,76842
27117,19.7,4.9,76844
27118,-666666666.0,-222222222.0,76845
27119,-666666666.0,-222222222.0,76848
27120,25.7,4.8,76849
27121,-666666666.0,-222222222.0,76852
27122,20.3,7.8,76853
27123,-666666666.0,-222222222.0,76854
27124,26.6,2.4,76856
27125,41.4,44.7,76857
27126,-666666666.0,-222222222.0,76858
27127,18.2,8.6,76859
27128,16.3,11.4,76861
27129,-666666666.0,-222222222.0,76862
27130,21.5,6.1,76864
27131,-666666666.0,-222222222.0,76865
27132,18.4,2.4,76866
27133,-666666666.0,-222222222.0,76869
27134,-666666666.0,-222222222.0,76870
27135,36.9,7.4,76871
27136,51.0,-333333333.0,76872
27137,-666666666.0,-222222222.0,76873
27138,-666666666.0,-222222222.0,76874
27139,25.6,11.3,76875
27140,22.4,6.4,76877
27141,24.1,5.0,76878
27142,-666666666.0,-222222222.0,76880
27143,33.3,2.6,76882
27144,-666666666.0,-222222222.0,76884
27145,-666666666.0,-222222222.0,76885
27146,-666666666.0,-222222222.0,76887
27147,12.7,1.3,76888
27148,32.5,0.7,76890
27149,33.8,7.5,76901
27150,-666666666.0,-222222222.0,76902
27151,36.6,4.5,76903
27152,26.4,2.0,76904
27153,28.4,5.1,76905
27154,-666666666.0,-222222222.0,76908
27155,-666666666.0,-222222222.0,76909
27156,-666666666.0,-222222222.0,76930
27157,15.2,10.1,76932
27158,24.6,16.9,76933
27159,-666666666.0,-222222222.0,76934
27160,-666666666.0,-222222222.0,76935
27161,27.7,27.6,76936
27162,-666666666.0,-222222222.0,76937
27163,-666666666.0,-222222222.0,76939
27164,-666666666.0,-222222222.0,76940
27165,18.0,2.4,76941
27166,11.0,4.5,76943
27167,29.4,5.3,76945
27168,26.4,3.6,76950
27169,45.4,14.3,76951
27170,-666666666.0,-222222222.0,76953
27171,-666666666.0,-222222222.0,76955
27172,-666666666.0,-222222222.0,76957
27173,-666666666.0,-222222222.0,76958
27174,26.3,4.0,77002
27175,28.1,1.5,77003
27176,32.0,3.8,77004
27177,24.9,10.2,77005
27178,25.5,2.3,77006
27179,23.9,1.5,77007
27180,26.6,2.5,77008
27181,24.5,2.6,77009
27182,21.4,26.6,77010
27183,29.4,8.9,77011
27184,30.4,4.2,77012
27185,36.1,4.7,77013
27186,42.5,5.1,77014
27187,32.1,2.4,77015
27188,34.4,7.2,77016
27189,37.7,6.5,77017
27190,33.6,4.8,77018
27191,27.9,2.0,77019
27192,33.7,3.3,77020
27193,41.2,7.1,77021
27194,32.6,4.1,77022
27195,32.3,4.6,77023
27196,26.9,2.5,77024
27197,30.9,3.4,77025
27198,37.4,3.9,77026
27199,24.1,1.2,77027
27200,45.9,11.8,77028
27201,34.7,8.3,77029
27202,32.1,2.6,77030
27203,36.9,6.2,77031
27204,42.7,5.9,77032
27205,51.0,-333333333.0,77033
27206,35.9,3.6,77034
27207,34.9,4.4,77035
27208,30.7,1.3,77036
27209,32.0,10.0,77037
27210,37.6,2.7,77038
27211,34.0,5.1,77039
27212,35.0,4.9,77040
27213,31.1,4.3,77041
27214,32.0,3.0,77042
27215,34.8,4.2,77043
27216,31.3,7.4,77044
27217,30.0,5.1,77045
27218,27.1,4.4,77046
27219,36.8,6.4,77047
27220,41.7,6.7,77048
27221,35.2,5.5,77049
27222,51.0,-333333333.0,77050
27223,43.5,5.5,77051
27224,24.9,5.7,77053
27225,29.4,2.4,77054
27226,33.0,2.8,77055
27227,29.3,2.0,77056
27228,29.6,1.9,77057
27229,27.6,2.3,77058
27230,31.7,4.3,77059
27231,38.1,2.8,77060
27232,33.4,4.6,77061
27233,28.2,4.2,77062
27234,31.2,1.5,77063
27235,32.2,2.7,77064
27236,34.2,3.5,77065
27237,34.4,5.9,77066
27238,37.5,7.8,77067
27239,29.4,5.6,77068
27240,36.0,7.7,77069
27241,31.5,2.9,77070
27242,31.5,4.2,77071
27243,38.2,2.9,77072
27244,32.4,4.3,77073
27245,33.0,2.1,77074
27246,30.9,3.4,77075
27247,41.2,7.2,77076
27248,33.1,1.8,77077
27249,40.4,13.7,77078
27250,29.0,2.6,77079
27251,35.0,5.1,77080
27252,30.6,1.7,77081
27253,33.5,2.4,77082
27254,37.4,2.8,77083
27255,29.7,1.9,77084
27256,26.8,8.8,77085
27257,37.7,5.8,77086
27258,32.2,2.5,77087
27259,39.2,2.6,77088
27260,31.6,2.2,77089
27261,38.9,3.6,77090
27262,47.8,6.8,77091
27263,33.2,2.6,77092
27264,36.1,4.2,77093
27265,23.5,0.9,77094
27266,32.3,5.3,77095
27267,28.9,1.8,77096
27268,25.3,2.5,77098
27269,39.1,3.7,77099
27270,-666666666.0,-222222222.0,77204
27271,33.0,3.6,77301
27272,30.0,3.2,77302
27273,28.7,6.0,77303
27274,31.8,4.7,77304
27275,22.7,3.6,77306
27276,32.0,2.5,77316
27277,30.9,7.4,77318
27278,34.6,5.0,77320
27279,-666666666.0,-222222222.0,77326
27280,29.3,7.3,77327
27281,23.9,3.3,77328
27282,24.1,5.7,77331
27283,-666666666.0,-222222222.0,77334
27284,31.7,42.6,77335
27285,38.3,17.7,77336
27286,34.1,3.0,77338
27287,31.5,5.3,77339
27288,34.3,4.9,77340
27289,-666666666.0,-222222222.0,77341
27290,-666666666.0,-222222222.0,77342
27291,29.6,4.5,77345
27292,30.0,6.8,77346
27293,-666666666.0,-222222222.0,77350
27294,27.3,3.3,77351
27295,28.9,3.0,77354
27296,30.4,7.0,77355
27297,26.2,3.4,77356
27298,25.9,6.4,77357
27299,22.6,14.7,77358
27300,-666666666.0,-222222222.0,77359
27301,46.9,14.7,77360
27302,36.5,7.0,77362
27303,24.9,4.5,77363
27304,32.5,1.3,77364
27305,28.8,2.6,77365
27306,22.3,3.5,77367
27307,-666666666.0,-222222222.0,77368
27308,-666666666.0,-222222222.0,77369
27309,15.0,14.9,77371
27310,31.1,8.2,77372
27311,27.3,1.7,77373
27312,-666666666.0,-222222222.0,77374
27313,36.2,4.8,77375
27314,-666666666.0,-222222222.0,77376
27315,30.9,5.1,77377
27316,28.4,5.7,77378
27317,31.9,3.2,77379
27318,25.6,3.2,77380
27319,31.5,3.5,77381
27320,29.3,10.0,77382
27321,31.3,4.7,77384
27322,28.1,6.2,77385
27323,27.2,4.2,77386
27324,27.8,2.6,77388
27325,35.6,8.0,77389
27326,32.3,3.1,77396
27327,31.2,16.4,77401
27328,23.8,3.0,77406
27329,36.1,3.0,77407
27330,-666666666.0,-222222222.0,77412
27331,29.3,4.7,77414
27332,-666666666.0,-222222222.0,77415
27333,19.5,16.1,77417
27334,26.1,4.0,77418
27335,-666666666.0,-222222222.0,77419
27336,16.6,3.8,77420
27337,33.3,15.3,77422
27338,23.5,1.5,77423
27339,33.2,21.8,77426
27340,-666666666.0,-222222222.0,77428
27341,30.4,2.7,77429
27342,19.2,8.2,77430
27343,-666666666.0,-222222222.0,77431
27344,-666666666.0,-222222222.0,77432
27345,29.8,8.2,77433
27346,17.1,5.6,77434
27347,31.9,20.5,77435
27348,-666666666.0,-222222222.0,77436
27349,37.5,8.0,77437
27350,-666666666.0,-222222222.0,77440
27351,22.1,24.1,77441
27352,35.8,54.3,77442
27353,-666666666.0,-222222222.0,77443
27354,-666666666.0,-222222222.0,77444
27355,27.9,1.4,77445
27356,51.0,-333333333.0,77446
27357,21.7,7.9,77447
27358,-666666666.0,-222222222.0,77448
27359,29.1,2.0,77449
27360,36.9,2.8,77450
27361,39.8,33.4,77451
27362,-666666666.0,-222222222.0,77453
27363,-666666666.0,-222222222.0,77454
27364,14.5,19.2,77455
27365,-666666666.0,-222222222.0,77456
27366,-666666666.0,-222222222.0,77457
27367,-666666666.0,-222222222.0,77458
27368,37.0,3.7,77459
27369,-666666666.0,-222222222.0,77460
27370,17.0,14.6,77461
27371,37.3,1.6,77464
27372,51.0,-333333333.0,77465
27373,-666666666.0,-222222222.0,77466
27374,-666666666.0,-222222222.0,77467
27375,-666666666.0,-222222222.0,77468
27376,29.7,6.0,77469
27377,-666666666.0,-222222222.0,77470
27378,31.9,4.4,77471
27379,-666666666.0,-222222222.0,77473
27380,41.4,6.5,77474
27381,-666666666.0,-222222222.0,77475
27382,-666666666.0,-222222222.0,77476
27383,28.0,2.4,77477
27384,31.6,3.7,77478
27385,30.1,4.6,77479
27386,24.5,11.3,77480
27387,-666666666.0,-222222222.0,77481
27388,51.0,-333333333.0,77482
27389,-666666666.0,-222222222.0,77483
27390,25.3,20.5,77484
27391,23.8,2.1,77485
27392,31.9,13.2,77486
27393,22.8,5.2,77488
27394,40.4,7.7,77489
27395,29.9,7.4,77493
27396,31.6,3.6,77494
27397,32.2,2.7,77498
27398,36.8,3.9,77502
27399,30.0,4.7,77503
27400,33.7,2.5,77504
27401,29.1,3.3,77505
27402,29.8,4.0,77506
27403,25.0,7.6,77507
27404,27.7,6.4,77510
27405,32.6,3.7,77511
27406,23.1,4.3,77514
27407,25.7,7.9,77515
27408,42.9,40.6,77517
27409,49.5,25.5,77518
27410,-666666666.0,-222222222.0,77519
27411,30.9,2.8,77520
27412,28.6,3.3,77521
27413,30.0,5.9,77523
27414,31.8,11.7,77530
27415,28.0,4.9,77531
27416,32.4,12.8,77532
27417,22.4,10.8,77533
27418,27.5,14.5,77534
27419,33.0,9.0,77535
27420,33.4,5.0,77536
27421,-666666666.0,-222222222.0,77538
27422,29.0,1.8,77539
27423,26.7,2.8,77541
27424,29.9,4.4,77545
27425,34.0,5.0,77546
27426,26.7,3.7,77547
27427,32.5,3.0,77550
27428,34.6,5.4,77551
27429,34.3,5.3,77554
27430,-666666666.0,-222222222.0,77555
27431,-666666666.0,-222222222.0,77560
27432,-666666666.0,-222222222.0,77561
27433,32.0,4.2,77562
27434,36.1,6.2,77563
27435,-666666666.0,-222222222.0,77564
27436,39.1,11.2,77565
27437,28.0,4.2,77566
27438,37.3,3.8,77568
27439,38.6,6.7,77571
27440,30.8,2.3,77573
27441,38.2,7.6,77575
27442,41.9,22.1,77577
27443,32.2,12.1,77578
27444,-666666666.0,-222222222.0,77580
27445,29.9,3.1,77581
27446,-666666666.0,-222222222.0,77582
27447,26.2,8.5,77583
27448,30.1,3.1,77584
27449,-666666666.0,-222222222.0,77585
27450,27.5,2.9,77586
27451,35.6,8.6,77587
27452,31.4,4.1,77590
27453,29.8,5.8,77591
27454,-666666666.0,-222222222.0,77597
27455,30.2,2.3,77598
27456,27.8,13.1,77611
27457,22.3,11.0,77612
27458,24.7,54.1,77613
27459,-666666666.0,-222222222.0,77614
27460,-666666666.0,-222222222.0,77615
27461,-666666666.0,-222222222.0,77616
27462,-666666666.0,-222222222.0,77617
27463,27.6,3.1,77619
27464,-666666666.0,-222222222.0,77622
27465,10.0,4.3,77623
27466,11.6,2.4,77624
27467,41.9,38.3,77625
27468,28.7,7.8,77627
27469,-666666666.0,-222222222.0,77629
27470,31.4,7.1,77630
27471,29.1,4.7,77632
27472,36.7,4.8,77640
27473,33.0,2.9,77642
27474,-666666666.0,-222222222.0,77650
27475,24.5,4.4,77651
27476,-666666666.0,-222222222.0,77655
27477,28.9,4.5,77656
27478,26.0,6.5,77657
27479,24.5,22.8,77659
27480,20.7,13.2,77660
27481,-666666666.0,-222222222.0,77661
27482,27.3,7.8,77662
27483,-666666666.0,-222222222.0,77663
27484,51.0,-333333333.0,77664
27485,18.8,5.1,77665
27486,32.0,8.4,77701
27487,51.0,-333333333.0,77702
27488,35.0,8.8,77703
27489,27.9,2.2,77705
27490,31.8,2.7,77706
27491,38.3,7.3,77707
27492,34.9,12.9,77708
27493,31.6,6.1,77713
27494,37.2,3.4,77801
27495,32.1,2.3,77802
27496,35.9,4.6,77803
27497,29.3,3.6,77807
27498,21.9,12.9,77808
27499,13.8,3.3,77830
27500,45.2,8.6,77831
27501,25.1,4.5,77833
27502,51.0,-333333333.0,77835
27503,28.5,7.5,77836
27504,22.4,12.0,77837
27505,44.0,3.4,77840
27506,-666666666.0,-222222222.0,77843
27507,33.6,3.3,77845
27508,-666666666.0,-222222222.0,77852
27509,24.6,11.7,77853
27510,-666666666.0,-222222222.0,77855
27511,18.2,5.8,77856
27512,12.0,8.7,77857
27513,44.6,26.9,77859
27514,23.3,4.8,77861
27515,-666666666.0,-222222222.0,77863
27516,23.9,14.5,77864
27517,23.3,1.5,77865
27518,-666666666.0,-222222222.0,77866
27519,-666666666.0,-222222222.0,77867
27520,25.7,10.2,77868
27521,15.2,8.7,77871
27522,17.7,3.1,77872
27523,51.0,-333333333.0,77873
27524,-666666666.0,-222222222.0,77875
27525,-666666666.0,-222222222.0,77876
27526,9.0,-333333333.0,77878
27527,27.9,1.4,77879
27528,16.6,7.2,77880
27529,-666666666.0,-222222222.0,77882
27530,29.6,2.6,77901
27531,30.9,6.7,77904
27532,22.8,2.4,77905
27533,-666666666.0,-222222222.0,77950
27534,51.0,-333333333.0,77951
27535,22.9,4.0,77954
27536,25.4,3.5,77957
27537,-666666666.0,-222222222.0,77960
27538,-666666666.0,-222222222.0,77961
27539,33.8,13.2,77962
27540,29.4,3.5,77963
27541,22.4,3.9,77964
27542,11.2,4.8,77968
27543,-666666666.0,-222222222.0,77969
27544,51.0,-333333333.0,77970
27545,-666666666.0,-222222222.0,77971
27546,-666666666.0,-222222222.0,77973
27547,51.0,-333333333.0,77974
27548,20.8,11.3,77975
27549,-666666666.0,-222222222.0,77976
27550,-666666666.0,-222222222.0,77977
27551,12.5,18.7,77978
27552,31.0,10.5,77979
27553,-666666666.0,-222222222.0,77982
27554,45.0,2.2,77983
27555,28.5,11.8,77984
27556,-666666666.0,-222222222.0,77986
27557,-666666666.0,-222222222.0,77987
27558,-666666666.0,-222222222.0,77988
27559,23.4,28.7,77990
27560,-666666666.0,-222222222.0,77991
27561,-666666666.0,-222222222.0,77993
27562,36.9,3.4,77994
27563,27.9,8.2,77995
27564,-666666666.0,-222222222.0,78001
27565,24.5,16.0,78002
27566,22.1,8.7,78003
27567,-666666666.0,-222222222.0,78004
27568,-666666666.0,-222222222.0,78005
27569,37.4,6.9,78006
27570,-666666666.0,-222222222.0,78007
27571,-666666666.0,-222222222.0,78008
27572,25.5,5.8,78009
27573,9.0,-333333333.0,78010
27574,-666666666.0,-222222222.0,78011
27575,-666666666.0,-222222222.0,78012
27576,29.2,17.7,78013
27577,20.1,28.0,78014
27578,26.2,18.0,78015
27579,38.5,8.9,78016
27580,19.2,11.8,78017
27581,38.4,34.3,78019
27582,-666666666.0,-222222222.0,78021
27583,30.9,9.1,78022
27584,33.6,3.7,78023
27585,23.5,6.6,78024
27586,29.8,12.0,78025
27587,27.5,14.1,78026
27588,-666666666.0,-222222222.0,78027
27589,28.2,2.6,78028
27590,-666666666.0,-222222222.0,78029
27591,51.0,-333333333.0,78039
27592,33.7,2.9,78040
27593,30.3,1.9,78041
27594,34.0,4.2,78043
27595,-666666666.0,-222222222.0,78044
27596,31.4,1.7,78045
27597,38.4,8.6,78046
27598,-666666666.0,-222222222.0,78050
27599,27.8,8.3,78052
27600,14.0,7.1,78055
27601,-666666666.0,-222222222.0,78056
27602,-666666666.0,-222222222.0,78057
27603,-666666666.0,-222222222.0,78058
27604,18.9,5.3,78059
27605,23.6,9.8,78061
27606,-666666666.0,-222222222.0,78062
27607,37.1,3.9,78063
27608,26.6,3.5,78064
27609,32.3,7.4,78065
27610,-666666666.0,-222222222.0,78066
27611,-666666666.0,-222222222.0,78067
27612,19.4,7.4,78069
27613,29.1,4.1,78070
27614,20.7,4.4,78071
27615,-666666666.0,-222222222.0,78072
27616,23.5,10.7,78073
27617,-666666666.0,-222222222.0,78074
27618,-666666666.0,-222222222.0,78075
27619,27.9,4.0,78076
27620,34.1,14.9,78101
27621,38.6,21.9,78102
27622,-666666666.0,-222222222.0,78104
27623,-666666666.0,-222222222.0,78107
27624,28.1,5.2,78108
27625,37.4,5.0,78109
27626,-666666666.0,-222222222.0,78111
27627,51.0,-333333333.0,78112
27628,21.2,9.4,78113
27629,27.4,5.0,78114
27630,-666666666.0,-222222222.0,78116
27631,-666666666.0,-222222222.0,78117
27632,31.5,13.1,78118
27633,22.4,17.9,78119
27634,25.4,6.4,78121
27635,-666666666.0,-222222222.0,78122
27636,51.0,-333333333.0,78123
27637,41.6,11.5,78124
27638,-666666666.0,-222222222.0,78125
27639,30.6,1.9,78130
27640,29.4,3.0,78132
27641,37.2,6.3,78133
27642,24.8,7.3,78140
27643,11.9,1.8,78141
27644,-666666666.0,-222222222.0,78142
27645,-666666666.0,-222222222.0,78143
27646,-666666666.0,-222222222.0,78144
27647,-666666666.0,-222222222.0,78145
27648,-666666666.0,-222222222.0,78146
27649,24.8,4.9,78147
27650,27.9,1.5,78148
27651,-666666666.0,-222222222.0,78150
27652,19.0,28.3,78151
27653,18.1,1.7,78152
27654,27.9,1.7,78154
27655,29.9,6.5,78155
27656,35.6,31.1,78159
27657,24.2,6.0,78160
27658,-666666666.0,-222222222.0,78161
27659,-666666666.0,-222222222.0,78162
27660,24.2,11.5,78163
27661,20.0,14.1,78164
27662,34.8,3.0,78201
27663,34.1,7.0,78202
27664,51.0,-333333333.0,78203
27665,28.4,4.5,78204
27666,33.8,6.1,78205
27667,36.9,3.2,78207
27668,45.9,19.7,78208
27669,29.4,2.3,78209
27670,40.3,5.2,78210
27671,25.3,3.7,78211
27672,29.1,3.2,78212
27673,35.4,3.2,78213
27674,31.6,3.8,78214
27675,24.9,3.0,78215
27676,32.9,1.5,78216
27677,33.2,6.6,78217
27678,35.5,4.4,78218
27679,37.1,6.8,78219
27680,32.3,5.3,78220
27681,35.8,3.7,78221
27682,29.0,8.4,78222
27683,37.7,4.8,78223
27684,34.7,4.7,78224
27685,29.3,5.8,78225
27686,37.9,7.1,78226
27687,35.8,3.1,78227
27688,38.1,6.4,78228
27689,33.3,2.4,78229
27690,32.0,3.3,78230
27691,31.8,4.5,78231
27692,28.6,2.1,78232
27693,27.6,2.8,78233
27694,26.9,3.9,78234
27695,28.5,9.9,78235
27696,33.3,4.7,78236
27697,35.5,3.8,78237
27698,30.9,4.3,78238
27699,32.0,5.3,78239
27700,31.5,1.6,78240
27701,37.2,4.5,78242
27702,-666666666.0,-222222222.0,78243
27703,32.7,3.9,78244
27704,29.8,5.2,78245
27705,31.3,2.6,78247
27706,26.7,4.0,78248
27707,29.7,1.5,78249
27708,30.9,2.4,78250
27709,30.6,2.6,78251
27710,27.9,9.2,78252
27711,40.3,6.8,78253
27712,24.6,3.7,78254
27713,25.3,11.4,78255
27714,31.6,3.8,78256
27715,27.3,2.8,78257
27716,28.2,2.8,78258
27717,27.8,3.4,78259
27718,27.6,1.9,78260
27719,27.5,7.7,78261
27720,51.0,-333333333.0,78263
27721,25.6,3.3,78264
27722,32.9,6.6,78266
27723,-666666666.0,-222222222.0,78330
27724,42.8,5.9,78332
27725,23.9,2.1,78336
27726,-666666666.0,-222222222.0,78338
27727,-666666666.0,-222222222.0,78339
27728,32.8,2.5,78340
27729,12.8,13.5,78341
27730,-666666666.0,-222222222.0,78342
27731,41.6,26.4,78343
27732,-666666666.0,-222222222.0,78344
27733,-666666666.0,-222222222.0,78347
27734,-666666666.0,-222222222.0,78349
27735,32.7,10.4,78351
27736,-666666666.0,-222222222.0,78352
27737,-666666666.0,-222222222.0,78353
27738,19.4,5.0,78355
27739,18.4,9.9,78357
27740,41.2,38.4,78358
27741,34.8,6.9,78359
27742,-666666666.0,-222222222.0,78360
27743,27.6,15.4,78361
27744,33.0,7.5,78362
27745,29.2,5.3,78363
27746,23.2,2.4,78368
27747,-666666666.0,-222222222.0,78369
27748,32.0,9.1,78370
27749,-666666666.0,-222222222.0,78371
27750,33.3,19.0,78372
27751,41.2,11.2,78373
27752,32.1,6.8,78374
27753,18.1,5.3,78375
27754,-666666666.0,-222222222.0,78376
27755,36.2,6.2,78377
27756,12.6,0.3,78379
27757,34.1,8.5,78380
27758,31.0,9.6,78382
27759,51.0,-333333333.0,78383
27760,24.6,22.7,78384
27761,-666666666.0,-222222222.0,78385
27762,30.8,4.4,78387
27763,32.6,1.1,78389
27764,23.2,2.5,78390
27765,27.2,13.1,78391
27766,17.8,10.4,78393
27767,31.1,4.7,78401
27768,-666666666.0,-222222222.0,78402
27769,32.0,5.2,78404
27770,42.3,5.9,78405
27771,37.5,2.0,78406
27772,18.8,22.9,78407
27773,37.6,4.3,78408
27774,31.6,4.1,78409
27775,27.8,3.6,78410
27776,37.7,4.8,78411
27777,29.9,2.2,78412
27778,29.9,3.5,78413
27779,27.3,1.6,78414
27780,36.4,2.8,78415
27781,28.4,4.2,78416
27782,37.3,14.5,78417
27783,29.2,2.7,78418
27784,29.7,4.6,78419
27785,33.0,2.5,78501
27786,25.0,4.6,78503
27787,26.3,6.4,78504
27788,26.1,6.2,78516
27789,29.7,2.6,78520
27790,29.4,1.6,78521
27791,28.9,6.0,78526
27792,35.1,51.5,78535
27793,-666666666.0,-222222222.0,78536
27794,34.4,5.1,78537
27795,33.6,12.7,78538
27796,27.5,4.4,78539
27797,-666666666.0,-222222222.0,78540
27798,32.2,8.8,78541
27799,27.9,3.2,78542
27800,39.7,9.8,78543
27801,-666666666.0,-222222222.0,78545
27802,-666666666.0,-222222222.0,78547
27803,51.0,-333333333.0,78548
27804,-666666666.0,-222222222.0,78549
27805,29.5,2.4,78550
27806,23.7,2.2,78552
27807,26.8,7.8,78557
27808,-666666666.0,-222222222.0,78558
27809,32.4,3.4,78559
27810,18.4,1.6,78560
27811,-666666666.0,-222222222.0,78561
27812,30.7,3.6,78562
27813,-666666666.0,-222222222.0,78563
27814,-666666666.0,-222222222.0,78564
27815,-666666666.0,-222222222.0,78565
27816,32.7,2.6,78566
27817,-666666666.0,-222222222.0,78567
27818,51.0,-333333333.0,78569
27819,35.7,6.5,78570
27820,27.9,2.1,78572
27821,26.7,3.5,78573
27822,30.9,4.3,78574
27823,30.3,20.8,78575
27824,33.7,38.9,78576
27825,27.0,2.3,78577
27826,30.8,6.9,78578
27827,48.1,19.1,78579
27828,30.8,11.2,78580
27829,29.5,3.7,78582
27830,43.2,8.4,78583
27831,37.5,7.3,78584
27832,-666666666.0,-222222222.0,78585
27833,32.6,4.1,78586
27834,9.0,-333333333.0,78588
27835,36.5,8.2,78589
27836,-666666666.0,-222222222.0,78590
27837,-666666666.0,-222222222.0,78591
27838,-666666666.0,-222222222.0,78592
27839,30.3,6.2,78593
27840,36.1,22.7,78594
27841,33.3,20.3,78595
27842,30.8,5.8,78596
27843,31.0,28.2,78597
27844,-666666666.0,-222222222.0,78598
27845,28.5,3.1,78599
27846,26.5,3.9,78602
27847,25.1,12.7,78605
27848,18.9,4.6,78606
27849,-666666666.0,-222222222.0,78607
27850,-666666666.0,-222222222.0,78608
27851,13.4,29.9,78609
27852,27.0,3.9,78610
27853,28.0,4.2,78611
27854,26.8,15.7,78612
27855,29.0,1.7,78613
27856,-666666666.0,-222222222.0,78614
27857,22.0,13.7,78615
27858,30.4,16.3,78616
27859,38.0,11.0,78617
27860,51.0,-333333333.0,78618
27861,39.0,18.2,78619
27862,28.0,11.3,78620
27863,21.2,5.2,78621
27864,-666666666.0,-222222222.0,78622
27865,-666666666.0,-222222222.0,78623
27866,30.4,3.8,78624
27867,32.6,2.1,78626
27868,33.7,3.3,78628
27869,27.7,9.8,78629
27870,43.9,2.7,78631
27871,-666666666.0,-222222222.0,78632
27872,34.3,17.3,78633
27873,26.8,6.2,78634
27874,-666666666.0,-222222222.0,78635
27875,48.1,10.7,78636
27876,31.3,7.8,78638
27877,32.5,9.3,78639
27878,34.5,4.1,78640
27879,27.8,2.9,78641
27880,22.5,8.6,78642
27881,35.7,4.6,78643
27882,30.8,7.1,78644
27883,41.6,5.9,78645
27884,29.9,13.5,78648
27885,22.5,15.7,78650
27886,24.7,13.0,78652
27887,36.4,3.0,78653
27888,27.3,4.7,78654
27889,34.5,10.1,78655
27890,29.6,10.2,78656
27891,29.2,9.8,78657
27892,-666666666.0,-222222222.0,78658
27893,51.0,-333333333.0,78659
27894,29.7,2.0,78660
27895,-666666666.0,-222222222.0,78661
27896,-666666666.0,-222222222.0,78662
27897,12.9,12.9,78663
27898,29.8,2.1,78664
27899,29.2,2.3,78665
27900,37.7,2.8,78666
27901,23.5,1.9,78669
27902,51.0,-333333333.0,78670
27903,-666666666.0,-222222222.0,78671
27904,-666666666.0,-222222222.0,78672
27905,-666666666.0,-222222222.0,78674
27906,-666666666.0,-222222222.0,78675
27907,32.7,11.0,78676
27908,-666666666.0,-222222222.0,78677
27909,27.4,3.7,78681
27910,21.9,2.7,78701
27911,29.6,2.5,78702
27912,24.4,3.1,78703
27913,25.8,1.1,78704
27914,51.0,-333333333.0,78705
27915,-666666666.0,-222222222.0,78712
27916,26.4,2.5,78717
27917,51.0,-333333333.0,78719
27918,30.7,4.1,78721
27919,28.8,2.2,78722
27920,28.4,2.7,78723
27921,34.2,3.6,78724
27922,24.5,4.0,78725
27923,34.3,3.5,78726
27924,24.9,1.8,78727
27925,30.7,2.0,78728
27926,28.4,2.0,78729
27927,22.8,2.3,78730
27928,29.9,2.6,78731
27929,43.4,18.9,78732
27930,15.0,18.2,78733
27931,28.1,6.6,78734
27932,24.7,1.8,78735
27933,28.7,3.6,78736
27934,29.1,10.0,78737
27935,34.9,8.7,78738
27936,20.2,2.2,78739
27937,29.8,1.9,78741
27938,51.0,-333333333.0,78742
27939,30.6,2.2,78744
27940,28.4,1.8,78745
27941,28.4,2.6,78746
27942,28.4,4.9,78747
27943,28.4,3.6,78748
27944,29.7,3.5,78749
27945,29.3,3.3,78750
27946,29.2,1.5,78751
27947,30.1,3.6,78752
27948,34.5,2.8,78753
27949,34.4,7.4,78754
27950,28.2,4.4,78756
27951,27.6,2.7,78757
27952,29.5,2.1,78758
27953,27.8,1.5,78759
27954,26.4,3.5,78801
27955,-666666666.0,-222222222.0,78802
27956,28.7,11.1,78827
27957,-666666666.0,-222222222.0,78828
27958,-666666666.0,-222222222.0,78829
27959,22.9,38.3,78830
27960,19.6,13.1,78832
27961,38.4,31.3,78833
27962,27.3,10.8,78834
27963,-666666666.0,-222222222.0,78836
27964,-666666666.0,-222222222.0,78837
27965,-666666666.0,-222222222.0,78838
27966,24.6,5.0,78839
27967,26.4,3.8,78840
27968,-666666666.0,-222222222.0,78841
27969,-666666666.0,-222222222.0,78842
27970,-666666666.0,-222222222.0,78843
27971,51.0,-333333333.0,78850
27972,-666666666.0,-222222222.0,78851
27973,28.3,4.3,78852
27974,-666666666.0,-222222222.0,78860
27975,32.4,4.2,78861
27976,51.0,-333333333.0,78870
27977,-666666666.0,-222222222.0,78871
27978,47.8,27.7,78872
27979,-666666666.0,-222222222.0,78873
27980,-666666666.0,-222222222.0,78877
27981,-666666666.0,-222222222.0,78879
27982,17.7,3.6,78880
27983,28.8,6.4,78881
27984,-666666666.0,-222222222.0,78883
27985,17.4,7.2,78884
27986,-666666666.0,-222222222.0,78885
27987,-666666666.0,-222222222.0,78886
27988,-666666666.0,-222222222.0,78931
27989,51.0,-333333333.0,78932
27990,21.7,13.8,78933
27991,27.5,2.4,78934
27992,-666666666.0,-222222222.0,78935
27993,19.0,9.5,78938
27994,11.5,9.5,78940
27995,17.6,1.8,78941
27996,32.6,13.2,78942
27997,-666666666.0,-222222222.0,78943
27998,51.0,-333333333.0,78944
27999,28.1,10.5,78945
28000,-666666666.0,-222222222.0,78946
28001,31.5,18.8,78947
28002,-666666666.0,-222222222.0,78948
28003,-666666666.0,-222222222.0,78949
28004,21.3,8.4,78950
28005,-666666666.0,-222222222.0,78951
28006,-666666666.0,-222222222.0,78953
28007,51.0,-333333333.0,78954
28008,24.0,8.0,78956
28009,22.6,6.1,78957
28010,27.8,16.6,78959
28011,26.7,4.8,78962
28012,-666666666.0,-222222222.0,78963
28013,37.5,18.1,79001
28014,-666666666.0,-222222222.0,79002
28015,-666666666.0,-222222222.0,79003
28016,15.5,3.4,79005
28017,25.6,6.1,79007
28018,-666666666.0,-222222222.0,79008
28019,12.5,1.8,79009
28020,-666666666.0,-222222222.0,79010
28021,-666666666.0,-222222222.0,79011
28022,-666666666.0,-222222222.0,79012
28023,23.6,3.7,79013
28024,29.6,7.1,79014
28025,27.7,8.1,79015
28026,-666666666.0,-222222222.0,79016
28027,19.2,50.8,79018
28028,18.0,12.7,79019
28029,12.5,20.6,79021
28030,19.6,11.2,79022
28031,18.7,2.7,79024
28032,-666666666.0,-222222222.0,79025
28033,19.9,19.3,79027
28034,20.9,4.6,79029
28035,35.4,5.4,79031
28036,-666666666.0,-222222222.0,79032
28037,-666666666.0,-222222222.0,79033
28038,-666666666.0,-222222222.0,79034
28039,21.2,3.9,79035
28040,23.3,16.3,79036
28041,22.9,5.7,79039
28042,19.0,4.9,79040
28043,24.0,17.6,79041
28044,29.9,26.2,79042
28045,22.5,2.0,79043
28046,42.1,14.2,79044
28047,23.9,4.5,79045
28048,-666666666.0,-222222222.0,79046
28049,-666666666.0,-222222222.0,79051
28050,17.7,5.8,79052
28051,-666666666.0,-222222222.0,79053
28052,38.8,52.3,79054
28053,-666666666.0,-222222222.0,79056
28054,25.4,16.0,79057
28055,-666666666.0,-222222222.0,79058
28056,12.2,11.3,79059
28057,-666666666.0,-222222222.0,79061
28058,37.5,49.2,79062
28059,-666666666.0,-222222222.0,79063
28060,23.4,13.4,79064
28061,30.2,4.4,79065
28062,-666666666.0,-222222222.0,79066
28063,23.3,1.6,79068
28064,30.2,23.8,79070
28065,29.2,4.3,79072
28066,-666666666.0,-222222222.0,79073
28067,-666666666.0,-222222222.0,79078
28068,42.8,6.3,79079
28069,21.3,38.4,79080
28070,45.0,21.6,79081
28071,9.0,-333333333.0,79082
28072,27.5,16.5,79083
28073,17.1,1.9,79084
28074,-666666666.0,-222222222.0,79085
28075,32.7,6.5,79086
28076,22.6,5.4,79087
28077,29.6,10.3,79088
28078,-666666666.0,-222222222.0,79091
28079,25.5,18.5,79092
28080,-666666666.0,-222222222.0,79093
28081,-666666666.0,-222222222.0,79094
28082,13.5,3.9,79095
28083,21.7,5.5,79096
28084,11.3,18.1,79097
28085,35.5,14.6,79098
28086,34.0,11.0,79101
28087,25.8,5.0,79102
28088,27.6,5.0,79103
28089,33.9,11.3,79104
28090,26.6,2.6,79106
28091,35.2,3.4,79107
28092,29.6,11.1,79108
28093,31.5,1.6,79109
28094,24.8,3.6,79110
28095,23.5,4.5,79111
28096,25.4,4.0,79118
28097,19.8,2.4,79119
28098,33.2,30.0,79121
28099,41.5,34.5,79124
28100,32.0,15.2,79201
28101,-666666666.0,-222222222.0,79220
28102,-666666666.0,-222222222.0,79223
28103,22.2,3.2,79225
28104,22.0,4.2,79226
28105,20.6,10.8,79227
28106,-666666666.0,-222222222.0,79229
28107,-666666666.0,-222222222.0,79230
28108,-666666666.0,-222222222.0,79231
28109,-666666666.0,-222222222.0,79233
28110,-666666666.0,-222222222.0,79234
28111,20.6,14.8,79235
28112,-666666666.0,-222222222.0,79236
28113,15.4,6.0,79237
28114,-666666666.0,-222222222.0,79239
28115,-666666666.0,-222222222.0,79240
28116,25.5,11.8,79241
28117,-666666666.0,-222222222.0,79243
28118,16.9,11.2,79244
28119,24.3,6.6,79245
28120,-666666666.0,-222222222.0,79247
28121,17.3,6.5,79248
28122,27.7,2.0,79250
28123,-666666666.0,-222222222.0,79251
28124,25.4,9.8,79252
28125,22.5,40.0,79255
28126,21.7,4.4,79256
28127,9.0,-333333333.0,79257
28128,-666666666.0,-222222222.0,79258
28129,-666666666.0,-222222222.0,79259
28130,17.4,5.9,79261
28131,26.3,4.0,79311
28132,13.8,6.1,79312
28133,21.5,2.6,79313
28134,-666666666.0,-222222222.0,79314
28135,32.8,10.5,79316
28136,24.4,11.2,79322
28137,23.1,6.1,79323
28138,-666666666.0,-222222222.0,79324
28139,35.6,14.9,79325
28140,-666666666.0,-222222222.0,79326
28141,29.2,27.2,79329
28142,-666666666.0,-222222222.0,79330
28143,29.6,13.8,79331
28144,26.3,5.9,79336
28145,27.9,12.9,79339
28146,-666666666.0,-222222222.0,79342
28147,39.2,28.0,79343
28148,-666666666.0,-222222222.0,79344
28149,16.9,9.6,79345
28150,22.6,2.1,79346
28151,24.6,12.5,79347
28152,-666666666.0,-222222222.0,79350
28153,13.3,9.3,79351
28154,-666666666.0,-222222222.0,79353
28155,14.2,4.9,79355
28156,19.4,8.7,79356
28157,25.0,8.4,79357
28158,27.5,73.3,79358
28159,23.1,11.7,79359
28160,23.4,14.0,79360
28161,23.2,2.9,79363
28162,23.9,10.3,79364
28163,-666666666.0,-222222222.0,79366
28164,18.6,52.6,79367
28165,-666666666.0,-222222222.0,79369
28166,32.8,11.6,79370
28167,14.0,3.4,79371
28168,17.5,14.9,79372
28169,30.7,20.1,79373
28170,-666666666.0,-222222222.0,79376
28171,20.0,10.8,79377
28172,-666666666.0,-222222222.0,79378
28173,27.5,26.1,79379
28174,-666666666.0,-222222222.0,79380
28175,11.8,9.5,79381
28176,25.7,10.7,79382
28177,-666666666.0,-222222222.0,79383
28178,40.8,11.3,79401
28179,-666666666.0,-222222222.0,79402
28180,31.0,3.9,79403
28181,36.9,7.0,79404
28182,-666666666.0,-222222222.0,79406
28183,32.9,3.5,79407
28184,36.8,6.4,79410
28185,41.2,7.6,79411
28186,32.3,3.7,79412
28187,35.9,5.3,79413
28188,30.2,2.5,79414
28189,36.7,7.9,79415
28190,30.1,3.8,79416
28191,27.0,3.7,79423
28192,31.8,2.5,79424
28193,26.1,14.5,79501
28194,18.6,9.6,79502
28195,-666666666.0,-222222222.0,79503
28196,18.6,10.8,79504
28197,17.0,1.0,79505
28198,9.0,-333333333.0,79506
28199,51.0,-333333333.0,79508
28200,30.8,13.5,79510
28201,24.0,9.7,79511
28202,19.6,9.5,79512
28203,-666666666.0,-222222222.0,79517
28204,-666666666.0,-222222222.0,79518
28205,-666666666.0,-222222222.0,79519
28206,25.3,6.6,79520
28207,21.4,8.8,79521
28208,24.7,16.3,79525
28209,19.7,15.3,79526
28210,-666666666.0,-222222222.0,79527
28211,13.9,18.8,79528
28212,22.3,8.6,79529
28213,21.7,7.6,79530
28214,35.9,5.4,79532
28215,19.3,27.6,79533
28216,-666666666.0,-222222222.0,79534
28217,-666666666.0,-222222222.0,79535
28218,25.3,14.1,79536
28219,-666666666.0,-222222222.0,79537
28220,-666666666.0,-222222222.0,79538
28221,15.0,45.5,79539
28222,-666666666.0,-222222222.0,79540
28223,-666666666.0,-222222222.0,79541
28224,14.9,11.2,79543
28225,40.0,14.9,79544
28226,31.3,11.9,79545
28227,20.4,4.6,79546
28228,51.0,-333333333.0,79547
28229,-666666666.0,-222222222.0,79548
28230,21.7,3.7,79549
28231,42.3,41.2,79553
28232,28.6,2.4,79556
28233,-666666666.0,-222222222.0,79560
28234,15.2,3.6,79561
28235,24.0,6.7,79562
28236,25.3,7.8,79563
28237,-666666666.0,-222222222.0,79565
28238,-666666666.0,-222222222.0,79566
28239,23.7,11.9,79567
28240,33.9,5.2,79601
28241,29.1,4.0,79602
28242,32.6,2.8,79603
28243,32.7,3.2,79605
28244,29.1,2.8,79606
28245,29.2,1.8,79607
28246,-666666666.0,-222222222.0,79699
28247,36.1,7.6,79701
28248,25.5,8.6,79703
28249,25.1,4.5,79705
28250,25.9,5.3,79706
28251,34.7,4.4,79707
28252,-666666666.0,-222222222.0,79713
28253,22.0,6.2,79714
28254,31.4,4.5,79718
28255,-666666666.0,-222222222.0,79719
28256,30.6,2.8,79720
28257,-666666666.0,-222222222.0,79721
28258,-666666666.0,-222222222.0,79730
28259,16.3,19.9,79731
28260,9.0,-333333333.0,79733
28261,23.0,83.3,79734
28262,22.3,4.5,79735
28263,-666666666.0,-222222222.0,79738
28264,9.0,-333333333.0,79739
28265,-666666666.0,-222222222.0,79741
28266,51.0,-333333333.0,79742
28267,-666666666.0,-222222222.0,79743
28268,9.0,-333333333.0,79744
28269,28.4,8.3,79745
28270,-666666666.0,-222222222.0,79748
28271,-666666666.0,-222222222.0,79749
28272,36.4,37.5,79752
28273,-666666666.0,-222222222.0,79754
28274,-666666666.0,-222222222.0,79755
28275,25.9,9.1,79756
28276,35.4,32.8,79758
28277,-666666666.0,-222222222.0,79759
28278,28.4,6.9,79761
28279,33.5,4.0,79762
28280,26.6,5.3,79763
28281,23.8,13.7,79764
28282,34.4,5.3,79765
28283,20.6,8.9,79766
28284,-666666666.0,-222222222.0,79769
28285,-666666666.0,-222222222.0,79770
28286,31.2,3.6,79772
28287,-666666666.0,-222222222.0,79776
28288,-666666666.0,-222222222.0,79777
28289,21.3,10.9,79778
28290,-666666666.0,-222222222.0,79780
28291,-666666666.0,-222222222.0,79781
28292,27.5,11.6,79782
28293,-666666666.0,-222222222.0,79783
28294,-666666666.0,-222222222.0,79785
28295,14.5,22.1,79788
28296,38.5,18.3,79789
28297,27.8,5.3,79821
28298,30.9,8.8,79830
28299,-666666666.0,-222222222.0,79832
28300,21.0,5.1,79834
28301,31.3,7.2,79835
28302,37.7,8.3,79836
28303,-666666666.0,-222222222.0,79837
28304,27.1,12.7,79838
28305,22.3,0.4,79839
28306,-666666666.0,-222222222.0,79842
28307,32.6,3.1,79843
28308,19.2,5.7,79845
28309,-666666666.0,-222222222.0,79846
28310,-666666666.0,-222222222.0,79847
28311,-666666666.0,-222222222.0,79848
28312,23.9,3.4,79849
28313,17.0,20.5,79851
28314,9.0,-333333333.0,79852
28315,-666666666.0,-222222222.0,79853
28316,-666666666.0,-222222222.0,79854
28317,13.1,1.1,79855
28318,34.7,3.2,79901
28319,31.7,5.2,79902
28320,38.7,3.2,79903
28321,35.1,3.3,79904
28322,36.2,6.0,79905
28323,32.2,4.2,79906
28324,32.6,1.6,79907
28325,39.2,6.3,79908
28326,24.4,4.2,79911
28327,30.5,2.4,79912
28328,35.2,2.8,79915
28329,-666666666.0,-222222222.0,79916
28330,-666666666.0,-222222222.0,79918
28331,-666666666.0,-222222222.0,79920
28332,17.3,2.2,79922
28333,30.1,2.6,79924
28334,28.3,4.6,79925
28335,35.2,6.6,79927
28336,38.0,7.1,79928
28337,31.9,9.3,79930
28338,31.4,5.0,79932
28339,33.1,5.3,79934
28340,26.0,2.6,79935
28341,30.8,2.6,79936
28342,32.7,2.9,79938
28343,30.4,2.7,80002
28344,34.6,5.5,80003
28345,32.2,2.4,80004
28346,27.3,3.6,80005
28347,51.0,-333333333.0,80007
28348,35.6,3.0,80010
28349,36.0,3.4,80011
28350,36.0,2.3,80012
28351,34.6,2.6,80013
28352,37.2,3.8,80014
28353,33.3,2.0,80015
28354,30.3,2.5,80016
28355,35.0,3.3,80017
28356,24.8,8.2,80018
28357,32.0,9.9,80019
28358,29.7,1.7,80020
28359,27.7,1.0,80021
28360,33.4,4.1,80022
28361,25.9,2.5,80023
28362,-666666666.0,-222222222.0,80024
28363,-666666666.0,-222222222.0,80025
28364,32.1,3.3,80026
28365,24.8,2.7,80027
28366,31.4,1.8,80030
28367,30.0,2.0,80031
28368,30.2,2.8,80033
28369,46.2,6.3,80045
28370,39.2,49.1,80101
28371,21.0,5.8,80102
28372,38.7,11.7,80103
28373,37.0,7.8,80104
28374,33.6,11.1,80105
28375,26.3,22.4,80106
28376,19.4,8.8,80107
28377,37.1,4.8,80108
28378,36.1,4.2,80109
28379,31.4,2.1,80110
28380,30.0,1.9,80111
28381,29.2,1.9,80112
28382,31.6,2.8,80113
28383,46.7,30.7,80116
28384,38.6,20.9,80117
28385,27.9,19.6,80118
28386,35.8,3.1,80120
28387,34.8,13.7,80121
28388,28.6,3.2,80122
28389,35.8,4.6,80123
28390,25.0,2.0,80124
28391,14.3,8.4,80125
28392,32.5,3.7,80126
28393,31.0,2.6,80127
28394,28.3,2.7,80128
28395,29.2,3.7,80129
28396,27.1,3.2,80130
28397,-666666666.0,-222222222.0,80131
28398,27.3,8.7,80132
28399,22.3,3.2,80133
28400,29.4,2.2,80134
28401,26.4,7.3,80135
28402,51.0,-333333333.0,80136
28403,-666666666.0,-222222222.0,80137
28404,34.8,3.1,80138
28405,26.3,2.0,80202
28406,28.3,1.1,80203
28407,29.2,1.6,80204
28408,27.5,1.7,80205
28409,26.2,1.9,80206
28410,30.2,3.6,80207
28411,24.7,1.6,80209
28412,29.3,2.0,80210
28413,25.2,1.6,80211
28414,27.3,1.9,80212
28415,32.6,2.2,80214
28416,36.3,3.7,80215
28417,29.0,2.4,80216
28418,27.1,1.3,80218
28419,30.5,2.5,80219
28420,31.7,2.7,80220
28421,33.5,3.7,80221
28422,31.2,4.0,80222
28423,32.0,2.3,80223
28424,32.1,2.2,80224
28425,32.6,4.0,80226
28426,33.6,4.0,80227
28427,29.4,1.8,80228
28428,34.4,3.9,80229
28429,30.9,6.9,80230
28430,33.4,2.9,80231
28431,31.8,2.5,80232
28432,34.1,2.4,80233
28433,32.3,2.3,80234
28434,37.7,5.8,80235
28435,29.4,2.1,80236
28436,32.0,3.7,80237
28437,30.5,2.9,80238
28438,29.2,2.0,80239
28439,37.7,5.9,80241
28440,31.4,1.9,80246
28441,34.1,2.2,80247
28442,36.1,3.5,80249
28443,36.5,6.9,80260
28444,-666666666.0,-222222222.0,80264
28445,-666666666.0,-222222222.0,80266
28446,27.6,4.7,80290
28447,-666666666.0,-222222222.0,80293
28448,-666666666.0,-222222222.0,80294
28449,28.8,2.2,80301
28450,51.0,-333333333.0,80302
28451,51.0,-333333333.0,80303
28452,31.7,2.6,80304
28453,38.6,7.3,80305
28454,-666666666.0,-222222222.0,80310
28455,31.1,3.5,80401
28456,29.6,7.6,80403
28457,-666666666.0,-222222222.0,80419
28458,31.7,37.3,80420
28459,24.0,3.7,80421
28460,22.9,5.6,80422
28461,-666666666.0,-222222222.0,80423
28462,31.4,5.8,80424
28463,-666666666.0,-222222222.0,80425
28464,-666666666.0,-222222222.0,80426
28465,32.4,15.4,80427
28466,-666666666.0,-222222222.0,80428
28467,-666666666.0,-222222222.0,80430
28468,-666666666.0,-222222222.0,80432
28469,31.4,28.2,80433
28470,-666666666.0,-222222222.0,80434
28471,29.6,22.4,80435
28472,-666666666.0,-222222222.0,80436
28473,25.0,13.4,80438
28474,29.1,6.6,80439
28475,27.8,1.1,80440
28476,23.3,8.5,80442
28477,21.0,7.1,80443
28478,51.0,-333333333.0,80444
28479,23.3,5.6,80446
28480,38.2,12.6,80447
28481,-666666666.0,-222222222.0,80448
28482,-666666666.0,-222222222.0,80449
28483,14.7,22.5,80451
28484,19.5,18.8,80452
28485,-666666666.0,-222222222.0,80453
28486,-666666666.0,-222222222.0,80454
28487,51.0,-333333333.0,80455
28488,-666666666.0,-222222222.0,80456
28489,-666666666.0,-222222222.0,80457
28490,27.5,7.5,80459
28491,34.5,9.4,80461
28492,-666666666.0,-222222222.0,80463
28493,32.3,7.1,80465
28494,27.4,9.3,80466
28495,28.8,10.6,80467
28496,51.0,-333333333.0,80468
28497,-666666666.0,-222222222.0,80469
28498,24.2,20.4,80470
28499,-666666666.0,-222222222.0,80471
28500,-666666666.0,-222222222.0,80473
28501,-666666666.0,-222222222.0,80474
28502,-666666666.0,-222222222.0,80475
28503,23.3,3.3,80476
28504,-666666666.0,-222222222.0,80478
28505,-666666666.0,-222222222.0,80479
28506,47.9,38.0,80480
28507,-666666666.0,-222222222.0,80481
28508,24.3,3.5,80482
28509,9.0,-333333333.0,80483
28510,35.1,4.6,80487
28511,36.6,7.7,80498
28512,33.9,1.6,80501
28513,34.6,2.4,80503
28514,30.0,2.3,80504
28515,30.5,3.4,80510
28516,38.5,33.3,80512
28517,23.4,2.3,80513
28518,29.5,19.1,80514
28519,-666666666.0,-222222222.0,80515
28520,27.6,3.7,80516
28521,31.5,6.0,80517
28522,-666666666.0,-222222222.0,80520
28523,40.1,6.1,80521
28524,32.2,3.2,80524
28525,32.8,1.7,80525
28526,33.8,2.6,80526
28527,28.2,1.8,80528
28528,31.9,3.3,80530
28529,-666666666.0,-222222222.0,80532
28530,28.4,6.6,80534
28531,21.6,3.3,80535
28532,-666666666.0,-222222222.0,80536
28533,30.5,2.4,80537
28534,32.6,2.6,80538
28535,32.0,2.3,80540
28536,-666666666.0,-222222222.0,80542
28537,31.1,13.3,80543
28538,-666666666.0,-222222222.0,80544
28539,-666666666.0,-222222222.0,80545
28540,-666666666.0,-222222222.0,80546
28541,29.7,9.3,80547
28542,31.4,22.1,80549
28543,33.4,2.5,80550
28544,31.6,1.8,80601
28545,30.6,6.2,80602
28546,27.6,4.6,80603
28547,23.0,8.6,80610
28548,11.7,40.0,80611
28549,-666666666.0,-222222222.0,80612
28550,37.2,7.3,80615
28551,31.1,7.6,80620
28552,35.1,5.7,80621
28553,-666666666.0,-222222222.0,80622
28554,33.5,40.3,80623
28555,-666666666.0,-222222222.0,80624
28556,34.6,2.6,80631
28557,36.6,3.5,80634
28558,28.2,2.0,80640
28559,23.3,14.5,80642
28560,15.4,11.1,80643
28561,30.4,16.8,80644
28562,22.7,3.9,80645
28563,-666666666.0,-222222222.0,80646
28564,44.6,1.6,80648
28565,33.8,44.7,80649
28566,31.1,18.6,80650
28567,36.4,17.8,80651
28568,-666666666.0,-222222222.0,80652
28569,21.9,25.3,80653
28570,17.2,9.3,80654
28571,31.0,7.6,80701
28572,37.3,8.8,80705
28573,23.9,5.9,80720
28574,-666666666.0,-222222222.0,80721
28575,-666666666.0,-222222222.0,80722
28576,33.6,26.7,80723
28577,28.3,1.5,80726
28578,30.4,11.9,80727
28579,24.3,13.5,80728
28580,51.0,-333333333.0,80729
28581,31.2,4.4,80731
28582,-666666666.0,-222222222.0,80732
28583,46.7,26.8,80733
28584,27.3,1.9,80734
28585,9.0,-333333333.0,80735
28586,20.0,25.1,80736
28587,34.5,5.2,80737
28588,-666666666.0,-222222222.0,80740
28589,39.5,16.2,80741
28590,30.8,32.8,80742
28591,25.7,9.6,80743
28592,32.9,40.4,80744
28593,-666666666.0,-222222222.0,80745
28594,-666666666.0,-222222222.0,80746
28595,43.3,54.2,80747
28596,9.0,-333333333.0,80749
28597,-666666666.0,-222222222.0,80750
28598,30.0,2.9,80751
28599,-666666666.0,-222222222.0,80754
28600,-666666666.0,-222222222.0,80755
28601,12.5,11.5,80757
28602,35.0,14.7,80758
28603,30.8,24.9,80759
28604,-666666666.0,-222222222.0,80801
28605,47.1,11.1,80802
28606,29.1,6.3,80804
28607,37.5,39.4,80805
28608,26.0,6.1,80807
28609,25.4,4.9,80808
28610,44.2,16.7,80809
28611,20.0,40.1,80810
28612,9.0,-333333333.0,80812
28613,34.2,10.7,80813
28614,24.9,23.1,80814
28615,22.5,18.6,80815
28616,24.0,7.4,80816
28617,37.7,2.9,80817
28618,22.7,0.6,80818
28619,20.1,25.9,80819
28620,-666666666.0,-222222222.0,80820
28621,19.5,5.7,80821
28622,18.6,55.2,80822
28623,33.5,13.3,80823
28624,-666666666.0,-222222222.0,80824
28625,20.3,7.4,80825
28626,-666666666.0,-222222222.0,80826
28627,-666666666.0,-222222222.0,80827
28628,25.8,11.6,80828
28629,42.2,13.2,80829
28630,-666666666.0,-222222222.0,80830
28631,24.7,7.2,80831
28632,51.0,-333333333.0,80832
28633,14.7,34.5,80833
28634,16.0,18.3,80834
28635,31.1,9.0,80835
28636,40.3,12.2,80836
28637,34.8,12.7,80840
28638,25.8,11.1,80860
28639,18.4,41.1,80861
28640,-666666666.0,-222222222.0,80862
28641,39.4,8.7,80863
28642,26.6,7.5,80864
28643,36.5,2.9,80902
28644,32.5,2.3,80903
28645,36.0,2.6,80904
28646,31.7,2.2,80905
28647,34.2,3.8,80906
28648,32.1,2.5,80907
28649,35.5,20.8,80908
28650,35.1,3.2,80909
28651,31.4,2.5,80910
28652,32.6,3.0,80911
28653,-666666666.0,-222222222.0,80913
28654,-666666666.0,-222222222.0,80914
28655,32.9,3.1,80915
28656,33.3,3.2,80916
28657,34.3,3.9,80917
28658,30.6,3.2,80918
28659,29.7,2.9,80919
28660,27.9,1.8,80920
28661,33.0,4.1,80921
28662,29.1,2.7,80922
28663,30.5,2.8,80923
28664,33.1,4.5,80924
28665,28.2,11.7,80925
28666,28.4,52.9,80926
28667,40.8,32.3,80927
28668,51.0,-333333333.0,80928
28669,-666666666.0,-222222222.0,80929
28670,51.0,-333333333.0,80930
28671,-666666666.0,-222222222.0,80938
28672,-666666666.0,-222222222.0,80939
28673,22.1,7.1,80951
28674,32.8,3.6,81001
28675,27.5,1.5,81003
28676,28.5,2.2,81004
28677,36.8,1.5,81005
28678,35.9,8.6,81006
28679,28.9,6.0,81007
28680,37.2,3.5,81008
28681,33.1,35.3,81019
28682,24.7,24.6,81020
28683,-666666666.0,-222222222.0,81021
28684,51.0,-333333333.0,81022
28685,28.5,37.9,81023
28686,-666666666.0,-222222222.0,81024
28687,15.3,16.6,81025
28688,18.1,3.1,81027
28689,15.5,3.9,81029
28690,19.1,18.8,81030
28691,45.0,46.8,81033
28692,20.0,11.6,81036
28693,27.8,5.5,81039
28694,-666666666.0,-222222222.0,81040
28695,20.0,11.1,81041
28696,-666666666.0,-222222222.0,81043
28697,24.4,36.3,81044
28698,9.0,-333333333.0,81045
28699,-666666666.0,-222222222.0,81046
28700,30.9,11.2,81047
28701,-666666666.0,-222222222.0,81049
28702,27.4,6.9,81050
28703,33.8,3.5,81052
28704,35.7,4.9,81054
28705,28.2,4.2,81055
28706,35.8,30.4,81057
28707,27.4,2.1,81058
28708,-666666666.0,-222222222.0,81059
28709,22.5,20.8,81062
28710,35.3,11.2,81063
28711,43.1,35.1,81064
28712,30.2,2.7,81067
28713,51.0,-333333333.0,81069
28714,17.5,12.3,81071
28715,32.1,13.5,81073
28716,20.6,9.9,81076
28717,-666666666.0,-222222222.0,81077
28718,-666666666.0,-222222222.0,81081
28719,30.7,3.5,81082
28720,-666666666.0,-222222222.0,81084
28721,21.4,22.1,81087
28722,36.5,11.7,81089
28723,26.6,9.3,81090
28724,51.0,-333333333.0,81091
28725,20.0,6.3,81092
28726,25.4,2.8,81101
28727,22.8,19.4,81120
28728,-666666666.0,-222222222.0,81121
28729,25.7,7.3,81122
28730,19.4,20.3,81123
28731,-666666666.0,-222222222.0,81124
28732,16.8,10.2,81125
28733,-666666666.0,-222222222.0,81126
28734,-666666666.0,-222222222.0,81128
28735,-666666666.0,-222222222.0,81129
28736,31.8,9.2,81130
28737,51.0,-333333333.0,81131
28738,24.1,6.6,81132
28739,50.0,42.3,81133
28740,18.8,4.3,81136
28741,30.5,8.6,81137
28742,-666666666.0,-222222222.0,81138
28743,24.1,10.6,81140
28744,33.9,5.2,81141
28745,51.0,-333333333.0,81143
28746,24.8,17.0,81144
28747,13.1,22.8,81146
28748,28.8,8.2,81147
28749,16.3,4.5,81148
28750,36.1,24.8,81149
28751,28.9,21.8,81151
28752,28.6,15.8,81152
28753,14.6,16.9,81154
28754,24.9,9.2,81155
28755,34.4,4.5,81201
28756,-666666666.0,-222222222.0,81210
28757,32.9,20.5,81211
28758,27.2,5.0,81212
28759,-666666666.0,-222222222.0,81220
28760,48.8,33.9,81221
28761,-666666666.0,-222222222.0,81222
28762,44.0,8.7,81223
28763,32.3,4.9,81224
28764,18.0,31.1,81225
28765,27.7,4.8,81226
28766,-666666666.0,-222222222.0,81227
28767,-666666666.0,-222222222.0,81228
28768,36.8,11.1,81230
28769,-666666666.0,-222222222.0,81232
28770,9.0,-333333333.0,81233
28771,22.6,0.3,81235
28772,-666666666.0,-222222222.0,81236
28773,-666666666.0,-222222222.0,81237
28774,-666666666.0,-222222222.0,81239
28775,23.2,38.7,81240
28776,-666666666.0,-222222222.0,81241
28777,30.2,22.3,81242
28778,-666666666.0,-222222222.0,81243
28779,47.5,17.8,81244
28780,-666666666.0,-222222222.0,81248
28781,-666666666.0,-222222222.0,81251
28782,33.4,10.4,81252
28783,-666666666.0,-222222222.0,81253
28784,32.0,3.6,81301
28785,38.4,10.0,81303
28786,-666666666.0,-222222222.0,81320
28787,38.3,7.3,81321
28788,30.9,3.2,81323
28789,17.3,12.4,81324
28790,-666666666.0,-222222222.0,81325
28791,23.7,17.5,81326
28792,-666666666.0,-222222222.0,81327
28793,32.9,9.2,81328
28794,-666666666.0,-222222222.0,81330
28795,-666666666.0,-222222222.0,81331
28796,19.3,43.7,81332
28797,18.1,14.8,81334
28798,-666666666.0,-222222222.0,81335
28799,30.7,3.1,81401
28800,29.2,14.9,81403
28801,51.0,-333333333.0,81410
28802,-666666666.0,-222222222.0,81411
28803,39.1,4.8,81413
28804,26.0,2.7,81415
28805,32.3,3.2,81416
28806,51.0,-333333333.0,81418
28807,42.9,9.5,81419
28808,51.0,-333333333.0,81422
28809,27.3,17.0,81423
28810,23.4,33.6,81424
28811,30.0,15.9,81425
28812,-666666666.0,-222222222.0,81426
28813,25.6,23.0,81427
28814,17.1,15.7,81428
28815,-666666666.0,-222222222.0,81429
28816,51.0,-333333333.0,81430
28817,-666666666.0,-222222222.0,81431
28818,29.1,12.0,81432
28819,24.8,22.9,81433
28820,-666666666.0,-222222222.0,81434
28821,34.5,14.1,81435
28822,30.1,2.7,81501
28823,24.7,3.4,81503
28824,30.3,9.1,81504
28825,30.5,4.9,81505
28826,29.8,3.0,81506
28827,34.6,17.2,81507
28828,32.1,4.2,81520
28829,27.0,5.6,81521
28830,-666666666.0,-222222222.0,81522
28831,-666666666.0,-222222222.0,81523
28832,13.0,1.3,81524
28833,21.9,3.6,81525
28834,36.0,6.7,81526
28835,15.8,4.9,81527
28836,30.4,4.2,81601
28837,23.8,31.3,81610
28838,38.3,8.5,81611
28839,-666666666.0,-222222222.0,81612
28840,27.0,1.8,81615
28841,43.3,8.7,81620
28842,24.7,9.3,81621
28843,30.4,5.0,81623
28844,33.3,18.5,81624
28845,23.6,2.2,81625
28846,25.3,15.4,81630
28847,34.2,22.2,81631
28848,44.2,10.9,81632
28849,-666666666.0,-222222222.0,81633
28850,19.9,5.8,81635
28851,36.5,12.3,81637
28852,-666666666.0,-222222222.0,81638
28853,26.6,7.4,81639
28854,-666666666.0,-222222222.0,81640
28855,27.3,2.8,81641
28856,-666666666.0,-222222222.0,81642
28857,-666666666.0,-222222222.0,81643
28858,40.6,15.5,81645
28859,-666666666.0,-222222222.0,81646
28860,31.8,1.8,81647
28861,24.2,5.2,81648
28862,33.3,11.1,81649
28863,26.4,4.3,81650
28864,32.5,25.1,81652
28865,-666666666.0,-222222222.0,81653
28866,48.8,28.1,81654
28867,-666666666.0,-222222222.0,81655
28868,-666666666.0,-222222222.0,81656
28869,29.3,7.4,81657
28870,27.7,2.6,82001
28871,-666666666.0,-222222222.0,82005
28872,29.7,3.1,82007
28873,30.0,4.1,82009
28874,-666666666.0,-222222222.0,82050
28875,-666666666.0,-222222222.0,82051
28876,-666666666.0,-222222222.0,82052
28877,27.1,34.8,82053
28878,-666666666.0,-222222222.0,82054
28879,-666666666.0,-222222222.0,82055
28880,-666666666.0,-222222222.0,82058
28881,-666666666.0,-222222222.0,82059
28882,-666666666.0,-222222222.0,82060
28883,-666666666.0,-222222222.0,82061
28884,-666666666.0,-222222222.0,82063
28885,30.8,3.5,82070
28886,31.0,6.3,82072
28887,-666666666.0,-222222222.0,82073
28888,-666666666.0,-222222222.0,82081
28889,28.3,10.6,82082
28890,9.0,-333333333.0,82083
28891,-666666666.0,-222222222.0,82084
28892,-666666666.0,-222222222.0,82190
28893,19.0,8.6,82201
28894,26.7,38.2,82210
28895,20.6,4.5,82212
28896,28.6,13.6,82213
28897,16.5,7.2,82214
28898,15.7,7.5,82215
28899,-666666666.0,-222222222.0,82217
28900,-666666666.0,-222222222.0,82218
28901,-666666666.0,-222222222.0,82219
28902,13.7,16.8,82221
28903,-666666666.0,-222222222.0,82222
28904,25.1,3.9,82223
28905,-666666666.0,-222222222.0,82224
28906,14.7,12.0,82225
28907,9.0,-333333333.0,82227
28908,-666666666.0,-222222222.0,82229
28909,30.6,5.2,82240
28910,-666666666.0,-222222222.0,82242
28911,-666666666.0,-222222222.0,82243
28912,33.3,21.0,82244
28913,23.9,4.8,82301
28914,-666666666.0,-222222222.0,82310
28915,27.9,14.1,82321
28916,9.0,-333333333.0,82322
28917,-666666666.0,-222222222.0,82323
28918,-666666666.0,-222222222.0,82324
28919,26.8,7.3,82325
28920,-666666666.0,-222222222.0,82327
28921,23.8,10.8,82329
28922,25.2,2.7,82331
28923,-666666666.0,-222222222.0,82332
28924,13.5,1.4,82334
28925,-666666666.0,-222222222.0,82335
28926,-666666666.0,-222222222.0,82336
28927,24.8,15.2,82401
28928,20.4,17.1,82410
28929,-666666666.0,-222222222.0,82411
28930,13.2,5.5,82412
28931,27.1,2.6,82414
28932,14.0,4.5,82420
28933,-666666666.0,-222222222.0,82421
28934,-666666666.0,-222222222.0,82422
28935,51.0,-333333333.0,82423
28936,27.6,3.9,82426
28937,-666666666.0,-222222222.0,82428
28938,-666666666.0,-222222222.0,82430
28939,31.2,7.8,82431
28940,9.0,-333333333.0,82432
28941,44.7,1.4,82433
28942,-666666666.0,-222222222.0,82434
28943,27.3,5.9,82435
28944,-666666666.0,-222222222.0,82440
28945,-666666666.0,-222222222.0,82441
28946,18.0,9.4,82442
28947,28.6,10.3,82443
28948,-666666666.0,-222222222.0,82450
28949,25.8,2.2,82501
28950,10.8,3.2,82510
28951,-666666666.0,-222222222.0,82512
28952,24.9,9.4,82513
28953,17.3,5.1,82514
28954,45.0,19.2,82515
28955,15.0,9.9,82516
28956,23.1,4.6,82520
28957,24.5,12.8,82523
28958,28.5,2.1,82601
28959,28.8,5.5,82604
28960,27.9,3.6,82609
28961,-666666666.0,-222222222.0,82620
28962,-666666666.0,-222222222.0,82630
28963,25.1,2.7,82633
28964,15.6,10.7,82635
28965,16.8,2.0,82636
28966,32.4,6.3,82637
28967,-666666666.0,-222222222.0,82638
28968,51.0,-333333333.0,82639
28969,-666666666.0,-222222222.0,82640
28970,-666666666.0,-222222222.0,82642
28971,9.0,-333333333.0,82643
28972,51.0,-333333333.0,82644
28973,-666666666.0,-222222222.0,82646
28974,-666666666.0,-222222222.0,82648
28975,12.9,8.1,82649
28976,9.0,-333333333.0,82701
28977,-666666666.0,-222222222.0,82710
28978,-666666666.0,-222222222.0,82711
28979,-666666666.0,-222222222.0,82712
28980,-666666666.0,-222222222.0,82714
28981,29.1,11.4,82716
28982,29.8,6.2,82718
28983,18.3,4.3,82720
28984,23.9,53.3,82721
28985,-666666666.0,-222222222.0,82723
28986,-666666666.0,-222222222.0,82725
28987,9.0,-333333333.0,82727
28988,19.4,11.5,82729
28989,31.5,1.4,82730
28990,-666666666.0,-222222222.0,82731
28991,51.0,-333333333.0,82732
28992,29.3,2.5,82801
28993,-666666666.0,-222222222.0,82831
28994,-666666666.0,-222222222.0,82832
28995,-666666666.0,-222222222.0,82833
28996,25.6,9.6,82834
28997,17.5,10.3,82835
28998,23.2,1.3,82836
28999,-666666666.0,-222222222.0,82837
29000,-666666666.0,-222222222.0,82838
29001,51.0,-333333333.0,82839
29002,-666666666.0,-222222222.0,82842
29003,-666666666.0,-222222222.0,82844
29004,-666666666.0,-222222222.0,82845
29005,26.7,3.2,82901
29006,-666666666.0,-222222222.0,82922
29007,-666666666.0,-222222222.0,82923
29008,-666666666.0,-222222222.0,82925
29009,-666666666.0,-222222222.0,82929
29010,21.7,2.3,82930
29011,16.6,29.2,82932
29012,-666666666.0,-222222222.0,82933
29013,-666666666.0,-222222222.0,82934
29014,25.4,4.5,82935
29015,-666666666.0,-222222222.0,82936
29016,20.2,5.8,82937
29017,-666666666.0,-222222222.0,82938
29018,40.6,15.5,82939
29019,32.1,3.1,82941
29020,-666666666.0,-222222222.0,82942
29021,-666666666.0,-222222222.0,82943
29022,-666666666.0,-222222222.0,82944
29023,-666666666.0,-222222222.0,82945
29024,23.0,4.7,83001
29025,-666666666.0,-222222222.0,83011
29026,-666666666.0,-222222222.0,83012
29027,12.0,3.0,83013
29028,18.6,4.7,83014
29029,9.0,-333333333.0,83025
29030,25.8,10.7,83101
29031,21.2,4.0,83110
29032,-666666666.0,-222222222.0,83111
29033,-666666666.0,-222222222.0,83112
29034,23.2,3.7,83113
29035,18.7,3.8,83114
29036,-666666666.0,-222222222.0,83115
29037,26.7,6.7,83116
29038,-666666666.0,-222222222.0,83118
29039,-666666666.0,-222222222.0,83119
29040,9.0,-333333333.0,83120
29041,-666666666.0,-222222222.0,83121
29042,-666666666.0,-222222222.0,83122
29043,-666666666.0,-222222222.0,83123
29044,-666666666.0,-222222222.0,83124
29045,-666666666.0,-222222222.0,83126
29046,29.8,25.3,83127
29047,22.7,2.1,83128
29048,31.0,3.8,83201
29049,26.8,5.1,83202
29050,-666666666.0,-222222222.0,83203
29051,27.5,2.7,83204
29052,41.4,20.5,83209
29053,20.8,7.2,83210
29054,18.6,4.3,83211
29055,-666666666.0,-222222222.0,83212
29056,27.8,10.5,83213
29057,-666666666.0,-222222222.0,83214
29058,-666666666.0,-222222222.0,83215
29059,18.0,6.2,83217
29060,18.7,2.8,83218
29061,-666666666.0,-222222222.0,83220
29062,27.1,2.1,83221
29063,-666666666.0,-222222222.0,83223
29064,18.5,7.0,83226
29065,-666666666.0,-222222222.0,83227
29066,22.5,9.2,83228
29067,-666666666.0,-222222222.0,83232
29068,-666666666.0,-222222222.0,83233
29069,51.0,-333333333.0,83234
29070,-666666666.0,-222222222.0,83235
29071,28.5,15.3,83236
29072,29.7,5.5,83237
29073,-666666666.0,-222222222.0,83238
29074,35.8,41.1,83239
29075,21.7,26.8,83241
29076,-666666666.0,-222222222.0,83243
29077,-666666666.0,-222222222.0,83244
29078,9.0,-333333333.0,83245
29079,45.0,57.3,83246
29080,28.2,6.5,83250
29081,33.4,14.9,83251
29082,35.9,17.4,83252
29083,-666666666.0,-222222222.0,83253
29084,30.8,2.6,83254
29085,25.4,35.8,83255
29086,18.2,14.0,83261
29087,17.5,40.3,83262
29088,18.8,5.2,83263
29089,14.3,48.3,83271
29090,-666666666.0,-222222222.0,83272
29091,28.5,8.9,83274
29092,23.5,14.1,83276
29093,-666666666.0,-222222222.0,83277
29094,-666666666.0,-222222222.0,83278
29095,-666666666.0,-222222222.0,83281
29096,-666666666.0,-222222222.0,83283
29097,-666666666.0,-222222222.0,83285
29098,30.7,11.4,83286
29099,-666666666.0,-222222222.0,83287
29100,31.3,1.9,83301
29101,-666666666.0,-222222222.0,83302
29102,27.4,1.3,83311
29103,-666666666.0,-222222222.0,83312
29104,23.2,7.1,83313
29105,16.3,8.9,83314
29106,22.5,3.3,83316
29107,29.4,2.9,83318
29108,21.7,2.6,83320
29109,23.5,9.5,83321
29110,-666666666.0,-222222222.0,83322
29111,24.2,4.5,83323
29112,16.0,3.1,83324
29113,13.9,8.7,83325
29114,31.0,17.0,83327
29115,36.5,3.2,83328
29116,36.6,5.0,83330
29117,19.2,8.5,83332
29118,24.7,4.8,83333
29119,21.9,4.2,83334
29120,22.4,1.7,83335
29121,20.7,10.2,83336
29122,-666666666.0,-222222222.0,83337
29123,23.7,2.7,83338
29124,23.9,4.7,83340
29125,27.6,18.9,83341
29126,22.8,3.5,83342
29127,37.6,7.2,83344
29128,22.5,1.9,83346
29129,14.4,2.5,83347
29130,-666666666.0,-222222222.0,83348
29131,36.0,23.6,83349
29132,28.2,4.4,83350
29133,23.7,6.7,83352
29134,9.0,-333333333.0,83353
29135,-666666666.0,-222222222.0,83354
29136,23.4,4.9,83355
29137,26.2,1.6,83401
29138,26.0,2.8,83402
29139,25.3,4.1,83404
29140,25.7,4.1,83406
29141,-666666666.0,-222222222.0,83414
29142,20.9,8.1,83420
29143,-666666666.0,-222222222.0,83421
29144,22.7,6.6,83422
29145,31.1,11.7,83423
29146,-666666666.0,-222222222.0,83424
29147,9.0,-333333333.0,83425
29148,24.9,11.6,83427
29149,-666666666.0,-222222222.0,83428
29150,-666666666.0,-222222222.0,83429
29151,20.9,9.3,83431
29152,-666666666.0,-222222222.0,83433
29153,21.6,8.2,83434
29154,18.2,2.6,83435
29155,47.5,50.7,83436
29156,-666666666.0,-222222222.0,83438
29157,29.9,3.0,83440
29158,25.2,4.0,83442
29159,23.0,14.4,83443
29160,18.1,4.5,83444
29161,23.0,11.8,83445
29162,-666666666.0,-222222222.0,83446
29163,22.9,5.3,83448
29164,-666666666.0,-222222222.0,83449
29165,20.3,12.5,83450
29166,19.6,10.8,83451
29167,31.3,21.9,83452
29168,-666666666.0,-222222222.0,83454
29169,23.3,4.0,83455
29170,-666666666.0,-222222222.0,83460
29171,-666666666.0,-222222222.0,83462
29172,-666666666.0,-222222222.0,83463
29173,-666666666.0,-222222222.0,83464
29174,-666666666.0,-222222222.0,83465
29175,-666666666.0,-222222222.0,83466
29176,34.8,5.7,83467
29177,17.2,0.8,83468
29178,-666666666.0,-222222222.0,83469
29179,27.8,2.5,83501
29180,-666666666.0,-222222222.0,83520
29181,17.4,2.6,83522
29182,19.4,3.3,83523
29183,24.4,11.7,83524
29184,-666666666.0,-222222222.0,83525
29185,12.5,8.1,83526
29186,27.8,2.7,83530
29187,-666666666.0,-222222222.0,83533
29188,24.2,7.2,83535
29189,24.1,3.6,83536
29190,17.2,4.6,83537
29191,15.8,3.1,83539
29192,30.2,7.4,83540
29193,24.2,39.5,83541
29194,-666666666.0,-222222222.0,83542
29195,28.9,5.0,83543
29196,29.8,5.2,83544
29197,27.5,24.5,83545
29198,-666666666.0,-222222222.0,83546
29199,-666666666.0,-222222222.0,83547
29200,-666666666.0,-222222222.0,83548
29201,29.6,20.6,83549
29202,19.1,3.7,83552
29203,25.5,15.6,83553
29204,-666666666.0,-222222222.0,83554
29205,19.6,6.1,83555
29206,-666666666.0,-222222222.0,83602
29207,-666666666.0,-222222222.0,83604
29208,28.6,3.5,83605
29209,30.2,6.7,83607
29210,26.9,10.6,83610
29211,26.7,20.9,83611
29212,33.6,6.2,83612
29213,9.0,-333333333.0,83615
29214,33.1,3.8,83616
29215,26.7,4.5,83617
29216,25.5,6.4,83619
29217,18.8,20.8,83622
29218,23.9,3.6,83623
29219,18.6,8.1,83624
29220,30.0,24.8,83626
29221,17.5,1.7,83627
29222,28.5,5.8,83628
29223,25.0,11.8,83629
29224,27.4,1.6,83631
29225,51.0,-333333333.0,83632
29226,31.5,12.0,83633
29227,19.5,4.5,83634
29228,-666666666.0,-222222222.0,83636
29229,-666666666.0,-222222222.0,83637
29230,26.0,2.8,83638
29231,14.7,6.4,83639
29232,20.7,17.6,83641
29233,30.7,2.6,83642
29234,-666666666.0,-222222222.0,83643
29235,32.0,11.6,83644
29236,29.3,14.6,83645
29237,29.1,2.2,83646
29238,27.1,2.9,83647
29239,31.5,4.1,83648
29240,-666666666.0,-222222222.0,83650
29241,29.7,2.8,83651
29242,22.9,14.3,83654
29243,25.9,14.3,83655
29244,30.7,30.5,83656
29245,-666666666.0,-222222222.0,83657
29246,27.4,15.7,83660
29247,22.4,3.1,83661
29248,-666666666.0,-222222222.0,83666
29249,25.5,11.4,83669
29250,-666666666.0,-222222222.0,83670
29251,29.8,8.5,83672
29252,28.8,7.1,83676
29253,-666666666.0,-222222222.0,83677
29254,30.3,2.1,83686
29255,28.8,1.6,83687
29256,27.6,2.3,83702
29257,34.5,3.7,83703
29258,30.3,2.6,83704
29259,32.7,1.6,83705
29260,26.6,3.5,83706
29261,28.4,1.9,83709
29262,27.2,3.9,83712
29263,34.8,7.2,83713
29264,31.4,3.0,83714
29265,23.6,5.9,83716
29266,-666666666.0,-222222222.0,83720
29267,-666666666.0,-222222222.0,83725
29268,23.3,17.4,83801
29269,-666666666.0,-222222222.0,83802
29270,-666666666.0,-222222222.0,83803
29271,17.8,1.5,83804
29272,25.3,10.5,83805
29273,47.5,15.5,83806
29274,-666666666.0,-222222222.0,83808
29275,-666666666.0,-222222222.0,83809
29276,22.3,0.8,83810
29277,25.7,13.4,83811
29278,-666666666.0,-222222222.0,83812
29279,-666666666.0,-222222222.0,83813
29280,32.6,2.7,83814
29281,32.8,2.1,83815
29282,-666666666.0,-222222222.0,83821
29283,28.2,14.7,83822
29284,23.4,6.3,83823
29285,46.5,11.3,83824
29286,-666666666.0,-222222222.0,83825
29287,-666666666.0,-222222222.0,83826
29288,-666666666.0,-222222222.0,83827
29289,-666666666.0,-222222222.0,83830
29290,37.5,23.1,83832
29291,23.8,3.4,83833
29292,-666666666.0,-222222222.0,83834
29293,29.2,4.6,83835
29294,42.5,38.9,83836
29295,30.7,11.6,83837
29296,-666666666.0,-222222222.0,83839
29297,45.5,21.2,83840
29298,-666666666.0,-222222222.0,83841
29299,-666666666.0,-222222222.0,83842
29300,33.0,3.5,83843
29301,-666666666.0,-222222222.0,83844
29302,14.4,23.5,83845
29303,24.4,75.9,83846
29304,-666666666.0,-222222222.0,83847
29305,-666666666.0,-222222222.0,83848
29306,26.8,3.1,83849
29307,27.2,4.4,83850
29308,30.0,8.5,83851
29309,30.3,4.3,83852
29310,30.9,3.0,83854
29311,16.1,7.6,83855
29312,20.9,5.8,83856
29313,-666666666.0,-222222222.0,83857
29314,29.3,3.4,83858
29315,26.5,9.6,83860
29316,31.1,5.2,83861
29317,29.4,3.2,83864
29318,-666666666.0,-222222222.0,83866
29319,-666666666.0,-222222222.0,83867
29320,21.1,4.9,83868
29321,25.9,3.1,83869
29322,28.8,15.7,83870
29323,21.3,11.1,83871
29324,-666666666.0,-222222222.0,83872
29325,32.3,9.6,83873
29326,-666666666.0,-222222222.0,83874
29327,21.7,12.6,83876
29328,14.4,13.9,84001
29329,-666666666.0,-222222222.0,84002
29330,27.2,1.9,84003
29331,32.8,25.1,84004
29332,27.6,3.3,84005
29333,22.5,18.5,84006
29334,14.2,4.4,84007
29335,-666666666.0,-222222222.0,84008
29336,23.9,2.3,84009
29337,29.7,2.5,84010
29338,26.3,61.2,84013
29339,30.1,7.8,84014
29340,29.2,2.1,84015
29341,23.3,4.9,84017
29342,-666666666.0,-222222222.0,84018
29343,29.2,1.8,84020
29344,18.6,11.6,84021
29345,16.8,5.5,84022
29346,9.0,-333333333.0,84023
29347,-666666666.0,-222222222.0,84024
29348,24.6,6.5,84025
29349,-666666666.0,-222222222.0,84026
29350,-666666666.0,-222222222.0,84027
29351,28.2,6.4,84028
29352,25.0,10.1,84029
29353,-666666666.0,-222222222.0,84031
29354,31.6,6.7,84032
29355,14.9,3.4,84033
29356,15.5,7.4,84034
29357,-666666666.0,-222222222.0,84035
29358,27.1,4.7,84036
29359,22.6,3.5,84037
29360,-666666666.0,-222222222.0,84038
29361,-666666666.0,-222222222.0,84039
29362,26.3,2.8,84040
29363,29.4,2.4,84041
29364,25.3,7.6,84042
29365,24.5,1.5,84043
29366,35.5,4.6,84044
29367,29.3,4.6,84045
29368,23.8,13.1,84046
29369,30.5,2.1,84047
29370,25.6,6.2,84049
29371,21.7,2.9,84050
29372,-666666666.0,-222222222.0,84051
29373,24.3,29.7,84052
29374,-666666666.0,-222222222.0,84053
29375,29.3,3.6,84054
29376,17.5,18.9,84055
29377,32.4,3.7,84056
29378,27.5,2.0,84057
29379,28.4,1.8,84058
29380,30.8,4.1,84059
29381,28.0,7.7,84060
29382,-666666666.0,-222222222.0,84061
29383,26.5,1.7,84062
29384,-666666666.0,-222222222.0,84063
29385,11.3,4.0,84064
29386,25.8,5.3,84065
29387,22.0,3.2,84066
29388,29.5,3.1,84067
29389,20.8,17.5,84069
29390,32.4,3.4,84070
29391,17.4,2.2,84071
29392,23.2,4.3,84072
29393,-666666666.0,-222222222.0,84073
29394,27.1,1.6,84074
29395,33.6,1.8,84075
29396,-666666666.0,-222222222.0,84076
29397,21.9,2.3,84078
29398,22.5,9.2,84080
29399,30.9,3.1,84081
29400,-666666666.0,-222222222.0,84082
29401,18.5,3.7,84083
29402,30.9,5.2,84084
29403,-666666666.0,-222222222.0,84085
29404,-666666666.0,-222222222.0,84086
29405,24.6,3.8,84087
29406,31.0,3.2,84088
29407,23.9,2.2,84092
29408,23.3,2.3,84093
29409,29.3,3.1,84094
29410,29.9,3.0,84095
29411,29.4,3.6,84096
29412,35.7,6.2,84097
29413,24.3,1.8,84098
29414,29.5,3.1,84101
29415,35.7,3.0,84102
29416,26.1,2.0,84103
29417,36.5,4.9,84104
29418,25.8,2.5,84105
29419,26.9,2.0,84106
29420,28.6,1.2,84107
29421,28.6,2.2,84108
29422,27.4,2.5,84109
29423,31.1,3.1,84111
29424,51.0,-333333333.0,84112
29425,-666666666.0,-222222222.0,84113
29426,-666666666.0,-222222222.0,84114
29427,30.4,2.3,84115
29428,31.1,2.2,84116
29429,30.3,4.3,84117
29430,30.0,5.2,84118
29431,30.1,2.4,84119
29432,30.4,3.8,84120
29433,25.0,2.3,84121
29434,30.8,2.5,84123
29435,24.0,2.6,84124
29436,26.7,11.1,84128
29437,27.9,3.5,84129
29438,-666666666.0,-222222222.0,84138
29439,-666666666.0,-222222222.0,84150
29440,-666666666.0,-222222222.0,84180
29441,27.5,11.5,84301
29442,27.5,2.4,84302
29443,-666666666.0,-222222222.0,84304
29444,27.9,4.8,84305
29445,-666666666.0,-222222222.0,84306
29446,17.1,16.1,84307
29447,9.0,-333333333.0,84308
29448,-666666666.0,-222222222.0,84309
29449,36.0,25.5,84310
29450,18.3,21.8,84311
29451,51.0,-333333333.0,84312
29452,-666666666.0,-222222222.0,84313
29453,28.8,22.1,84314
29454,45.4,34.4,84315
29455,-666666666.0,-222222222.0,84316
29456,21.6,5.2,84317
29457,23.1,4.2,84318
29458,25.1,5.0,84319
29459,20.9,5.6,84320
29460,28.5,1.7,84321
29461,-666666666.0,-222222222.0,84322
29462,25.0,27.0,84324
29463,21.1,3.9,84325
29464,17.5,6.7,84326
29465,17.5,19.1,84327
29466,37.7,0.9,84328
29467,-666666666.0,-222222222.0,84329
29468,-666666666.0,-222222222.0,84330
29469,36.1,8.8,84331
29470,22.7,24.6,84332
29471,16.5,4.0,84333
29472,-666666666.0,-222222222.0,84334
29473,24.3,5.2,84335
29474,-666666666.0,-222222222.0,84336
29475,25.4,3.6,84337
29476,13.4,2.7,84338
29477,14.2,3.2,84339
29478,28.3,12.0,84340
29479,31.0,2.8,84341
29480,28.6,1.7,84401
29481,28.5,2.3,84403
29482,27.4,1.8,84404
29483,30.4,3.8,84405
29484,-666666666.0,-222222222.0,84408
29485,24.4,3.5,84414
29486,30.4,4.0,84501
29487,28.5,4.7,84511
29488,9.0,-333333333.0,84512
29489,19.6,39.9,84513
29490,-666666666.0,-222222222.0,84515
29491,-666666666.0,-222222222.0,84516
29492,9.0,-333333333.0,84518
29493,37.5,31.7,84520
29494,27.0,6.6,84521
29495,-666666666.0,-222222222.0,84522
29496,33.7,5.6,84523
29497,14.7,95.4,84525
29498,30.1,5.3,84526
29499,22.1,5.5,84528
29500,-666666666.0,-222222222.0,84529
29501,-666666666.0,-222222222.0,84530
29502,-666666666.0,-222222222.0,84531
29503,25.7,4.9,84532
29504,-666666666.0,-222222222.0,84533
29505,13.3,3.8,84534
29506,22.4,6.6,84535
29507,-666666666.0,-222222222.0,84536
29508,37.4,11.5,84537
29509,51.0,-333333333.0,84539
29510,-666666666.0,-222222222.0,84540
29511,27.3,10.9,84542
29512,29.7,2.4,84601
29513,-666666666.0,-222222222.0,84602
29514,30.2,2.2,84604
29515,29.7,1.7,84606
29516,25.0,10.9,84620
29517,-666666666.0,-222222222.0,84621
29518,43.8,34.8,84622
29519,-666666666.0,-222222222.0,84623
29520,24.6,4.5,84624
29521,-666666666.0,-222222222.0,84626
29522,23.9,5.8,84627
29523,36.7,16.7,84628
29524,19.0,3.6,84629
29525,27.5,7.8,84630
29526,42.3,5.4,84631
29527,29.6,4.9,84632
29528,13.6,3.5,84633
29529,37.0,12.9,84634
29530,17.9,8.4,84635
29531,51.0,-333333333.0,84636
29532,-666666666.0,-222222222.0,84637
29533,-666666666.0,-222222222.0,84638
29534,30.0,49.0,84639
29535,-666666666.0,-222222222.0,84640
29536,29.8,4.9,84642
29537,21.7,3.3,84643
29538,-666666666.0,-222222222.0,84644
29539,25.8,16.6,84645
29540,25.1,4.6,84646
29541,29.1,29.7,84647
29542,19.5,5.6,84648
29543,-666666666.0,-222222222.0,84649
29544,28.0,3.5,84651
29545,12.2,4.5,84652
29546,21.1,5.0,84653
29547,30.2,17.7,84654
29548,20.5,4.8,84655
29549,-666666666.0,-222222222.0,84656
29550,-666666666.0,-222222222.0,84657
29551,25.1,6.3,84660
29552,31.0,13.3,84662
29553,29.0,2.2,84663
29554,32.6,12.2,84664
29555,26.4,17.4,84665
29556,18.5,11.8,84667
29557,24.3,4.8,84701
29558,-666666666.0,-222222222.0,84710
29559,-666666666.0,-222222222.0,84711
29560,-666666666.0,-222222222.0,84712
29561,26.3,8.5,84713
29562,-666666666.0,-222222222.0,84714
29563,25.5,11.1,84715
29564,30.9,6.8,84716
29565,41.7,47.3,84718
29566,-666666666.0,-222222222.0,84719
29567,29.5,3.1,84720
29568,33.5,3.7,84721
29569,-666666666.0,-222222222.0,84722
29570,-666666666.0,-222222222.0,84723
29571,32.4,1.4,84724
29572,21.1,7.1,84725
29573,43.1,17.2,84726
29574,-666666666.0,-222222222.0,84728
29575,-666666666.0,-222222222.0,84729
29576,14.2,12.5,84730
29577,-666666666.0,-222222222.0,84731
29578,-666666666.0,-222222222.0,84732
29579,-666666666.0,-222222222.0,84733
29580,19.9,7.7,84734
29581,-666666666.0,-222222222.0,84735
29582,50.0,20.2,84736
29583,34.6,5.5,84737
29584,24.9,13.7,84738
29585,18.6,3.5,84739
29586,-666666666.0,-222222222.0,84740
29587,26.9,3.2,84741
29588,-666666666.0,-222222222.0,84742
29589,-666666666.0,-222222222.0,84743
29590,14.6,4.1,84744
29591,33.5,4.4,84745
29592,17.7,14.3,84746
29593,9.0,-333333333.0,84747
29594,-666666666.0,-222222222.0,84749
29595,-666666666.0,-222222222.0,84750
29596,17.8,1.3,84751
29597,-666666666.0,-222222222.0,84752
29598,-666666666.0,-222222222.0,84753
29599,22.7,5.9,84754
29600,-666666666.0,-222222222.0,84755
29601,-666666666.0,-222222222.0,84756
29602,31.1,23.2,84757
29603,-666666666.0,-222222222.0,84758
29604,14.0,12.5,84759
29605,25.8,10.2,84760
29606,33.1,2.6,84761
29607,-666666666.0,-222222222.0,84762
29608,29.4,28.1,84763
29609,14.2,3.9,84764
29610,40.5,25.4,84765
29611,-666666666.0,-222222222.0,84766
29612,23.9,6.3,84767
29613,35.1,3.5,84770
29614,-666666666.0,-222222222.0,84772
29615,-666666666.0,-222222222.0,84773
29616,17.3,10.5,84774
29617,-666666666.0,-222222222.0,84775
29618,-666666666.0,-222222222.0,84776
29619,30.9,10.6,84779
29620,31.7,5.6,84780
29621,-666666666.0,-222222222.0,84781
29622,-666666666.0,-222222222.0,84782
29623,-666666666.0,-222222222.0,84783
29624,51.0,-333333333.0,84784
29625,33.1,3.1,84790
29626,34.2,5.6,85003
29627,33.6,3.9,85004
29628,28.8,3.5,85006
29629,32.1,4.0,85007
29630,28.4,1.1,85008
29631,34.6,5.3,85009
29632,28.4,3.9,85012
29633,30.9,3.2,85013
29634,32.2,2.1,85014
29635,34.9,2.9,85015
29636,29.3,1.6,85016
29637,32.3,2.8,85017
29638,31.2,1.8,85018
29639,33.6,6.6,85019
29640,30.7,2.9,85020
29641,32.9,2.7,85021
29642,35.9,2.3,85022
29643,36.2,2.7,85023
29644,26.9,1.9,85024
29645,-666666666.0,-222222222.0,85026
29646,27.3,2.5,85027
29647,27.2,3.1,85028
29648,33.6,4.6,85029
29649,33.0,3.8,85031
29650,28.6,2.5,85032
29651,33.0,4.7,85033
29652,29.7,3.2,85034
29653,34.2,3.2,85035
29654,28.9,2.5,85037
29655,29.0,2.0,85040
29656,28.6,1.9,85041
29657,35.9,4.2,85042
29658,29.8,9.1,85043
29659,32.7,3.0,85044
29660,30.2,17.9,85045
29661,29.5,3.8,85048
29662,30.3,3.2,85050
29663,31.3,4.0,85051
29664,33.5,2.0,85053
29665,32.0,3.1,85054
29666,28.4,4.2,85083
29667,27.4,2.6,85085
29668,35.7,4.9,85086
29669,27.0,21.1,85087
29670,33.8,24.2,85118
29671,27.3,3.7,85119
29672,34.8,3.5,85120
29673,20.8,16.1,85121
29674,33.8,3.9,85122
29675,28.5,6.3,85123
29676,29.2,5.6,85128
29677,27.3,6.6,85131
29678,22.4,4.1,85132
29679,-666666666.0,-222222222.0,85135
29680,18.9,6.6,85137
29681,28.4,4.0,85138
29682,39.0,16.7,85139
29683,28.9,3.5,85140
29684,13.8,2.6,85141
29685,33.8,8.0,85142
29686,25.8,3.5,85143
29687,-666666666.0,-222222222.0,85145
29688,9.0,-333333333.0,85147
29689,28.8,49.1,85172
29690,31.5,14.4,85173
29691,-666666666.0,-222222222.0,85191
29692,22.6,9.8,85192
29693,26.7,3.9,85193
29694,18.0,7.2,85194
29695,29.9,2.2,85201
29696,33.4,1.8,85202
29697,33.6,1.8,85203
29698,32.3,2.0,85204
29699,33.2,2.8,85205
29700,33.4,2.3,85206
29701,34.8,7.8,85207
29702,28.7,3.2,85208
29703,32.0,2.5,85209
29704,32.9,2.9,85210
29705,33.3,2.8,85212
29706,31.4,3.8,85213
29707,28.3,5.7,85215
29708,30.1,2.1,85224
29709,28.5,1.7,85225
29710,27.7,1.7,85226
29711,29.3,2.1,85233
29712,26.7,1.7,85234
29713,-666666666.0,-222222222.0,85236
29714,32.1,2.1,85248
29715,24.9,2.0,85249
29716,32.1,6.3,85250
29717,26.6,1.7,85251
29718,26.1,6.8,85253
29719,30.8,3.4,85254
29720,28.6,2.2,85255
29721,32.6,23.3,85256
29722,26.4,3.4,85257
29723,30.6,5.9,85258
29724,31.1,5.8,85259
29725,34.8,5.3,85260
29726,14.6,95.9,85262
29727,37.8,1.2,85263
29728,17.5,13.6,85264
29729,35.0,66.1,85266
29730,31.3,4.4,85268
29731,31.3,2.3,85281
29732,32.7,1.7,85282
29733,30.8,3.0,85283
29734,24.8,3.1,85284
29735,27.6,2.3,85286
29736,31.8,2.5,85295
29737,27.2,1.1,85296
29738,31.0,3.4,85297
29739,27.1,4.3,85298
29740,35.4,2.5,85301
29741,34.7,3.1,85302
29742,29.4,2.9,85303
29743,36.7,5.2,85304
29744,35.8,4.2,85305
29745,33.5,3.4,85306
29746,35.8,4.1,85307
29747,32.8,2.5,85308
29748,-666666666.0,-222222222.0,85309
29749,40.4,23.2,85310
29750,-666666666.0,-222222222.0,85320
29751,25.5,17.1,85321
29752,-666666666.0,-222222222.0,85322
29753,32.5,4.1,85323
29754,31.6,10.9,85324
29755,-666666666.0,-222222222.0,85325
29756,26.5,2.9,85326
29757,-666666666.0,-222222222.0,85328
29758,30.1,5.4,85329
29759,26.7,5.2,85331
29760,-666666666.0,-222222222.0,85332
29761,51.0,-333333333.0,85333
29762,23.5,10.0,85334
29763,28.8,4.1,85335
29764,19.5,3.6,85336
29765,14.6,33.1,85337
29766,37.4,4.4,85338
29767,25.8,7.1,85339
29768,32.8,3.5,85340
29769,-666666666.0,-222222222.0,85341
29770,27.3,10.4,85342
29771,-666666666.0,-222222222.0,85343
29772,19.1,2.8,85344
29773,33.0,2.1,85345
29774,42.9,20.5,85346
29775,9.0,-333333333.0,85347
29776,9.0,-333333333.0,85348
29777,19.2,6.2,85349
29778,26.7,10.3,85350
29779,39.2,3.2,85351
29780,30.6,23.8,85352
29781,27.6,4.6,85353
29782,37.4,15.2,85354
29783,24.8,29.7,85355
29784,32.7,22.1,85356
29785,-666666666.0,-222222222.0,85357
29786,-666666666.0,-222222222.0,85360
29787,19.6,16.9,85361
29788,18.8,45.9,85362
29789,33.3,6.9,85363
29790,30.6,2.3,85364
29791,28.9,4.0,85365
29792,31.3,6.7,85367
29793,-666666666.0,-222222222.0,85371
29794,38.6,9.7,85373
29795,35.2,3.5,85374
29796,42.3,6.8,85375
29797,46.0,19.2,85377
29798,33.7,6.4,85378
29799,31.7,3.6,85379
29800,33.6,5.1,85381
29801,34.2,4.0,85382
29802,32.9,3.0,85383
29803,34.0,8.8,85387
29804,27.8,3.7,85388
29805,43.4,7.4,85390
29806,33.1,3.1,85392
29807,35.3,8.2,85395
29808,31.3,3.0,85396
29809,24.0,6.2,85501
29810,12.0,5.0,85530
29811,-666666666.0,-222222222.0,85531
29812,-666666666.0,-222222222.0,85532
29813,-666666666.0,-222222222.0,85533
29814,32.4,9.6,85534
29815,-666666666.0,-222222222.0,85535
29816,-666666666.0,-222222222.0,85536
29817,22.2,7.9,85539
29818,11.1,2.3,85540
29819,27.9,2.8,85541
29820,12.5,19.7,85542
29821,24.5,5.3,85543
29822,29.7,18.8,85544
29823,-666666666.0,-222222222.0,85545
29824,22.4,2.2,85546
29825,9.0,-333333333.0,85550
29826,21.5,12.4,85551
29827,27.8,2.4,85552
29828,-666666666.0,-222222222.0,85553
29829,-666666666.0,-222222222.0,85554
29830,-666666666.0,-222222222.0,85601
29831,35.3,4.6,85602
29832,23.8,8.1,85603
29833,18.7,17.0,85605
29834,25.8,24.4,85606
29835,27.5,2.1,85607
29836,-666666666.0,-222222222.0,85608
29837,-666666666.0,-222222222.0,85609
29838,37.3,8.5,85610
29839,-666666666.0,-222222222.0,85611
29840,23.6,4.3,85613
29841,44.6,3.9,85614
29842,29.9,19.4,85615
29843,27.6,1.7,85616
29844,35.4,26.4,85617
29845,37.5,27.7,85618
29846,-666666666.0,-222222222.0,85619
29847,-666666666.0,-222222222.0,85620
29848,26.4,5.7,85621
29849,30.0,38.0,85622
29850,24.9,8.6,85623
29851,33.0,11.5,85624
29852,39.1,31.5,85625
29853,38.8,73.1,85626
29854,-666666666.0,-222222222.0,85627
29855,23.8,5.5,85629
29856,29.4,25.1,85630
29857,28.0,17.3,85631
29858,38.6,31.0,85632
29859,29.5,33.3,85633
29860,19.1,7.5,85634
29861,30.3,2.1,85635
29862,-666666666.0,-222222222.0,85637
29863,26.0,7.8,85638
29864,-666666666.0,-222222222.0,85639
29865,51.0,-333333333.0,85640
29866,23.2,8.7,85641
29867,29.5,14.3,85643
29868,-666666666.0,-222222222.0,85645
29869,51.0,-333333333.0,85646
29870,38.1,14.3,85648
29871,32.1,3.1,85650
29872,23.7,14.9,85653
29873,-666666666.0,-222222222.0,85654
29874,21.3,4.9,85658
29875,32.0,4.1,85701
29876,30.1,1.9,85704
29877,35.1,2.4,85705
29878,30.9,2.4,85706
29879,-666666666.0,-222222222.0,85707
29880,32.0,2.0,85708
29881,-666666666.0,-222222222.0,85709
29882,35.1,2.0,85710
29883,34.2,2.9,85711
29884,29.4,2.5,85712
29885,32.5,2.4,85713
29886,31.3,6.1,85714
29887,34.1,8.1,85715
29888,33.0,2.2,85716
29889,27.3,3.3,85718
29890,38.3,2.5,85719
29891,-666666666.0,-222222222.0,85721
29892,-666666666.0,-222222222.0,85723
29893,-666666666.0,-222222222.0,85724
29894,-666666666.0,-222222222.0,85726
29895,31.9,3.1,85730
29896,-666666666.0,-222222222.0,85734
29897,27.6,2.2,85735
29898,17.2,0.7,85736
29899,27.5,5.2,85737
29900,26.3,5.6,85739
29901,29.7,3.1,85741
29902,26.9,3.2,85742
29903,26.5,6.3,85743
29904,27.7,2.8,85745
29905,33.1,6.8,85746
29906,27.0,2.2,85747
29907,29.4,3.0,85748
29908,29.5,8.2,85749
29909,28.5,3.5,85750
29910,27.6,5.7,85755
29911,27.7,2.6,85756
29912,18.5,9.2,85757
29913,31.8,8.2,85901
29914,-666666666.0,-222222222.0,85902
29915,18.6,17.1,85911
29916,-666666666.0,-222222222.0,85912
29917,-666666666.0,-222222222.0,85920
29918,-666666666.0,-222222222.0,85922
29919,-666666666.0,-222222222.0,85923
29920,-666666666.0,-222222222.0,85924
29921,20.5,9.0,85925
29922,9.0,-333333333.0,85926
29923,-666666666.0,-222222222.0,85927
29924,29.7,26.9,85928
29925,35.0,19.3,85929
29926,12.2,3.1,85930
29927,-666666666.0,-222222222.0,85931
29928,-666666666.0,-222222222.0,85932
29929,16.3,8.9,85933
29930,-666666666.0,-222222222.0,85934
29931,21.5,8.2,85935
29932,-666666666.0,-222222222.0,85936
29933,30.1,5.7,85937
29934,35.4,5.1,85938
29935,22.0,6.3,85939
29936,-666666666.0,-222222222.0,85940
29937,15.9,2.3,85941
29938,-666666666.0,-222222222.0,85942
29939,38.8,3.3,86001
29940,-666666666.0,-222222222.0,86003
29941,30.0,3.3,86004
29942,29.5,2.7,86005
29943,51.0,-333333333.0,86011
29944,-666666666.0,-222222222.0,86015
29945,-666666666.0,-222222222.0,86016
29946,-666666666.0,-222222222.0,86017
29947,-666666666.0,-222222222.0,86018
29948,17.3,1.6,86020
29949,27.9,10.1,86021
29950,21.9,8.8,86022
29951,12.1,2.2,86023
29952,-666666666.0,-222222222.0,86024
29953,23.6,4.8,86025
29954,-666666666.0,-222222222.0,86028
29955,-666666666.0,-222222222.0,86029
29956,-666666666.0,-222222222.0,86030
29957,33.0,19.3,86031
29958,34.1,16.9,86032
29959,14.8,4.5,86033
29960,12.0,2.8,86034
29961,17.5,6.7,86035
29962,-666666666.0,-222222222.0,86036
29963,-666666666.0,-222222222.0,86038
29964,-666666666.0,-222222222.0,86039
29965,18.0,6.4,86040
29966,17.0,1.6,86042
29967,-666666666.0,-222222222.0,86043
29968,9.0,-333333333.0,86044
29969,9.0,-333333333.0,86045
29970,29.5,4.2,86046
29971,21.3,3.3,86047
29972,-666666666.0,-222222222.0,86052
29973,18.2,18.0,86053
29974,25.9,4.7,86054
29975,33.4,4.8,86301
29976,31.9,4.4,86303
29977,28.5,3.3,86305
29978,-666666666.0,-222222222.0,86313
29979,33.0,4.3,86314
29980,27.3,2.5,86315
29981,14.7,8.5,86320
29982,9.0,-333333333.0,86321
29983,25.4,3.1,86322
29984,23.5,2.6,86323
29985,30.0,14.6,86324
29986,28.0,7.4,86325
29987,29.0,2.8,86326
29988,28.2,1.8,86327
29989,39.4,38.9,86329
29990,47.7,24.4,86331
29991,24.6,13.3,86332
29992,27.1,2.8,86333
29993,14.6,44.4,86334
29994,22.1,3.4,86335
29995,29.5,3.8,86336
29996,36.5,42.3,86337
29997,24.0,40.7,86338
29998,-666666666.0,-222222222.0,86343
29999,29.2,13.1,86351
30000,29.9,4.5,86401
30001,32.4,2.2,86403
30002,26.8,5.9,86404
30003,28.4,5.4,86406
30004,25.4,2.8,86409
30005,-666666666.0,-222222222.0,86411
30006,44.5,4.2,86413
30007,27.9,3.7,86426
30008,36.4,4.3,86429
30009,-666666666.0,-222222222.0,86431
30010,13.2,2.9,86432
30011,-666666666.0,-222222222.0,86433
30012,18.6,47.5,86434
30013,-666666666.0,-222222222.0,86435
30014,32.5,8.8,86436
30015,-666666666.0,-222222222.0,86437
30016,-666666666.0,-222222222.0,86438
30017,21.0,4.1,86440
30018,-666666666.0,-222222222.0,86441
30019,31.6,3.2,86442
30020,-666666666.0,-222222222.0,86443
30021,-666666666.0,-222222222.0,86444
30022,-666666666.0,-222222222.0,86445
30023,-666666666.0,-222222222.0,86502
30024,13.1,3.6,86503
30025,13.7,3.5,86504
30026,13.8,5.8,86505
30027,-666666666.0,-222222222.0,86506
30028,13.6,11.9,86507
30029,11.5,3.7,86508
30030,15.2,3.2,86510
30031,9.0,-333333333.0,86511
30032,27.1,1.4,86512
30033,13.6,3.8,86514
30034,14.2,2.2,86515
30035,22.1,11.0,86520
30036,-666666666.0,-222222222.0,86535
30037,20.8,15.7,86538
30038,31.7,44.7,86540
30039,33.1,39.3,86544
30040,13.4,1.7,86545
30041,13.8,23.3,86547
30042,11.2,3.9,86556
30043,-666666666.0,-222222222.0,87001
30044,31.4,5.2,87002
30045,27.6,4.4,87004
30046,-666666666.0,-222222222.0,87005
30047,-666666666.0,-222222222.0,87006
30048,-666666666.0,-222222222.0,87007
30049,49.1,23.9,87008
30050,46.9,8.9,87010
30051,-666666666.0,-222222222.0,87011
30052,-666666666.0,-222222222.0,87012
30053,43.4,5.1,87013
30054,-666666666.0,-222222222.0,87014
30055,21.9,3.1,87015
30056,11.1,14.8,87016
30057,-666666666.0,-222222222.0,87017
30058,-666666666.0,-222222222.0,87018
30059,32.3,5.8,87020
30060,34.5,22.3,87021
30061,-666666666.0,-222222222.0,87022
30062,-666666666.0,-222222222.0,87023
30063,-666666666.0,-222222222.0,87024
30064,20.0,4.1,87025
30065,-666666666.0,-222222222.0,87026
30066,-666666666.0,-222222222.0,87027
30067,-666666666.0,-222222222.0,87028
30068,-666666666.0,-222222222.0,87029
30069,31.8,4.2,87031
30070,-666666666.0,-222222222.0,87032
30071,24.7,15.8,87034
30072,32.3,17.2,87035
30073,33.2,42.3,87036
30074,21.7,8.3,87037
30075,-666666666.0,-222222222.0,87038
30076,-666666666.0,-222222222.0,87040
30077,12.2,1.6,87041
30078,41.3,25.1,87042
30079,24.4,22.6,87043
30080,-666666666.0,-222222222.0,87044
30081,18.3,24.1,87045
30082,-666666666.0,-222222222.0,87046
30083,19.8,6.4,87047
30084,22.4,16.2,87048
30085,-666666666.0,-222222222.0,87049
30086,-666666666.0,-222222222.0,87051
30087,13.4,5.7,87052
30088,33.2,11.8,87053
30089,-666666666.0,-222222222.0,87056
30090,21.8,7.7,87059
30091,-666666666.0,-222222222.0,87060
30092,-666666666.0,-222222222.0,87061
30093,-666666666.0,-222222222.0,87062
30094,-666666666.0,-222222222.0,87063
30095,-666666666.0,-222222222.0,87064
30096,37.0,2.5,87068
30097,-666666666.0,-222222222.0,87070
30098,-666666666.0,-222222222.0,87072
30099,22.5,71.5,87083
30100,-666666666.0,-222222222.0,87101
30101,35.1,1.9,87102
30102,29.7,3.8,87104
30103,32.5,3.5,87105
30104,37.6,5.0,87106
30105,30.4,4.4,87107
30106,34.3,2.6,87108
30107,31.3,2.1,87109
30108,30.6,4.1,87110
30109,29.0,2.3,87111
30110,26.0,2.0,87112
30111,21.5,3.8,87113
30112,29.8,2.7,87114
30113,25.3,3.7,87116
30114,-666666666.0,-222222222.0,87117
30115,32.8,2.2,87120
30116,31.4,3.9,87121
30117,28.6,6.0,87122
30118,31.8,5.0,87123
30119,32.5,2.4,87124
30120,27.0,4.5,87144
30121,-666666666.0,-222222222.0,87151
30122,29.0,5.6,87301
30123,-666666666.0,-222222222.0,87305
30124,-666666666.0,-222222222.0,87310
30125,23.1,13.4,87311
30126,-666666666.0,-222222222.0,87312
30127,20.0,13.8,87313
30128,-666666666.0,-222222222.0,87315
30129,9.0,-333333333.0,87316
30130,31.7,16.2,87317
30131,-666666666.0,-222222222.0,87319
30132,51.0,-333333333.0,87320
30133,13.5,4.3,87321
30134,-666666666.0,-222222222.0,87322
30135,42.2,17.2,87323
30136,31.7,10.4,87325
30137,-666666666.0,-222222222.0,87326
30138,18.1,6.3,87327
30139,20.2,4.3,87328
30140,-666666666.0,-222222222.0,87347
30141,15.6,8.6,87357
30142,22.5,4.4,87364
30143,-666666666.0,-222222222.0,87365
30144,18.5,7.6,87375
30145,27.8,2.0,87401
30146,24.8,3.6,87402
30147,33.9,10.0,87410
30148,-666666666.0,-222222222.0,87412
30149,27.0,3.2,87413
30150,51.0,-333333333.0,87415
30151,37.5,13.1,87416
30152,33.2,22.3,87417
30153,-666666666.0,-222222222.0,87418
30154,-666666666.0,-222222222.0,87419
30155,24.4,3.6,87420
30156,21.0,15.6,87421
30157,16.9,7.8,87455
30158,-666666666.0,-222222222.0,87461
30159,17.5,1.0,87499
30160,31.9,4.3,87501
30161,29.7,2.3,87505
30162,23.0,2.0,87506
30163,32.7,4.1,87507
30164,26.5,6.5,87508
30165,-666666666.0,-222222222.0,87510
30166,23.5,50.0,87511
30167,-666666666.0,-222222222.0,87512
30168,-666666666.0,-222222222.0,87513
30169,9.0,-333333333.0,87514
30170,-666666666.0,-222222222.0,87515
30171,-666666666.0,-222222222.0,87516
30172,-666666666.0,-222222222.0,87517
30173,-666666666.0,-222222222.0,87518
30174,-666666666.0,-222222222.0,87519
30175,-666666666.0,-222222222.0,87520
30176,18.0,11.0,87521
30177,18.1,31.0,87522
30178,-666666666.0,-222222222.0,87523
30179,-666666666.0,-222222222.0,87524
30180,-666666666.0,-222222222.0,87525
30181,-666666666.0,-222222222.0,87527
30182,13.2,1.5,87528
30183,36.3,30.9,87529
30184,-666666666.0,-222222222.0,87530
30185,-666666666.0,-222222222.0,87531
30186,25.5,2.2,87532
30187,12.5,31.2,87535
30188,25.4,10.8,87537
30189,-666666666.0,-222222222.0,87538
30190,-666666666.0,-222222222.0,87539
30191,33.8,21.5,87540
30192,-666666666.0,-222222222.0,87543
30193,18.4,2.1,87544
30194,-666666666.0,-222222222.0,87547
30195,-666666666.0,-222222222.0,87548
30196,-666666666.0,-222222222.0,87549
30197,-666666666.0,-222222222.0,87551
30198,33.1,6.6,87552
30199,25.5,4.0,87553
30200,-666666666.0,-222222222.0,87554
30201,37.0,11.4,87556
30202,38.4,29.2,87557
30203,51.0,-333333333.0,87558
30204,51.0,-333333333.0,87560
30205,-666666666.0,-222222222.0,87562
30206,-666666666.0,-222222222.0,87564
30207,-666666666.0,-222222222.0,87565
30208,28.9,4.8,87566
30209,51.0,-333333333.0,87567
30210,-666666666.0,-222222222.0,87569
30211,34.6,10.2,87571
30212,-666666666.0,-222222222.0,87573
30213,-666666666.0,-222222222.0,87575
30214,-666666666.0,-222222222.0,87577
30215,-666666666.0,-222222222.0,87578
30216,9.0,-333333333.0,87579
30217,-666666666.0,-222222222.0,87580
30218,-666666666.0,-222222222.0,87581
30219,-666666666.0,-222222222.0,87582
30220,-666666666.0,-222222222.0,87583
30221,34.1,10.6,87701
30222,18.5,70.4,87710
30223,-666666666.0,-222222222.0,87711
30224,-666666666.0,-222222222.0,87712
30225,-666666666.0,-222222222.0,87713
30226,23.4,16.5,87714
30227,-666666666.0,-222222222.0,87715
30228,23.6,15.8,87718
30229,-666666666.0,-222222222.0,87722
30230,-666666666.0,-222222222.0,87723
30231,-666666666.0,-222222222.0,87724
30232,20.7,4.5,87728
30233,-666666666.0,-222222222.0,87729
30234,-666666666.0,-222222222.0,87730
30235,-666666666.0,-222222222.0,87731
30236,18.3,11.1,87732
30237,-666666666.0,-222222222.0,87733
30238,-666666666.0,-222222222.0,87734
30239,-666666666.0,-222222222.0,87735
30240,-666666666.0,-222222222.0,87736
30241,27.4,8.5,87740
30242,-666666666.0,-222222222.0,87742
30243,9.0,-333333333.0,87743
30244,-666666666.0,-222222222.0,87745
30245,-666666666.0,-222222222.0,87746
30246,35.6,31.1,87747
30247,-666666666.0,-222222222.0,87749
30248,-666666666.0,-222222222.0,87750
30249,16.9,6.8,87752
30250,-666666666.0,-222222222.0,87753
30251,32.1,4.3,87801
30252,-666666666.0,-222222222.0,87820
30253,-666666666.0,-222222222.0,87821
30254,-666666666.0,-222222222.0,87823
30255,-666666666.0,-222222222.0,87824
30256,37.7,6.4,87825
30257,-666666666.0,-222222222.0,87827
30258,-666666666.0,-222222222.0,87828
30259,-666666666.0,-222222222.0,87829
30260,-666666666.0,-222222222.0,87830
30261,-666666666.0,-222222222.0,87831
30262,-666666666.0,-222222222.0,87832
30263,29.0,5.1,87901
30264,-666666666.0,-222222222.0,87930
30265,-666666666.0,-222222222.0,87931
30266,-666666666.0,-222222222.0,87933
30267,33.5,28.6,87935
30268,-666666666.0,-222222222.0,87936
30269,19.8,10.9,87937
30270,-666666666.0,-222222222.0,87939
30271,-666666666.0,-222222222.0,87940
30272,-666666666.0,-222222222.0,87941
30273,17.8,10.9,87942
30274,-666666666.0,-222222222.0,87943
30275,39.1,3.1,88001
30276,17.7,1.7,88002
30277,-666666666.0,-222222222.0,88003
30278,-666666666.0,-222222222.0,88004
30279,33.9,7.8,88005
30280,32.8,3.7,88007
30281,34.0,15.0,88008
30282,-666666666.0,-222222222.0,88009
30283,29.6,2.8,88011
30284,28.9,5.2,88012
30285,50.0,41.4,88020
30286,32.0,4.1,88021
30287,28.1,71.4,88022
30288,29.0,8.6,88023
30289,-666666666.0,-222222222.0,88024
30290,-666666666.0,-222222222.0,88025
30291,29.3,24.5,88026
30292,13.4,36.2,88027
30293,-666666666.0,-222222222.0,88028
30294,28.5,4.6,88029
30295,30.3,5.6,88030
30296,-666666666.0,-222222222.0,88034
30297,-666666666.0,-222222222.0,88038
30298,45.0,46.7,88039
30299,-666666666.0,-222222222.0,88040
30300,-666666666.0,-222222222.0,88041
30301,-666666666.0,-222222222.0,88042
30302,37.5,33.7,88043
30303,26.1,3.9,88044
30304,31.9,15.2,88045
30305,-666666666.0,-222222222.0,88046
30306,51.0,-333333333.0,88047
30307,29.8,8.4,88048
30308,-666666666.0,-222222222.0,88049
30309,-666666666.0,-222222222.0,88051
30310,-666666666.0,-222222222.0,88052
30311,-666666666.0,-222222222.0,88053
30312,-666666666.0,-222222222.0,88055
30313,-666666666.0,-222222222.0,88056
30314,28.4,1.9,88061
30315,31.1,5.9,88063
30316,38.5,26.3,88065
30317,31.1,33.8,88072
30318,28.0,3.1,88081
30319,29.1,3.0,88101
30320,-666666666.0,-222222222.0,88103
30321,-666666666.0,-222222222.0,88112
30322,-666666666.0,-222222222.0,88113
30323,-666666666.0,-222222222.0,88114
30324,-666666666.0,-222222222.0,88115
30325,-666666666.0,-222222222.0,88116
30326,32.5,42.3,88118
30327,42.7,6.6,88119
30328,51.0,-333333333.0,88120
30329,9.0,-333333333.0,88121
30330,39.8,34.2,88124
30331,-666666666.0,-222222222.0,88125
30332,-666666666.0,-222222222.0,88126
30333,28.5,3.2,88130
30334,-666666666.0,-222222222.0,88132
30335,-666666666.0,-222222222.0,88134
30336,32.8,24.2,88135
30337,-666666666.0,-222222222.0,88136
30338,28.4,3.3,88201
30339,30.1,3.7,88203
30340,28.5,5.9,88210
30341,26.4,1.7,88220
30342,28.1,4.0,88230
30343,27.2,10.4,88231
30344,28.0,38.1,88232
30345,29.3,3.3,88240
30346,21.0,11.4,88242
30347,-666666666.0,-222222222.0,88244
30348,-666666666.0,-222222222.0,88250
30349,18.6,43.4,88252
30350,9.0,-333333333.0,88253
30351,-666666666.0,-222222222.0,88254
30352,-666666666.0,-222222222.0,88255
30353,18.7,34.8,88256
30354,31.9,2.8,88260
30355,-666666666.0,-222222222.0,88262
30356,-666666666.0,-222222222.0,88263
30357,-666666666.0,-222222222.0,88264
30358,-666666666.0,-222222222.0,88265
30359,51.0,-333333333.0,88267
30360,-666666666.0,-222222222.0,88268
30361,17.4,9.1,88301
30362,29.5,2.9,88310
30363,-666666666.0,-222222222.0,88311
30364,20.5,16.5,88312
30365,-666666666.0,-222222222.0,88314
30366,42.4,29.7,88316
30367,34.2,35.5,88317
30368,33.2,14.9,88318
30369,-666666666.0,-222222222.0,88321
30370,-666666666.0,-222222222.0,88323
30371,-666666666.0,-222222222.0,88324
30372,-666666666.0,-222222222.0,88325
30373,27.0,3.0,88330
30374,-666666666.0,-222222222.0,88336
30375,40.4,13.6,88337
30376,-666666666.0,-222222222.0,88338
30377,-666666666.0,-222222222.0,88339
30378,14.5,7.5,88340
30379,-666666666.0,-222222222.0,88341
30380,-666666666.0,-222222222.0,88342
30381,-666666666.0,-222222222.0,88343
30382,-666666666.0,-222222222.0,88344
30383,27.1,7.8,88345
30384,51.0,-333333333.0,88346
30385,-666666666.0,-222222222.0,88347
30386,-666666666.0,-222222222.0,88348
30387,-666666666.0,-222222222.0,88349
30388,-666666666.0,-222222222.0,88350
30389,-666666666.0,-222222222.0,88351
30390,15.0,19.8,88352
30391,19.6,49.6,88353
30392,-666666666.0,-222222222.0,88354
30393,-666666666.0,-222222222.0,88355
30394,30.8,6.9,88401
30395,-666666666.0,-222222222.0,88410
30396,-666666666.0,-222222222.0,88411
30397,-666666666.0,-222222222.0,88414
30398,27.1,3.3,88415
30399,-666666666.0,-222222222.0,88416
30400,-666666666.0,-222222222.0,88417
30401,-666666666.0,-222222222.0,88418
30402,-666666666.0,-222222222.0,88419
30403,-666666666.0,-222222222.0,88421
30404,-666666666.0,-222222222.0,88422
30405,-666666666.0,-222222222.0,88424
30406,51.0,-333333333.0,88426
30407,-666666666.0,-222222222.0,88427
30408,-666666666.0,-222222222.0,88430
30409,-666666666.0,-222222222.0,88431
30410,-666666666.0,-222222222.0,88434
30411,24.6,17.1,88435
30412,-666666666.0,-222222222.0,88436
30413,-666666666.0,-222222222.0,88439
30414,-666666666.0,-222222222.0,89001
30415,35.8,7.1,89002
30416,-666666666.0,-222222222.0,89003
30417,-666666666.0,-222222222.0,89004
30418,31.6,5.5,89005
30419,-666666666.0,-222222222.0,89007
30420,33.3,21.1,89008
30421,-666666666.0,-222222222.0,89010
30422,33.0,5.0,89011
30423,29.2,2.7,89012
30424,-666666666.0,-222222222.0,89013
30425,34.3,2.8,89014
30426,33.3,2.9,89015
30427,-666666666.0,-222222222.0,89017
30428,28.3,9.1,89018
30429,33.3,4.4,89019
30430,22.9,2.5,89020
30431,18.8,6.7,89021
30432,-666666666.0,-222222222.0,89022
30433,19.2,28.6,89025
30434,-666666666.0,-222222222.0,89026
30435,28.7,3.6,89027
30436,39.8,6.3,89029
30437,32.9,1.8,89030
30438,34.1,4.2,89031
30439,36.4,4.0,89032
30440,18.6,38.6,89034
30441,51.0,-333333333.0,89039
30442,25.2,9.0,89040
30443,25.4,28.3,89042
30444,-666666666.0,-222222222.0,89043
30445,29.6,2.4,89044
30446,51.0,-333333333.0,89045
30447,-666666666.0,-222222222.0,89046
30448,-666666666.0,-222222222.0,89047
30449,41.8,10.5,89048
30450,29.2,17.0,89049
30451,37.8,4.9,89052
30452,-666666666.0,-222222222.0,89054
30453,28.6,3.8,89060
30454,30.2,25.3,89061
30455,-666666666.0,-222222222.0,89070
30456,33.6,2.9,89074
30457,34.9,6.0,89081
30458,31.3,4.2,89084
30459,24.2,2.7,89085
30460,36.6,6.1,89086
30461,35.3,2.3,89101
30462,34.7,3.5,89102
30463,35.4,2.3,89103
30464,37.6,3.5,89104
30465,38.2,3.7,89106
30466,35.4,4.3,89107
30467,38.4,2.8,89108
30468,39.3,9.2,89109
30469,39.2,2.6,89110
30470,31.3,5.1,89113
30471,38.0,2.2,89115
30472,36.2,3.1,89117
30473,34.1,4.2,89118
30474,34.6,1.4,89119
30475,33.3,2.4,89120
30476,37.7,1.9,89121
30477,32.3,2.2,89122
30478,33.2,2.0,89123
30479,28.3,16.2,89124
30480,34.2,2.2,89128
30481,34.0,3.6,89129
30482,36.1,5.8,89130
30483,29.6,3.2,89131
30484,31.9,5.2,89134
30485,28.0,3.1,89135
30486,29.1,5.7,89138
30487,31.1,2.3,89139
30488,29.2,3.1,89141
30489,34.3,4.1,89142
30490,27.5,5.8,89143
30491,31.1,6.2,89144
30492,36.6,2.9,89145
30493,33.2,2.7,89146
30494,33.1,2.1,89147
30495,30.4,2.4,89148
30496,32.7,3.2,89149
30497,29.5,3.6,89156
30498,24.7,18.4,89158
30499,-666666666.0,-222222222.0,89161
30500,29.3,3.8,89166
30501,41.2,2.8,89169
30502,32.1,4.9,89178
30503,29.2,15.6,89179
30504,30.9,2.4,89183
30505,-666666666.0,-222222222.0,89191
30506,16.4,9.2,89301
30507,-666666666.0,-222222222.0,89310
30508,-666666666.0,-222222222.0,89311
30509,11.9,28.6,89314
30510,-666666666.0,-222222222.0,89315
30511,51.0,-333333333.0,89316
30512,-666666666.0,-222222222.0,89317
30513,51.0,-333333333.0,89318
30514,-666666666.0,-222222222.0,89319
30515,-666666666.0,-222222222.0,89402
30516,26.7,2.1,89403
30517,-666666666.0,-222222222.0,89404
30518,-666666666.0,-222222222.0,89405
30519,24.6,4.9,89406
30520,28.0,3.4,89408
30521,-666666666.0,-222222222.0,89409
30522,41.4,6.9,89410
30523,22.7,7.2,89411
30524,-666666666.0,-222222222.0,89412
30525,-666666666.0,-222222222.0,89413
30526,-666666666.0,-222222222.0,89414
30527,17.4,2.6,89415
30528,-666666666.0,-222222222.0,89418
30529,25.1,11.0,89419
30530,-666666666.0,-222222222.0,89420
30531,-666666666.0,-222222222.0,89421
30532,-666666666.0,-222222222.0,89422
30533,38.9,9.2,89423
30534,17.5,8.1,89424
30535,-666666666.0,-222222222.0,89425
30536,-666666666.0,-222222222.0,89426
30537,19.4,5.6,89427
30538,-666666666.0,-222222222.0,89428
30539,32.2,5.9,89429
30540,-666666666.0,-222222222.0,89430
30541,28.6,2.8,89431
30542,32.0,9.6,89433
30543,32.6,5.6,89434
30544,30.7,3.0,89436
30545,-666666666.0,-222222222.0,89437
30546,-666666666.0,-222222222.0,89438
30547,48.5,17.8,89439
30548,-666666666.0,-222222222.0,89440
30549,38.8,20.4,89441
30550,15.9,5.1,89442
30551,39.3,4.9,89444
30552,23.4,4.8,89445
30553,-666666666.0,-222222222.0,89446
30554,30.3,10.0,89447
30555,39.0,3.8,89448
30556,24.4,10.1,89449
30557,-666666666.0,-222222222.0,89450
30558,24.4,3.8,89451
30559,24.3,5.6,89460
30560,-666666666.0,-222222222.0,89496
30561,38.5,7.5,89501
30562,31.1,2.1,89502
30563,33.9,2.9,89503
30564,31.5,3.4,89506
30565,18.5,8.2,89508
30566,30.4,1.7,89509
30567,-666666666.0,-222222222.0,89510
30568,30.0,3.6,89511
30569,32.3,2.1,89512
30570,31.0,5.1,89519
30571,27.4,2.4,89521
30572,30.6,2.3,89523
30573,49.4,32.8,89557
30574,28.8,1.5,89701
30575,33.7,5.2,89703
30576,51.0,-333333333.0,89704
30577,35.0,25.5,89705
30578,30.6,2.8,89706
30579,21.7,2.0,89801
30580,30.7,17.8,89815
30581,28.1,28.1,89820
30582,-666666666.0,-222222222.0,89821
30583,24.1,6.0,89822
30584,-666666666.0,-222222222.0,89823
30585,25.3,14.8,89825
30586,-666666666.0,-222222222.0,89826
30587,-666666666.0,-222222222.0,89828
30588,-666666666.0,-222222222.0,89830
30589,-666666666.0,-222222222.0,89831
30590,16.4,7.0,89832
30591,-666666666.0,-222222222.0,89833
30592,-666666666.0,-222222222.0,89834
30593,26.0,11.7,89835
30594,36.4,4.3,89883
30595,35.2,2.9,90001
30596,40.7,3.4,90002
30597,39.1,2.5,90003
30598,36.2,1.6,90004
30599,37.6,2.2,90005
30600,35.1,2.0,90006
30601,41.6,3.4,90007
30602,42.2,6.2,90008
30603,31.0,3.1,90010
30604,37.0,1.9,90011
30605,32.7,1.4,90012
30606,32.3,1.8,90013
30607,34.1,2.9,90014
30608,32.5,2.2,90015
30609,35.7,2.8,90016
30610,38.4,2.5,90017
30611,35.2,2.6,90018
30612,33.0,2.1,90019
30613,36.8,2.6,90020
30614,44.5,15.7,90021
30615,30.2,2.2,90022
30616,33.9,1.8,90023
30617,51.0,-333333333.0,90024
30618,31.9,1.5,90025
30619,29.9,1.5,90026
30620,30.4,1.6,90027
30621,35.2,3.3,90028
30622,34.8,1.9,90029
30623,36.3,3.3,90031
30624,31.1,2.6,90032
30625,32.2,1.7,90033
30626,29.3,1.1,90034
30627,33.4,2.4,90035
30628,32.6,1.5,90036
30629,34.4,1.6,90037
30630,34.7,2.3,90038
30631,32.1,2.9,90039
30632,35.7,8.2,90040
30633,30.0,3.2,90041
30634,30.7,1.9,90042
30635,43.9,6.3,90043
30636,42.7,3.3,90044
30637,34.6,3.1,90045
30638,29.9,1.8,90046
30639,47.1,4.8,90047
30640,34.5,3.1,90048
30641,27.5,2.2,90049
30642,-666666666.0,-222222222.0,90052
30643,25.8,8.4,90056
30644,36.2,3.4,90057
30645,35.6,4.4,90058
30646,40.4,4.9,90059
30647,39.1,3.6,90061
30648,36.9,3.6,90062
30649,29.2,1.7,90063
30650,32.5,4.7,90064
30651,31.9,2.2,90065
30652,27.7,1.0,90066
30653,46.4,14.7,90067
30654,36.9,2.8,90068
30655,30.2,2.8,90069
30656,-666666666.0,-222222222.0,90071
30657,-666666666.0,-222222222.0,90073
30658,27.5,38.4,90077
30659,-666666666.0,-222222222.0,90079
30660,-666666666.0,-222222222.0,90089
30661,31.8,4.4,90094
30662,-666666666.0,-222222222.0,90095
30663,36.3,1.7,90201
30664,41.3,16.2,90210
30665,33.5,8.9,90211
30666,31.9,4.7,90212
30667,36.6,3.6,90220
30668,35.1,3.4,90221
30669,33.6,2.3,90222
30670,32.1,2.3,90230
30671,28.9,3.5,90232
30672,34.2,5.0,90240
30673,32.1,2.3,90241
30674,35.3,2.3,90242
30675,25.1,2.2,90245
30676,32.7,3.1,90247
30677,26.3,5.6,90248
30678,34.6,3.5,90249
30679,35.0,1.8,90250
30680,27.1,3.8,90254
30681,34.6,1.9,90255
30682,33.0,2.2,90260
30683,35.2,2.7,90262
30684,-666666666.0,-222222222.0,90263
30685,28.4,17.6,90265
30686,24.4,2.9,90266
30687,33.4,3.2,90270
30688,38.5,16.2,90272
30689,35.4,7.5,90274
30690,29.3,3.3,90275
30691,31.2,3.0,90277
30692,26.2,1.9,90278
30693,32.7,2.3,90280
30694,39.9,29.6,90290
30695,30.7,1.9,90291
30696,29.7,3.5,90292
30697,29.0,3.3,90293
30698,34.6,3.1,90301
30699,35.5,2.2,90302
30700,36.5,1.9,90303
30701,37.5,4.1,90304
30702,35.7,4.0,90305
30703,28.1,2.5,90401
30704,19.7,11.6,90402
30705,26.5,2.1,90403
30706,28.2,2.7,90404
30707,28.2,3.2,90405
30708,34.1,1.9,90501
30709,34.7,5.1,90502
30710,29.5,1.8,90503
30711,33.4,3.6,90504
30712,33.3,3.6,90505
30713,-666666666.0,-222222222.0,90506
30714,32.2,3.7,90601
30715,36.3,2.1,90602
30716,31.3,3.5,90603
30717,30.8,2.2,90604
30718,31.4,3.5,90605
30719,32.3,2.7,90606
30720,37.4,5.3,90620
30721,30.9,3.5,90621
30722,37.1,4.5,90623
30723,32.8,2.9,90630
30724,31.2,2.3,90631
30725,33.5,2.4,90638
30726,-666666666.0,-222222222.0,90639
30727,35.2,2.2,90640
30728,34.9,2.7,90650
30729,35.4,2.9,90660
30730,32.0,2.2,90670
30731,35.0,4.5,90680
30732,29.1,4.6,90701
30733,23.2,2.2,90703
30734,31.1,3.6,90704
30735,34.5,1.8,90706
30736,33.5,2.8,90710
30737,28.6,2.6,90712
30738,29.5,3.0,90713
30739,32.3,2.6,90715
30740,31.8,4.0,90716
30741,31.1,3.8,90717
30742,34.3,3.1,90720
30743,34.5,2.9,90723
30744,34.5,2.2,90731
30745,32.9,3.9,90732
30746,33.4,4.9,90740
30747,24.8,17.0,90742
30748,16.9,36.7,90743
30749,37.9,2.2,90744
30750,32.7,2.9,90745
30751,31.1,15.9,90746
30752,-666666666.0,-222222222.0,90747
30753,25.1,4.8,90755
30754,34.4,1.8,90802
30755,26.3,2.8,90803
30756,34.7,2.2,90804
30757,34.7,2.1,90805
30758,32.5,2.9,90806
30759,34.5,5.3,90807
30760,29.9,2.8,90808
30761,29.1,1.8,90810
30762,36.2,2.4,90813
30763,28.8,3.1,90814
30764,29.9,2.8,90815
30765,-666666666.0,-222222222.0,90822
30766,-666666666.0,-222222222.0,90831
30767,-666666666.0,-222222222.0,90840
30768,40.0,4.2,91001
30769,33.2,6.7,91006
30770,35.0,3.0,91007
30771,51.0,-333333333.0,91008
30772,31.5,5.5,91010
30773,29.1,11.2,91011
30774,31.7,1.9,91016
30775,37.3,6.5,91020
30776,26.5,7.1,91024
30777,28.1,3.1,91030
30778,36.1,5.6,91040
30779,41.1,4.5,91042
30780,29.3,30.8,91046
30781,30.7,1.9,91101
30782,37.0,2.9,91103
30783,30.5,2.6,91104
30784,26.6,2.7,91105
30785,32.6,3.1,91106
30786,32.4,2.6,91107
30787,27.8,11.6,91108
30788,-666666666.0,-222222222.0,91125
30789,37.8,4.1,91201
30790,38.6,5.0,91202
30791,37.2,4.0,91203
30792,35.8,2.5,91204
30793,39.1,3.7,91205
30794,38.2,4.0,91206
30795,51.0,-333333333.0,91207
30796,34.5,5.6,91208
30797,51.0,-333333333.0,91210
30798,29.8,7.0,91214
30799,39.2,7.9,91301
30800,47.7,11.1,91302
30801,35.3,4.2,91303
30802,37.7,2.1,91304
30803,38.9,2.6,91306
30804,33.6,5.4,91307
30805,32.7,3.6,91311
30806,35.5,3.6,91316
30807,31.2,3.3,91320
30808,38.9,3.1,91321
30809,39.1,4.6,91324
30810,39.5,3.8,91325
30811,43.1,12.5,91326
30812,-666666666.0,-222222222.0,91330
30813,37.2,2.3,91331
30814,39.6,2.4,91335
30815,38.0,4.9,91340
30816,39.8,3.5,91342
30817,39.7,2.6,91343
30818,36.5,3.3,91344
30819,41.3,5.3,91345
30820,42.5,9.8,91350
30821,31.8,5.1,91351
30822,36.7,1.8,91352
30823,34.2,5.4,91354
30824,34.4,4.2,91355
30825,36.1,3.9,91356
30826,34.6,6.3,91360
30827,29.9,3.9,91361
30828,33.5,3.3,91362
30829,38.7,4.3,91364
30830,34.0,3.1,91367
30831,-666666666.0,-222222222.0,91371
30832,29.6,5.4,91377
30833,33.5,3.1,91381
30834,44.1,5.3,91384
30835,34.6,4.6,91387
30836,44.8,7.6,91390
30837,36.4,3.4,91401
30838,42.4,2.5,91402
30839,31.9,2.5,91403
30840,41.0,2.2,91405
30841,37.2,2.3,91406
30842,37.2,5.3,91411
30843,32.6,2.7,91423
30844,44.0,12.0,91436
30845,42.4,6.0,91501
30846,34.6,3.5,91502
30847,36.5,5.4,91504
30848,30.6,2.3,91505
30849,34.8,11.8,91506
30850,35.3,2.0,91601
30851,34.3,2.1,91602
30852,29.7,2.8,91604
30853,38.9,2.6,91605
30854,38.1,3.1,91606
30855,35.1,3.1,91607
30856,-666666666.0,-222222222.0,91608
30857,36.2,3.6,91701
30858,31.9,1.9,91702
30859,33.3,2.0,91706
30860,42.5,11.2,91708
30861,34.5,3.0,91709
30862,32.7,2.0,91710
30863,35.0,4.2,91711
30864,29.5,2.3,91722
30865,30.1,4.0,91723
30866,33.0,3.0,91724
30867,34.6,2.3,91730
30868,35.8,3.1,91731
30869,34.5,3.0,91732
30870,36.6,2.6,91733
30871,28.5,4.8,91737
30872,32.1,2.3,91739
30873,33.3,2.5,91740
30874,30.8,3.6,91741
30875,31.5,2.6,91744
30876,30.8,3.0,91745
30877,38.8,5.7,91746
30878,36.2,4.1,91748
30879,31.4,3.4,91750
30880,37.3,3.2,91752
30881,33.0,2.4,91754
30882,40.5,6.1,91755
30883,17.7,0.6,91759
30884,36.6,3.4,91761
30885,35.4,3.0,91762
30886,36.4,3.2,91763
30887,37.0,3.5,91764
30888,41.2,7.7,91765
30889,35.4,2.1,91766
30890,34.9,4.0,91767
30891,37.1,3.7,91768
30892,34.9,2.1,91770
30893,38.6,5.6,91773
30894,32.0,4.1,91775
30895,30.5,2.6,91776
30896,33.6,3.7,91780
30897,28.7,3.1,91784
30898,31.7,2.0,91786
30899,35.3,4.3,91789
30900,32.7,2.6,91790
30901,34.2,3.9,91791
30902,33.1,3.7,91792
30903,30.8,1.5,91801
30904,33.1,4.2,91803
30905,32.8,6.3,91901
30906,33.2,10.3,91902
30907,31.0,34.8,91905
30908,42.2,29.6,91906
30909,34.8,2.3,91910
30910,37.1,2.1,91911
30911,34.6,4.4,91913
30912,22.0,15.5,91914
30913,41.7,10.9,91915
30914,30.0,7.4,91916
30915,51.0,-333333333.0,91917
30916,-666666666.0,-222222222.0,91931
30917,33.8,1.7,91932
30918,42.4,12.9,91934
30919,51.0,-333333333.0,91935
30920,35.4,3.2,91941
30921,35.2,2.7,91942
30922,36.2,3.6,91945
30923,-666666666.0,-222222222.0,91948
30924,35.4,2.6,91950
30925,-666666666.0,-222222222.0,91962
30926,-666666666.0,-222222222.0,91963
30927,33.5,2.8,91977
30928,29.8,8.2,91978
30929,-666666666.0,-222222222.0,91980
30930,39.3,14.1,92003
30931,14.5,14.4,92004
30932,27.6,7.2,92007
30933,35.1,4.2,92008
30934,33.9,5.9,92009
30935,39.4,7.0,92010
30936,30.9,4.2,92011
30937,23.1,3.7,92014
30938,40.4,6.4,92019
30939,39.5,2.8,92020
30940,42.6,3.9,92021
30941,31.1,2.3,92024
30942,38.8,2.6,92025
30943,34.6,4.3,92026
30944,35.2,3.3,92027
30945,32.1,3.2,92028
30946,34.6,5.4,92029
30947,41.0,29.5,92036
30948,32.1,1.9,92037
30949,33.2,3.9,92040
30950,35.5,2.3,92054
30951,-666666666.0,-222222222.0,92055
30952,34.1,1.4,92056
30953,33.0,2.3,92057
30954,44.9,3.4,92058
30955,22.9,14.5,92059
30956,-666666666.0,-222222222.0,92060
30957,20.5,18.7,92061
30958,32.7,2.9,92064
30959,30.9,5.4,92065
30960,51.0,-333333333.0,92066
30961,33.5,8.6,92067
30962,38.4,4.1,92069
30963,36.0,4.6,92070
30964,40.2,2.8,92071
30965,31.1,8.4,92075
30966,34.7,3.6,92078
30967,34.3,4.4,92081
30968,37.8,10.4,92082
30969,34.3,1.4,92083
30970,34.8,3.8,92084
30971,51.0,-333333333.0,92086
30972,51.0,-333333333.0,92091
30973,-666666666.0,-222222222.0,92092
30974,-666666666.0,-222222222.0,92093
30975,-666666666.0,-222222222.0,92096
30976,31.2,1.4,92101
30977,35.6,2.3,92102
30978,28.8,1.4,92103
30979,29.6,1.5,92104
30980,35.0,1.7,92105
30981,37.9,5.9,92106
30982,32.5,2.2,92107
30983,33.5,2.8,92108
30984,27.9,1.4,92109
30985,30.1,2.1,92110
30986,32.6,1.9,92111
30987,36.0,2.7,92113
30988,33.5,1.6,92114
30989,38.7,3.0,92115
30990,29.3,1.0,92116
30991,34.7,2.4,92117
30992,35.9,3.6,92118
30993,29.9,3.7,92119
30994,35.5,3.9,92120
30995,34.2,6.1,92121
30996,34.2,2.6,92122
30997,31.9,2.8,92123
30998,37.8,3.1,92124
30999,29.3,1.2,92126
31000,33.3,4.2,92127
31001,31.2,2.9,92128
31002,33.3,2.5,92129
31003,30.7,2.6,92130
31004,31.2,2.2,92131
31005,-666666666.0,-222222222.0,92132
31006,-666666666.0,-222222222.0,92134
31007,-666666666.0,-222222222.0,92135
31008,-666666666.0,-222222222.0,92136
31009,39.8,7.2,92139
31010,-666666666.0,-222222222.0,92140
31011,-666666666.0,-222222222.0,92145
31012,-666666666.0,-222222222.0,92147
31013,37.2,2.8,92154
31014,-666666666.0,-222222222.0,92155
31015,-666666666.0,-222222222.0,92161
31016,34.6,2.5,92173
31017,-666666666.0,-222222222.0,92179
31018,-666666666.0,-222222222.0,92182
31019,33.0,1.7,92201
31020,32.9,4.5,92203
31021,39.2,3.4,92210
31022,36.1,4.7,92211
31023,36.2,4.5,92220
31024,-666666666.0,-222222222.0,92222
31025,32.6,2.5,92223
31026,32.7,3.7,92225
31027,29.5,3.0,92227
31028,49.9,27.5,92230
31029,36.0,4.3,92231
31030,31.6,33.2,92233
31031,35.8,3.0,92234
31032,31.8,4.3,92236
31033,22.5,18.2,92239
31034,37.7,5.5,92240
31035,37.1,6.0,92241
31036,33.0,31.2,92242
31037,31.9,2.6,92243
31038,28.4,4.3,92249
31039,25.7,5.7,92250
31040,29.3,2.7,92251
31041,35.1,19.4,92252
31042,34.2,5.1,92253
31043,25.8,2.9,92254
31044,28.2,12.6,92256
31045,51.0,-333333333.0,92257
31046,33.4,16.2,92258
31047,-666666666.0,-222222222.0,92259
31048,37.6,2.7,92260
31049,38.9,4.8,92262
31050,36.7,2.6,92264
31051,31.7,5.2,92266
31052,-666666666.0,-222222222.0,92267
31053,51.0,-333333333.0,92268
31054,42.5,6.8,92270
31055,26.9,5.5,92273
31056,29.3,4.6,92274
31057,27.3,27.4,92275
31058,34.7,17.8,92276
31059,31.2,2.6,92277
31060,-666666666.0,-222222222.0,92278
31061,-666666666.0,-222222222.0,92280
31062,33.5,11.2,92281
31063,28.8,4.8,92282
31064,28.4,7.8,92283
31065,37.7,7.8,92284
31066,29.1,29.2,92285
31067,36.5,7.0,92301
31068,-666666666.0,-222222222.0,92304
31069,-666666666.0,-222222222.0,92305
31070,36.3,3.6,92307
31071,37.7,3.8,92308
31072,33.5,6.1,92309
31073,28.3,3.4,92310
31074,28.4,5.2,92311
31075,34.7,7.1,92313
31076,34.0,14.2,92314
31077,36.7,5.4,92315
31078,30.3,5.1,92316
31079,19.4,29.2,92317
31080,27.5,1.3,92320
31081,24.1,8.3,92321
31082,-666666666.0,-222222222.0,92322
31083,33.5,2.9,92324
31084,30.9,8.7,92325
31085,51.0,-333333333.0,92327
31086,9.0,-333333333.0,92328
31087,-666666666.0,-222222222.0,92332
31088,51.0,-333333333.0,92333
31089,33.3,1.6,92335
31090,32.4,3.8,92336
31091,27.4,2.8,92337
31092,-666666666.0,-222222222.0,92338
31093,34.9,7.4,92339
31094,-666666666.0,-222222222.0,92341
31095,21.2,7.5,92342
31096,27.7,4.2,92344
31097,35.7,3.9,92345
31098,39.1,3.3,92346
31099,26.4,57.4,92347
31100,-666666666.0,-222222222.0,92350
31101,34.1,8.8,92352
31102,33.2,2.8,92354
31103,51.0,-333333333.0,92356
31104,-666666666.0,-222222222.0,92358
31105,51.0,-333333333.0,92359
31106,33.5,8.1,92363
31107,-666666666.0,-222222222.0,92364
31108,29.3,25.4,92365
31109,20.1,6.0,92368
31110,-666666666.0,-222222222.0,92369
31111,51.0,-333333333.0,92371
31112,36.4,10.9,92372
31113,29.5,2.5,92373
31114,30.9,2.0,92374
31115,34.3,3.1,92376
31116,32.9,4.7,92377
31117,19.9,90.5,92378
31118,51.0,-333333333.0,92382
31119,-666666666.0,-222222222.0,92384
31120,-666666666.0,-222222222.0,92385
31121,46.6,23.2,92386
31122,-666666666.0,-222222222.0,92389
31123,42.5,8.3,92391
31124,38.5,9.6,92392
31125,42.5,12.6,92394
31126,38.3,4.6,92395
31127,39.5,24.9,92397
31128,13.3,1.6,92398
31129,31.2,2.9,92399
31130,40.4,26.9,92401
31131,40.3,3.1,92404
31132,44.2,3.2,92405
31133,32.5,2.9,92407
31134,36.7,3.5,92408
31135,35.5,2.6,92410
31136,38.5,6.3,92411
31137,-666666666.0,-222222222.0,92415
31138,29.4,3.5,92501
31139,34.6,1.8,92503
31140,34.9,3.7,92504
31141,34.1,2.6,92505
31142,32.0,4.1,92506
31143,35.2,1.9,92507
31144,27.2,3.4,92508
31145,32.6,2.6,92509
31146,28.8,6.8,92518
31147,-666666666.0,-222222222.0,92521
31148,34.7,2.6,92530
31149,38.7,7.7,92532
31150,16.3,2.6,92536
31151,27.5,22.4,92539
31152,38.4,5.8,92543
31153,34.4,3.9,92544
31154,39.5,5.5,92545
31155,27.4,13.6,92548
31156,41.6,14.2,92549
31157,34.0,4.0,92551
31158,39.4,3.5,92553
31159,28.5,4.1,92555
31160,37.5,4.3,92557
31161,19.2,53.1,92561
31162,36.3,2.4,92562
31163,30.1,3.7,92563
31164,34.6,20.7,92567
31165,33.1,4.1,92570
31166,34.0,2.9,92571
31167,51.0,-333333333.0,92582
31168,36.9,5.7,92583
31169,37.7,2.4,92584
31170,44.2,8.2,92585
31171,48.2,11.0,92586
31172,34.0,10.0,92587
31173,29.8,3.7,92590
31174,33.5,2.7,92591
31175,32.9,2.0,92592
31176,28.5,5.6,92595
31177,29.4,10.6,92596
31178,28.3,2.1,92602
31179,29.4,6.3,92603
31180,33.0,2.3,92604
31181,28.9,3.9,92606
31182,28.3,12.7,92610
31183,35.4,2.9,92612
31184,30.6,3.2,92614
31185,40.9,20.1,92617
31186,31.7,2.2,92618
31187,30.7,2.3,92620
31188,27.8,3.8,92624
31189,32.5,7.1,92625
31190,32.6,1.7,92626
31191,30.1,1.5,92627
31192,34.8,4.9,92629
31193,34.6,2.0,92630
31194,51.0,-333333333.0,92637
31195,31.4,3.4,92646
31196,33.0,2.2,92647
31197,30.0,2.5,92648
31198,30.4,2.4,92649
31199,36.5,3.4,92651
31200,34.6,2.2,92653
31201,34.5,7.0,92655
31202,32.1,1.7,92656
31203,33.5,9.2,92657
31204,35.4,4.6,92660
31205,15.4,5.7,92661
31206,22.3,18.3,92662
31207,31.7,4.2,92663
31208,33.5,2.4,92672
31209,44.3,9.1,92673
31210,29.6,4.0,92675
31211,36.0,15.5,92676
31212,34.5,3.6,92677
31213,-666666666.0,-222222222.0,92678
31214,34.1,4.4,92679
31215,37.0,3.0,92683
31216,33.9,4.1,92688
31217,33.2,4.1,92691
31218,34.6,5.1,92692
31219,37.7,6.3,92694
31220,-666666666.0,-222222222.0,92697
31221,32.9,2.0,92701
31222,33.7,2.9,92703
31223,31.1,1.9,92704
31224,34.3,3.7,92705
31225,31.8,3.6,92706
31226,28.9,1.9,92707
31227,38.8,2.3,92708
31228,35.1,2.9,92780
31229,35.5,4.2,92782
31230,35.8,2.2,92801
31231,35.3,3.9,92802
31232,43.1,3.1,92804
31233,32.8,2.9,92805
31234,35.4,2.1,92806
31235,35.1,5.5,92807
31236,31.1,4.7,92808
31237,30.9,1.7,92821
31238,36.1,5.3,92823
31239,37.4,4.3,92831
31240,36.1,2.9,92832
31241,35.0,3.6,92833
31242,37.7,2.7,92835
31243,32.0,2.0,92840
31244,39.2,2.8,92841
31245,34.3,2.0,92843
31246,38.1,3.2,92844
31247,31.9,5.8,92845
31248,29.4,4.5,92860
31249,33.4,7.2,92861
31250,31.0,3.3,92865
31251,33.8,6.5,92866
31252,33.7,2.7,92867
31253,30.4,2.6,92868
31254,30.0,3.3,92869
31255,34.2,3.3,92870
31256,34.9,2.9,92879
31257,28.4,3.9,92880
31258,31.4,3.5,92881
31259,33.6,1.4,92882
31260,36.8,5.2,92883
31261,34.8,9.1,92886
31262,28.7,2.4,92887
31263,32.7,1.8,93001
31264,35.3,2.3,93003
31265,32.4,3.7,93004
31266,39.5,3.2,93010
31267,34.1,4.2,93012
31268,36.1,4.2,93013
31269,35.4,9.0,93015
31270,30.6,4.5,93021
31271,30.5,4.2,93022
31272,35.0,3.8,93023
31273,31.8,3.2,93030
31274,34.6,3.0,93033
31275,35.7,3.6,93035
31276,35.7,2.4,93036
31277,29.6,9.1,93040
31278,36.8,4.9,93041
31279,-666666666.0,-222222222.0,93042
31280,-666666666.0,-222222222.0,93043
31281,33.0,2.4,93060
31282,32.4,2.1,93063
31283,-666666666.0,-222222222.0,93064
31284,39.4,3.4,93065
31285,42.5,9.0,93066
31286,39.4,10.1,93067
31287,34.8,2.3,93101
31288,30.2,4.4,93103
31289,32.7,3.4,93105
31290,49.0,22.8,93106
31291,30.6,9.2,93108
31292,43.4,8.3,93109
31293,24.3,1.9,93110
31294,30.7,2.5,93111
31295,42.6,4.3,93117
31296,37.4,9.2,93201
31297,28.5,20.0,93202
31298,36.4,4.8,93203
31299,29.2,6.7,93204
31300,37.3,32.3,93205
31301,35.1,13.6,93206
31302,-666666666.0,-222222222.0,93207
31303,-666666666.0,-222222222.0,93208
31304,23.9,3.3,93210
31305,29.6,4.2,93212
31306,29.0,4.4,93215
31307,44.4,36.9,93218
31308,26.7,6.1,93219
31309,-666666666.0,-222222222.0,93220
31310,25.5,4.4,93221
31311,40.7,26.1,93222
31312,36.0,8.2,93223
31313,34.0,47.2,93224
31314,38.7,12.3,93225
31315,-666666666.0,-222222222.0,93226
31316,-666666666.0,-222222222.0,93227
31317,28.8,2.3,93230
31318,22.9,9.8,93234
31319,23.2,7.4,93235
31320,-666666666.0,-222222222.0,93237
31321,51.0,-333333333.0,93238
31322,27.7,1.5,93239
31323,43.9,5.9,93240
31324,38.0,5.3,93241
31325,29.2,21.1,93242
31326,51.0,-333333333.0,93243
31327,-666666666.0,-222222222.0,93244
31328,30.9,3.2,93245
31329,-666666666.0,-222222222.0,93246
31330,27.1,6.3,93247
31331,26.3,9.6,93249
31332,36.3,6.3,93250
31333,18.1,4.6,93251
31334,29.2,4.5,93252
31335,-666666666.0,-222222222.0,93254
31336,51.0,-333333333.0,93255
31337,29.3,3.5,93256
31338,32.7,4.1,93257
31339,24.4,5.3,93258
31340,-666666666.0,-222222222.0,93260
31341,29.3,9.5,93261
31342,-666666666.0,-222222222.0,93262
31343,30.0,5.9,93263
31344,26.9,6.8,93265
31345,32.0,9.4,93266
31346,27.9,9.6,93267
31347,33.4,4.9,93268
31348,21.6,9.6,93270
31349,22.4,1.9,93271
31350,28.6,9.8,93272
31351,31.9,2.5,93274
31352,51.0,-333333333.0,93276
31353,31.6,2.1,93277
31354,34.3,3.6,93280
31355,51.0,-333333333.0,93283
31356,21.3,35.7,93285
31357,35.0,5.9,93286
31358,-666666666.0,-222222222.0,93287
31359,28.6,3.2,93291
31360,27.5,2.4,93292
31361,38.3,4.7,93301
31362,36.3,2.4,93304
31363,38.3,2.4,93305
31364,38.6,3.9,93306
31365,32.7,2.4,93307
31366,33.0,2.8,93308
31367,32.8,2.4,93309
31368,27.9,2.9,93311
31369,28.9,2.7,93312
31370,39.1,3.8,93313
31371,31.5,4.9,93314
31372,34.1,3.1,93401
31373,29.4,6.1,93402
31374,51.0,-333333333.0,93405
31375,-666666666.0,-222222222.0,93407
31376,-666666666.0,-222222222.0,93408
31377,-666666666.0,-222222222.0,93409
31378,-666666666.0,-222222222.0,93410
31379,31.9,2.5,93420
31380,31.7,5.3,93422
31381,-666666666.0,-222222222.0,93424
31382,21.8,23.0,93426
31383,30.9,3.7,93427
31384,42.2,12.7,93428
31385,14.6,41.1,93429
31386,30.4,4.8,93430
31387,9.0,-333333333.0,93432
31388,30.5,4.7,93433
31389,40.9,7.5,93434
31390,31.6,2.6,93436
31391,41.1,3.9,93437
31392,23.2,4.7,93440
31393,50.0,46.0,93441
31394,29.9,3.2,93442
31395,31.7,6.0,93444
31396,28.0,13.5,93445
31397,33.2,2.5,93446
31398,30.0,4.9,93449
31399,47.5,10.3,93450
31400,28.9,16.0,93451
31401,19.7,26.0,93452
31402,41.2,15.1,93453
31403,36.0,3.8,93454
31404,33.3,3.1,93455
31405,36.0,3.0,93458
31406,29.4,20.7,93460
31407,29.4,26.1,93461
31408,25.8,6.6,93463
31409,33.6,8.7,93465
31410,30.0,9.5,93501
31411,43.2,12.3,93505
31412,41.4,22.7,93510
31413,-666666666.0,-222222222.0,93512
31414,24.2,11.1,93513
31415,24.9,5.7,93514
31416,31.5,6.9,93516
31417,-666666666.0,-222222222.0,93517
31418,51.0,-333333333.0,93518
31419,-666666666.0,-222222222.0,93519
31420,-666666666.0,-222222222.0,93522
31421,35.1,8.7,93523
31422,-666666666.0,-222222222.0,93524
31423,20.4,16.4,93526
31424,51.0,-333333333.0,93527
31425,-666666666.0,-222222222.0,93528
31426,-666666666.0,-222222222.0,93529
31427,-666666666.0,-222222222.0,93530
31428,-666666666.0,-222222222.0,93531
31429,42.7,5.0,93532
31430,36.9,3.4,93534
31431,38.5,5.0,93535
31432,34.4,3.7,93536
31433,-666666666.0,-222222222.0,93541
31434,45.0,8.3,93543
31435,-666666666.0,-222222222.0,93544
31436,36.8,31.0,93545
31437,29.4,4.6,93546
31438,19.2,3.6,93549
31439,40.7,5.1,93550
31440,32.3,4.8,93551
31441,43.4,3.9,93552
31442,-666666666.0,-222222222.0,93553
31443,-666666666.0,-222222222.0,93554
31444,25.6,2.9,93555
31445,-666666666.0,-222222222.0,93558
31446,33.8,7.4,93560
31447,29.1,3.3,93561
31448,19.2,8.2,93562
31449,-666666666.0,-222222222.0,93563
31450,-666666666.0,-222222222.0,93581
31451,51.0,-333333333.0,93591
31452,-666666666.0,-222222222.0,93601
31453,13.7,5.2,93602
31454,-666666666.0,-222222222.0,93603
31455,-666666666.0,-222222222.0,93604
31456,-666666666.0,-222222222.0,93605
31457,51.0,-333333333.0,93606
31458,24.3,11.0,93608
31459,28.7,8.7,93609
31460,28.9,5.8,93610
31461,35.2,3.4,93611
31462,32.4,3.4,93612
31463,32.4,11.4,93614
31464,30.1,20.4,93615
31465,40.2,14.8,93616
31466,37.1,8.0,93618
31467,26.0,2.8,93619
31468,28.3,2.6,93620
31469,-666666666.0,-222222222.0,93621
31470,30.4,4.3,93622
31471,-666666666.0,-222222222.0,93623
31472,20.9,6.2,93624
31473,28.6,6.7,93625
31474,17.5,74.6,93626
31475,-666666666.0,-222222222.0,93627
31476,12.5,1.9,93628
31477,29.8,8.3,93630
31478,29.5,5.6,93631
31479,-666666666.0,-222222222.0,93633
31480,-666666666.0,-222222222.0,93634
31481,35.3,3.4,93635
31482,23.1,6.8,93636
31483,34.3,4.3,93637
31484,36.7,3.0,93638
31485,29.6,5.6,93640
31486,-666666666.0,-222222222.0,93641
31487,29.4,24.5,93643
31488,32.0,9.8,93644
31489,-666666666.0,-222222222.0,93645
31490,43.1,9.3,93646
31491,33.3,6.6,93647
31492,32.1,3.4,93648
31493,34.5,10.6,93650
31494,19.4,3.6,93651
31495,51.0,-333333333.0,93652
31496,44.1,11.0,93653
31497,35.0,3.9,93654
31498,21.4,9.1,93656
31499,33.6,2.0,93657
31500,23.7,5.1,93660
31501,29.0,3.4,93662
31502,-666666666.0,-222222222.0,93664
31503,-666666666.0,-222222222.0,93665
31504,25.5,5.8,93666
31505,28.1,3.1,93667
31506,27.8,1.4,93668
31507,-666666666.0,-222222222.0,93669
31508,-666666666.0,-222222222.0,93670
31509,45.0,36.7,93673
31510,44.6,25.0,93675
31511,36.1,7.2,93701
31512,37.5,4.1,93702
31513,38.5,4.4,93703
31514,35.5,5.3,93704
31515,35.5,2.6,93705
31516,39.7,4.3,93706
31517,33.6,1.6,93710
31518,28.1,2.1,93711
31519,29.8,2.2,93720
31520,33.0,4.9,93721
31521,33.8,3.0,93722
31522,29.4,6.0,93723
31523,31.5,3.7,93725
31524,36.1,3.8,93726
31525,33.8,3.0,93727
31526,31.7,4.2,93728
31527,30.2,14.8,93730
31528,29.9,14.0,93737
31529,-666666666.0,-222222222.0,93740
31530,-666666666.0,-222222222.0,93741
31531,29.5,2.8,93901
31532,33.2,2.2,93905
31533,32.9,3.0,93906
31534,32.6,2.2,93907
31535,28.4,13.2,93908
31536,23.4,16.7,93920
31537,32.9,12.8,93921
31538,39.5,13.8,93923
31539,27.7,7.0,93924
31540,28.3,12.8,93925
31541,33.4,10.4,93926
31542,28.0,2.9,93927
31543,-666666666.0,-222222222.0,93928
31544,36.5,4.1,93930
31545,-666666666.0,-222222222.0,93932
31546,29.5,1.8,93933
31547,32.7,1.8,93940
31548,-666666666.0,-222222222.0,93943
31549,-666666666.0,-222222222.0,93944
31550,33.4,1.8,93950
31551,26.5,13.6,93953
31552,45.0,43.2,93954
31553,38.6,3.7,93955
31554,33.2,6.4,93960
31555,-666666666.0,-222222222.0,93962
31556,26.4,3.1,94002
31557,18.5,6.9,94005
31558,27.6,2.4,94010
31559,32.7,2.5,94014
31560,35.2,4.0,94015
31561,36.2,12.6,94018
31562,27.2,2.2,94019
31563,37.9,22.8,94020
31564,-666666666.0,-222222222.0,94021
31565,25.4,4.5,94022
31566,25.5,4.5,94024
31567,28.6,2.1,94025
31568,18.5,2.7,94027
31569,51.0,-333333333.0,94028
31570,29.8,4.3,94030
31571,15.5,7.4,94037
31572,-666666666.0,-222222222.0,94038
31573,24.7,2.5,94040
31574,23.1,2.5,94041
31575,21.2,1.8,94043
31576,30.6,2.5,94044
31577,16.1,8.1,94060
31578,35.0,5.1,94061
31579,25.9,2.7,94062
31580,29.5,1.9,94063
31581,24.0,1.3,94065
31582,31.9,4.7,94066
31583,26.1,2.1,94070
31584,-666666666.0,-222222222.0,94074
31585,30.9,2.3,94080
31586,20.8,1.8,94085
31587,23.4,1.4,94086
31588,23.4,1.4,94087
31589,22.0,2.4,94089
31590,28.6,1.2,94102
31591,25.2,1.8,94103
31592,22.1,16.6,94104
31593,20.9,2.7,94105
31594,25.0,2.3,94107
31595,27.6,2.9,94108
31596,27.0,1.0,94109
31597,23.2,0.9,94110
31598,20.5,3.6,94111
31599,29.6,2.0,94112
31600,21.8,1.5,94114
31601,23.9,1.1,94115
31602,23.5,2.4,94116
31603,22.6,1.2,94117
31604,22.5,1.2,94118
31605,26.9,1.4,94121
31606,25.5,2.4,94122
31607,20.8,1.6,94123
31608,32.5,3.0,94124
31609,22.6,2.7,94127
31610,-666666666.0,-222222222.0,94128
31611,24.9,3.1,94129
31612,27.4,5.4,94130
31613,23.2,1.4,94131
31614,34.2,5.5,94132
31615,25.5,2.1,94133
31616,27.7,3.9,94134
31617,23.3,4.0,94158
31618,-666666666.0,-222222222.0,94188
31619,24.7,2.9,94301
31620,31.4,2.4,94303
31621,28.4,2.9,94304
31622,42.4,3.9,94305
31623,28.5,4.5,94306
31624,31.2,3.7,94401
31625,27.6,2.6,94402
31626,27.4,2.1,94403
31627,25.5,2.1,94404
31628,28.4,1.5,94501
31629,20.8,3.5,94502
31630,39.3,7.9,94503
31631,51.0,-333333333.0,94505
31632,33.5,4.1,94506
31633,32.5,10.3,94507
31634,28.6,19.2,94508
31635,37.2,2.3,94509
31636,35.7,7.1,94510
31637,51.0,-333333333.0,94511
31638,-666666666.0,-222222222.0,94512
31639,33.2,3.3,94513
31640,28.6,27.6,94514
31641,28.1,4.7,94515
31642,14.0,19.2,94516
31643,33.0,2.8,94517
31644,41.9,5.4,94518
31645,33.8,3.9,94519
31646,35.8,2.9,94520
31647,35.9,3.8,94521
31648,34.8,4.4,94523
31649,35.9,12.0,94525
31650,30.6,4.4,94526
31651,-666666666.0,-222222222.0,94528
31652,30.0,2.4,94530
31653,37.5,2.3,94531
31654,39.7,2.9,94533
31655,36.9,4.1,94534
31656,46.3,4.7,94535
31657,28.4,1.7,94536
31658,27.9,1.2,94538
31659,24.3,1.8,94539
31660,30.7,2.2,94541
31661,31.6,3.2,94542
31662,32.3,1.8,94544
31663,32.5,3.7,94545
31664,32.6,3.4,94546
31665,34.0,5.7,94547
31666,-666666666.0,-222222222.0,94548
31667,24.1,2.3,94549
31668,30.5,2.4,94550
31669,36.0,4.0,94551
31670,46.3,24.6,94552
31671,28.3,1.8,94553
31672,24.0,2.4,94555
31673,38.9,16.5,94556
31674,32.6,2.1,94558
31675,32.0,2.0,94559
31676,28.0,2.1,94560
31677,31.5,3.7,94561
31678,-666666666.0,-222222222.0,94562
31679,28.7,2.9,94563
31680,47.8,14.4,94564
31681,36.7,3.4,94565
31682,31.9,3.8,94566
31683,51.0,-333333333.0,94567
31684,26.8,1.9,94568
31685,-666666666.0,-222222222.0,94569
31686,26.7,3.7,94571
31687,28.9,9.6,94572
31688,-666666666.0,-222222222.0,94573
31689,36.0,8.0,94574
31690,-666666666.0,-222222222.0,94575
31691,-666666666.0,-222222222.0,94576
31692,31.5,2.3,94577
31693,33.0,2.3,94578
31694,34.3,4.0,94579
31695,34.4,2.7,94580
31696,31.9,4.0,94582
31697,27.7,2.0,94583
31698,32.3,4.8,94585
31699,27.7,5.4,94586
31700,28.8,1.7,94587
31701,25.7,3.2,94588
31702,36.7,4.7,94589
31703,35.3,3.4,94590
31704,34.4,3.8,94591
31705,51.0,-333333333.0,94592
31706,38.6,9.6,94595
31707,30.0,3.1,94596
31708,32.8,3.7,94597
31709,27.2,2.5,94598
31710,29.6,18.9,94599
31711,34.6,2.7,94601
31712,32.6,2.9,94602
31713,38.2,4.8,94603
31714,39.5,3.9,94605
31715,31.2,2.3,94606
31716,28.3,1.3,94607
31717,28.5,2.0,94608
31718,27.8,1.7,94609
31719,23.7,1.1,94610
31720,30.1,2.1,94611
31721,28.6,1.7,94612
31722,-666666666.0,-222222222.0,94613
31723,25.9,3.8,94618
31724,37.9,3.7,94619
31725,43.0,3.7,94621
31726,33.1,3.1,94702
31727,31.8,3.2,94703
31728,43.9,8.6,94704
31729,25.2,2.5,94705
31730,27.9,2.3,94706
31731,30.9,4.3,94707
31732,21.8,2.6,94708
31733,36.5,6.3,94709
31734,37.1,7.9,94710
31735,51.0,-333333333.0,94720
31736,29.7,2.9,94801
31737,31.7,6.8,94803
31738,36.5,4.7,94804
31739,31.9,5.0,94805
31740,34.4,2.7,94806
31741,36.4,2.9,94901
31742,32.8,8.4,94903
31743,35.0,8.7,94904
31744,27.6,6.9,94920
31745,-666666666.0,-222222222.0,94922
31746,20.1,14.4,94923
31747,37.1,29.9,94924
31748,26.9,6.6,94925
31749,32.9,2.1,94928
31750,-666666666.0,-222222222.0,94929
31751,37.5,15.1,94930
31752,28.3,2.6,94931
31753,31.2,9.8,94933
31754,41.5,37.5,94937
31755,-666666666.0,-222222222.0,94938
31756,29.9,20.2,94939
31757,-666666666.0,-222222222.0,94940
31758,28.2,1.5,94941
31759,33.2,2.2,94945
31760,22.5,4.5,94946
31761,51.0,-333333333.0,94947
31762,33.3,3.7,94949
31763,-666666666.0,-222222222.0,94950
31764,26.8,6.1,94951
31765,30.1,3.6,94952
31766,35.5,2.9,94954
31767,46.8,26.3,94956
31768,21.1,9.8,94957
31769,38.1,6.2,94960
31770,-666666666.0,-222222222.0,94963
31771,-666666666.0,-222222222.0,94964
31772,28.8,3.7,94965
31773,-666666666.0,-222222222.0,94970
31774,-666666666.0,-222222222.0,94971
31775,-666666666.0,-222222222.0,94972
31776,-666666666.0,-222222222.0,94973
31777,41.3,26.1,95002
31778,28.2,2.5,95003
31779,25.1,16.2,95004
31780,33.2,23.8,95005
31781,37.9,6.5,95006
31782,32.8,6.1,95007
31783,31.0,2.1,95008
31784,28.2,1.9,95010
31785,28.9,4.5,95012
31786,-666666666.0,-222222222.0,95013
31787,22.6,1.2,95014
31788,26.6,14.4,95017
31789,27.8,5.3,95018
31790,28.4,4.3,95019
31791,30.9,2.9,95020
31792,30.7,2.0,95023
31793,25.8,3.9,95030
31794,27.5,2.5,95032
31795,26.2,6.9,95033
31796,24.8,1.6,95035
31797,32.0,3.0,95037
31798,37.5,34.9,95039
31799,13.2,3.2,95041
31800,11.5,4.0,95043
31801,27.4,1.7,95045
31802,36.3,26.6,95046
31803,28.9,2.0,95050
31804,22.8,1.1,95051
31805,-666666666.0,-222222222.0,95053
31806,23.0,2.0,95054
31807,37.6,4.8,95060
31808,28.3,1.8,95062
31809,46.2,4.4,95064
31810,30.3,7.5,95065
31811,30.1,6.1,95066
31812,30.7,5.1,95070
31813,31.2,3.7,95073
31814,13.2,62.1,95075
31815,33.8,2.3,95076
31816,29.7,2.9,95110
31817,39.5,3.2,95111
31818,32.3,1.9,95112
31819,28.8,5.8,95113
31820,34.3,2.0,95116
31821,29.1,3.1,95117
31822,32.0,2.6,95118
31823,26.8,10.4,95119
31824,27.5,3.2,95120
31825,33.1,5.5,95121
31826,35.9,1.9,95122
31827,32.5,1.6,95123
31828,31.1,3.4,95124
31829,32.8,2.5,95125
31830,28.2,1.5,95126
31831,34.2,2.3,95127
31832,28.8,1.7,95128
31833,26.3,2.9,95129
31834,24.2,2.3,95130
31835,23.0,2.4,95131
31836,29.1,2.1,95132
31837,28.9,2.3,95133
31838,19.6,0.9,95134
31839,44.4,11.1,95135
31840,30.9,2.4,95136
31841,29.1,4.3,95138
31842,35.4,17.9,95139
31843,-666666666.0,-222222222.0,95140
31844,39.7,7.7,95148
31845,31.3,4.4,95202
31846,37.3,5.1,95203
31847,36.2,3.6,95204
31848,35.4,4.7,95205
31849,29.8,2.6,95206
31850,35.2,2.1,95207
31851,27.8,3.1,95209
31852,34.5,3.2,95210
31853,-666666666.0,-222222222.0,95211
31854,32.2,2.7,95212
31855,29.3,6.9,95215
31856,28.7,3.3,95219
31857,37.5,15.9,95220
31858,-666666666.0,-222222222.0,95221
31859,35.9,3.5,95222
31860,27.9,17.7,95223
31861,-666666666.0,-222222222.0,95224
31862,-666666666.0,-222222222.0,95225
31863,-666666666.0,-222222222.0,95226
31864,-666666666.0,-222222222.0,95227
31865,36.2,5.1,95228
31866,28.8,24.2,95230
31867,43.9,36.5,95231
31868,-666666666.0,-222222222.0,95232
31869,-666666666.0,-222222222.0,95233
31870,20.4,6.4,95236
31871,22.0,8.2,95237
31872,31.4,1.9,95240
31873,33.0,4.1,95242
31874,40.8,13.0,95245
31875,22.8,59.7,95246
31876,32.6,8.1,95247
31877,-666666666.0,-222222222.0,95248
31878,48.6,22.4,95249
31879,-666666666.0,-222222222.0,95251
31880,27.8,11.8,95252
31881,14.2,46.6,95253
31882,-666666666.0,-222222222.0,95254
31883,51.0,-333333333.0,95255
31884,27.4,6.7,95257
31885,51.0,-333333333.0,95258
31886,31.4,3.2,95301
31887,19.6,72.9,95303
31888,33.2,3.4,95304
31889,-666666666.0,-222222222.0,95305
31890,-666666666.0,-222222222.0,95306
31891,30.0,3.4,95307
31892,-666666666.0,-222222222.0,95309
31893,49.0,15.5,95310
31894,51.0,-333333333.0,95311
31895,25.7,13.3,95312
31896,17.7,1.5,95313
31897,24.9,8.9,95315
31898,30.8,17.5,95316
31899,36.7,18.6,95317
31900,18.2,5.2,95318
31901,31.9,9.3,95319
31902,30.0,7.8,95320
31903,23.3,2.3,95321
31904,22.4,8.0,95322
31905,17.4,3.7,95323
31906,22.0,6.3,95324
31907,-666666666.0,-222222222.0,95325
31908,29.4,16.1,95326
31909,45.8,10.3,95327
31910,46.4,5.4,95328
31911,39.0,27.2,95329
31912,30.0,9.3,95330
31913,31.9,4.0,95333
31914,27.1,5.0,95334
31915,-666666666.0,-222222222.0,95335
31916,30.4,1.8,95336
31917,33.0,4.4,95337
31918,30.9,9.5,95338
31919,35.4,6.9,95340
31920,33.1,4.0,95341
31921,-666666666.0,-222222222.0,95345
31922,18.4,18.2,95346
31923,29.6,1.8,95348
31924,35.5,2.1,95350
31925,33.4,3.0,95351
31926,36.1,4.8,95354
31927,33.3,2.6,95355
31928,29.5,2.7,95356
31929,33.4,10.6,95357
31930,30.9,4.0,95358
31931,31.1,8.9,95360
31932,33.3,7.4,95361
31933,29.0,4.0,95363
31934,-666666666.0,-222222222.0,95364
31935,29.7,10.7,95365
31936,34.1,5.5,95366
31937,32.5,5.7,95367
31938,26.3,12.3,95368
31939,16.8,9.7,95369
31940,33.2,2.6,95370
31941,41.6,32.0,95372
31942,29.3,21.6,95374
31943,-666666666.0,-222222222.0,95375
31944,29.3,2.6,95376
31945,30.6,3.1,95377
31946,24.0,7.7,95379
31947,29.5,3.0,95380
31948,31.7,3.4,95382
31949,33.6,11.6,95383
31950,26.2,27.5,95385
31951,27.4,3.8,95386
31952,37.8,4.7,95387
31953,32.2,3.9,95388
31954,24.0,17.2,95389
31955,28.5,3.9,95391
31956,30.9,2.5,95401
31957,32.2,2.3,95403
31958,33.1,2.5,95404
31959,31.9,2.4,95405
31960,35.5,3.1,95407
31961,33.8,3.8,95409
31962,9.0,-333333333.0,95410
31963,-666666666.0,-222222222.0,95412
31964,36.0,31.3,95415
31965,-666666666.0,-222222222.0,95417
31966,-666666666.0,-222222222.0,95419
31967,28.9,52.4,95420
31968,29.6,24.9,95421
31969,44.8,6.6,95422
31970,32.7,16.5,95423
31971,28.1,3.2,95425
31972,-666666666.0,-222222222.0,95426
31973,-666666666.0,-222222222.0,95427
31974,51.0,-333333333.0,95428
31975,-666666666.0,-222222222.0,95429
31976,-666666666.0,-222222222.0,95430
31977,-666666666.0,-222222222.0,95431
31978,24.4,31.5,95432
31979,-666666666.0,-222222222.0,95435
31980,27.0,10.9,95436
31981,33.9,2.7,95437
31982,-666666666.0,-222222222.0,95439
31983,19.8,12.3,95441
31984,34.3,44.9,95442
31985,-666666666.0,-222222222.0,95443
31986,14.3,28.3,95444
31987,28.5,1.7,95445
31988,37.9,2.0,95446
31989,31.9,3.4,95448
31990,37.9,9.0,95449
31991,28.8,22.2,95450
31992,28.1,6.7,95451
31993,25.7,13.1,95452
31994,36.3,5.7,95453
31995,27.8,1.4,95454
31996,35.2,3.3,95456
31997,33.1,25.2,95457
31998,38.8,21.0,95458
31999,15.0,21.6,95459
32000,29.9,59.5,95460
32001,32.3,12.7,95461
32002,27.5,28.8,95462
32003,-666666666.0,-222222222.0,95463
32004,31.7,7.3,95464
32005,13.9,2.2,95465
32006,18.9,2.9,95466
32007,34.5,41.5,95467
32008,30.5,9.7,95468
32009,37.0,25.6,95469
32010,30.4,23.3,95470
32011,-666666666.0,-222222222.0,95471
32012,28.2,5.2,95472
32013,32.6,2.2,95476
32014,-666666666.0,-222222222.0,95480
32015,34.0,3.1,95482
32016,28.4,23.6,95485
32017,-666666666.0,-222222222.0,95486
32018,-666666666.0,-222222222.0,95488
32019,26.8,6.0,95490
32020,33.5,4.0,95492
32021,-666666666.0,-222222222.0,95493
32022,-666666666.0,-222222222.0,95494
32023,10.2,4.9,95497
32024,39.8,3.7,95501
32025,35.2,5.1,95503
32026,-666666666.0,-222222222.0,95511
32027,-666666666.0,-222222222.0,95514
32028,36.7,6.5,95519
32029,40.9,5.4,95521
32030,28.2,3.8,95524
32031,34.4,27.7,95525
32032,19.5,4.0,95526
32033,-666666666.0,-222222222.0,95527
32034,33.6,46.6,95528
32035,35.1,4.7,95531
32036,31.8,5.9,95536
32037,-666666666.0,-222222222.0,95537
32038,-666666666.0,-222222222.0,95538
32039,34.0,9.9,95540
32040,36.2,20.0,95542
32041,-666666666.0,-222222222.0,95543
32042,-666666666.0,-222222222.0,95545
32043,20.9,9.5,95546
32044,18.0,13.5,95547
32045,33.9,9.3,95548
32046,29.2,51.5,95549
32047,-666666666.0,-222222222.0,95550
32048,29.9,13.2,95551
32049,27.4,0.7,95552
32050,-666666666.0,-222222222.0,95553
32051,-666666666.0,-222222222.0,95554
32052,37.1,5.0,95555
32053,23.0,3.0,95556
32054,-666666666.0,-222222222.0,95558
32055,-666666666.0,-222222222.0,95559
32056,27.3,15.6,95560
32057,38.1,1.4,95562
32058,-666666666.0,-222222222.0,95563
32059,23.3,1.3,95564
32060,29.8,8.5,95565
32061,51.0,-333333333.0,95567
32062,-666666666.0,-222222222.0,95568
32063,-666666666.0,-222222222.0,95569
32064,51.0,-333333333.0,95570
32065,-666666666.0,-222222222.0,95571
32066,45.0,3.6,95573
32067,35.9,16.2,95585
32068,-666666666.0,-222222222.0,95587
32069,34.6,61.4,95589
32070,-666666666.0,-222222222.0,95595
32071,15.4,5.4,95601
32072,34.0,11.0,95602
32073,36.3,2.7,95603
32074,-666666666.0,-222222222.0,95604
32075,28.1,4.2,95605
32076,-666666666.0,-222222222.0,95606
32077,-666666666.0,-222222222.0,95607
32078,35.2,2.9,95608
32079,32.6,2.3,95610
32080,23.7,16.6,95612
32081,-666666666.0,-222222222.0,95613
32082,13.9,19.9,95614
32083,19.4,17.1,95615
32084,51.0,-333333333.0,95616
32085,37.0,5.2,95618
32086,44.5,33.8,95619
32087,26.8,3.1,95620
32088,33.9,3.2,95621
32089,31.3,8.1,95623
32090,31.2,4.5,95624
32091,-666666666.0,-222222222.0,95625
32092,43.5,12.4,95626
32093,26.7,10.6,95627
32094,31.6,2.0,95628
32095,-666666666.0,-222222222.0,95629
32096,28.7,1.8,95630
32097,26.3,15.7,95631
32098,29.5,4.0,95632
32099,51.0,-333333333.0,95633
32100,36.3,50.8,95634
32101,-666666666.0,-222222222.0,95635
32102,-666666666.0,-222222222.0,95636
32103,-666666666.0,-222222222.0,95637
32104,45.3,26.5,95638
32105,-666666666.0,-222222222.0,95639
32106,25.2,6.1,95640
32107,31.1,7.8,95641
32108,31.2,7.6,95642
32109,36.5,12.5,95645
32110,-666666666.0,-222222222.0,95646
32111,34.1,3.1,95648
32112,33.8,25.8,95650
32113,28.1,3.5,95651
32114,41.6,13.4,95652
32115,-666666666.0,-222222222.0,95653
32116,27.3,2.5,95655
32117,17.4,7.9,95658
32118,31.7,7.4,95659
32119,35.7,5.6,95660
32120,34.9,4.1,95661
32121,33.0,3.9,95662
32122,13.6,12.0,95663
32123,-666666666.0,-222222222.0,95664
32124,36.1,24.9,95665
32125,36.3,12.0,95666
32126,35.8,4.5,95667
32127,29.4,11.3,95668
32128,28.6,10.0,95669
32129,30.7,2.0,95670
32130,9.0,-333333333.0,95671
32131,35.4,20.7,95672
32132,34.8,12.9,95673
32133,19.2,15.1,95674
32134,-666666666.0,-222222222.0,95675
32135,-666666666.0,-222222222.0,95676
32136,34.9,2.6,95677
32137,35.1,3.1,95678
32138,-666666666.0,-222222222.0,95679
32139,-666666666.0,-222222222.0,95680
32140,42.6,13.8,95681
32141,28.6,2.6,95682
32142,37.9,7.7,95683
32143,23.8,19.1,95684
32144,23.4,3.8,95685
32145,34.3,9.1,95686
32146,33.7,1.7,95687
32147,33.0,3.5,95688
32148,-666666666.0,-222222222.0,95689
32149,15.3,16.9,95690
32150,32.6,2.9,95691
32151,28.0,1.5,95692
32152,26.8,7.4,95693
32153,23.3,6.0,95694
32154,32.6,3.1,95695
32155,24.9,79.4,95697
32156,-666666666.0,-222222222.0,95698
32157,-666666666.0,-222222222.0,95699
32158,22.9,15.2,95701
32159,35.8,7.9,95703
32160,23.7,6.0,95709
32161,32.4,4.7,95713
32162,51.0,-333333333.0,95714
32163,-666666666.0,-222222222.0,95715
32164,-666666666.0,-222222222.0,95717
32165,-666666666.0,-222222222.0,95720
32166,-666666666.0,-222222222.0,95721
32167,30.2,18.2,95722
32168,30.6,19.1,95726
32169,-666666666.0,-222222222.0,95728
32170,-666666666.0,-222222222.0,95735
32171,21.7,35.5,95736
32172,32.8,7.1,95742
32173,38.1,14.6,95746
32174,33.1,2.6,95747
32175,35.1,3.5,95757
32176,29.6,2.9,95758
32177,31.9,4.2,95762
32178,33.4,2.2,95765
32179,27.2,3.4,95776
32180,28.2,2.8,95811
32181,32.2,2.1,95814
32182,33.4,2.5,95815
32183,29.0,2.1,95816
32184,41.4,5.3,95817
32185,29.4,2.2,95818
32186,25.0,4.7,95819
32187,33.1,1.7,95820
32188,38.2,1.7,95821
32189,31.7,3.3,95822
32190,35.8,3.4,95823
32191,34.3,4.4,95824
32192,34.9,2.7,95825
32193,35.8,3.9,95826
32194,37.5,6.4,95827
32195,31.6,3.6,95828
32196,37.5,5.2,95829
32197,-666666666.0,-222222222.0,95830
32198,32.6,2.6,95831
32199,43.4,17.4,95832
32200,30.2,2.6,95833
32201,34.4,3.5,95834
32202,33.2,3.1,95835
32203,-666666666.0,-222222222.0,95837
32204,37.6,6.8,95838
32205,37.1,5.7,95841
32206,37.4,3.5,95842
32207,30.8,3.7,95843
32208,30.7,4.5,95864
32209,30.7,2.2,95901
32210,51.0,-333333333.0,95903
32211,-666666666.0,-222222222.0,95910
32212,20.6,4.6,95912
32213,-666666666.0,-222222222.0,95913
32214,24.6,14.5,95914
32215,-666666666.0,-222222222.0,95915
32216,35.6,34.7,95916
32217,25.7,16.7,95917
32218,-666666666.0,-222222222.0,95918
32219,-666666666.0,-222222222.0,95919
32220,28.8,73.0,95920
32221,31.3,17.8,95922
32222,-666666666.0,-222222222.0,95923
32223,-666666666.0,-222222222.0,95925
32224,42.2,4.1,95926
32225,37.7,3.6,95928
32226,-666666666.0,-222222222.0,95929
32227,-666666666.0,-222222222.0,95930
32228,35.1,6.6,95932
32229,-666666666.0,-222222222.0,95934
32230,-666666666.0,-222222222.0,95935
32231,-666666666.0,-222222222.0,95936
32232,-666666666.0,-222222222.0,95937
32233,31.4,21.6,95938
32234,23.9,16.4,95939
32235,-666666666.0,-222222222.0,95941
32236,-666666666.0,-222222222.0,95942
32237,17.8,26.5,95943
32238,-666666666.0,-222222222.0,95944
32239,37.8,4.9,95945
32240,32.6,2.7,95946
32241,43.2,16.3,95947
32242,29.9,4.5,95948
32243,26.0,4.4,95949
32244,-666666666.0,-222222222.0,95950
32245,18.8,2.6,95951
32246,31.3,3.9,95953
32247,48.7,18.7,95954
32248,19.8,9.0,95955
32249,40.7,32.5,95956
32250,17.8,1.5,95957
32251,-666666666.0,-222222222.0,95958
32252,31.0,8.8,95959
32253,51.0,-333333333.0,95960
32254,32.1,1.9,95961
32255,-666666666.0,-222222222.0,95962
32256,31.4,3.8,95963
32257,39.5,7.6,95965
32258,32.0,5.2,95966
32259,38.1,10.3,95968
32260,30.1,11.9,95969
32261,31.5,12.1,95970
32262,30.9,11.7,95971
32263,-666666666.0,-222222222.0,95972
32264,30.7,3.4,95973
32265,-666666666.0,-222222222.0,95974
32266,-666666666.0,-222222222.0,95975
32267,-666666666.0,-222222222.0,95977
32268,-666666666.0,-222222222.0,95978
32269,51.0,-333333333.0,95979
32270,-666666666.0,-222222222.0,95981
32271,28.4,13.2,95982
32272,19.9,3.5,95983
32273,-666666666.0,-222222222.0,95984
32274,-666666666.0,-222222222.0,95986
32275,31.9,16.8,95987
32276,43.8,18.8,95988
32277,32.5,3.1,95991
32278,31.3,4.1,95993
32279,34.8,3.2,96001
32280,31.8,3.2,96002
32281,29.3,1.7,96003
32282,-666666666.0,-222222222.0,96006
32283,36.0,3.7,96007
32284,-666666666.0,-222222222.0,96008
32285,9.0,-333333333.0,96009
32286,-666666666.0,-222222222.0,96010
32287,-666666666.0,-222222222.0,96011
32288,39.3,24.7,96013
32289,-666666666.0,-222222222.0,96014
32290,-666666666.0,-222222222.0,96015
32291,-666666666.0,-222222222.0,96016
32292,27.5,61.8,96017
32293,29.3,4.4,96019
32294,40.6,24.4,96020
32295,30.9,4.2,96021
32296,32.7,9.7,96022
32297,23.9,16.5,96023
32298,29.1,44.1,96024
32299,26.6,14.6,96025
32300,45.0,9.0,96027
32301,28.3,49.5,96028
32302,-666666666.0,-222222222.0,96029
32303,-666666666.0,-222222222.0,96031
32304,28.1,5.0,96032
32305,26.3,23.4,96033
32306,29.1,9.1,96034
32307,42.8,26.9,96035
32308,-666666666.0,-222222222.0,96037
32309,33.9,57.6,96038
32310,17.5,8.5,96039
32311,-666666666.0,-222222222.0,96040
32312,21.9,54.9,96041
32313,28.3,8.7,96044
32314,-666666666.0,-222222222.0,96046
32315,33.4,11.1,96047
32316,51.0,-333333333.0,96048
32317,42.5,19.2,96050
32318,40.9,5.4,96051
32319,38.9,5.8,96052
32320,-666666666.0,-222222222.0,96054
32321,31.2,7.5,96055
32322,33.0,1.5,96056
32323,29.0,7.7,96057
32324,36.3,45.8,96058
32325,51.0,-333333333.0,96059
32326,-666666666.0,-222222222.0,96061
32327,36.9,17.2,96062
32328,-666666666.0,-222222222.0,96063
32329,27.8,3.5,96064
32330,-666666666.0,-222222222.0,96065
32331,42.1,11.1,96067
32332,-666666666.0,-222222222.0,96068
32333,28.3,9.3,96069
32334,-666666666.0,-222222222.0,96071
32335,24.6,10.9,96073
32336,-666666666.0,-222222222.0,96074
32337,-666666666.0,-222222222.0,96075
32338,-666666666.0,-222222222.0,96076
32339,-666666666.0,-222222222.0,96078
32340,33.5,4.9,96080
32341,12.1,1.2,96084
32342,-666666666.0,-222222222.0,96085
32343,29.3,20.7,96086
32344,-666666666.0,-222222222.0,96087
32345,32.0,3.5,96088
32346,27.5,22.0,96090
32347,37.5,23.2,96091
32348,-666666666.0,-222222222.0,96092
32349,15.2,4.8,96093
32350,35.8,4.1,96094
32351,27.2,7.1,96096
32352,43.5,9.6,96097
32353,27.1,6.0,96101
32354,-666666666.0,-222222222.0,96103
32355,34.5,49.6,96104
32356,-666666666.0,-222222222.0,96105
32357,-666666666.0,-222222222.0,96106
32358,45.0,31.9,96107
32359,-666666666.0,-222222222.0,96108
32360,32.5,16.5,96109
32361,-666666666.0,-222222222.0,96110
32362,-666666666.0,-222222222.0,96111
32363,25.4,36.4,96112
32364,21.3,7.1,96113
32365,45.7,4.3,96114
32366,-666666666.0,-222222222.0,96115
32367,-666666666.0,-222222222.0,96116
32368,-666666666.0,-222222222.0,96117
32369,26.6,20.0,96118
32370,-666666666.0,-222222222.0,96119
32371,22.5,5.3,96120
32372,31.3,32.3,96121
32373,26.7,8.8,96122
32374,9.0,-333333333.0,96123
32375,-666666666.0,-222222222.0,96124
32376,-666666666.0,-222222222.0,96125
32377,-666666666.0,-222222222.0,96126
32378,-666666666.0,-222222222.0,96128
32379,-666666666.0,-222222222.0,96129
32380,25.7,1.8,96130
32381,-666666666.0,-222222222.0,96132
32382,-666666666.0,-222222222.0,96133
32383,25.4,3.5,96134
32384,-666666666.0,-222222222.0,96135
32385,-666666666.0,-222222222.0,96136
32386,34.7,45.9,96137
32387,51.0,-333333333.0,96140
32388,41.4,16.3,96141
32389,45.4,20.2,96142
32390,35.5,14.6,96143
32391,26.9,14.4,96145
32392,29.7,26.6,96146
32393,-666666666.0,-222222222.0,96148
32394,31.5,4.4,96150
32395,-666666666.0,-222222222.0,96155
32396,32.6,6.0,96161
32397,28.3,1.8,96701
32398,51.0,-333333333.0,96703
32399,29.9,16.4,96704
32400,19.9,7.0,96705
32401,34.1,1.9,96706
32402,34.4,1.9,96707
32403,37.3,2.9,96708
32404,-666666666.0,-222222222.0,96710
32405,34.2,5.5,96712
32406,51.0,-333333333.0,96713
32407,22.9,18.3,96714
32408,20.0,31.3,96716
32409,36.4,5.8,96717
32410,51.0,-333333333.0,96719
32411,31.5,2.1,96720
32412,30.0,21.6,96722
32413,36.5,11.6,96725
32414,-666666666.0,-222222222.0,96726
32415,28.9,9.0,96727
32416,46.8,10.1,96728
32417,31.9,13.2,96729
32418,35.3,10.4,96730
32419,34.2,7.3,96731
32420,27.2,4.8,96732
32421,36.7,3.3,96734
32422,51.0,-333333333.0,96737
32423,37.0,13.0,96738
32424,28.4,1.9,96740
32425,35.0,4.9,96741
32426,18.3,4.8,96742
32427,24.1,8.2,96743
32428,28.1,3.1,96744
32429,34.5,4.5,96746
32430,12.9,3.2,96747
32431,32.1,5.3,96748
32432,28.2,8.5,96749
32433,22.5,11.1,96750
32434,-666666666.0,-222222222.0,96751
32435,30.9,16.0,96752
32436,35.9,5.2,96753
32437,32.0,13.0,96754
32438,26.8,12.1,96755
32439,30.0,5.1,96756
32440,29.2,60.2,96757
32441,-666666666.0,-222222222.0,96759
32442,33.0,31.3,96760
32443,33.1,4.3,96761
32444,28.9,4.9,96762
32445,13.3,1.3,96763
32446,51.0,-333333333.0,96764
32447,32.7,11.6,96765
32448,28.4,6.2,96766
32449,29.3,4.9,96768
32450,28.3,3.6,96769
32451,38.0,10.2,96770
32452,33.1,25.6,96771
32453,40.6,11.0,96772
32454,-666666666.0,-222222222.0,96773
32455,-666666666.0,-222222222.0,96774
32456,27.5,20.2,96776
32457,24.1,13.3,96777
32458,49.4,11.3,96778
32459,51.0,-333333333.0,96779
32460,-666666666.0,-222222222.0,96780
32461,23.8,9.1,96781
32462,33.5,2.5,96782
32463,24.1,7.0,96783
32464,31.3,4.7,96785
32465,43.3,2.1,96786
32466,31.6,2.2,96789
32467,30.4,9.5,96790
32468,33.6,5.6,96791
32469,38.2,4.0,96792
32470,35.5,4.9,96793
32471,28.7,8.0,96795
32472,34.7,9.4,96796
32473,32.6,1.9,96797
32474,32.0,2.9,96813
32475,32.1,3.4,96814
32476,34.6,2.9,96815
32477,32.2,2.2,96816
32478,30.7,1.5,96817
32479,39.8,2.0,96818
32480,29.7,2.1,96819
32481,-666666666.0,-222222222.0,96820
32482,31.7,8.3,96821
32483,30.3,1.9,96822
32484,38.0,5.1,96825
32485,31.3,1.9,96826
32486,51.0,-333333333.0,96848
32487,-666666666.0,-222222222.0,96850
32488,-666666666.0,-222222222.0,96853
32489,-666666666.0,-222222222.0,96857
32490,-666666666.0,-222222222.0,96858
32491,-666666666.0,-222222222.0,96859
32492,-666666666.0,-222222222.0,96860
32493,-666666666.0,-222222222.0,96863
32494,27.5,41.4,97001
32495,27.2,3.5,97002
32496,28.2,3.3,97003
32497,36.6,13.9,97004
32498,29.4,1.9,97005
32499,27.8,1.7,97006
32500,30.8,2.6,97007
32501,30.3,3.7,97008
32502,17.3,4.3,97009
32503,51.0,-333333333.0,97011
32504,27.4,2.7,97013
32505,26.3,6.0,97014
32506,35.8,4.8,97015
32507,39.5,19.6,97016
32508,51.0,-333333333.0,97017
32509,37.5,19.2,97018
32510,23.6,10.7,97019
32511,31.9,6.8,97020
32512,18.5,8.2,97021
32513,43.7,10.3,97022
32514,25.9,7.8,97023
32515,30.0,8.0,97024
32516,34.2,12.9,97026
32517,33.8,4.2,97027
32518,-666666666.0,-222222222.0,97028
32519,12.5,40.3,97029
32520,36.1,2.9,97030
32521,31.2,3.6,97031
32522,26.8,3.1,97032
32523,-666666666.0,-222222222.0,97033
32524,36.9,7.1,97034
32525,25.2,2.5,97035
32526,25.5,25.6,97037
32527,26.9,5.6,97038
32528,20.6,2.8,97039
32529,20.9,3.9,97040
32530,19.5,13.0,97041
32531,21.6,4.7,97042
32532,32.0,4.2,97045
32533,24.4,15.7,97048
32534,36.3,25.6,97049
32535,38.8,37.1,97050
32536,31.1,4.2,97051
32537,-666666666.0,-222222222.0,97053
32538,-666666666.0,-222222222.0,97054
32539,33.5,4.7,97055
32540,31.6,5.3,97056
32541,-666666666.0,-222222222.0,97057
32542,29.8,6.7,97058
32543,29.5,2.6,97060
32544,31.1,3.2,97062
32545,24.4,24.5,97063
32546,42.4,15.5,97064
32547,22.0,23.6,97065
32548,33.0,3.6,97067
32549,33.3,2.3,97068
32550,32.3,4.1,97070
32551,29.8,5.7,97071
32552,29.5,4.5,97078
32553,32.3,3.5,97080
32554,35.3,5.1,97086
32555,28.8,12.0,97089
32556,31.0,5.7,97101
32557,-666666666.0,-222222222.0,97102
32558,33.3,5.2,97103
32559,30.5,6.9,97106
32560,26.0,2.4,97107
32561,-666666666.0,-222222222.0,97108
32562,-666666666.0,-222222222.0,97109
32563,24.8,53.4,97110
32564,20.2,4.2,97111
32565,24.6,7.6,97112
32566,28.7,4.0,97113
32567,22.7,8.3,97114
32568,9.0,-333333333.0,97115
32569,33.7,6.3,97116
32570,18.6,31.8,97117
32571,29.8,5.1,97118
32572,19.0,5.2,97119
32573,39.5,44.2,97121
32574,-666666666.0,-222222222.0,97122
32575,30.9,2.2,97123
32576,27.5,1.4,97124
32577,-666666666.0,-222222222.0,97125
32578,36.0,3.4,97127
32579,35.6,3.9,97128
32580,-666666666.0,-222222222.0,97130
32581,28.8,18.3,97131
32582,33.1,3.3,97132
32583,51.0,-333333333.0,97133
32584,-666666666.0,-222222222.0,97134
32585,18.1,24.2,97135
32586,21.9,4.0,97136
32587,18.5,12.1,97137
32588,33.4,4.0,97138
32589,29.1,4.7,97140
32590,30.2,3.9,97141
32591,-666666666.0,-222222222.0,97144
32592,42.8,42.8,97145
32593,20.8,4.2,97146
32594,24.6,22.3,97147
32595,48.2,23.6,97148
32596,-666666666.0,-222222222.0,97149
32597,33.3,3.3,97201
32598,30.5,2.2,97202
32599,31.4,2.5,97203
32600,32.6,19.5,97204
32601,31.2,2.5,97205
32602,29.8,2.4,97206
32603,-666666666.0,-222222222.0,97208
32604,28.5,1.4,97209
32605,28.0,3.1,97210
32606,30.0,3.1,97211
32607,30.7,3.3,97212
32608,31.5,2.8,97213
32609,29.9,1.7,97214
32610,29.7,3.0,97215
32611,40.2,4.8,97216
32612,29.0,1.9,97217
32613,28.5,5.2,97218
32614,31.1,2.6,97219
32615,35.8,3.6,97220
32616,31.4,3.1,97221
32617,33.4,2.1,97222
32618,31.5,2.3,97223
32619,34.3,3.3,97224
32620,30.2,5.7,97225
32621,29.6,4.6,97227
32622,29.1,2.5,97229
32623,36.4,5.9,97230
32624,34.3,5.5,97231
32625,31.1,3.2,97232
32626,39.3,5.2,97233
32627,39.2,3.9,97236
32628,28.2,3.5,97239
32629,-666666666.0,-222222222.0,97258
32630,38.8,6.2,97266
32631,37.3,8.2,97267
32632,33.6,2.1,97301
32633,30.2,3.2,97302
32634,30.2,3.2,97303
32635,30.2,2.8,97304
32636,34.2,3.6,97305
32637,31.9,3.2,97306
32638,-666666666.0,-222222222.0,97310
32639,29.9,4.2,97317
32640,34.7,7.2,97321
32641,32.5,3.0,97322
32642,11.7,13.9,97324
32643,22.5,49.8,97325
32644,-666666666.0,-222222222.0,97326
32645,27.5,1.5,97327
32646,-666666666.0,-222222222.0,97329
32647,38.6,3.0,97330
32648,-666666666.0,-222222222.0,97331
32649,42.1,4.9,97333
32650,-666666666.0,-222222222.0,97335
32651,-666666666.0,-222222222.0,97336
32652,36.0,7.9,97338
32653,28.8,13.0,97341
32654,17.0,4.6,97342
32655,51.0,-333333333.0,97343
32656,51.0,-333333333.0,97344
32657,33.0,11.8,97345
32658,29.0,15.4,97346
32659,51.0,-333333333.0,97347
32660,35.9,17.9,97348
32661,51.0,-333333333.0,97350
32662,27.8,6.4,97351
32663,32.8,12.8,97352
32664,32.5,2.9,97355
32665,-666666666.0,-222222222.0,97357
32666,28.4,9.7,97358
32667,22.6,10.5,97360
32668,29.1,3.9,97361
32669,37.8,9.2,97362
32670,22.9,15.3,97364
32671,29.0,2.8,97365
32672,22.9,1.5,97366
32673,33.7,3.7,97367
32674,26.2,15.9,97368
32675,-666666666.0,-222222222.0,97369
32676,31.7,7.6,97370
32677,51.0,-333333333.0,97371
32678,-666666666.0,-222222222.0,97373
32679,30.7,16.7,97374
32680,18.7,17.5,97375
32681,24.5,19.6,97376
32682,13.2,24.2,97377
32683,30.1,14.3,97378
32684,18.0,6.7,97380
32685,30.1,4.4,97381
32686,32.9,5.8,97383
32687,-666666666.0,-222222222.0,97384
32688,37.8,12.1,97385
32689,35.7,7.6,97386
32690,-666666666.0,-222222222.0,97388
32691,20.4,5.3,97389
32692,27.1,33.3,97390
32693,32.3,21.8,97391
32694,23.3,2.8,97392
32695,33.9,3.9,97394
32696,31.0,4.3,97396
32697,38.5,3.1,97401
32698,33.0,1.9,97402
32699,44.1,9.6,97403
32700,31.8,5.2,97404
32701,34.4,4.0,97405
32702,-666666666.0,-222222222.0,97406
32703,27.4,2.7,97408
32704,-666666666.0,-222222222.0,97410
32705,35.6,6.2,97411
32706,51.0,-333333333.0,97412
32707,22.6,16.0,97413
32708,-666666666.0,-222222222.0,97414
32709,25.8,9.1,97415
32710,28.1,17.9,97416
32711,31.0,3.7,97417
32712,35.3,51.1,97419
32713,29.9,2.6,97420
32714,28.2,4.6,97423
32715,24.0,4.2,97424
32716,23.9,4.9,97426
32717,18.9,3.9,97429
32718,16.3,10.2,97430
32719,51.0,-333333333.0,97431
32720,-666666666.0,-222222222.0,97432
32721,30.6,49.5,97434
32722,31.0,4.4,97435
32723,24.8,5.7,97436
32724,22.4,4.4,97437
32725,51.0,-333333333.0,97438
32726,31.4,4.9,97439
32727,-666666666.0,-222222222.0,97441
32728,24.4,10.8,97442
32729,-666666666.0,-222222222.0,97443
32730,25.0,9.0,97444
32731,24.2,8.1,97446
32732,25.1,13.8,97447
32733,24.6,3.8,97448
32734,20.3,3.4,97449
32735,-666666666.0,-222222222.0,97450
32736,-666666666.0,-222222222.0,97451
32737,44.6,19.5,97452
32738,28.3,22.5,97453
32739,17.0,18.8,97454
32740,-666666666.0,-222222222.0,97455
32741,41.8,17.2,97456
32742,29.8,7.7,97457
32743,41.5,21.1,97458
32744,31.1,3.2,97459
32745,-666666666.0,-222222222.0,97461
32746,20.5,15.6,97462
32747,45.4,8.4,97463
32748,51.0,-333333333.0,97465
32749,39.6,28.6,97466
32750,23.7,6.0,97467
32751,30.5,7.4,97469
32752,33.0,4.2,97470
32753,30.2,4.1,97471
32754,32.3,1.7,97473
32755,-666666666.0,-222222222.0,97476
32756,31.2,2.5,97477
32757,28.1,2.4,97478
32758,36.7,11.8,97479
32759,22.8,6.6,97480
32760,-666666666.0,-222222222.0,97481
32761,14.0,29.0,97484
32762,-666666666.0,-222222222.0,97486
32763,41.0,13.8,97487
32764,-666666666.0,-222222222.0,97488
32765,-666666666.0,-222222222.0,97489
32766,-666666666.0,-222222222.0,97490
32767,19.2,15.7,97492
32768,-666666666.0,-222222222.0,97493
32769,-666666666.0,-222222222.0,97494
32770,26.6,2.2,97495
32771,32.1,11.2,97496
32772,18.3,1.5,97497
32773,24.3,11.8,97498
32774,27.1,16.8,97499
32775,31.1,2.9,97501
32776,30.4,3.2,97502
32777,27.3,10.5,97503
32778,34.2,1.9,97504
32779,37.2,3.3,97520
32780,51.0,-333333333.0,97522
32781,45.2,31.9,97523
32782,27.2,6.5,97524
32783,46.4,19.6,97525
32784,34.0,3.9,97526
32785,32.2,2.8,97527
32786,33.8,10.0,97530
32787,-666666666.0,-222222222.0,97531
32788,51.0,-333333333.0,97532
32789,-666666666.0,-222222222.0,97534
32790,30.0,11.7,97535
32791,51.0,-333333333.0,97536
32792,29.1,5.5,97537
32793,13.4,19.6,97538
32794,30.5,11.9,97539
32795,33.3,7.9,97540
32796,-666666666.0,-222222222.0,97541
32797,51.0,-333333333.0,97543
32798,51.0,-333333333.0,97544
32799,38.1,6.1,97601
32800,30.9,3.1,97603
32801,-666666666.0,-222222222.0,97604
32802,-666666666.0,-222222222.0,97620
32803,-666666666.0,-222222222.0,97621
32804,-666666666.0,-222222222.0,97622
32805,26.0,13.8,97623
32806,41.3,18.1,97624
32807,-666666666.0,-222222222.0,97625
32808,-666666666.0,-222222222.0,97626
32809,-666666666.0,-222222222.0,97627
32810,42.2,10.2,97630
32811,51.0,-333333333.0,97632
32812,23.7,11.3,97633
32813,-666666666.0,-222222222.0,97634
32814,-666666666.0,-222222222.0,97635
32815,29.2,12.7,97636
32816,38.8,36.8,97637
32817,16.9,1.6,97638
32818,-666666666.0,-222222222.0,97639
32819,-666666666.0,-222222222.0,97640
32820,12.5,2.7,97641
32821,29.8,2.3,97701
32822,28.8,1.3,97702
32823,30.6,3.8,97703
32824,51.0,-333333333.0,97707
32825,-666666666.0,-222222222.0,97709
32826,-666666666.0,-222222222.0,97710
32827,-666666666.0,-222222222.0,97711
32828,-666666666.0,-222222222.0,97712
32829,26.6,3.2,97720
32830,12.5,59.9,97721
32831,-666666666.0,-222222222.0,97722
32832,14.7,8.3,97730
32833,-666666666.0,-222222222.0,97731
32834,14.1,48.8,97732
32835,-666666666.0,-222222222.0,97733
32836,18.6,3.6,97734
32837,-666666666.0,-222222222.0,97735
32838,-666666666.0,-222222222.0,97736
32839,-666666666.0,-222222222.0,97737
32840,37.0,13.6,97738
32841,44.7,18.7,97739
32842,28.0,4.5,97741
32843,42.2,23.6,97750
32844,-666666666.0,-222222222.0,97751
32845,-666666666.0,-222222222.0,97752
32846,-666666666.0,-222222222.0,97753
32847,31.8,2.7,97754
32848,30.5,5.2,97756
32849,-666666666.0,-222222222.0,97758
32850,33.1,9.2,97759
32851,39.5,3.7,97760
32852,15.9,8.5,97761
32853,29.4,5.2,97801
32854,18.4,7.2,97810
32855,24.9,6.0,97812
32856,21.1,11.6,97813
32857,24.9,4.8,97814
32858,-666666666.0,-222222222.0,97817
32859,27.1,3.5,97818
32860,-666666666.0,-222222222.0,97819
32861,14.2,22.2,97820
32862,24.7,33.4,97823
32863,23.3,17.1,97824
32864,38.1,8.4,97825
32865,17.0,7.0,97826
32866,34.4,19.1,97827
32867,25.7,6.8,97828
32868,19.8,27.6,97830
32869,21.5,3.2,97833
32870,51.0,-333333333.0,97834
32871,20.7,14.9,97835
32872,26.4,13.8,97836
32873,-666666666.0,-222222222.0,97837
32874,28.6,4.1,97838
32875,-666666666.0,-222222222.0,97839
32876,9.0,-333333333.0,97840
32877,-666666666.0,-222222222.0,97841
32878,-666666666.0,-222222222.0,97842
32879,14.4,5.7,97843
32880,17.4,4.1,97844
32881,19.3,18.2,97845
32882,26.8,4.1,97846
32883,9.0,-333333333.0,97848
32884,27.8,1.9,97850
32885,22.1,1.4,97856
32886,32.9,21.2,97857
32887,-666666666.0,-222222222.0,97859
32888,23.6,5.0,97862
32889,23.3,24.7,97864
32890,16.2,10.6,97865
32891,31.3,7.7,97867
32892,14.4,5.6,97868
32893,36.3,5.7,97869
32894,35.7,15.7,97870
32895,-666666666.0,-222222222.0,97873
32896,28.0,14.9,97874
32897,24.8,3.8,97875
32898,13.4,14.9,97876
32899,-666666666.0,-222222222.0,97877
32900,16.3,9.6,97880
32901,23.9,8.8,97882
32902,18.3,1.1,97883
32903,30.0,99.1,97884
32904,51.0,-333333333.0,97885
32905,13.2,2.3,97886
32906,27.3,2.2,97901
32907,-666666666.0,-222222222.0,97902
32908,-666666666.0,-222222222.0,97903
32909,-666666666.0,-222222222.0,97904
32910,-666666666.0,-222222222.0,97905
32911,25.5,5.5,97906
32912,22.7,22.7,97907
32913,-666666666.0,-222222222.0,97908
32914,-666666666.0,-222222222.0,97909
32915,13.0,1.8,97910
32916,13.3,3.0,97911
32917,26.7,5.6,97913
32918,26.6,2.4,97914
32919,-666666666.0,-222222222.0,97917
32920,24.5,8.6,97918
32921,-666666666.0,-222222222.0,97920
32922,30.4,2.9,98001
32923,34.4,2.5,98002
32924,37.0,2.9,98003
32925,21.0,1.3,98004
32926,24.7,2.7,98005
32927,36.8,8.2,98006
32928,25.1,2.1,98007
32929,20.3,3.0,98008
32930,26.0,9.8,98010
32931,30.9,2.5,98011
32932,28.6,1.8,98012
32933,36.0,24.1,98014
32934,51.0,-333333333.0,98019
32935,29.5,3.1,98020
32936,26.8,2.6,98021
32937,27.6,4.7,98022
32938,31.5,1.8,98023
32939,20.5,13.9,98024
32940,-666666666.0,-222222222.0,98025
32941,27.9,1.5,98026
32942,28.0,2.6,98027
32943,32.8,4.0,98028
32944,25.1,2.9,98029
32945,30.9,3.0,98030
32946,29.9,4.6,98031
32947,33.4,1.9,98032
32948,26.1,2.6,98033
32949,27.5,2.0,98034
32950,35.5,2.3,98036
32951,32.8,5.3,98037
32952,29.2,4.4,98038
32953,51.0,-333333333.0,98039
32954,27.3,4.3,98040
32955,33.0,6.9,98042
32956,28.9,3.1,98043
32957,32.1,11.3,98045
32958,37.0,12.3,98047
32959,-666666666.0,-222222222.0,98050
32960,16.5,3.9,98051
32961,23.3,1.1,98052
32962,33.0,11.3,98053
32963,32.7,3.0,98055
32964,30.6,2.2,98056
32965,36.9,4.1,98057
32966,29.7,3.2,98058
32967,29.5,2.9,98059
32968,26.1,3.8,98065
32969,23.0,5.8,98068
32970,31.4,7.9,98070
32971,33.2,3.3,98072
32972,27.2,3.0,98074
32973,26.1,3.2,98075
32974,31.9,11.5,98077
32975,33.0,1.8,98087
32976,28.6,3.2,98092
32977,25.8,2.2,98101
32978,25.2,1.5,98102
32979,26.7,1.5,98103
32980,28.9,1.7,98104
32981,39.3,2.2,98105
32982,32.3,3.0,98106
32983,26.0,1.5,98107
32984,30.0,2.8,98108
32985,23.0,1.0,98109
32986,26.5,3.3,98110
32987,25.2,2.7,98112
32988,27.3,1.3,98115
32989,27.4,1.8,98116
32990,24.6,1.7,98117
32991,31.9,2.2,98118
32992,23.8,1.2,98119
32993,24.2,2.0,98121
32994,27.7,1.5,98122
32995,32.2,2.8,98125
32996,29.8,2.4,98126
32997,31.9,2.0,98133
32998,31.5,8.8,98134
32999,29.2,3.3,98136
33000,31.5,2.2,98144
33001,31.2,2.7,98146
33002,30.9,2.9,98148
33003,-666666666.0,-222222222.0,98154
33004,32.6,2.6,98155
33005,-666666666.0,-222222222.0,98158
33006,21.5,17.9,98164
33007,29.6,2.2,98166
33008,33.0,2.8,98168
33009,-666666666.0,-222222222.0,98174
33010,30.0,3.6,98177
33011,36.6,7.8,98178
33012,33.5,1.9,98188
33013,-666666666.0,-222222222.0,98195
33014,41.9,3.1,98198
33015,21.9,1.8,98199
33016,31.7,2.2,98201
33017,29.4,2.1,98203
33018,33.2,1.5,98204
33019,-666666666.0,-222222222.0,98207
33020,33.0,1.3,98208
33021,21.6,7.7,98220
33022,29.5,1.6,98221
33023,-666666666.0,-222222222.0,98222
33024,35.3,4.3,98223
33025,-666666666.0,-222222222.0,98224
33026,37.4,1.8,98225
33027,34.2,2.6,98226
33028,37.4,5.3,98229
33029,30.4,5.0,98230
33030,31.3,11.7,98232
33031,33.4,1.9,98233
33032,-666666666.0,-222222222.0,98235
33033,34.6,13.2,98236
33034,31.1,9.5,98237
33035,-666666666.0,-222222222.0,98238
33036,41.3,9.4,98239
33037,-666666666.0,-222222222.0,98240
33038,32.6,2.8,98241
33039,9.0,-333333333.0,98243
33040,23.2,28.6,98244
33041,28.1,6.1,98245
33042,32.1,28.8,98247
33043,32.1,4.3,98248
33044,30.7,10.4,98249
33045,27.6,2.6,98250
33046,44.4,7.8,98251
33047,25.3,15.4,98252
33048,37.2,0.9,98253
33049,-666666666.0,-222222222.0,98255
33050,-666666666.0,-222222222.0,98256
33051,26.6,5.8,98257
33052,31.7,2.5,98258
33053,37.6,19.3,98260
33054,29.2,9.2,98261
33055,23.0,2.1,98262
33056,-666666666.0,-222222222.0,98263
33057,31.9,4.0,98264
33058,31.0,14.0,98266
33059,-666666666.0,-222222222.0,98267
33060,30.8,2.3,98270
33061,33.2,2.9,98271
33062,29.6,3.5,98272
33063,33.7,3.4,98273
33064,33.0,6.3,98274
33065,31.5,3.6,98275
33066,51.0,-333333333.0,98276
33067,31.0,1.8,98277
33068,-666666666.0,-222222222.0,98278
33069,51.0,-333333333.0,98279
33070,19.1,4.2,98280
33071,41.3,36.4,98281
33072,26.6,5.3,98282
33073,10.4,5.0,98283
33074,29.4,3.9,98284
33075,-666666666.0,-222222222.0,98286
33076,24.0,4.3,98288
33077,30.5,3.9,98290
33078,39.9,13.0,98292
33079,28.7,3.9,98294
33080,19.3,9.5,98295
33081,26.9,8.0,98296
33082,-666666666.0,-222222222.0,98297
33083,-666666666.0,-222222222.0,98303
33084,-666666666.0,-222222222.0,98304
33085,-666666666.0,-222222222.0,98305
33086,34.3,2.3,98310
33087,32.0,2.2,98311
33088,28.8,2.1,98312
33089,17.7,4.7,98314
33090,36.5,2.6,98315
33091,43.8,8.9,98320
33092,42.0,20.8,98321
33093,30.9,32.0,98323
33094,26.2,6.3,98325
33095,27.1,28.4,98326
33096,26.5,2.5,98327
33097,30.3,8.0,98328
33098,41.3,29.5,98329
33099,-666666666.0,-222222222.0,98330
33100,22.2,13.9,98331
33101,27.4,5.9,98332
33102,10.0,74.3,98333
33103,29.0,2.7,98335
33104,-666666666.0,-222222222.0,98336
33105,37.4,4.8,98337
33106,24.0,4.2,98338
33107,30.6,6.8,98339
33108,14.0,35.9,98340
33109,20.8,3.7,98342
33110,35.6,43.5,98345
33111,27.4,4.9,98346
33112,25.5,7.3,98349
33113,21.7,16.9,98350
33114,-666666666.0,-222222222.0,98351
33115,-666666666.0,-222222222.0,98353
33116,33.1,3.9,98354
33117,-666666666.0,-222222222.0,98355
33118,31.3,14.5,98356
33119,15.1,2.7,98357
33120,13.9,9.3,98358
33121,23.6,12.0,98359
33122,35.7,13.5,98360
33123,-666666666.0,-222222222.0,98361
33124,34.8,3.7,98362
33125,29.9,3.6,98363
33126,-666666666.0,-222222222.0,98364
33127,28.1,19.5,98365
33128,29.2,4.7,98366
33129,34.5,6.6,98367
33130,30.1,2.8,98368
33131,29.8,3.4,98370
33132,28.8,4.5,98371
33133,28.1,2.3,98372
33134,29.9,2.4,98373
33135,31.2,2.4,98374
33136,29.4,3.8,98375
33137,51.0,-333333333.0,98376
33138,35.5,21.9,98377
33139,21.9,9.2,98380
33140,22.5,41.3,98381
33141,30.4,3.0,98382
33142,31.7,5.0,98383
33143,-666666666.0,-222222222.0,98385
33144,27.4,2.7,98387
33145,32.2,2.5,98388
33146,28.4,3.0,98390
33147,27.6,5.8,98391
33148,24.3,3.1,98392
33149,51.0,-333333333.0,98394
33150,51.0,-333333333.0,98396
33151,31.2,3.5,98402
33152,25.3,2.9,98403
33153,33.5,2.5,98404
33154,36.5,4.3,98405
33155,33.1,4.5,98406
33156,29.7,2.7,98407
33157,34.1,4.2,98408
33158,32.2,2.4,98409
33159,-666666666.0,-222222222.0,98416
33160,28.0,6.3,98418
33161,43.6,16.7,98421
33162,29.8,3.6,98422
33163,31.7,4.2,98424
33164,-666666666.0,-222222222.0,98430
33165,46.4,3.0,98433
33166,-666666666.0,-222222222.0,98438
33167,41.4,6.7,98439
33168,25.4,4.9,98443
33169,35.1,2.5,98444
33170,33.0,5.0,98445
33171,27.2,5.6,98446
33172,-666666666.0,-222222222.0,98447
33173,33.1,4.1,98465
33174,31.8,2.8,98466
33175,36.6,5.0,98467
33176,27.8,4.1,98498
33177,31.1,2.7,98499
33178,31.1,2.4,98501
33179,35.5,2.0,98502
33180,34.1,3.1,98503
33181,-666666666.0,-222222222.0,98505
33182,35.7,5.5,98506
33183,30.1,4.1,98512
33184,27.5,5.4,98513
33185,32.6,1.9,98516
33186,32.0,4.5,98520
33187,51.0,-333333333.0,98524
33188,-666666666.0,-222222222.0,98526
33189,-666666666.0,-222222222.0,98527
33190,23.6,5.1,98528
33191,25.9,8.9,98530
33192,32.2,2.6,98531
33193,26.8,3.9,98532
33194,35.5,15.5,98533
33195,-666666666.0,-222222222.0,98535
33196,-666666666.0,-222222222.0,98536
33197,32.9,14.3,98537
33198,13.6,2.1,98538
33199,-666666666.0,-222222222.0,98539
33200,28.7,12.7,98541
33201,-666666666.0,-222222222.0,98542
33202,-666666666.0,-222222222.0,98544
33203,13.6,19.7,98546
33204,-666666666.0,-222222222.0,98547
33205,51.0,-333333333.0,98548
33206,27.3,4.7,98550
33207,20.0,37.5,98552
33208,-666666666.0,-222222222.0,98555
33209,-666666666.0,-222222222.0,98556
33210,28.6,10.3,98557
33211,-666666666.0,-222222222.0,98558
33212,-666666666.0,-222222222.0,98559
33213,-666666666.0,-222222222.0,98560
33214,-666666666.0,-222222222.0,98562
33215,25.4,8.2,98563
33216,22.3,2.5,98564
33217,46.3,25.2,98565
33218,-666666666.0,-222222222.0,98566
33219,39.6,19.8,98568
33220,41.9,17.9,98569
33221,23.7,8.0,98570
33222,-666666666.0,-222222222.0,98571
33223,16.1,4.5,98572
33224,-666666666.0,-222222222.0,98575
33225,24.4,17.9,98576
33226,26.6,2.6,98577
33227,34.2,10.6,98579
33228,28.4,4.2,98580
33229,-666666666.0,-222222222.0,98581
33230,-666666666.0,-222222222.0,98582
33231,-666666666.0,-222222222.0,98583
33232,30.0,2.6,98584
33233,-666666666.0,-222222222.0,98585
33234,42.8,22.0,98586
33235,26.6,5.6,98587
33236,42.1,14.0,98588
33237,29.1,2.8,98589
33238,28.8,41.8,98590
33239,21.3,8.4,98591
33240,22.1,1.0,98592
33241,24.2,63.3,98593
33242,27.5,7.2,98595
33243,32.9,20.2,98596
33244,29.7,4.3,98597
33245,22.6,5.9,98601
33246,-666666666.0,-222222222.0,98602
33247,21.2,3.5,98603
33248,26.0,3.3,98604
33249,22.5,11.2,98605
33250,26.1,10.2,98606
33251,29.3,2.3,98607
33252,-666666666.0,-222222222.0,98609
33253,28.8,18.0,98610
33254,22.6,6.2,98611
33255,51.0,-333333333.0,98612
33256,25.0,23.2,98613
33257,-666666666.0,-222222222.0,98614
33258,-666666666.0,-222222222.0,98616
33259,30.7,3.6,98617
33260,13.8,10.4,98619
33261,32.6,1.6,98620
33262,-666666666.0,-222222222.0,98621
33263,-666666666.0,-222222222.0,98623
33264,24.4,6.3,98624
33265,23.8,7.8,98625
33266,30.2,2.9,98626
33267,27.5,9.2,98628
33268,51.0,-333333333.0,98629
33269,29.0,12.0,98631
33270,33.0,3.0,98632
33271,32.9,37.0,98635
33272,24.5,13.9,98638
33273,31.0,6.0,98639
33274,33.9,11.1,98640
33275,-666666666.0,-222222222.0,98641
33276,27.6,4.7,98642
33277,45.0,2.3,98643
33278,28.0,8.9,98644
33279,-666666666.0,-222222222.0,98645
33280,-666666666.0,-222222222.0,98647
33281,31.8,7.7,98648
33282,34.5,41.0,98649
33283,16.1,15.0,98650
33284,17.5,2.9,98651
33285,31.1,3.8,98660
33286,31.5,1.7,98661
33287,29.8,3.3,98662
33288,30.0,2.6,98663
33289,28.0,3.3,98664
33290,32.4,3.1,98665
33291,-666666666.0,-222222222.0,98670
33292,30.8,3.5,98671
33293,28.2,5.8,98672
33294,36.7,14.2,98673
33295,27.9,1.6,98674
33296,25.3,4.8,98675
33297,31.8,3.3,98682
33298,33.2,2.6,98683
33299,30.2,2.4,98684
33300,22.7,5.0,98685
33301,28.7,2.9,98686
33302,27.6,1.7,98801
33303,29.7,3.3,98802
33304,-666666666.0,-222222222.0,98811
33305,32.7,11.1,98812
33306,22.7,4.4,98813
33307,-666666666.0,-222222222.0,98814
33308,30.7,9.6,98815
33309,21.9,3.9,98816
33310,-666666666.0,-222222222.0,98817
33311,43.6,11.0,98819
33312,-666666666.0,-222222222.0,98821
33313,20.8,15.6,98822
33314,26.8,3.7,98823
33315,-666666666.0,-222222222.0,98824
33316,29.5,5.6,98826
33317,51.0,-333333333.0,98827
33318,29.9,43.6,98828
33319,18.3,61.9,98829
33320,17.5,32.8,98830
33321,43.3,31.1,98831
33322,-666666666.0,-222222222.0,98832
33323,-666666666.0,-222222222.0,98833
33324,-666666666.0,-222222222.0,98834
33325,-666666666.0,-222222222.0,98836
33326,28.1,5.1,98837
33327,22.7,4.0,98840
33328,14.8,5.9,98841
33329,18.6,22.3,98843
33330,28.1,6.4,98844
33331,18.9,34.6,98845
33332,16.9,11.2,98846
33333,26.3,5.6,98847
33334,20.7,5.9,98848
33335,40.7,38.2,98849
33336,18.5,18.1,98850
33337,29.0,36.4,98851
33338,-666666666.0,-222222222.0,98852
33339,-666666666.0,-222222222.0,98853
33340,25.5,10.3,98855
33341,28.5,15.8,98856
33342,23.3,10.9,98857
33343,23.6,14.0,98858
33344,-666666666.0,-222222222.0,98859
33345,21.7,21.3,98860
33346,21.9,8.4,98862
33347,30.7,2.4,98901
33348,28.4,2.8,98902
33349,29.7,5.1,98903
33350,32.6,6.0,98908
33351,-666666666.0,-222222222.0,98921
33352,24.4,10.4,98922
33353,37.4,28.2,98923
33354,14.6,56.3,98925
33355,34.6,3.0,98926
33356,23.6,5.1,98930
33357,25.7,5.9,98932
33358,18.7,5.4,98933
33359,16.2,52.9,98934
33360,27.0,7.7,98935
33361,22.3,4.0,98936
33362,22.6,6.5,98937
33363,18.0,4.1,98938
33364,-666666666.0,-222222222.0,98939
33365,-666666666.0,-222222222.0,98940
33366,33.0,8.8,98941
33367,27.1,2.4,98942
33368,26.9,17.2,98943
33369,24.2,3.4,98944
33370,10.3,3.8,98946
33371,40.9,17.5,98947
33372,23.8,3.3,98948
33373,-666666666.0,-222222222.0,98950
33374,22.4,3.2,98951
33375,13.7,4.8,98952
33376,23.4,2.3,98953
33377,34.4,3.4,99001
33378,12.9,3.8,99003
33379,36.0,7.5,99004
33380,30.5,9.9,99005
33381,32.0,5.3,99006
33382,-666666666.0,-222222222.0,99008
33383,23.9,29.1,99009
33384,32.6,4.3,99011
33385,26.3,52.9,99012
33386,21.3,11.5,99013
33387,-666666666.0,-222222222.0,99014
33388,30.5,6.5,99016
33389,-666666666.0,-222222222.0,99017
33390,-666666666.0,-222222222.0,99018
33391,27.9,8.2,99019
33392,-666666666.0,-222222222.0,99020
33393,30.3,7.5,99021
33394,18.8,7.7,99022
33395,-666666666.0,-222222222.0,99023
33396,12.9,9.2,99025
33397,20.3,3.8,99026
33398,18.1,5.0,99027
33399,15.6,7.6,99029
33400,37.1,6.5,99030
33401,29.8,4.8,99031
33402,26.6,21.4,99032
33403,23.1,2.3,99033
33404,-666666666.0,-222222222.0,99034
33405,22.2,25.6,99036
33406,28.8,1.9,99037
33407,21.7,2.9,99039
33408,9.0,-333333333.0,99040
33409,51.0,-333333333.0,99101
33410,30.5,14.3,99102
33411,21.5,12.3,99103
33412,-666666666.0,-222222222.0,99105
33413,28.3,3.1,99109
33414,17.2,1.6,99110
33415,33.9,13.7,99111
33416,12.5,1.7,99113
33417,26.1,4.1,99114
33418,15.8,9.1,99115
33419,22.7,6.0,99116
33420,17.5,2.3,99117
33421,13.5,6.5,99118
33422,31.8,8.3,99119
33423,-666666666.0,-222222222.0,99121
33424,22.9,2.8,99122
33425,28.8,16.5,99123
33426,9.0,-333333333.0,99124
33427,20.8,22.6,99125
33428,-666666666.0,-222222222.0,99126
33429,17.0,4.8,99128
33430,9.0,-333333333.0,99129
33431,14.5,4.1,99130
33432,-666666666.0,-222222222.0,99131
33433,33.9,19.3,99133
33434,41.5,13.8,99134
33435,19.2,8.3,99135
33436,-666666666.0,-222222222.0,99136
33437,19.7,18.3,99137
33438,25.9,6.3,99138
33439,9.0,-333333333.0,99139
33440,14.2,4.5,99140
33441,26.4,13.0,99141
33442,33.8,21.4,99143
33443,-666666666.0,-222222222.0,99144
33444,-666666666.0,-222222222.0,99146
33445,-666666666.0,-222222222.0,99147
33446,23.6,12.4,99148
33447,-666666666.0,-222222222.0,99149
33448,-666666666.0,-222222222.0,99150
33449,35.8,16.6,99151
33450,18.9,14.4,99152
33451,22.4,5.9,99153
33452,-666666666.0,-222222222.0,99154
33453,20.8,6.9,99155
33454,22.0,3.5,99156
33455,24.7,9.9,99157
33456,17.5,20.9,99158
33457,23.9,8.1,99159
33458,51.0,-333333333.0,99160
33459,26.5,7.6,99161
33460,43.2,5.6,99163
33461,31.6,8.9,99166
33462,9.0,-333333333.0,99167
33463,22.8,11.7,99169
33464,21.0,10.4,99170
33465,38.7,5.1,99171
33466,14.1,14.2,99173
33467,-666666666.0,-222222222.0,99174
33468,33.1,21.4,99176
33469,25.4,15.9,99179
33470,-666666666.0,-222222222.0,99180
33471,35.3,6.7,99181
33472,24.5,3.6,99185
33473,34.3,3.2,99201
33474,33.5,2.6,99202
33475,30.5,4.4,99203
33476,28.7,4.3,99204
33477,28.8,1.6,99205
33478,32.4,1.8,99206
33479,32.3,4.5,99207
33480,33.0,3.4,99208
33481,35.2,5.9,99212
33482,29.2,1.8,99216
33483,27.7,2.6,99217
33484,33.4,4.9,99218
33485,30.8,3.1,99223
33486,31.0,3.5,99224
33487,-666666666.0,-222222222.0,99251
33488,-666666666.0,-222222222.0,99258
33489,30.0,2.7,99301
33490,41.1,16.2,99320
33491,27.0,21.5,99321
33492,15.4,11.7,99322
33493,30.3,6.4,99323
33494,40.6,13.2,99324
33495,19.2,13.7,99326
33496,28.8,7.0,99328
33497,-666666666.0,-222222222.0,99329
33498,-666666666.0,-222222222.0,99330
33499,-666666666.0,-222222222.0,99333
33500,10.8,4.3,99335
33501,33.2,2.1,99336
33502,29.3,12.3,99337
33503,28.1,5.2,99338
33504,11.1,2.5,99341
33505,25.6,10.4,99343
33506,28.9,5.4,99344
33507,51.0,-333333333.0,99345
33508,-666666666.0,-222222222.0,99346
33509,25.8,17.7,99347
33510,17.4,8.8,99348
33511,27.6,3.0,99349
33512,24.9,6.6,99350
33513,27.5,2.0,99352
33514,28.2,5.4,99353
33515,26.5,1.3,99354
33516,29.8,3.4,99356
33517,23.6,3.1,99357
33518,-666666666.0,-222222222.0,99359
33519,9.0,-333333333.0,99360
33520,24.6,6.8,99361
33521,33.4,3.0,99362
33522,-666666666.0,-222222222.0,99363
33523,9.0,-333333333.0,99371
33524,-666666666.0,-222222222.0,99401
33525,23.3,2.8,99402
33526,27.6,2.8,99403
33527,27.3,1.8,99501
33528,25.6,2.3,99502
33529,27.2,4.3,99503
33530,28.4,3.7,99504
33531,31.0,3.6,99505
33532,33.8,3.1,99506
33533,29.8,2.4,99507
33534,30.9,2.8,99508
33535,-666666666.0,-222222222.0,99513
33536,31.1,7.5,99515
33537,25.7,12.2,99516
33538,25.8,3.7,99517
33539,30.0,8.4,99518
33540,-666666666.0,-222222222.0,99519
33541,-666666666.0,-222222222.0,99530
33542,-666666666.0,-222222222.0,99540
33543,-666666666.0,-222222222.0,99546
33544,-666666666.0,-222222222.0,99547
33545,-666666666.0,-222222222.0,99548
33546,-666666666.0,-222222222.0,99549
33547,-666666666.0,-222222222.0,99550
33548,14.7,32.1,99551
33549,9.0,-333333333.0,99552
33550,-666666666.0,-222222222.0,99553
33551,13.5,5.1,99554
33552,-666666666.0,-222222222.0,99555
33553,35.5,13.8,99556
33554,19.5,3.7,99557
33555,-666666666.0,-222222222.0,99558
33556,18.6,2.2,99559
33557,12.1,5.6,99561
33558,17.5,9.0,99563
33559,-666666666.0,-222222222.0,99564
33560,-666666666.0,-222222222.0,99565
33561,22.8,9.6,99566
33562,17.1,11.2,99567
33563,-666666666.0,-222222222.0,99568
33564,-666666666.0,-222222222.0,99569
33565,17.1,1.3,99571
33566,-666666666.0,-222222222.0,99572
33567,31.7,23.7,99573
33568,27.7,4.4,99574
33569,-666666666.0,-222222222.0,99575
33570,23.2,4.8,99576
33571,26.8,2.9,99577
33572,-666666666.0,-222222222.0,99578
33573,-666666666.0,-222222222.0,99579
33574,-666666666.0,-222222222.0,99580
33575,35.2,28.4,99581
33576,-666666666.0,-222222222.0,99583
33577,-666666666.0,-222222222.0,99585
33578,20.0,5.1,99586
33579,27.9,10.3,99587
33580,16.0,3.0,99588
33581,-666666666.0,-222222222.0,99589
33582,10.0,7.5,99590
33583,-666666666.0,-222222222.0,99591
33584,51.0,-333333333.0,99602
33585,31.3,2.3,99603
33586,12.5,15.2,99604
33587,-666666666.0,-222222222.0,99605
33588,18.5,2.4,99606
33589,14.7,18.7,99607
33590,-666666666.0,-222222222.0,99608
33591,12.3,1.5,99609
33592,32.7,2.3,99610
33593,23.5,4.8,99611
33594,22.4,1.9,99612
33595,11.4,4.8,99613
33596,22.5,4.5,99614
33597,25.4,3.4,99615
33598,20.7,13.9,99620
33599,15.0,16.6,99621
33600,11.9,1.8,99622
33601,31.1,5.2,99623
33602,-666666666.0,-222222222.0,99624
33603,-666666666.0,-222222222.0,99625
33604,-666666666.0,-222222222.0,99626
33605,38.8,84.6,99627
33606,39.2,44.7,99628
33607,15.3,7.3,99630
33608,-666666666.0,-222222222.0,99631
33609,11.9,4.1,99632
33610,13.1,1.5,99633
33611,9.0,-333333333.0,99634
33612,-666666666.0,-222222222.0,99635
33613,19.2,24.5,99636
33614,27.5,16.1,99637
33615,-666666666.0,-222222222.0,99638
33616,35.9,11.9,99639
33617,-666666666.0,-222222222.0,99640
33618,36.1,21.7,99641
33619,-666666666.0,-222222222.0,99643
33620,-666666666.0,-222222222.0,99644
33621,29.7,3.4,99645
33622,-666666666.0,-222222222.0,99647
33623,10.8,5.1,99648
33624,-666666666.0,-222222222.0,99649
33625,15.0,4.4,99650
33626,-666666666.0,-222222222.0,99651
33627,33.1,6.8,99652
33628,40.0,19.6,99653
33629,31.2,2.1,99654
33630,16.3,2.7,99655
33631,-666666666.0,-222222222.0,99656
33632,-666666666.0,-222222222.0,99657
33633,35.6,17.3,99658
33634,-666666666.0,-222222222.0,99659
33635,10.0,10.8,99660
33636,24.4,7.7,99661
33637,-666666666.0,-222222222.0,99662
33638,28.3,8.6,99663
33639,31.9,4.6,99664
33640,-666666666.0,-222222222.0,99665
33641,-666666666.0,-222222222.0,99666
33642,-666666666.0,-222222222.0,99667
33643,-666666666.0,-222222222.0,99668
33644,28.2,4.4,99669
33645,-666666666.0,-222222222.0,99670
33646,30.0,31.2,99671
33647,24.9,35.6,99672
33648,33.1,9.3,99674
33649,-666666666.0,-222222222.0,99675
33650,37.1,5.2,99676
33651,-666666666.0,-222222222.0,99677
33652,18.9,4.2,99678
33653,9.0,-333333333.0,99679
33654,-666666666.0,-222222222.0,99680
33655,-666666666.0,-222222222.0,99681
33656,9.0,-333333333.0,99682
33657,27.1,16.4,99683
33658,12.0,2.2,99684
33659,19.2,3.0,99685
33660,24.6,2.9,99686
33661,24.8,4.3,99688
33662,14.3,3.1,99689
33663,-666666666.0,-222222222.0,99690
33664,-666666666.0,-222222222.0,99691
33665,9.0,-333333333.0,99692
33666,22.1,3.4,99693
33667,44.4,23.0,99694
33668,-666666666.0,-222222222.0,99695
33669,27.6,2.1,99701
33670,34.8,3.8,99702
33671,40.2,5.7,99703
33672,-666666666.0,-222222222.0,99704
33673,25.4,2.2,99705
33674,-666666666.0,-222222222.0,99706
33675,-666666666.0,-222222222.0,99707
33676,28.9,4.1,99709
33677,22.9,9.3,99712
33678,-666666666.0,-222222222.0,99714
33679,-666666666.0,-222222222.0,99720
33680,19.4,6.0,99721
33681,-666666666.0,-222222222.0,99722
33682,18.9,3.8,99723
33683,-666666666.0,-222222222.0,99724
33684,-666666666.0,-222222222.0,99725
33685,9.0,-333333333.0,99726
33686,24.2,3.7,99727
33687,51.0,-333333333.0,99729
33688,-666666666.0,-222222222.0,99730
33689,-666666666.0,-222222222.0,99732
33690,-666666666.0,-222222222.0,99733
33691,-666666666.0,-222222222.0,99734
33692,11.7,1.7,99736
33693,33.1,15.9,99737
33694,-666666666.0,-222222222.0,99738
33695,13.8,6.6,99739
33696,21.3,20.7,99740
33697,20.0,14.6,99741
33698,14.4,74.3,99742
33699,12.5,8.5,99743
33700,-666666666.0,-222222222.0,99744
33701,-666666666.0,-222222222.0,99745
33702,-666666666.0,-222222222.0,99746
33703,-666666666.0,-222222222.0,99747
33704,-666666666.0,-222222222.0,99748
33705,-666666666.0,-222222222.0,99749
33706,22.9,1.4,99750
33707,-666666666.0,-222222222.0,99751
33708,17.0,3.2,99752
33709,33.8,30.7,99753
33710,-666666666.0,-222222222.0,99754
33711,19.3,4.8,99755
33712,-666666666.0,-222222222.0,99756
33713,-666666666.0,-222222222.0,99757
33714,-666666666.0,-222222222.0,99758
33715,10.2,3.3,99759
33716,18.7,4.8,99760
33717,13.1,6.6,99761
33718,23.4,3.4,99762
33719,13.1,3.7,99763
33720,-666666666.0,-222222222.0,99764
33721,-666666666.0,-222222222.0,99765
33722,16.5,8.0,99766
33723,-666666666.0,-222222222.0,99767
33724,27.0,44.5,99768
33725,-666666666.0,-222222222.0,99769
33726,20.0,7.8,99770
33727,-666666666.0,-222222222.0,99771
33728,13.3,6.1,99772
33729,-666666666.0,-222222222.0,99773
33730,-666666666.0,-222222222.0,99774
33731,27.6,0.3,99775
33732,25.8,27.3,99776
33733,9.0,-333333333.0,99777
33734,51.0,-333333333.0,99778
33735,14.6,6.6,99780
33736,-666666666.0,-222222222.0,99781
33737,14.5,55.5,99782
33738,-666666666.0,-222222222.0,99783
33739,22.5,16.7,99784
33740,22.5,10.1,99785
33741,-666666666.0,-222222222.0,99786
33742,-666666666.0,-222222222.0,99788
33743,18.3,13.2,99789
33744,-666666666.0,-222222222.0,99790
33745,12.2,5.6,99791
33746,24.0,1.6,99801
33747,28.8,20.6,99820
33748,26.4,3.0,99824
33749,-666666666.0,-222222222.0,99825
33750,51.0,-333333333.0,99826
33751,31.9,7.5,99827
33752,23.7,6.4,99829
33753,24.6,4.4,99830
33754,15.0,5.1,99832
33755,22.7,5.5,99833
33756,28.7,3.0,99835
33757,-666666666.0,-222222222.0,99836
33758,28.4,13.0,99840
33759,28.8,9.7,99841
33760,-666666666.0,-222222222.0,99850
33761,29.5,3.1,99901
33762,-666666666.0,-222222222.0,99903
33763,29.2,15.4,99918
33764,17.6,2.9,99919
33765,28.6,4.1,99921
33766,12.9,4.1,99922
33767,-666666666.0,-222222222.0,99923
33768,19.0,8.1,99925
33769,15.9,3.7,99926
33770,-666666666.0,-222222222.0,99927
33771,24.5,3.5,99929
